"pwID","title","count"
"http://rdf-plantmetwiki.bioinformatics.nl/pathways/PC353","superpathway of flavones and derivatives biosynthesis","130"
"http://rdf-plantmetwiki.bioinformatics.nl/pathways/PC750","flavonol glucosylation I","98"
"http://rdf-plantmetwiki.bioinformatics.nl/pathways/PC178","quercetin glucoside biosynthesis (Allium)","93"
"http://rdf-plantmetwiki.bioinformatics.nl/pathways/PC806","quercetin glycoside biosynthesis (Arabidopsis)","93"
"http://rdf-plantmetwiki.bioinformatics.nl/pathways/PC538","superpathway of flavones and derivatives biosynthesis","93"
"http://rdf-plantmetwiki.bioinformatics.nl/pathways/PC97","superpathway of anaerobic sucrose degradation","85"
"http://rdf-plantmetwiki.bioinformatics.nl/pathways/PC622","aerobic respiration I (cytochrome c)","81"
"http://rdf-plantmetwiki.bioinformatics.nl/pathways/PC665","superpathway of cytosolic glycolysis (plants), pyruvate dehydrogenase and TCA cycle","76"
"http://rdf-plantmetwiki.bioinformatics.nl/pathways/PC22","rutin biosynthesis","67"
"http://rdf-plantmetwiki.bioinformatics.nl/pathways/PC634","monolignol biosynthesis","67"
"http://rdf-plantmetwiki.bioinformatics.nl/pathways/PC305","flavonol acylglucoside biosynthesis III-quercetin derivatives","64"
"http://rdf-plantmetwiki.bioinformatics.nl/pathways/PC2","quercetin gentiotetraside biosynthesis","63"
"http://rdf-plantmetwiki.bioinformatics.nl/pathways/PC1147","quercetin triglucoside biosynthesis","63"
"http://rdf-plantmetwiki.bioinformatics.nl/pathways/PC757","aerobic respiration III (alternative oxidase pathway)","62"
"http://rdf-plantmetwiki.bioinformatics.nl/pathways/PC151","secologanin and strictosidine biosynthesis","61"
"http://rdf-plantmetwiki.bioinformatics.nl/pathways/PC74","NAD(P)/NADPH interconversion","61"
"http://rdf-plantmetwiki.bioinformatics.nl/pathways/PC850","gluconeogenesis I","60"
"http://rdf-plantmetwiki.bioinformatics.nl/pathways/PC44","eupatolitin 3-O-glucoside biosynthesis","59"
"http://rdf-plantmetwiki.bioinformatics.nl/pathways/PC725","cytokinin-O-glucosides biosynthesis","57"
"http://rdf-plantmetwiki.bioinformatics.nl/pathways/PC582","superpathway of phospholipid biosynthesis II (plants)","57"
"http://rdf-plantmetwiki.bioinformatics.nl/pathways/PC180","glycolysis I (from glucose 6-phosphate)","52"
"http://rdf-plantmetwiki.bioinformatics.nl/pathways/PC835","glycolysis IV","50"
"http://rdf-plantmetwiki.bioinformatics.nl/pathways/PC695","glycolysis II (from fructose 6-phosphate)","48"
"http://rdf-plantmetwiki.bioinformatics.nl/pathways/PC668","superpathway of gibberellin biosynthesis","47"
"http://rdf-plantmetwiki.bioinformatics.nl/pathways/PC862","superpathway of sucrose and starch metabolism I (non-photosynthetic tissue)","45"
"http://rdf-plantmetwiki.bioinformatics.nl/pathways/PC825","superpathway of oleoresin turpentine biosynthesis","42"
"http://rdf-plantmetwiki.bioinformatics.nl/pathways/PC762","C4 photosynthetic carbon assimilation cycle, NAD-ME type","42"
"http://rdf-plantmetwiki.bioinformatics.nl/pathways/PC561","flavonoid biosynthesis","38"
"http://rdf-plantmetwiki.bioinformatics.nl/pathways/PC1040","superpathway of ergosterol biosynthesis II","38"
"http://rdf-plantmetwiki.bioinformatics.nl/pathways/PC64","C4 photosynthetic carbon assimilation cycle, PEPCK type","38"
"http://rdf-plantmetwiki.bioinformatics.nl/pathways/PC904","glycyrrhetinate biosynthesis","37"
"http://rdf-plantmetwiki.bioinformatics.nl/pathways/PC326","sucrose biosynthesis I (from photosynthesis)","37"
"http://rdf-plantmetwiki.bioinformatics.nl/pathways/PC116","chlorogenic acid biosynthesis I","36"
"http://rdf-plantmetwiki.bioinformatics.nl/pathways/PC341","superpathway of glyoxylate cycle and fatty acid degradation","36"
"http://rdf-plantmetwiki.bioinformatics.nl/pathways/PC619","superpathway of scopolin and esculin biosynthesis","35"
"http://rdf-plantmetwiki.bioinformatics.nl/pathways/PC381","esculetin modification","35"
"http://rdf-plantmetwiki.bioinformatics.nl/pathways/PC257","flavonoid di-C-glucosylation","34"
"http://rdf-plantmetwiki.bioinformatics.nl/pathways/PC718","TCA cycle variation V (plant)","34"
"http://rdf-plantmetwiki.bioinformatics.nl/pathways/PC264","flavonoid biosynthesis (in equisetum)","33"
"http://rdf-plantmetwiki.bioinformatics.nl/pathways/PC367","coniferin metabolism","33"
"http://rdf-plantmetwiki.bioinformatics.nl/pathways/PC1089","superpathway of carotenoid biosynthesis in plants","33"
"http://rdf-plantmetwiki.bioinformatics.nl/pathways/PC304","cinnamate esters biosynthesis","33"
"http://rdf-plantmetwiki.bioinformatics.nl/pathways/PC168","anthocyanin biosynthesis","32"
"http://rdf-plantmetwiki.bioinformatics.nl/pathways/PC407","superpathway of photosynthetic hydrogen production","32"
"http://rdf-plantmetwiki.bioinformatics.nl/pathways/PC562","taxadiene biosynthesis (engineered)","32"
"http://rdf-plantmetwiki.bioinformatics.nl/pathways/PC152","superpathway of geranylgeranylpyrophosphate biosynthesis I (via mevalonate)","32"
"http://rdf-plantmetwiki.bioinformatics.nl/pathways/PC429","superpathway of avenacin A biosynthesis","31"
"http://rdf-plantmetwiki.bioinformatics.nl/pathways/PC536","diterpene phytoalexins precursors biosynthesis","30"
"http://rdf-plantmetwiki.bioinformatics.nl/pathways/PC604","superpathway of geranylgeranyl pyrophosphate biosynthesis II (via MEP)","30"
"http://rdf-plantmetwiki.bioinformatics.nl/pathways/PC388","bisabolene biosynthesis (engineered)","30"
"http://rdf-plantmetwiki.bioinformatics.nl/pathways/PC233","superpathway of lipoxygenase","30"
"http://rdf-plantmetwiki.bioinformatics.nl/pathways/PC592","salicylate glucosides biosynthesis IV","29"
"http://rdf-plantmetwiki.bioinformatics.nl/pathways/PC897","mangrove triterpenoid biosynthesis","29"
"http://rdf-plantmetwiki.bioinformatics.nl/pathways/PC435","photosynthesis light reactions I (plastocyanin)","29"
"http://rdf-plantmetwiki.bioinformatics.nl/pathways/PC1055","coumarin biosynthesis (via 2-coumarate)","29"
"http://rdf-plantmetwiki.bioinformatics.nl/pathways/PC314","superpathway of gibberellin GA₁₂ biosynthesis","28"
"http://rdf-plantmetwiki.bioinformatics.nl/pathways/RC1096","ATPSYN-RXN","28"
"http://rdf-plantmetwiki.bioinformatics.nl/pathways/PC1146","Organic Nitrogen Assimilation","27"
"http://rdf-plantmetwiki.bioinformatics.nl/pathways/PC624","Calvin-Benson-Bassham cycle","27"
"http://rdf-plantmetwiki.bioinformatics.nl/pathways/PC422","avenacin biosynthesis, initial reactions","27"
"http://rdf-plantmetwiki.bioinformatics.nl/pathways/PC781","superpathway of phylloquinol biosynthesis","27"
"http://rdf-plantmetwiki.bioinformatics.nl/pathways/PC1102","sucrose degradation II (sucrose synthase)","27"
"http://rdf-plantmetwiki.bioinformatics.nl/pathways/PC906","naringenin biosynthesis (engineered)","27"
"http://rdf-plantmetwiki.bioinformatics.nl/pathways/PC881","simplecoumarins biosynthesis","27"
"http://rdf-plantmetwiki.bioinformatics.nl/pathways/PC912","suberin monomers biosynthesis","27"
"http://rdf-plantmetwiki.bioinformatics.nl/pathways/PC187","sucrose biosynthesis II","26"
"http://rdf-plantmetwiki.bioinformatics.nl/pathways/PC166","phytosterol biosynthesis (plants)","26"
"http://rdf-plantmetwiki.bioinformatics.nl/pathways/PC1059","chlorogenic acid biosynthesis II","26"
"http://rdf-plantmetwiki.bioinformatics.nl/pathways/PC951","TCA cycle II (plants and fungi)","25"
"http://rdf-plantmetwiki.bioinformatics.nl/pathways/PC895","superpathway of rosmarinic acid biosynthesis","25"
"http://rdf-plantmetwiki.bioinformatics.nl/pathways/RC1126","2.4.1.126-RXN","25"
"http://rdf-plantmetwiki.bioinformatics.nl/pathways/PC294","coumarins biosynthesis (engineered)","25"
"http://rdf-plantmetwiki.bioinformatics.nl/pathways/PC1019","phaselate biosynthesis","25"
"http://rdf-plantmetwiki.bioinformatics.nl/pathways/PC473","menthol biosynthesis","25"
"http://rdf-plantmetwiki.bioinformatics.nl/pathways/PC936","scopolin biosynthesis","25"
"http://rdf-plantmetwiki.bioinformatics.nl/pathways/PC418","diacylglycerol and triacylglycerol biosynthesis","25"
"http://rdf-plantmetwiki.bioinformatics.nl/pathways/PC278","salicylate glucosides biosynthesis III","25"
"http://rdf-plantmetwiki.bioinformatics.nl/pathways/PC1104","rosmarinic acid biosynthesis I","24"
"http://rdf-plantmetwiki.bioinformatics.nl/pathways/PC794","soybean saponin I biosynthesis","24"
"http://rdf-plantmetwiki.bioinformatics.nl/pathways/RC1006","2.4.1.194-RXN","24"
"http://rdf-plantmetwiki.bioinformatics.nl/pathways/PC1120","superpathway of pterocarpan biosynthesis (via formononetin)","24"
"http://rdf-plantmetwiki.bioinformatics.nl/pathways/PC926","monoterpene biosynthesis","24"
"http://rdf-plantmetwiki.bioinformatics.nl/pathways/PC921","nitrogen remobilization from senescing leaves","23"
"http://rdf-plantmetwiki.bioinformatics.nl/pathways/PC1139","curcuminoid biosynthesis","23"
"http://rdf-plantmetwiki.bioinformatics.nl/pathways/PC939","triacylglycerol biosynthesis (Chlamydomonas)","23"
"http://rdf-plantmetwiki.bioinformatics.nl/pathways/PC1153","oleanolate biosynthesis","23"
"http://rdf-plantmetwiki.bioinformatics.nl/pathways/PC96","phosphatidylcholine acyl editing","23"
"http://rdf-plantmetwiki.bioinformatics.nl/pathways/PC109","avenacin A-1 biosynthesis","23"
"http://rdf-plantmetwiki.bioinformatics.nl/pathways/PC361","kauralexin biosynthesis","23"
"http://rdf-plantmetwiki.bioinformatics.nl/pathways/PC70","sphingolipid biosynthesis (plants)","23"
"http://rdf-plantmetwiki.bioinformatics.nl/pathways/PC271","starch biosynthesis","22"
"http://rdf-plantmetwiki.bioinformatics.nl/pathways/RC665","RXN-13506","22"
"http://rdf-plantmetwiki.bioinformatics.nl/pathways/PC34","sanguinarine and macarpine biosynthesis","22"
"http://rdf-plantmetwiki.bioinformatics.nl/pathways/PC19","ginsenosides biosynthesis","22"
"http://rdf-plantmetwiki.bioinformatics.nl/pathways/PC1092","phosphatidylglycerol biosynthesis II","22"
"http://rdf-plantmetwiki.bioinformatics.nl/pathways/PC438","superpathway of choline biosynthesis","22"
"http://rdf-plantmetwiki.bioinformatics.nl/pathways/PC287","oleoresin monoterpene volatiles biosynthesis","22"
"http://rdf-plantmetwiki.bioinformatics.nl/pathways/PC1097","superpathway of methylsalicylate metabolism","22"
"http://rdf-plantmetwiki.bioinformatics.nl/pathways/PC899","oleoresin sesquiterpene volatiles biosynthesis","22"
"http://rdf-plantmetwiki.bioinformatics.nl/pathways/PC516","capsiconiate biosynthesis","22"
"http://rdf-plantmetwiki.bioinformatics.nl/pathways/PC115","ent-kaurene biosynthesis I","21"
"http://rdf-plantmetwiki.bioinformatics.nl/pathways/PC182","superpathway of linalool biosynthesis","21"
"http://rdf-plantmetwiki.bioinformatics.nl/pathways/PC470","xanthohumol biosynthesis","21"
"http://rdf-plantmetwiki.bioinformatics.nl/pathways/PC715","plant sterol biosynthesis II","21"
"http://rdf-plantmetwiki.bioinformatics.nl/pathways/PC515","sucrose degradation III (sucrose invertase)","21"
"http://rdf-plantmetwiki.bioinformatics.nl/pathways/PC237","superpathway of formononetin derivative biosynthesis","21"
"http://rdf-plantmetwiki.bioinformatics.nl/pathways/PC773","superpathway of L-lysine, L-threonine and L-methionine biosynthesis II","20"
"http://rdf-plantmetwiki.bioinformatics.nl/pathways/PC893","2'-deoxymugineic acid phytosiderophore biosynthesis","20"
"http://rdf-plantmetwiki.bioinformatics.nl/pathways/PC399","superpathway of hyoscyamine (atropine) and scopolamine biosynthesis","20"
"http://rdf-plantmetwiki.bioinformatics.nl/pathways/PC395","jasmonic acid biosynthesis","20"
"http://rdf-plantmetwiki.bioinformatics.nl/pathways/PC978","superpathway of polyamine biosynthesis II","20"
"http://rdf-plantmetwiki.bioinformatics.nl/pathways/PC1115","volatile benzenoid biosynthesis I (ester formation)","19"
"http://rdf-plantmetwiki.bioinformatics.nl/pathways/PC885","fenchol biosynthesis II","19"
"http://rdf-plantmetwiki.bioinformatics.nl/pathways/PC549","stachyose degradation","19"
"http://rdf-plantmetwiki.bioinformatics.nl/pathways/PC393","phenylpropanoids methylation (ice plant)","19"
"http://rdf-plantmetwiki.bioinformatics.nl/pathways/PC348","L-methionine salvage cycle II (plants)","19"
"http://rdf-plantmetwiki.bioinformatics.nl/pathways/PC36","CDP-diacylglycerol biosynthesis I","19"
"http://rdf-plantmetwiki.bioinformatics.nl/pathways/PC391","superpathway of L-isoleucine biosynthesis I","19"
"http://rdf-plantmetwiki.bioinformatics.nl/pathways/PC217","traumatin and (Z)-3-hexen-1-yl acetate biosynthesis","19"
"http://rdf-plantmetwiki.bioinformatics.nl/pathways/PC317","superpathway of anthocyanin biosynthesis (from cyanidin and cyanidin 3-O-glucoside)","19"
"http://rdf-plantmetwiki.bioinformatics.nl/pathways/PC194","glyoxylate cycle","18"
"http://rdf-plantmetwiki.bioinformatics.nl/pathways/PC183","glutathione-mediated detoxification II","18"
"http://rdf-plantmetwiki.bioinformatics.nl/pathways/PC621","chelerythrine biosynthesis","18"
"http://rdf-plantmetwiki.bioinformatics.nl/pathways/PC69","superpathway of isoflavonoids (via naringenin)","18"
"http://rdf-plantmetwiki.bioinformatics.nl/pathways/PC564","dolabralexins biosynthesis","18"
"http://rdf-plantmetwiki.bioinformatics.nl/pathways/PC575","gibberellin inactivation I (2β-hydroxylation)","18"
"http://rdf-plantmetwiki.bioinformatics.nl/pathways/PC1062","(4R)-carvone biosynthesis","18"
"http://rdf-plantmetwiki.bioinformatics.nl/pathways/PC503","C4 photosynthetic carbon assimilation cycle, NADP-ME type","18"
"http://rdf-plantmetwiki.bioinformatics.nl/pathways/PC657","superpathway of L-phenylalanine and L-tyrosine biosynthesis","18"
"http://rdf-plantmetwiki.bioinformatics.nl/pathways/PC330","leucopelargonidin and leucocyanidin biosynthesis","18"
"http://rdf-plantmetwiki.bioinformatics.nl/pathways/PC379","anthocyanidin modification (Arabidopsis)","18"
"http://rdf-plantmetwiki.bioinformatics.nl/pathways/PC1","reductive TCA cycle I","18"
"http://rdf-plantmetwiki.bioinformatics.nl/pathways/PC673","superpathway of heme b biosynthesis from glutamate","18"
"http://rdf-plantmetwiki.bioinformatics.nl/pathways/PC389","cholesterol biosynthesis (plants, early side-chain reductase)","18"
"http://rdf-plantmetwiki.bioinformatics.nl/pathways/PC652","germacrene biosynthesis","18"
"http://rdf-plantmetwiki.bioinformatics.nl/pathways/PC26","superpathway of nicotine biosynthesis","17"
"http://rdf-plantmetwiki.bioinformatics.nl/pathways/PC623","Rubisco shunt","17"
"http://rdf-plantmetwiki.bioinformatics.nl/pathways/PC851","gibberellin biosynthesis III (early C-13 hydroxylation)","17"
"http://rdf-plantmetwiki.bioinformatics.nl/pathways/PC990","phospholipases","17"
"http://rdf-plantmetwiki.bioinformatics.nl/pathways/PC1025","isoflavonoid biosynthesis I","17"
"http://rdf-plantmetwiki.bioinformatics.nl/pathways/PC352","superpathway of fatty acid biosynthesis II (plant)","17"
"http://rdf-plantmetwiki.bioinformatics.nl/pathways/PC321","3,8-divinyl-chlorophyllide a biosynthesis I (aerobic, light-dependent)","17"
"http://rdf-plantmetwiki.bioinformatics.nl/pathways/PC988","β-caryophyllene biosynthesis","17"
"http://rdf-plantmetwiki.bioinformatics.nl/pathways/PC489","perillyl aldehyde biosynthesis","17"
"http://rdf-plantmetwiki.bioinformatics.nl/pathways/PC884","superpathway of purines degradation in plants","17"
"http://rdf-plantmetwiki.bioinformatics.nl/pathways/PC282","L-tryptophan biosynthesis","16"
"http://rdf-plantmetwiki.bioinformatics.nl/pathways/PC612","(3S)-linalool biosynthesis","16"
"http://rdf-plantmetwiki.bioinformatics.nl/pathways/PC375","cholesterol biosynthesis I","16"
"http://rdf-plantmetwiki.bioinformatics.nl/pathways/PC602","isoflavonoid biosynthesis II","16"
"http://rdf-plantmetwiki.bioinformatics.nl/pathways/PC985","noscapine biosynthesis","16"
"http://rdf-plantmetwiki.bioinformatics.nl/pathways/PC989","superpathway of acylsucrose biosynthesis (wild tomato)","16"
"http://rdf-plantmetwiki.bioinformatics.nl/pathways/PC471","(3R)-linalool biosynthesis","16"
"http://rdf-plantmetwiki.bioinformatics.nl/pathways/PC931","all-trans-farnesol biosynthesis","16"
"http://rdf-plantmetwiki.bioinformatics.nl/pathways/PC994","linalool biosynthesis I","16"
"http://rdf-plantmetwiki.bioinformatics.nl/pathways/PC11","L-phenylalanine biosynthesis II","16"
"http://rdf-plantmetwiki.bioinformatics.nl/pathways/PC150","6-gingerol analog biosynthesis (engineered)","15"
"http://rdf-plantmetwiki.bioinformatics.nl/pathways/PC1034","NAD de novo biosynthesis I","15"
"http://rdf-plantmetwiki.bioinformatics.nl/pathways/PC511","UDP-N-acetyl-D-glucosamine biosynthesis II","15"
"http://rdf-plantmetwiki.bioinformatics.nl/pathways/PC1007","costunolide biosynthesis","15"
"http://rdf-plantmetwiki.bioinformatics.nl/pathways/PC555","superpathway of C28 brassinosteroid biosynthesis","15"
"http://rdf-plantmetwiki.bioinformatics.nl/pathways/PC849","superpathway of hydrolyzable tannin biosynthesis","15"
"http://rdf-plantmetwiki.bioinformatics.nl/pathways/PC1023","Inorganic Nitrogen Assimilation","15"
"http://rdf-plantmetwiki.bioinformatics.nl/pathways/PC411","brassinolide biosynthesis II","15"
"http://rdf-plantmetwiki.bioinformatics.nl/pathways/PC169","Amaryllidacea alkaloids biosynthesis","15"
"http://rdf-plantmetwiki.bioinformatics.nl/pathways/PC1098","stachyose biosynthesis","15"
"http://rdf-plantmetwiki.bioinformatics.nl/pathways/PC889","superpathway of glycoalkaloid metabolism (Solanaceae)","15"
"http://rdf-plantmetwiki.bioinformatics.nl/pathways/PC1108","umbelliferone biosynthesis","15"
"http://rdf-plantmetwiki.bioinformatics.nl/pathways/PC230","farnesene biosynthesis","15"
"http://rdf-plantmetwiki.bioinformatics.nl/pathways/PC671","ethene biosynthesis I (plants)","15"
"http://rdf-plantmetwiki.bioinformatics.nl/pathways/PC430","tetrahydrofolate biosynthesis II","15"
"http://rdf-plantmetwiki.bioinformatics.nl/pathways/PC142","superpathway of indole-3-acetate conjugate biosynthesis","15"
"http://rdf-plantmetwiki.bioinformatics.nl/pathways/PC50","methylsalicylate biosynthesis","15"
"http://rdf-plantmetwiki.bioinformatics.nl/pathways/PC250","polymethylated quercetin biosynthesis","15"
"http://rdf-plantmetwiki.bioinformatics.nl/pathways/PC532","abscisic acid degradation by glucosylation","15"
"http://rdf-plantmetwiki.bioinformatics.nl/pathways/PC785","quercetin sulfate biosynthesis","15"
"http://rdf-plantmetwiki.bioinformatics.nl/pathways/PC541","superpathway of fermentation (Chlamydomonas reinhardtii)","15"
"http://rdf-plantmetwiki.bioinformatics.nl/pathways/PC880","gibberellin biosynthesis I (non C-3, non C-13 hydroxylation)","15"
"http://rdf-plantmetwiki.bioinformatics.nl/pathways/PC894","flavonol biosynthesis","14"
"http://rdf-plantmetwiki.bioinformatics.nl/pathways/PC121","berberine biosynthesis","14"
"http://rdf-plantmetwiki.bioinformatics.nl/pathways/PC765","superpathway of L-threonine biosynthesis","14"
"http://rdf-plantmetwiki.bioinformatics.nl/pathways/PC510","brassinolide biosynthesis I","14"
"http://rdf-plantmetwiki.bioinformatics.nl/pathways/PC228","wax esters biosynthesis II","14"
"http://rdf-plantmetwiki.bioinformatics.nl/pathways/PC84","proanthocyanidins biosynthesis from flavanols","14"
"http://rdf-plantmetwiki.bioinformatics.nl/pathways/PC1074","superpathway of pterocarpan biosynthesis (via daidzein)","14"
"http://rdf-plantmetwiki.bioinformatics.nl/pathways/PC1035","superpathway of purine nucleotides de novo biosynthesis I","14"
"http://rdf-plantmetwiki.bioinformatics.nl/pathways/PC100","salidroside biosynthesis","14"
"http://rdf-plantmetwiki.bioinformatics.nl/pathways/PC631","plaunotol biosynthesis","14"
"http://rdf-plantmetwiki.bioinformatics.nl/pathways/PC1111","ascorbate glutathione cycle","14"
"http://rdf-plantmetwiki.bioinformatics.nl/pathways/PC477","santalene biosynthesis II","14"
"http://rdf-plantmetwiki.bioinformatics.nl/pathways/PC1073","acylsucrose biosynthesis (Solanum habrochaites)","14"
"http://rdf-plantmetwiki.bioinformatics.nl/pathways/PC455","palmitate biosynthesis II (type II fatty acid synthase)","13"
"http://rdf-plantmetwiki.bioinformatics.nl/pathways/PC937","stellariose and mediose biosynthesis","13"
"http://rdf-plantmetwiki.bioinformatics.nl/pathways/PC159","capsaicin biosynthesis","13"
"http://rdf-plantmetwiki.bioinformatics.nl/pathways/PC684","superpathway of putrescine biosynthesis","13"
"http://rdf-plantmetwiki.bioinformatics.nl/pathways/PC890","malate-oxaloacetate shuttle II","13"
"http://rdf-plantmetwiki.bioinformatics.nl/pathways/PC313","glucosinolate biosynthesis from dihomomethionine","13"
"http://rdf-plantmetwiki.bioinformatics.nl/pathways/PC637","salvigenin biosynthesis","13"
"http://rdf-plantmetwiki.bioinformatics.nl/pathways/PC267","benzoate biosynthesis I (CoA-dependent, β-oxidative)","13"
"http://rdf-plantmetwiki.bioinformatics.nl/pathways/PC722","superpathway of seleno-compound metabolism","13"
"http://rdf-plantmetwiki.bioinformatics.nl/pathways/PC285","fatty acid β-oxidation IV (unsaturated, even number)","13"
"http://rdf-plantmetwiki.bioinformatics.nl/pathways/PC33","4-hydroxybenzoate biosynthesis III (plants)","13"
"http://rdf-plantmetwiki.bioinformatics.nl/pathways/PC723","superpathway of anthocyanin biosynthesis (from pelargonidin 3-O-glucoside)","13"
"http://rdf-plantmetwiki.bioinformatics.nl/pathways/PC886","iron reduction and absorption","13"
"http://rdf-plantmetwiki.bioinformatics.nl/pathways/PC923","fatty acid β-oxidation II (plant peroxisome)","13"
"http://rdf-plantmetwiki.bioinformatics.nl/pathways/PC1109","superpathway of coenzyme A biosynthesis II (plants)","13"
"http://rdf-plantmetwiki.bioinformatics.nl/pathways/PC1028","superpathway of benzoxazinoid glucosides biosynthesis","13"
"http://rdf-plantmetwiki.bioinformatics.nl/pathways/PC1112","glucosinolate activation","13"
"http://rdf-plantmetwiki.bioinformatics.nl/pathways/PC229","L-methionine salvage cycle I (bacteria and plants)","13"
"http://rdf-plantmetwiki.bioinformatics.nl/pathways/PC419","alkane biosynthesis II","13"
"http://rdf-plantmetwiki.bioinformatics.nl/pathways/PC793","tricin biosynthesis","13"
"http://rdf-plantmetwiki.bioinformatics.nl/pathways/PC236","superpathway of L-citrulline metabolism","12"
"http://rdf-plantmetwiki.bioinformatics.nl/pathways/PC276","lychnose and isolychnose biosynthesis","12"
"http://rdf-plantmetwiki.bioinformatics.nl/pathways/PC397","methyl ketone biosynthesis (engineered)","12"
"http://rdf-plantmetwiki.bioinformatics.nl/pathways/PC14","kaempferol glycoside biosynthesis (Arabidopsis)","12"
"http://rdf-plantmetwiki.bioinformatics.nl/pathways/PC807","geranylgeranyl pyrophosphate biosynthesis","12"
"http://rdf-plantmetwiki.bioinformatics.nl/pathways/RC196","RXN-17697","12"
"http://rdf-plantmetwiki.bioinformatics.nl/pathways/PC1060","(S)-reticuline biosynthesis I","12"
"http://rdf-plantmetwiki.bioinformatics.nl/pathways/PC137","phosphate acquisition","12"
"http://rdf-plantmetwiki.bioinformatics.nl/pathways/PC667","phosphatidylcholine biosynthesis II","12"
"http://rdf-plantmetwiki.bioinformatics.nl/pathways/PC868","sinapate ester biosynthesis","12"
"http://rdf-plantmetwiki.bioinformatics.nl/pathways/PC803","superpathway of allantoin degradation in plants","12"
"http://rdf-plantmetwiki.bioinformatics.nl/pathways/PC828","L-lysine biosynthesis VI","12"
"http://rdf-plantmetwiki.bioinformatics.nl/pathways/PC576","trans, trans-farnesyl pyrophosphate biosynthesis","12"
"http://rdf-plantmetwiki.bioinformatics.nl/pathways/PC339","luteolin biosynthesis","12"
"http://rdf-plantmetwiki.bioinformatics.nl/pathways/RC907","1.14.13.117-RXN","12"
"http://rdf-plantmetwiki.bioinformatics.nl/pathways/PC509","divinyl ether biosynthesis II","12"
"http://rdf-plantmetwiki.bioinformatics.nl/pathways/PC839","nicotine biosynthesis","12"
"http://rdf-plantmetwiki.bioinformatics.nl/pathways/PC873","1,4-dihydroxy-2-naphthoate biosynthesis II (plants)","12"
"http://rdf-plantmetwiki.bioinformatics.nl/pathways/PC878","glucosinolate biosynthesis from tryptophan","12"
"http://rdf-plantmetwiki.bioinformatics.nl/pathways/PC52","methylquercetin biosynthesis","12"
"http://rdf-plantmetwiki.bioinformatics.nl/pathways/PC867","zealexin biosynthesis","12"
"http://rdf-plantmetwiki.bioinformatics.nl/pathways/RC292","1.14.13.118-RXN","12"
"http://rdf-plantmetwiki.bioinformatics.nl/pathways/PC734","UDP-galactose biosynthesis (salvage pathway from galactose using UDP-glucose)","11"
"http://rdf-plantmetwiki.bioinformatics.nl/pathways/PC439","malate-oxaloacetate shuttle I","11"
"http://rdf-plantmetwiki.bioinformatics.nl/pathways/RC508","RXN0-1021","11"
"http://rdf-plantmetwiki.bioinformatics.nl/pathways/PC426","methyl indole-3-acetate interconversion","11"
"http://rdf-plantmetwiki.bioinformatics.nl/pathways/PC114","superpathway of pyrimidine deoxyribonucleotides de novo biosynthesis","11"
"http://rdf-plantmetwiki.bioinformatics.nl/pathways/PC401","trans-lycopene biosynthesis II (oxygenic phototrophs and green sulfur bacteria)","11"
"http://rdf-plantmetwiki.bioinformatics.nl/pathways/PC599","α-tomatine biosynthesis","11"
"http://rdf-plantmetwiki.bioinformatics.nl/pathways/PC676","heme b biosynthesis I (aerobic)","11"
"http://rdf-plantmetwiki.bioinformatics.nl/pathways/PC876","superpathway of branched chain amino acid biosynthesis","11"
"http://rdf-plantmetwiki.bioinformatics.nl/pathways/PC303","fatty acid β-oxidation V (unsaturated, odd number, di-isomerase-dependent)","11"
"http://rdf-plantmetwiki.bioinformatics.nl/pathways/PC205","indole-3-acetate biosynthesis II","11"
"http://rdf-plantmetwiki.bioinformatics.nl/pathways/PC204","2-carboxy-1,4-naphthoquinol biosynthesis","11"
"http://rdf-plantmetwiki.bioinformatics.nl/pathways/PC62","choline biosynthesis III","11"
"http://rdf-plantmetwiki.bioinformatics.nl/pathways/PC739","rose anthocyanin biosynthesis II (via cyanidin 3-O-β-D-glucoside)","11"
"http://rdf-plantmetwiki.bioinformatics.nl/pathways/PC139","isoprene biosynthesis II (engineered)","11"
"http://rdf-plantmetwiki.bioinformatics.nl/pathways/PC908","vitamin E biosynthesis (tocopherols)","11"
"http://rdf-plantmetwiki.bioinformatics.nl/pathways/PC639","coptisine biosynthesis","11"
"http://rdf-plantmetwiki.bioinformatics.nl/pathways/PC1021","superpathway of anthocyanin biosynthesis (from delphinidin 3-O-glucoside)","11"
"http://rdf-plantmetwiki.bioinformatics.nl/pathways/PC17","photorespiration I","11"
"http://rdf-plantmetwiki.bioinformatics.nl/pathways/PC993","phosphatidylcholine biosynthesis III","11"
"http://rdf-plantmetwiki.bioinformatics.nl/pathways/PC173","glucosinolate biosynthesis from homomethionine","11"
"http://rdf-plantmetwiki.bioinformatics.nl/pathways/PC1156","(-)-maackiain biosynthesis","11"
"http://rdf-plantmetwiki.bioinformatics.nl/pathways/PC713","long-chain fatty acid activation","11"
"http://rdf-plantmetwiki.bioinformatics.nl/pathways/PC502","glucosinolate biosynthesis from hexahomomethionine","11"
"http://rdf-plantmetwiki.bioinformatics.nl/pathways/PC656","scopoletin biosynthesis","11"
"http://rdf-plantmetwiki.bioinformatics.nl/pathways/PC447","D-sorbitol degradation I","11"
"http://rdf-plantmetwiki.bioinformatics.nl/pathways/PC195","phosphatidylglycerol biosynthesis I","11"
"http://rdf-plantmetwiki.bioinformatics.nl/pathways/PC453","purine nucleotides degradation I (plants)","11"
"http://rdf-plantmetwiki.bioinformatics.nl/pathways/PC629","ajmaline and sarpagine biosynthesis","11"
"http://rdf-plantmetwiki.bioinformatics.nl/pathways/PC1122","superpathway of pantothenate and coenzymeA biosynthesis","11"
"http://rdf-plantmetwiki.bioinformatics.nl/pathways/PC1003","caffeoylglucarate biosynthesis","11"
"http://rdf-plantmetwiki.bioinformatics.nl/pathways/PC1100","phenylethanol biosynthesis","11"
"http://rdf-plantmetwiki.bioinformatics.nl/pathways/PC322","palmatine biosynthesis","11"
"http://rdf-plantmetwiki.bioinformatics.nl/pathways/PC730","very long chain fatty acid biosynthesis I","11"
"http://rdf-plantmetwiki.bioinformatics.nl/pathways/PC1099","superpathway of acylsucrose biosynthesis (cultivated tomato)","11"
"http://rdf-plantmetwiki.bioinformatics.nl/pathways/PC463","daphnetin modification","10"
"http://rdf-plantmetwiki.bioinformatics.nl/pathways/PC155","superpathway of lipid-dependent phytate biosynthesis","10"
"http://rdf-plantmetwiki.bioinformatics.nl/pathways/PC20","epoxysqualene biosynthesis","10"
"http://rdf-plantmetwiki.bioinformatics.nl/pathways/PC30","glucosinolate biosynthesis from phenylalanine","10"
"http://rdf-plantmetwiki.bioinformatics.nl/pathways/PC1088","superpathway of tetrahydrofolate biosynthesis","10"
"http://rdf-plantmetwiki.bioinformatics.nl/pathways/PC500","1D-myo-inositol hexakisphosphate biosynthesis III (Spirodela polyrrhiza)","10"
"http://rdf-plantmetwiki.bioinformatics.nl/pathways/PC834","δ-guaiene biosynthesis","10"
"http://rdf-plantmetwiki.bioinformatics.nl/pathways/PC466","mevalonate pathway I (eukaryotes and bacteria)","10"
"http://rdf-plantmetwiki.bioinformatics.nl/pathways/PC75","vindoline, vindorosine and vinblastine biosynthesis","10"
"http://rdf-plantmetwiki.bioinformatics.nl/pathways/PC184","NAD de novo biosynthesis II (from tryptophan)","10"
"http://rdf-plantmetwiki.bioinformatics.nl/pathways/PC971","phosphatidate metabolism, as a signaling molecule","10"
"http://rdf-plantmetwiki.bioinformatics.nl/pathways/PC400","superpathway of betalain biosynthesis","10"
"http://rdf-plantmetwiki.bioinformatics.nl/pathways/PC593","phosphatidylcholine biosynthesis I","10"
"http://rdf-plantmetwiki.bioinformatics.nl/pathways/PC408","purine nucleosides salvage II (plant)","10"
"http://rdf-plantmetwiki.bioinformatics.nl/pathways/PC81","trans-zeatin biosynthesis","10"
"http://rdf-plantmetwiki.bioinformatics.nl/pathways/PC660","echinatin biosynthesis","10"
"http://rdf-plantmetwiki.bioinformatics.nl/pathways/PC748","1D-myo-inositol hexakisphosphate biosynthesis V (from Ins(1,3,4)P3)","10"
"http://rdf-plantmetwiki.bioinformatics.nl/pathways/PC423","GDP-mannose biosynthesis","10"
"http://rdf-plantmetwiki.bioinformatics.nl/pathways/PC357","phosphatidylethanolamine biosynthesis II","10"
"http://rdf-plantmetwiki.bioinformatics.nl/pathways/PC521","chlorophyll cycle","10"
"http://rdf-plantmetwiki.bioinformatics.nl/pathways/PC259","superpathway of Allium flavor precursors","10"
"http://rdf-plantmetwiki.bioinformatics.nl/pathways/PC686","superpathway of 1D-myo-inositol hexakisphosphate biosynthesis (plants)","10"
"http://rdf-plantmetwiki.bioinformatics.nl/pathways/PC410","superpathway of polymethylated quercetin/quercetagetin glucoside biosynthesis (Chrysosplenium)","10"
"http://rdf-plantmetwiki.bioinformatics.nl/pathways/PC594","NAD biosynthesis from 2-amino-3-carboxymuconate semialdehyde","10"
"http://rdf-plantmetwiki.bioinformatics.nl/pathways/PC390","superpathway of plastoquinol biosynthesis","10"
"http://rdf-plantmetwiki.bioinformatics.nl/pathways/PC772","syringetin biosynthesis","10"
"http://rdf-plantmetwiki.bioinformatics.nl/pathways/PC265","methylerythritol phosphate pathway II","10"
"http://rdf-plantmetwiki.bioinformatics.nl/pathways/PC465","L-ascorbate biosynthesis I (plants, L-galactose pathway)","10"
"http://rdf-plantmetwiki.bioinformatics.nl/pathways/PC1096","L-citrulline biosynthesis","10"
"http://rdf-plantmetwiki.bioinformatics.nl/pathways/PC1043","glucosinolate biosynthesis from trihomomethionine","10"
"http://rdf-plantmetwiki.bioinformatics.nl/pathways/PC342","lipid-dependent phytate biosynthesis II (via Ins(1,3,4)P₃)","10"
"http://rdf-plantmetwiki.bioinformatics.nl/pathways/PC708","L-nicotianamine biosynthesis","10"
"http://rdf-plantmetwiki.bioinformatics.nl/pathways/PC374","oleate biosynthesis I (plants)","10"
"http://rdf-plantmetwiki.bioinformatics.nl/pathways/PC544","NAD salvage (plants)","10"
"http://rdf-plantmetwiki.bioinformatics.nl/pathways/PC312","L-leucine degradation I","10"
"http://rdf-plantmetwiki.bioinformatics.nl/pathways/PC260","L-alanine degradation II (to D-lactate)","10"
"http://rdf-plantmetwiki.bioinformatics.nl/pathways/PC47","ornithine-citrulline shuttle","10"
"http://rdf-plantmetwiki.bioinformatics.nl/pathways/PC255","geranyl pyrophosphate biosynthesis","10"
"http://rdf-plantmetwiki.bioinformatics.nl/pathways/PC512","vitamin E biosynthesis (tocotrienols)","10"
"http://rdf-plantmetwiki.bioinformatics.nl/pathways/PC498","acridone alkaloid biosynthesis","10"
"http://rdf-plantmetwiki.bioinformatics.nl/pathways/PC763","L-valine degradation I","10"
"http://rdf-plantmetwiki.bioinformatics.nl/pathways/PC959","abietic acid biosynthesis","9"
"http://rdf-plantmetwiki.bioinformatics.nl/pathways/PC24","superoxide radicals degradation","9"
"http://rdf-plantmetwiki.bioinformatics.nl/pathways/PC1126","L-tyrosine biosynthesis II","9"
"http://rdf-plantmetwiki.bioinformatics.nl/pathways/PC153","choline biosynthesis I","9"
"http://rdf-plantmetwiki.bioinformatics.nl/pathways/PC1045","superpathway of diterpene resin acids biosynthesis","9"
"http://rdf-plantmetwiki.bioinformatics.nl/pathways/PC372","pelargonidin conjugates biosynthesis","9"
"http://rdf-plantmetwiki.bioinformatics.nl/pathways/PC281","L-glutamate degradation IV","9"
"http://rdf-plantmetwiki.bioinformatics.nl/pathways/PC836","caffeine biosynthesis I","9"
"http://rdf-plantmetwiki.bioinformatics.nl/pathways/RC616","RXN-924","9"
"http://rdf-plantmetwiki.bioinformatics.nl/pathways/PC981","glucosinolate biosynthesis from tetrahomomethionine","9"
"http://rdf-plantmetwiki.bioinformatics.nl/pathways/PC1134","UDP-α-D-glucuronate biosynthesis (from myo-inositol)","9"
"http://rdf-plantmetwiki.bioinformatics.nl/pathways/PC459","9-lipoxygenase and 9-hydroperoxide lyase pathway","9"
"http://rdf-plantmetwiki.bioinformatics.nl/pathways/PC89","triacylglycerol degradation","9"
"http://rdf-plantmetwiki.bioinformatics.nl/pathways/PC274","eugenol and isoeugenol biosynthesis","9"
"http://rdf-plantmetwiki.bioinformatics.nl/pathways/PC756","morphine biosynthesis","9"
"http://rdf-plantmetwiki.bioinformatics.nl/pathways/PC344","(-)-medicarpin biosynthesis","9"
"http://rdf-plantmetwiki.bioinformatics.nl/pathways/PC812","glutamate-glutamine shuttle","9"
"http://rdf-plantmetwiki.bioinformatics.nl/pathways/PC975","adenosine nucleotides degradation I","9"
"http://rdf-plantmetwiki.bioinformatics.nl/pathways/PC517","carnosate bioynthesis","9"
"http://rdf-plantmetwiki.bioinformatics.nl/pathways/PC920","isoprene biosynthesis I","9"
"http://rdf-plantmetwiki.bioinformatics.nl/pathways/PC632","superpathway of glandular trichomes produced diterpenoids (tobacco)","9"
"http://rdf-plantmetwiki.bioinformatics.nl/pathways/PC815","L-leucine biosynthesis","9"
"http://rdf-plantmetwiki.bioinformatics.nl/pathways/PC877","indole-3-acetate inactivation IX","9"
"http://rdf-plantmetwiki.bioinformatics.nl/pathways/PC280","cutin biosynthesis","9"
"http://rdf-plantmetwiki.bioinformatics.nl/pathways/RC1073","RXN-9673","9"
"http://rdf-plantmetwiki.bioinformatics.nl/pathways/PC578","ethanol degradation II","9"
"http://rdf-plantmetwiki.bioinformatics.nl/pathways/PC820","carbon concentration mechanism (Chlamydomonas)","9"
"http://rdf-plantmetwiki.bioinformatics.nl/pathways/PC746","D-galactose detoxification","9"
"http://rdf-plantmetwiki.bioinformatics.nl/pathways/PC7","L-histidine biosynthesis","9"
"http://rdf-plantmetwiki.bioinformatics.nl/pathways/PC823","pyruvate fermentation to ethanol II","9"
"http://rdf-plantmetwiki.bioinformatics.nl/pathways/PC143","glucosinolate biosynthesis from pentahomomethionine","9"
"http://rdf-plantmetwiki.bioinformatics.nl/pathways/PC405","phytate degradation I","9"
"http://rdf-plantmetwiki.bioinformatics.nl/pathways/PC53","DIBOA-glucoside biosynthesis","9"
"http://rdf-plantmetwiki.bioinformatics.nl/pathways/PC123","theobromine biosynthesis I","9"
"http://rdf-plantmetwiki.bioinformatics.nl/pathways/PC172","L-arginine biosynthesis II (acetyl cycle)","9"
"http://rdf-plantmetwiki.bioinformatics.nl/pathways/PC51","polymethylated myricetin biosynthesis (tomato)","8"
"http://rdf-plantmetwiki.bioinformatics.nl/pathways/PC1020","L-alanine degradation III","8"
"http://rdf-plantmetwiki.bioinformatics.nl/pathways/PC29","methylerythritol phosphate pathway I","8"
"http://rdf-plantmetwiki.bioinformatics.nl/pathways/PC1159","shisonin biosynthesis","8"
"http://rdf-plantmetwiki.bioinformatics.nl/pathways/PC270","allantoin degradation to glyoxylate II","8"
"http://rdf-plantmetwiki.bioinformatics.nl/pathways/PC969","zerumbone biosynthesis","8"
"http://rdf-plantmetwiki.bioinformatics.nl/pathways/PC144","pentose phosphate pathway","8"
"http://rdf-plantmetwiki.bioinformatics.nl/pathways/PC133","dehydroabietic acid biosynthesis","8"
"http://rdf-plantmetwiki.bioinformatics.nl/pathways/PC787","superpathway of tetrahydroxyxanthone biosynthesis","8"
"http://rdf-plantmetwiki.bioinformatics.nl/pathways/PC1136","phytochelatins biosynthesis","8"
"http://rdf-plantmetwiki.bioinformatics.nl/pathways/PC358","folate transformations II (plants)","8"
"http://rdf-plantmetwiki.bioinformatics.nl/pathways/PC25","flavonol acylglucoside biosynthesis I-kaempferol derivatives","8"
"http://rdf-plantmetwiki.bioinformatics.nl/pathways/PC1069","S-adenosyl-L-methionine salvage II","8"
"http://rdf-plantmetwiki.bioinformatics.nl/pathways/PC343","glycerolipid acyl chain desaturation (Chlamydomonas)","8"
"http://rdf-plantmetwiki.bioinformatics.nl/pathways/RC547","PEROXID-RXN","8"
"http://rdf-plantmetwiki.bioinformatics.nl/pathways/PC124","pentagalloylglucose biosynthesis","8"
"http://rdf-plantmetwiki.bioinformatics.nl/pathways/PC385","9-lipoxygenase and 9-allene oxide synthase pathway","8"
"http://rdf-plantmetwiki.bioinformatics.nl/pathways/PC666","hydroxycinnamic acid tyramine amides biosynthesis","8"
"http://rdf-plantmetwiki.bioinformatics.nl/pathways/RC1258","CHALCONE-ISOMERASE-RXN","8"
"http://rdf-plantmetwiki.bioinformatics.nl/pathways/PC76","tropane alkaloids biosynthesis","8"
"http://rdf-plantmetwiki.bioinformatics.nl/pathways/PC909","trehalose degradation II (cytosolic)","8"
"http://rdf-plantmetwiki.bioinformatics.nl/pathways/PC567","levopimaric acid biosynthesis","8"
"http://rdf-plantmetwiki.bioinformatics.nl/pathways/RC25","RXN-12879","8"
"http://rdf-plantmetwiki.bioinformatics.nl/pathways/PC587","L-alanine biosynthesis II","8"
"http://rdf-plantmetwiki.bioinformatics.nl/pathways/PC46","GDP-α-D-glucose biosynthesis","8"
"http://rdf-plantmetwiki.bioinformatics.nl/pathways/PC488","L-tyrosine biosynthesis III","8"
"http://rdf-plantmetwiki.bioinformatics.nl/pathways/PC943","seleno-amino acid biosynthesis (plants)","8"
"http://rdf-plantmetwiki.bioinformatics.nl/pathways/PC1006","linustatin bioactivation","8"
"http://rdf-plantmetwiki.bioinformatics.nl/pathways/PC1138","CDP-diacylglycerol biosynthesis II","8"
"http://rdf-plantmetwiki.bioinformatics.nl/pathways/PC917","kaempferol triglucoside biosynthesis","8"
"http://rdf-plantmetwiki.bioinformatics.nl/pathways/PC648","resveratrol biosynthesis","8"
"http://rdf-plantmetwiki.bioinformatics.nl/pathways/PC595","divinyl ether biosynthesis I","8"
"http://rdf-plantmetwiki.bioinformatics.nl/pathways/PC324","ferulate and sinapate biosynthesis","8"
"http://rdf-plantmetwiki.bioinformatics.nl/pathways/PC1033","adenine and adenosine salvage II","8"
"http://rdf-plantmetwiki.bioinformatics.nl/pathways/PC846","phosphatidylcholine biosynthesis IV","8"
"http://rdf-plantmetwiki.bioinformatics.nl/pathways/PC431","CO₂ fixation into oxaloacetate (anaplerotic)","8"
"http://rdf-plantmetwiki.bioinformatics.nl/pathways/PC413","starch degradation II","8"
"http://rdf-plantmetwiki.bioinformatics.nl/pathways/PC95","putrescine biosynthesis II","8"
"http://rdf-plantmetwiki.bioinformatics.nl/pathways/PC490","polyisoprenoid biosynthesis","8"
"http://rdf-plantmetwiki.bioinformatics.nl/pathways/PC1056","superpathway of ammonia assimilation (plants)","8"
"http://rdf-plantmetwiki.bioinformatics.nl/pathways/PC437","L-aspartate biosynthesis","8"
"http://rdf-plantmetwiki.bioinformatics.nl/pathways/PC363","(4S)-carvone biosynthesis","8"
"http://rdf-plantmetwiki.bioinformatics.nl/pathways/PC574","isopimaric acid biosynthesis","8"
"http://rdf-plantmetwiki.bioinformatics.nl/pathways/PC1070","caffeine biosynthesis II (via paraxanthine)","8"
"http://rdf-plantmetwiki.bioinformatics.nl/pathways/PC87","mannitol degradation II","8"
"http://rdf-plantmetwiki.bioinformatics.nl/pathways/PC359","leucodelphinidin biosynthesis","8"
"http://rdf-plantmetwiki.bioinformatics.nl/pathways/PC540","L-Nδ-acetylornithine biosynthesis","8"
"http://rdf-plantmetwiki.bioinformatics.nl/pathways/PC129","linamarin degradation","7"
"http://rdf-plantmetwiki.bioinformatics.nl/pathways/PC443","L-isoleucine degradation I","7"
"http://rdf-plantmetwiki.bioinformatics.nl/pathways/PC1090","kaempferol gentiobioside biosynthesis","7"
"http://rdf-plantmetwiki.bioinformatics.nl/pathways/PC777","putrescine biosynthesis I","7"
"http://rdf-plantmetwiki.bioinformatics.nl/pathways/PC336","L-cysteine biosynthesis I","7"
"http://rdf-plantmetwiki.bioinformatics.nl/pathways/PC458","palustric acid biosynthesis","7"
"http://rdf-plantmetwiki.bioinformatics.nl/pathways/PC366","superpathway of guanosine nucleotides degradation (plants)","7"
"http://rdf-plantmetwiki.bioinformatics.nl/pathways/PC968","UDP-glucose biosynthesis (from sucrose)","7"
"http://rdf-plantmetwiki.bioinformatics.nl/pathways/PC551","tetrapyrrole biosynthesis I (from glutamate)","7"
"http://rdf-plantmetwiki.bioinformatics.nl/pathways/PC40","superpathway of adenosine nucleotides de novo biosynthesis I","7"
"http://rdf-plantmetwiki.bioinformatics.nl/pathways/PC934","detoxification of reactive carbonyls in chloroplasts","7"
"http://rdf-plantmetwiki.bioinformatics.nl/pathways/PC683","UDP-α-D-glucose biosynthesis","7"
"http://rdf-plantmetwiki.bioinformatics.nl/pathways/PC1125","geraniol and geranial biosynthesis","7"
"http://rdf-plantmetwiki.bioinformatics.nl/pathways/RC644","GST-RXN","7"
"http://rdf-plantmetwiki.bioinformatics.nl/pathways/PC659","superpathway of bitter acids biosynthesis","7"
"http://rdf-plantmetwiki.bioinformatics.nl/pathways/PC584","superpathway of linamarin and lotaustralin biosynthesis","7"
"http://rdf-plantmetwiki.bioinformatics.nl/pathways/PC946","pyruvate fermentation to ethanol I","7"
"http://rdf-plantmetwiki.bioinformatics.nl/pathways/PC809","β-carotene biosynthesis (engineered)","7"
"http://rdf-plantmetwiki.bioinformatics.nl/pathways/PC80","acylsucrose biosynthesis (Solanum pennellii)","7"
"http://rdf-plantmetwiki.bioinformatics.nl/pathways/PC640","indole-3-acetate inactivation II","7"
"http://rdf-plantmetwiki.bioinformatics.nl/pathways/PC982","allantoin degradation to glyoxylate III","7"
"http://rdf-plantmetwiki.bioinformatics.nl/pathways/PC1101","L-methionine biosynthesis II","7"
"http://rdf-plantmetwiki.bioinformatics.nl/pathways/PC464","UDP-α-D-xylose biosynthesis","7"
"http://rdf-plantmetwiki.bioinformatics.nl/pathways/PC335","gibberellin A₁₂ biosynthesis","7"
"http://rdf-plantmetwiki.bioinformatics.nl/pathways/PC1152","neoabietic acid biosynthesis","7"
"http://rdf-plantmetwiki.bioinformatics.nl/pathways/PC914","pinosylvin metabolism","7"
"http://rdf-plantmetwiki.bioinformatics.nl/pathways/PC71","cellulose biosynthesis","7"
"http://rdf-plantmetwiki.bioinformatics.nl/pathways/PC1107","polymethylated quercetin glucoside biosynthesis I-quercetin series (Chrysosplenium)","7"
"http://rdf-plantmetwiki.bioinformatics.nl/pathways/PC252","polymethylated quercetin glucoside biosynthesis II-quercetagetin series (Chrysosplenium)","7"
"http://rdf-plantmetwiki.bioinformatics.nl/pathways/PC475","cycloartenol biosynthesis","7"
"http://rdf-plantmetwiki.bioinformatics.nl/pathways/PC586","solasodine and soladulcidine biosynthesis","7"
"http://rdf-plantmetwiki.bioinformatics.nl/pathways/PC3","superpathway of pyrimidine deoxyribonucleoside salvage","7"
"http://rdf-plantmetwiki.bioinformatics.nl/pathways/PC768","lupeol biosynthesis","7"
"http://rdf-plantmetwiki.bioinformatics.nl/pathways/PC1140","indole-3-acetate inactivation VII","7"
"http://rdf-plantmetwiki.bioinformatics.nl/pathways/PC1124","aromatic polyketides biosynthesis","7"
"http://rdf-plantmetwiki.bioinformatics.nl/pathways/PC214","free phenylpropanoid acid biosynthesis","7"
"http://rdf-plantmetwiki.bioinformatics.nl/pathways/PC286","lotaustralin biosynthesis","7"
"http://rdf-plantmetwiki.bioinformatics.nl/pathways/PC856","violaxanthin, antheraxanthin and zeaxanthin interconversion","7"
"http://rdf-plantmetwiki.bioinformatics.nl/pathways/PC371","urea cycle","7"
"http://rdf-plantmetwiki.bioinformatics.nl/pathways/PC1005","galactolipid biosynthesis I","7"
"http://rdf-plantmetwiki.bioinformatics.nl/pathways/PC354","indole-3-acetate inactivation IV","7"
"http://rdf-plantmetwiki.bioinformatics.nl/pathways/PC609","linear furanocoumarin biosynthesis","7"
"http://rdf-plantmetwiki.bioinformatics.nl/pathways/PC752","ammonia assimilation cycle II","7"
"http://rdf-plantmetwiki.bioinformatics.nl/pathways/PC925","chrysoeriol biosynthesis","7"
"http://rdf-plantmetwiki.bioinformatics.nl/pathways/PC197","abscisic acid biosynthesis","7"
"http://rdf-plantmetwiki.bioinformatics.nl/pathways/PC501","superpathway of polyamine biosynthesis","7"
"http://rdf-plantmetwiki.bioinformatics.nl/pathways/PC682","calmodulin regulated calcium transport","7"
"http://rdf-plantmetwiki.bioinformatics.nl/pathways/PC290","glycine biosynthesis","7"
"http://rdf-plantmetwiki.bioinformatics.nl/pathways/PC377","putrescine biosynthesis III","7"
"http://rdf-plantmetwiki.bioinformatics.nl/pathways/PC838","hyperxanthone E biosynthesis","7"
"http://rdf-plantmetwiki.bioinformatics.nl/pathways/PC916","xyloglucan biosynthesis","7"
"http://rdf-plantmetwiki.bioinformatics.nl/pathways/PC663","superpathway of pyrimidine deoxyribonucleotides de novo biosynthesis (E. coli)","6"
"http://rdf-plantmetwiki.bioinformatics.nl/pathways/PC460","luteolinidin 5-O-glucoside biosynthesis","6"
"http://rdf-plantmetwiki.bioinformatics.nl/pathways/PC63","superpathway of pyrimidine ribonucleosides salvage","6"
"http://rdf-plantmetwiki.bioinformatics.nl/pathways/RC387","RXN-10429","6"
"http://rdf-plantmetwiki.bioinformatics.nl/pathways/PC140","violdelphin biosynthesis","6"
"http://rdf-plantmetwiki.bioinformatics.nl/pathways/RC178","fatty acid elongation","6"
"http://rdf-plantmetwiki.bioinformatics.nl/pathways/PC370","pyridoxal 5'-phosphate salvage I","6"
"http://rdf-plantmetwiki.bioinformatics.nl/pathways/PC1011","mannitol biosynthesis","6"
"http://rdf-plantmetwiki.bioinformatics.nl/pathways/PC154","indole-3-acetate inactivation V","6"
"http://rdf-plantmetwiki.bioinformatics.nl/pathways/PC402","superpathway of isoleucine and valine biosynthesis","6"
"http://rdf-plantmetwiki.bioinformatics.nl/pathways/PC681","indole glucosinolate activation (intact plant cell)","6"
"http://rdf-plantmetwiki.bioinformatics.nl/pathways/PC714","pyrimidine ribonucleotides interconversion","6"
"http://rdf-plantmetwiki.bioinformatics.nl/pathways/PC552","very long chain fatty acid biosynthesis II","6"
"http://rdf-plantmetwiki.bioinformatics.nl/pathways/RC62","RXN-10767","6"
"http://rdf-plantmetwiki.bioinformatics.nl/pathways/PC247","superpathway of thiamine pyrophosphate biosynthesis III (eukaryotes)","6"
"http://rdf-plantmetwiki.bioinformatics.nl/pathways/PC125","pyrimidine deoxyribonucleotides de novo biosynthesis I","6"
"http://rdf-plantmetwiki.bioinformatics.nl/pathways/PC953","lotaustralin degradation","6"
"http://rdf-plantmetwiki.bioinformatics.nl/pathways/PC829","jasmonoyl-L-isoleucine inactivation","6"
"http://rdf-plantmetwiki.bioinformatics.nl/pathways/PC952","lupulone and humulone biosynthesis","6"
"http://rdf-plantmetwiki.bioinformatics.nl/pathways/PC692","γ-glutamyl cycle","6"
"http://rdf-plantmetwiki.bioinformatics.nl/pathways/PC550","costunolide biosynthesis I","6"
"http://rdf-plantmetwiki.bioinformatics.nl/pathways/PC972","phytate degradation II","6"
"http://rdf-plantmetwiki.bioinformatics.nl/pathways/PC704","D-sorbitol biosynthesis I","6"
"http://rdf-plantmetwiki.bioinformatics.nl/pathways/PC558","ω-hydroxylation of laurate","6"
"http://rdf-plantmetwiki.bioinformatics.nl/pathways/PC1015","pyridoxal 5'-phosphate salvage II (plants)","6"
"http://rdf-plantmetwiki.bioinformatics.nl/pathways/PC479","anthocyanidin acylglucoside and acylsambubioside biosynthesis","6"
"http://rdf-plantmetwiki.bioinformatics.nl/pathways/PC712","coenzyme A biosynthesis II (eukaryotic)","6"
"http://rdf-plantmetwiki.bioinformatics.nl/pathways/RC193","RXN-10433","6"
"http://rdf-plantmetwiki.bioinformatics.nl/pathways/PC1129","vernolate biosynthesis III","6"
"http://rdf-plantmetwiki.bioinformatics.nl/pathways/PC691","chorismate biosynthesis I","6"
"http://rdf-plantmetwiki.bioinformatics.nl/pathways/RC6","RXN-18939","6"
"http://rdf-plantmetwiki.bioinformatics.nl/pathways/PC202","xylan biosynthesis","6"
"http://rdf-plantmetwiki.bioinformatics.nl/pathways/PC170","indole-3-acetate inactivation VIII","6"
"http://rdf-plantmetwiki.bioinformatics.nl/pathways/PC776","myo-inositol biosynthesis","6"
"http://rdf-plantmetwiki.bioinformatics.nl/pathways/PC688","sorgoleone biosynthesis","6"
"http://rdf-plantmetwiki.bioinformatics.nl/pathways/RC540","RXN-10432","6"
"http://rdf-plantmetwiki.bioinformatics.nl/pathways/PC355","formononetin biosynthesis","6"
"http://rdf-plantmetwiki.bioinformatics.nl/pathways/PC99","(-)-glycinol biosynthesis","6"
"http://rdf-plantmetwiki.bioinformatics.nl/pathways/PC742","ethanol degradation I","6"
"http://rdf-plantmetwiki.bioinformatics.nl/pathways/PC847","folate polyglutamylation","6"
"http://rdf-plantmetwiki.bioinformatics.nl/pathways/PC716","colupulone and cohumulone biosynthesis","6"
"http://rdf-plantmetwiki.bioinformatics.nl/pathways/RC842","CARBOXYLESTERASE-RXN","6"
"http://rdf-plantmetwiki.bioinformatics.nl/pathways/PC222","linamarin biosynthesis","6"
"http://rdf-plantmetwiki.bioinformatics.nl/pathways/PC795","salvianin biosynthesis","6"
"http://rdf-plantmetwiki.bioinformatics.nl/pathways/PC234","brassinosteroid biosynthesis III","6"
"http://rdf-plantmetwiki.bioinformatics.nl/pathways/RC5","ALDEHYDE-OXIDASE-RXN","6"
"http://rdf-plantmetwiki.bioinformatics.nl/pathways/PC710","sulfur volatiles biosynthesis","6"
"http://rdf-plantmetwiki.bioinformatics.nl/pathways/PC219","L-phenylalanine degradation III","6"
"http://rdf-plantmetwiki.bioinformatics.nl/pathways/PC845","L-valine biosynthesis","6"
"http://rdf-plantmetwiki.bioinformatics.nl/pathways/PC650","4-aminobutanoate degradation IV","6"
"http://rdf-plantmetwiki.bioinformatics.nl/pathways/PC915","stigma estolide biosynthesis","6"
"http://rdf-plantmetwiki.bioinformatics.nl/pathways/PC919","D-galactose degradation I (Leloir pathway)","6"
"http://rdf-plantmetwiki.bioinformatics.nl/pathways/PC672","guanosine nucleotides degradation I","6"
"http://rdf-plantmetwiki.bioinformatics.nl/pathways/PC120","indole-3-acetate inactivation III","6"
"http://rdf-plantmetwiki.bioinformatics.nl/pathways/PC138","phosphopantothenate biosynthesis I","6"
"http://rdf-plantmetwiki.bioinformatics.nl/pathways/RC974","RXN-18938","6"
"http://rdf-plantmetwiki.bioinformatics.nl/pathways/PC231","arachidonate biosynthesis I (6-desaturase, lower eukaryotes)","6"
"http://rdf-plantmetwiki.bioinformatics.nl/pathways/PC328","aucuparin biosynthesis","6"
"http://rdf-plantmetwiki.bioinformatics.nl/pathways/PC334","methylsalicylate degradation","6"
"http://rdf-plantmetwiki.bioinformatics.nl/pathways/PC1009","indole-3-acetate inactivation VIII","6"
"http://rdf-plantmetwiki.bioinformatics.nl/pathways/PC244","triacylsucrose biosynthesis (Solanum)","6"
"http://rdf-plantmetwiki.bioinformatics.nl/pathways/PC398","assimilatory sulfate reduction II","6"
"http://rdf-plantmetwiki.bioinformatics.nl/pathways/RC103","RXN-10431","6"
"http://rdf-plantmetwiki.bioinformatics.nl/pathways/PC327","rutin degradation (plants)","6"
"http://rdf-plantmetwiki.bioinformatics.nl/pathways/PC738","pyrimidine deoxyribonucleosides salvage","6"
"http://rdf-plantmetwiki.bioinformatics.nl/pathways/PC382","des-methyl avenacin A-1 biosynthesis","6"
"http://rdf-plantmetwiki.bioinformatics.nl/pathways/PC811","apigenin glycosides biosynthesis","6"
"http://rdf-plantmetwiki.bioinformatics.nl/pathways/PC626","neolinustatin bioactivation","6"
"http://rdf-plantmetwiki.bioinformatics.nl/pathways/PC854","2,4,6-trinitrotoluene degradation","6"
"http://rdf-plantmetwiki.bioinformatics.nl/pathways/PC112","acyl-[acyl-carrier protein] thioesterase pathway","6"
"http://rdf-plantmetwiki.bioinformatics.nl/pathways/PC872","ammonia assimilation cycle I","6"
"http://rdf-plantmetwiki.bioinformatics.nl/pathways/PC157","benzoate biosynthesis III (CoA-dependent, non-β-oxidative)","6"
"http://rdf-plantmetwiki.bioinformatics.nl/pathways/PC210","phospholipid desaturation","6"
"http://rdf-plantmetwiki.bioinformatics.nl/pathways/PC108","indole-3-acetate inactivation VI","6"
"http://rdf-plantmetwiki.bioinformatics.nl/pathways/PC119","emetine biosynthesis","6"
"http://rdf-plantmetwiki.bioinformatics.nl/pathways/PC301","carotenoid cleavage","6"
"http://rdf-plantmetwiki.bioinformatics.nl/pathways/PC289","acetaldehyde biosynthesis I","6"
"http://rdf-plantmetwiki.bioinformatics.nl/pathways/PC1036","diacylglycerol biosynthesis (PUFA enrichment in oilseed)","6"
"http://rdf-plantmetwiki.bioinformatics.nl/pathways/PC306","phosphatidate metabolism, as a signaling molecule (Chlamydomonas)","6"
"http://rdf-plantmetwiki.bioinformatics.nl/pathways/PC55","lupanine biosynthesis","6"
"http://rdf-plantmetwiki.bioinformatics.nl/pathways/PC973","acylated cyanidin galactoside biosynthesis","6"
"http://rdf-plantmetwiki.bioinformatics.nl/pathways/PC1000","icosapentaenoate biosynthesis I (lower eukaryotes)","5"
"http://rdf-plantmetwiki.bioinformatics.nl/pathways/PC122","indole glucosinolate activation (herbivore attack)","5"
"http://rdf-plantmetwiki.bioinformatics.nl/pathways/PC804","sulfate activation for sulfonation","5"
"http://rdf-plantmetwiki.bioinformatics.nl/pathways/PC364","vicianin bioactivation","5"
"http://rdf-plantmetwiki.bioinformatics.nl/pathways/PC384","solasodine glycosylation","5"
"http://rdf-plantmetwiki.bioinformatics.nl/pathways/PC347","glyceollin biosynthesis","5"
"http://rdf-plantmetwiki.bioinformatics.nl/pathways/PC1016","molybdopterin biosynthesis","5"
"http://rdf-plantmetwiki.bioinformatics.nl/pathways/PC1053","hydroxylated fatty acid biosynthesis (plants)","5"
"http://rdf-plantmetwiki.bioinformatics.nl/pathways/PC5","gallotannin biosynthesis","5"
"http://rdf-plantmetwiki.bioinformatics.nl/pathways/PC1047","farnesylcysteine salvage pathway","5"
"http://rdf-plantmetwiki.bioinformatics.nl/pathways/PC749","matairesinol biosynthesis","5"
"http://rdf-plantmetwiki.bioinformatics.nl/pathways/PC1044","pentose phosphate pathway (oxidative branch) I","5"
"http://rdf-plantmetwiki.bioinformatics.nl/pathways/PC316","daidzein conjugates interconversion","5"
"http://rdf-plantmetwiki.bioinformatics.nl/pathways/PC448","astaxanthin biosynthesis (bacteria, fungi, algae)","5"
"http://rdf-plantmetwiki.bioinformatics.nl/pathways/PC266","L-glutamine biosynthesis I","5"
"http://rdf-plantmetwiki.bioinformatics.nl/pathways/PC451","formononetin conjugates interconversion","5"
"http://rdf-plantmetwiki.bioinformatics.nl/pathways/PC149","phosphatidylserine and phosphatidylethanolamine biosynthesis I","5"
"http://rdf-plantmetwiki.bioinformatics.nl/pathways/PC798","D-myo-inositol (1,4,5)-trisphosphate degradation","5"
"http://rdf-plantmetwiki.bioinformatics.nl/pathways/PC547","hyperforin and adhyperforin biosynthesis","5"
"http://rdf-plantmetwiki.bioinformatics.nl/pathways/PC331","yatein biosynthesis I","5"
"http://rdf-plantmetwiki.bioinformatics.nl/pathways/RC926","RXN-10787","5"
"http://rdf-plantmetwiki.bioinformatics.nl/pathways/PC766","fatty acid biosynthesis initiation (plant mitochondria)","5"
"http://rdf-plantmetwiki.bioinformatics.nl/pathways/PC442","(3E)-4,8-dimethylnona-1,3,7-triene biosynthesis I","5"
"http://rdf-plantmetwiki.bioinformatics.nl/pathways/PC263","L-arginine degradation VI (arginase 2 pathway)","5"
"http://rdf-plantmetwiki.bioinformatics.nl/pathways/PC416","(1,4)-β-D-xylan degradation","5"
"http://rdf-plantmetwiki.bioinformatics.nl/pathways/PC1113","L-isoleucine biosynthesis I (from threonine)","5"
"http://rdf-plantmetwiki.bioinformatics.nl/pathways/PC970","capsidiol biosynthesis","5"
"http://rdf-plantmetwiki.bioinformatics.nl/pathways/PC649","trehalose biosynthesis I","5"
"http://rdf-plantmetwiki.bioinformatics.nl/pathways/RC374","ICOSANOYL-COA-SYNTHASE-RXN","5"
"http://rdf-plantmetwiki.bioinformatics.nl/pathways/PC1106","1,3,5-trimethoxybenzene biosynthesis","5"
"http://rdf-plantmetwiki.bioinformatics.nl/pathways/PC396","glycolipid desaturation","5"
"http://rdf-plantmetwiki.bioinformatics.nl/pathways/PC522","epiberberine biosynthesis","5"
"http://rdf-plantmetwiki.bioinformatics.nl/pathways/PC92","copper transport I","5"
"http://rdf-plantmetwiki.bioinformatics.nl/pathways/PC227","botryococcenes and methylated squalene biosynthesis","5"
"http://rdf-plantmetwiki.bioinformatics.nl/pathways/RC1202","2.4.1.207-RXN","5"
"http://rdf-plantmetwiki.bioinformatics.nl/pathways/PC870","myricetin gentiobioside biosynthesis","5"
"http://rdf-plantmetwiki.bioinformatics.nl/pathways/PC860","phytocassanes biosynthesis, shared reactions","5"
"http://rdf-plantmetwiki.bioinformatics.nl/pathways/PC949","gossypol biosynthesis","5"
"http://rdf-plantmetwiki.bioinformatics.nl/pathways/RC825","RXN-11655","5"
"http://rdf-plantmetwiki.bioinformatics.nl/pathways/PC605","copper transport II","5"
"http://rdf-plantmetwiki.bioinformatics.nl/pathways/PC1103","thiamine pyrophosphate biosynthesis IV (eukaryotes)","5"
"http://rdf-plantmetwiki.bioinformatics.nl/pathways/PC1157","sporopollenin precursors biosynthesis","5"
"http://rdf-plantmetwiki.bioinformatics.nl/pathways/PC409","1-methylpyrrolinium biosynthesis","5"
"http://rdf-plantmetwiki.bioinformatics.nl/pathways/PC1145","baicalein degradation (hydrogen peroxide detoxification)","5"
"http://rdf-plantmetwiki.bioinformatics.nl/pathways/PC898","salicylate biosynthesis I","5"
"http://rdf-plantmetwiki.bioinformatics.nl/pathways/PC106","α-carotene biosynthesis","5"
"http://rdf-plantmetwiki.bioinformatics.nl/pathways/PC130","prunasin and amygdalin biosynthesis","5"
"http://rdf-plantmetwiki.bioinformatics.nl/pathways/PC482","guanosine nucleotides degradation II","5"
"http://rdf-plantmetwiki.bioinformatics.nl/pathways/PC1079","propanethial S-oxide biosynthesis","5"
"http://rdf-plantmetwiki.bioinformatics.nl/pathways/PC630","biochanin A conjugates interconversion","5"
"http://rdf-plantmetwiki.bioinformatics.nl/pathways/PC101","glutathione-peroxide redox reactions","5"
"http://rdf-plantmetwiki.bioinformatics.nl/pathways/PC1131","linoleate biosynthesis I (plants)","5"
"http://rdf-plantmetwiki.bioinformatics.nl/pathways/PC220","apigeninidin 5-O-glucoside biosynthesis","5"
"http://rdf-plantmetwiki.bioinformatics.nl/pathways/PC415","coenzyme A biosynthesis I (bacteria)","5"
"http://rdf-plantmetwiki.bioinformatics.nl/pathways/PC627","flavin biosynthesis I (bacteria and plants)","5"
"http://rdf-plantmetwiki.bioinformatics.nl/pathways/PC743","allantoin degradation to ureidoglycolate II (ammonia producing)","5"
"http://rdf-plantmetwiki.bioinformatics.nl/pathways/PC613","genistein conjugates interconversion","5"
"http://rdf-plantmetwiki.bioinformatics.nl/pathways/PC759","abscisic acid degradation to phaseic acid","5"
"http://rdf-plantmetwiki.bioinformatics.nl/pathways/PC583","ternatin C5 biosynthesis","5"
"http://rdf-plantmetwiki.bioinformatics.nl/pathways/PC1027","benzoyl-β-D-glucopyranose biosynthesis","5"
"http://rdf-plantmetwiki.bioinformatics.nl/pathways/PC891","homogalacturonan biosynthesis","5"
"http://rdf-plantmetwiki.bioinformatics.nl/pathways/PC315","cembratrienediol biosynthesis","5"
"http://rdf-plantmetwiki.bioinformatics.nl/pathways/PC548","ω-hydroxylation of caprate and laurate","5"
"http://rdf-plantmetwiki.bioinformatics.nl/pathways/RC522","GALACTOLIPASE-RXN","5"
"http://rdf-plantmetwiki.bioinformatics.nl/pathways/PC380","chlorophyll a degradation II","5"
"http://rdf-plantmetwiki.bioinformatics.nl/pathways/PC808","maackiain conjugates interconversion","5"
"http://rdf-plantmetwiki.bioinformatics.nl/pathways/PC300","astaxanthin biosynthesis (flowering plants)","5"
"http://rdf-plantmetwiki.bioinformatics.nl/pathways/RC1222","ADENYLYLSULFATASE-RXN","5"
"http://rdf-plantmetwiki.bioinformatics.nl/pathways/PC758","pinocembrin C-glucosylation","5"
"http://rdf-plantmetwiki.bioinformatics.nl/pathways/PC474","volatile esters biosynthesis (during fruit ripening)","5"
"http://rdf-plantmetwiki.bioinformatics.nl/pathways/PC174","naringenin C-glucosylation","5"
"http://rdf-plantmetwiki.bioinformatics.nl/pathways/PC1162","bergamotene biosynthesis I","5"
"http://rdf-plantmetwiki.bioinformatics.nl/pathways/PC284","paclitaxel biosynthesis","5"
"http://rdf-plantmetwiki.bioinformatics.nl/pathways/PC128","L-arginine degradation I (arginase pathway)","5"
"http://rdf-plantmetwiki.bioinformatics.nl/pathways/PC991","α-amyrin biosynthesis","5"
"http://rdf-plantmetwiki.bioinformatics.nl/pathways/PC450","sesaminol glucoside biosynthesis","5"
"http://rdf-plantmetwiki.bioinformatics.nl/pathways/PC427","hesperitin glycoside biosynthesis","5"
"http://rdf-plantmetwiki.bioinformatics.nl/pathways/PC269","superpathway of pyrimidine ribonucleotides de novo biosynthesis","5"
"http://rdf-plantmetwiki.bioinformatics.nl/pathways/PC10","lutein biosynthesis","5"
"http://rdf-plantmetwiki.bioinformatics.nl/pathways/PC61","amygdalin and prunasin degradation","5"
"http://rdf-plantmetwiki.bioinformatics.nl/pathways/PC136","hydroxycinnamic acid serotonin amides biosynthesis","5"
"http://rdf-plantmetwiki.bioinformatics.nl/pathways/PC508","medicarpin conjugates interconversion","5"
"http://rdf-plantmetwiki.bioinformatics.nl/pathways/PC979","delphinidin diglucoside biosynthesis (acyl-glucose dependent)","4"
"http://rdf-plantmetwiki.bioinformatics.nl/pathways/PC520","dehydroscoulerine biosynthesis","4"
"http://rdf-plantmetwiki.bioinformatics.nl/pathways/PC147","cuticular wax biosynthesis","4"
"http://rdf-plantmetwiki.bioinformatics.nl/pathways/PC333","lycopadiene biosynthesis","4"
"http://rdf-plantmetwiki.bioinformatics.nl/pathways/PC674","cinnamoyl-CoA biosynthesis","4"
"http://rdf-plantmetwiki.bioinformatics.nl/pathways/PC1116","justicidin B biosynthesis","4"
"http://rdf-plantmetwiki.bioinformatics.nl/pathways/RC840","TRYPSYN-RXN","4"
"http://rdf-plantmetwiki.bioinformatics.nl/pathways/PC1141","artemisinin and arteannuin B biosynthesis","4"
"http://rdf-plantmetwiki.bioinformatics.nl/pathways/PC102","lipid-dependent phytate biosynthesis I (via Ins(1,4,5)P₃)","4"
"http://rdf-plantmetwiki.bioinformatics.nl/pathways/PC533","ethiin metabolism","4"
"http://rdf-plantmetwiki.bioinformatics.nl/pathways/PC905","t-anethole biosynthesis","4"
"http://rdf-plantmetwiki.bioinformatics.nl/pathways/PC770","cyanidin dimalonylglucoside biosynthesis","4"
"http://rdf-plantmetwiki.bioinformatics.nl/pathways/PC902","dimethylsulfoniopropanoate biosynthesis II (Spartina)","4"
"http://rdf-plantmetwiki.bioinformatics.nl/pathways/PC664","L-phenylalanine degradation V","4"
"http://rdf-plantmetwiki.bioinformatics.nl/pathways/PC118","lysine degradation II","4"
"http://rdf-plantmetwiki.bioinformatics.nl/pathways/PC179","S-methyl-5-thio-α-D-ribose 1-phosphate degradation I","4"
"http://rdf-plantmetwiki.bioinformatics.nl/pathways/PC12","5-aminoimidazole ribonucleotide biosynthesis I","4"
"http://rdf-plantmetwiki.bioinformatics.nl/pathways/PC94","allantoin degradation to glyoxylate I","4"
"http://rdf-plantmetwiki.bioinformatics.nl/pathways/PC571","indole-3-acetate activation I","4"
"http://rdf-plantmetwiki.bioinformatics.nl/pathways/PC572","taxiphyllin biosynthesis","4"
"http://rdf-plantmetwiki.bioinformatics.nl/pathways/RC1011","RXN1F-10","4"
"http://rdf-plantmetwiki.bioinformatics.nl/pathways/PC1086","1D-myo-inositol hexakisphosphate biosynthesis I (from Ins(1,4,5)P3)","4"
"http://rdf-plantmetwiki.bioinformatics.nl/pathways/PC492","L-homoserine biosynthesis","4"
"http://rdf-plantmetwiki.bioinformatics.nl/pathways/PC611","cyanate degradation","4"
"http://rdf-plantmetwiki.bioinformatics.nl/pathways/PC643","digitoxigenin biosynthesis","4"
"http://rdf-plantmetwiki.bioinformatics.nl/pathways/PC283","tetrahydrofolate biosynthesis I","4"
"http://rdf-plantmetwiki.bioinformatics.nl/pathways/PC700","dhurrin biosynthesis","4"
"http://rdf-plantmetwiki.bioinformatics.nl/pathways/PC986","4-aminobenzoate biosynthesis I","4"
"http://rdf-plantmetwiki.bioinformatics.nl/pathways/PC504","3-(4-hydroxyphenyl)pyruvate biosynthesis","4"
"http://rdf-plantmetwiki.bioinformatics.nl/pathways/PC484","spermidine hydroxycinnamic acid conjugates biosynthesis","4"
"http://rdf-plantmetwiki.bioinformatics.nl/pathways/PC262","poly-hydroxy fatty acids biosynthesis","4"
"http://rdf-plantmetwiki.bioinformatics.nl/pathways/PC491","choline biosynthesis II","4"
"http://rdf-plantmetwiki.bioinformatics.nl/pathways/PC171","ureide biosynthesis","4"
"http://rdf-plantmetwiki.bioinformatics.nl/pathways/PC638","1,3,6,7-tetrahydroxyxanthone biosynthesis (from benzoyl-CoA)","4"
"http://rdf-plantmetwiki.bioinformatics.nl/pathways/PC160","cardenolide glucosides biosynthesis","4"
"http://rdf-plantmetwiki.bioinformatics.nl/pathways/RC1162","FLAVONOID-3-MONOOXYGENASE-RXN","4"
"http://rdf-plantmetwiki.bioinformatics.nl/pathways/PC789","PRPP biosynthesis","4"
"http://rdf-plantmetwiki.bioinformatics.nl/pathways/PC813","L-serine biosynthesis II","4"
"http://rdf-plantmetwiki.bioinformatics.nl/pathways/PC480","baicalein metabolism","4"
"http://rdf-plantmetwiki.bioinformatics.nl/pathways/PC177","cyanidin diglucoside biosynthesis (acyl-glucose dependent)","4"
"http://rdf-plantmetwiki.bioinformatics.nl/pathways/PC1064","galactosylcyclitol biosynthesis","4"
"http://rdf-plantmetwiki.bioinformatics.nl/pathways/PC707","thiosulfate disproportionation IV (rhodanese)","4"
"http://rdf-plantmetwiki.bioinformatics.nl/pathways/PC947","L-methionine degradation I (to L-homocysteine)","4"
"http://rdf-plantmetwiki.bioinformatics.nl/pathways/PC163","L-arginine biosynthesis I (via L-ornithine)","4"
"http://rdf-plantmetwiki.bioinformatics.nl/pathways/PC720","naringenin glycoside biosynthesis","4"
"http://rdf-plantmetwiki.bioinformatics.nl/pathways/PC620","L-asparagine biosynthesis I","4"
"http://rdf-plantmetwiki.bioinformatics.nl/pathways/PC299","N-methylanthraniloyl-β-D-glucopyranose biosynthesis","4"
"http://rdf-plantmetwiki.bioinformatics.nl/pathways/PC436","chlorophyll a degradation I","4"
"http://rdf-plantmetwiki.bioinformatics.nl/pathways/PC308","galloylated catechin biosynthesis","4"
"http://rdf-plantmetwiki.bioinformatics.nl/pathways/PC767","isovitexin glycosides biosynthesis","4"
"http://rdf-plantmetwiki.bioinformatics.nl/pathways/RC386","RXN-1827","4"
"http://rdf-plantmetwiki.bioinformatics.nl/pathways/RC730","TRANS-RXN-190","4"
"http://rdf-plantmetwiki.bioinformatics.nl/pathways/RC42","RXNQT-4365","4"
"http://rdf-plantmetwiki.bioinformatics.nl/pathways/PC446","sophoraflavanone G biosynthesis","4"
"http://rdf-plantmetwiki.bioinformatics.nl/pathways/PC293","indole-3-acetate biosynthesis I","4"
"http://rdf-plantmetwiki.bioinformatics.nl/pathways/PC1150","abscisic acid degradation to neophaseic acid","4"
"http://rdf-plantmetwiki.bioinformatics.nl/pathways/PC191","gibberellin biosynthesis II (early C-3 hydroxylation)","4"
"http://rdf-plantmetwiki.bioinformatics.nl/pathways/PC670","cytokinins degradation","4"
"http://rdf-plantmetwiki.bioinformatics.nl/pathways/PC523","S-methyl-5'-thioadenosine degradation I","4"
"http://rdf-plantmetwiki.bioinformatics.nl/pathways/PC1110","gentiodelphin biosynthesis","4"
"http://rdf-plantmetwiki.bioinformatics.nl/pathways/RC1172","RXN-2102","4"
"http://rdf-plantmetwiki.bioinformatics.nl/pathways/PC449","neurosporene biosynthesis","4"
"http://rdf-plantmetwiki.bioinformatics.nl/pathways/PC349","UDP-β-L-arabinose biosynthesis II (from β-L-arabinose)","4"
"http://rdf-plantmetwiki.bioinformatics.nl/pathways/PC942","superpathway of pyrimidine nucleobases salvage","4"
"http://rdf-plantmetwiki.bioinformatics.nl/pathways/PC456","plastoquinol-9 biosynthesis I","4"
"http://rdf-plantmetwiki.bioinformatics.nl/pathways/PC610","spermidine biosynthesis I","4"
"http://rdf-plantmetwiki.bioinformatics.nl/pathways/PC1143","luteolin glycosides biosynthesis","4"
"http://rdf-plantmetwiki.bioinformatics.nl/pathways/PC218","vanillin biosynthesis I","4"
"http://rdf-plantmetwiki.bioinformatics.nl/pathways/PC661","trans-lycopene biosynthesis I","4"
"http://rdf-plantmetwiki.bioinformatics.nl/pathways/PC1082","adenosine ribonucleotides de novo biosynthesis","4"
"http://rdf-plantmetwiki.bioinformatics.nl/pathways/RC973","RXN-8348","4"
"http://rdf-plantmetwiki.bioinformatics.nl/pathways/PC539","UDP-α-D-galacturonate biosynthesis II (from D-galacturonate)","4"
"http://rdf-plantmetwiki.bioinformatics.nl/pathways/PC824","chlorophyll a biosynthesis II","4"
"http://rdf-plantmetwiki.bioinformatics.nl/pathways/RC883","RXN-11552","4"
"http://rdf-plantmetwiki.bioinformatics.nl/pathways/PC190","palmitoleate biosynthesis II (plants and bacteria)","4"
"http://rdf-plantmetwiki.bioinformatics.nl/pathways/PC1148","valencene and 7-epi-α-selinene biosynthesis","4"
"http://rdf-plantmetwiki.bioinformatics.nl/pathways/PC958","alliin metabolism","4"
"http://rdf-plantmetwiki.bioinformatics.nl/pathways/PC68","epoxypseudoisoeugenol-2-methylbutanoate biosynthesis","4"
"http://rdf-plantmetwiki.bioinformatics.nl/pathways/PC651","ammonium transport","4"
"http://rdf-plantmetwiki.bioinformatics.nl/pathways/RC101","RXN-7838","4"
"http://rdf-plantmetwiki.bioinformatics.nl/pathways/PC788","fenchol biosynthesis I","4"
"http://rdf-plantmetwiki.bioinformatics.nl/pathways/PC1014","D-mannose degradation I","4"
"http://rdf-plantmetwiki.bioinformatics.nl/pathways/RC389","NADPH--FERRIHEMOPROTEIN-REDUCTASE-RXN","4"
"http://rdf-plantmetwiki.bioinformatics.nl/pathways/PC531","tetrahydroxyxanthone biosynthesis (from 3-hydroxybenzoate)","4"
"http://rdf-plantmetwiki.bioinformatics.nl/pathways/PC728","hispidol and hispidol 4'-O-β-D-glucoside biosynthesis","4"
"http://rdf-plantmetwiki.bioinformatics.nl/pathways/PC636","cardiolipin biosynthesis II","4"
"http://rdf-plantmetwiki.bioinformatics.nl/pathways/RC521","TRANS-RXN-186","4"
"http://rdf-plantmetwiki.bioinformatics.nl/pathways/PC1095","CDP-diacylglycerol biosynthesis IV","4"
"http://rdf-plantmetwiki.bioinformatics.nl/pathways/PC1022","orientin and isoorientin biosynthesis I","4"
"http://rdf-plantmetwiki.bioinformatics.nl/pathways/PC1121","γ-glutamyl cycle (plant pathway)","4"
"http://rdf-plantmetwiki.bioinformatics.nl/pathways/PC507","kaempferide triglycoside biosynthesis","4"
"http://rdf-plantmetwiki.bioinformatics.nl/pathways/PC1067","betacyanin biosynthesis","4"
"http://rdf-plantmetwiki.bioinformatics.nl/pathways/PC771","pelargonidin diglucoside biosynthesis (acyl-glucose dependent)","4"
"http://rdf-plantmetwiki.bioinformatics.nl/pathways/PC596","polymethylated kaempferol biosynthesis","4"
"http://rdf-plantmetwiki.bioinformatics.nl/pathways/PC1077","adlupulone and adhumulone biosynthesis","4"
"http://rdf-plantmetwiki.bioinformatics.nl/pathways/PC472","heme degradation I","4"
"http://rdf-plantmetwiki.bioinformatics.nl/pathways/RC454","RXN-10430","4"
"http://rdf-plantmetwiki.bioinformatics.nl/pathways/PC1038","folate polyglutamylation II","4"
"http://rdf-plantmetwiki.bioinformatics.nl/pathways/PC242","aurone biosynthesis","4"
"http://rdf-plantmetwiki.bioinformatics.nl/pathways/PC1123","chorismate biosynthesis from 3-dehydroquinate","4"
"http://rdf-plantmetwiki.bioinformatics.nl/pathways/PC185","cannabinoid biosynthesis","4"
"http://rdf-plantmetwiki.bioinformatics.nl/pathways/PC928","ppGpp metabolism","4"
"http://rdf-plantmetwiki.bioinformatics.nl/pathways/PC496","methyl indole-3-acetate interconversion","4"
"http://rdf-plantmetwiki.bioinformatics.nl/pathways/PC929","fenchone biosynthesis","4"
"http://rdf-plantmetwiki.bioinformatics.nl/pathways/PC864","dhurrin degradation","3"
"http://rdf-plantmetwiki.bioinformatics.nl/pathways/PC658","sesamin biosynthesis","3"
"http://rdf-plantmetwiki.bioinformatics.nl/pathways/PC1002","nevadensin biosynthesis","3"
"http://rdf-plantmetwiki.bioinformatics.nl/pathways/PC719","guaiacol biosynthesis","3"
"http://rdf-plantmetwiki.bioinformatics.nl/pathways/RC409","RXN-7710","3"
"http://rdf-plantmetwiki.bioinformatics.nl/pathways/PC545","vernolate biosynthesis I","3"
"http://rdf-plantmetwiki.bioinformatics.nl/pathways/PC701","UDP-β-L-rhamnose biosynthesis","3"
"http://rdf-plantmetwiki.bioinformatics.nl/pathways/PC911","flavonol acylglucoside biosynthesis II-isorhamnetin derivatives","3"
"http://rdf-plantmetwiki.bioinformatics.nl/pathways/RC1083","RXN-18732","3"
"http://rdf-plantmetwiki.bioinformatics.nl/pathways/RC213","RXN-8344","3"
"http://rdf-plantmetwiki.bioinformatics.nl/pathways/PC1051","beta-carboline biosynthesis","3"
"http://rdf-plantmetwiki.bioinformatics.nl/pathways/PC425","pinobanksin biosynthesis","3"
"http://rdf-plantmetwiki.bioinformatics.nl/pathways/PC726","NAD biosynthesis from nicotinamide","3"
"http://rdf-plantmetwiki.bioinformatics.nl/pathways/PC340","UTP and CTP dephosphorylation I","3"
"http://rdf-plantmetwiki.bioinformatics.nl/pathways/PC641","hydroxylated mugineic acid phytosiderophore biosynthesis","3"
"http://rdf-plantmetwiki.bioinformatics.nl/pathways/PC145","cis-abienol biosynthesis","3"
"http://rdf-plantmetwiki.bioinformatics.nl/pathways/PC935","gossypetin metabolism","3"
"http://rdf-plantmetwiki.bioinformatics.nl/pathways/PC755","6-methoxypodophyllotoxin biosynthesis","3"
"http://rdf-plantmetwiki.bioinformatics.nl/pathways/PC1105","homospermidine biosynthesis I","3"
"http://rdf-plantmetwiki.bioinformatics.nl/pathways/RC593","RXN0-1441","3"
"http://rdf-plantmetwiki.bioinformatics.nl/pathways/PC350","crotonyl-CoA/ethylmalonyl-CoA/hydroxybutyryl-CoA cycle (engineered)","3"
"http://rdf-plantmetwiki.bioinformatics.nl/pathways/PC945","L-arginine degradation V (arginine deiminase pathway)","3"
"http://rdf-plantmetwiki.bioinformatics.nl/pathways/PC141","spermine and spermidine degradation III","3"
"http://rdf-plantmetwiki.bioinformatics.nl/pathways/PC424","luteolin triglucuronide degradation","3"
"http://rdf-plantmetwiki.bioinformatics.nl/pathways/PC505","α-eleostearate biosynthesis","3"
"http://rdf-plantmetwiki.bioinformatics.nl/pathways/PC546","6,7,4'-trihydroxyisoflavone biosynthesis","3"
"http://rdf-plantmetwiki.bioinformatics.nl/pathways/PC687","thalianol and derivatives biosynthesis","3"
"http://rdf-plantmetwiki.bioinformatics.nl/pathways/RC611","RXN-10734","3"
"http://rdf-plantmetwiki.bioinformatics.nl/pathways/PC996","2,3-cis-flavanols biosynthesis","3"
"http://rdf-plantmetwiki.bioinformatics.nl/pathways/RC1207","DIHYDROPICRED-RXN","3"
"http://rdf-plantmetwiki.bioinformatics.nl/pathways/PC625","phosphopantothenate biosynthesis II","3"
"http://rdf-plantmetwiki.bioinformatics.nl/pathways/PC1149","seleno-amino acid detoxification and volatilization I","3"
"http://rdf-plantmetwiki.bioinformatics.nl/pathways/PC457","guanine and guanosine salvage II","3"
"http://rdf-plantmetwiki.bioinformatics.nl/pathways/PC1066","L-homomethionine biosynthesis","3"
"http://rdf-plantmetwiki.bioinformatics.nl/pathways/PC85","D-serine metabolism","3"
"http://rdf-plantmetwiki.bioinformatics.nl/pathways/PC892","cichoriin interconversion","3"
"http://rdf-plantmetwiki.bioinformatics.nl/pathways/PC351","glycerol-3-phosphate shuttle","3"
"http://rdf-plantmetwiki.bioinformatics.nl/pathways/PC940","momilactone A biosynthesis","3"
"http://rdf-plantmetwiki.bioinformatics.nl/pathways/PC735","shikonin biosynthesis","3"
"http://rdf-plantmetwiki.bioinformatics.nl/pathways/RC190","1.14.19.3-RXN","3"
"http://rdf-plantmetwiki.bioinformatics.nl/pathways/PC309","acetaldehyde biosynthesis II","3"
"http://rdf-plantmetwiki.bioinformatics.nl/pathways/RC355","RXN-10435","3"
"http://rdf-plantmetwiki.bioinformatics.nl/pathways/RC581","RXN-15011","3"
"http://rdf-plantmetwiki.bioinformatics.nl/pathways/PC98","3-carene biosynthesis","3"
"http://rdf-plantmetwiki.bioinformatics.nl/pathways/PC955","nucleobase ascorbate transport I","3"
"http://rdf-plantmetwiki.bioinformatics.nl/pathways/RC31","3.2.1.52-RXN","3"
"http://rdf-plantmetwiki.bioinformatics.nl/pathways/PC560","chlorophyll a biosynthesis I","3"
"http://rdf-plantmetwiki.bioinformatics.nl/pathways/PC1013","5-deoxystrigol biosynthesis","3"
"http://rdf-plantmetwiki.bioinformatics.nl/pathways/RC401","RXN-10036","3"
"http://rdf-plantmetwiki.bioinformatics.nl/pathways/RC47","ALANINE--GLYOXYLATE-AMINOTRANSFERASE-RXN","3"
"http://rdf-plantmetwiki.bioinformatics.nl/pathways/PC487","jasmonoyl-amino acid conjugates biosynthesis I","3"
"http://rdf-plantmetwiki.bioinformatics.nl/pathways/PC323","methiin metabolism","3"
"http://rdf-plantmetwiki.bioinformatics.nl/pathways/RC884","RXN-11224","3"
"http://rdf-plantmetwiki.bioinformatics.nl/pathways/PC944","cyanide detoxification I","3"
"http://rdf-plantmetwiki.bioinformatics.nl/pathways/PC529","anthocyanidin sambubioside biosynthesis","3"
"http://rdf-plantmetwiki.bioinformatics.nl/pathways/RC927","flavonone 3&prime;-hydroxylase","3"
"http://rdf-plantmetwiki.bioinformatics.nl/pathways/PC132","S-methyl-L-methionine cycle","3"
"http://rdf-plantmetwiki.bioinformatics.nl/pathways/PC251","papaverine biosynthesis","3"
"http://rdf-plantmetwiki.bioinformatics.nl/pathways/RC1233","2.4.2.39-RXN","3"
"http://rdf-plantmetwiki.bioinformatics.nl/pathways/PC373","fatty acid β-oxidation III (unsaturated, odd number)","3"
"http://rdf-plantmetwiki.bioinformatics.nl/pathways/PC654","brassinosteroids inactivation","3"
"http://rdf-plantmetwiki.bioinformatics.nl/pathways/PC690","colchicine biosynthesis","3"
"http://rdf-plantmetwiki.bioinformatics.nl/pathways/PC91","lacinilene C biosynthesis","3"
"http://rdf-plantmetwiki.bioinformatics.nl/pathways/PC790","chitin degradation III (carnivorous plants)","3"
"http://rdf-plantmetwiki.bioinformatics.nl/pathways/PC642","seleno-amino acid detoxification and volatilization II","3"
"http://rdf-plantmetwiki.bioinformatics.nl/pathways/PC810","S-methyl-5-thio-α-D-ribose 1-phosphate degradation I","3"
"http://rdf-plantmetwiki.bioinformatics.nl/pathways/PC417","cyanidin 3,7-diglucoside polyacylation biosynthesis","3"
"http://rdf-plantmetwiki.bioinformatics.nl/pathways/PC65","adenosine deoxyribonucleotides de novo biosynthesis I","3"
"http://rdf-plantmetwiki.bioinformatics.nl/pathways/PC1158","ethanol degradation IV","3"
"http://rdf-plantmetwiki.bioinformatics.nl/pathways/PC801","purine deoxyribonucleosides salvage","3"
"http://rdf-plantmetwiki.bioinformatics.nl/pathways/PC378","tea aroma glycosidic precursor bioactivation","3"
"http://rdf-plantmetwiki.bioinformatics.nl/pathways/PC859","fatty acid elongation--saturated","3"
"http://rdf-plantmetwiki.bioinformatics.nl/pathways/PC461","jasmonoyl-amino acid conjugates biosynthesis II","3"
"http://rdf-plantmetwiki.bioinformatics.nl/pathways/PC412","esterified suberin biosynthesis","3"
"http://rdf-plantmetwiki.bioinformatics.nl/pathways/PC421","ceramide degradation (generic)","3"
"http://rdf-plantmetwiki.bioinformatics.nl/pathways/PC13","choline degradation I","3"
"http://rdf-plantmetwiki.bioinformatics.nl/pathways/PC476","spermine biosynthesis","3"
"http://rdf-plantmetwiki.bioinformatics.nl/pathways/PC346","α-solanine/α-chaconine biosynthesis","3"
"http://rdf-plantmetwiki.bioinformatics.nl/pathways/PC186","VTC2 cycle","3"
"http://rdf-plantmetwiki.bioinformatics.nl/pathways/PC164","uracil degradation I (reductive)","3"
"http://rdf-plantmetwiki.bioinformatics.nl/pathways/PC542","chlorophyll a degradation III","3"
"http://rdf-plantmetwiki.bioinformatics.nl/pathways/PC535","(+)-camphor biosynthesis","3"
"http://rdf-plantmetwiki.bioinformatics.nl/pathways/PC740","pyruvate fermentation to acetoin","3"
"http://rdf-plantmetwiki.bioinformatics.nl/pathways/PC199","(-)-4'-demethyl-epipodophyllotoxin biosynthesis","3"
"http://rdf-plantmetwiki.bioinformatics.nl/pathways/PC1054","wax esters biosynthesis I","3"
"http://rdf-plantmetwiki.bioinformatics.nl/pathways/RC203","RXN-10774","3"
"http://rdf-plantmetwiki.bioinformatics.nl/pathways/PC577","phloridzin biosynthesis","3"
"http://rdf-plantmetwiki.bioinformatics.nl/pathways/PC73","B series fagopyritols biosynthesis","3"
"http://rdf-plantmetwiki.bioinformatics.nl/pathways/RC1106","RXN-7825","3"
"http://rdf-plantmetwiki.bioinformatics.nl/pathways/RC435","RXN-10862","3"
"http://rdf-plantmetwiki.bioinformatics.nl/pathways/PC206","capsanthin and capsorubin biosynthesis","3"
"http://rdf-plantmetwiki.bioinformatics.nl/pathways/RC988","AMYLOMALT-RXN","3"
"http://rdf-plantmetwiki.bioinformatics.nl/pathways/PC332","anthocyanin biosynthesis (delphinidin 3-O-glucoside)","3"
"http://rdf-plantmetwiki.bioinformatics.nl/pathways/PC404","pyruvate fermentation to acetate IV","3"
"http://rdf-plantmetwiki.bioinformatics.nl/pathways/PC1128","oligomeric urushiol biosynthesis","3"
"http://rdf-plantmetwiki.bioinformatics.nl/pathways/PC1001","fatty acid α-oxidation I (plants)","3"
"http://rdf-plantmetwiki.bioinformatics.nl/pathways/RC1183","STEROL-GLUCOSYLTRANSFERASE-RXN","3"
"http://rdf-plantmetwiki.bioinformatics.nl/pathways/RC844","RXN-1823","3"
"http://rdf-plantmetwiki.bioinformatics.nl/pathways/PC39","podophyllotoxin glucosides metabolism","3"
"http://rdf-plantmetwiki.bioinformatics.nl/pathways/PC875","(7Z,10Z,13Z)-hexadecatrienoate biosynthesis","3"
"http://rdf-plantmetwiki.bioinformatics.nl/pathways/PC782","methylhalides biosynthesis (plants)","3"
"http://rdf-plantmetwiki.bioinformatics.nl/pathways/PC1093","coumestrol biosynthesis","3"
"http://rdf-plantmetwiki.bioinformatics.nl/pathways/RC510","ADENYLYLSULFATE-REDUCTASE-RXN","3"
"http://rdf-plantmetwiki.bioinformatics.nl/pathways/RC835","1.11.1.15-RXN","3"
"http://rdf-plantmetwiki.bioinformatics.nl/pathways/RC56","3.6.3.6-RXN","3"
"http://rdf-plantmetwiki.bioinformatics.nl/pathways/PC769","wogonin metabolism","3"
"http://rdf-plantmetwiki.bioinformatics.nl/pathways/PC882","4-hydroxybenzoate biosynthesis IV (plants)","3"
"http://rdf-plantmetwiki.bioinformatics.nl/pathways/PC212","pentose phosphate pathway (non-oxidative branch) I","3"
"http://rdf-plantmetwiki.bioinformatics.nl/pathways/PC933","tuberonate glucoside biosynthesis","3"
"http://rdf-plantmetwiki.bioinformatics.nl/pathways/PC211","L-tryptophan degradation VI (via tryptamine)","3"
"http://rdf-plantmetwiki.bioinformatics.nl/pathways/PC215","6'-deoxychalcone metabolism","3"
"http://rdf-plantmetwiki.bioinformatics.nl/pathways/PC240","rosmarinic acid biosynthesis II","3"
"http://rdf-plantmetwiki.bioinformatics.nl/pathways/RC606","RXN-11846","3"
"http://rdf-plantmetwiki.bioinformatics.nl/pathways/RC398","RXN-11226","3"
"http://rdf-plantmetwiki.bioinformatics.nl/pathways/RC259","NADPH-DEHYDROGENASE-RXN","3"
"http://rdf-plantmetwiki.bioinformatics.nl/pathways/PC193","benzoylanthranilate biosynthesis","3"
"http://rdf-plantmetwiki.bioinformatics.nl/pathways/PC689","ortho-quinones biosynthesis","3"
"http://rdf-plantmetwiki.bioinformatics.nl/pathways/PC573","zeaxanthin biosynthesis","3"
"http://rdf-plantmetwiki.bioinformatics.nl/pathways/PC1026","raspberry ketone biosynthesis","3"
"http://rdf-plantmetwiki.bioinformatics.nl/pathways/PC258","1,3-β-D-glucan biosynthesis","3"
"http://rdf-plantmetwiki.bioinformatics.nl/pathways/PC494","L-serine biosynthesis I","3"
"http://rdf-plantmetwiki.bioinformatics.nl/pathways/RC100","UBIQUITIN--PROTEIN-LIGASE-RXN","3"
"http://rdf-plantmetwiki.bioinformatics.nl/pathways/PC669","L-proline degradation I","3"
"http://rdf-plantmetwiki.bioinformatics.nl/pathways/PC514","6-hydroxymethyl-dihydropterin pyrophosphate biosynthesis I","3"
"http://rdf-plantmetwiki.bioinformatics.nl/pathways/PC600","salicortin biosynthesis","3"
"http://rdf-plantmetwiki.bioinformatics.nl/pathways/PC376","volatile cinnamoic ester biosynthesis","3"
"http://rdf-plantmetwiki.bioinformatics.nl/pathways/PC485","DIMBOA-glucoside biosynthesis","3"
"http://rdf-plantmetwiki.bioinformatics.nl/pathways/PC675","steviol glucoside biosynthesis (rebaudioside A biosynthesis)","3"
"http://rdf-plantmetwiki.bioinformatics.nl/pathways/PC208","fructan biosynthesis","3"
"http://rdf-plantmetwiki.bioinformatics.nl/pathways/PC288","3,5-dimethoxytoluene biosynthesis","3"
"http://rdf-plantmetwiki.bioinformatics.nl/pathways/RC1164","PHOSPHATIDYLINOSITOL-BISPHOSPHATASE-RXN","3"
"http://rdf-plantmetwiki.bioinformatics.nl/pathways/PC830","L-ascorbate degradation III","3"
"http://rdf-plantmetwiki.bioinformatics.nl/pathways/PC581","olivetol biosynthesis","3"
"http://rdf-plantmetwiki.bioinformatics.nl/pathways/PC275","alkane oxidation","3"
"http://rdf-plantmetwiki.bioinformatics.nl/pathways/PC525","extended VTC2 cycle","3"
"http://rdf-plantmetwiki.bioinformatics.nl/pathways/PC337","chlorophyll a biosynthesis III","3"
"http://rdf-plantmetwiki.bioinformatics.nl/pathways/RC575","RXN-1825","3"
"http://rdf-plantmetwiki.bioinformatics.nl/pathways/PC189","UMP biosynthesis I","3"
"http://rdf-plantmetwiki.bioinformatics.nl/pathways/PC697","curcumin glucoside biosynthesis","3"
"http://rdf-plantmetwiki.bioinformatics.nl/pathways/PC253","fructan degradation","3"
"http://rdf-plantmetwiki.bioinformatics.nl/pathways/PC209","superpathway of jasmonoyl-amino acid conjugates biosynthesis","3"
"http://rdf-plantmetwiki.bioinformatics.nl/pathways/PC1127","4-amino-2-methyl-5-diphosphomethylpyrimidine biosynthesis I","3"
"http://rdf-plantmetwiki.bioinformatics.nl/pathways/PC526","putrescine degradation IV","3"
"http://rdf-plantmetwiki.bioinformatics.nl/pathways/RC251","RXNQT-4395","3"
"http://rdf-plantmetwiki.bioinformatics.nl/pathways/RC1180","DSERDEAM-RXN","3"
"http://rdf-plantmetwiki.bioinformatics.nl/pathways/RC1298","HEXOKINASE-RXN","3"
"http://rdf-plantmetwiki.bioinformatics.nl/pathways/PC369","β-carotene biosynthesis","3"
"http://rdf-plantmetwiki.bioinformatics.nl/pathways/RC875","RXN-19646","3"
"http://rdf-plantmetwiki.bioinformatics.nl/pathways/RC1209","GLYOXYLATE-REDUCTASE-NADP+-RXN","3"
"http://rdf-plantmetwiki.bioinformatics.nl/pathways/RC209","TRANS-HEXAPRENYLTRANSTRANSFERASE-RXN","3"
"http://rdf-plantmetwiki.bioinformatics.nl/pathways/PC677","hydroxycinnamate sugar acid ester biosynthesis","3"
"http://rdf-plantmetwiki.bioinformatics.nl/pathways/RC325","3.2.1.55-RXN","3"
"http://rdf-plantmetwiki.bioinformatics.nl/pathways/RC73","RXN-8088","3"
"http://rdf-plantmetwiki.bioinformatics.nl/pathways/RC291","3.2.1.21-RXN","3"
"http://rdf-plantmetwiki.bioinformatics.nl/pathways/PC819","neoxanthin biosynthesis","3"
"http://rdf-plantmetwiki.bioinformatics.nl/pathways/RC1242","3' hydroxy flavanone 5&prime;-hydroxylase","3"
"http://rdf-plantmetwiki.bioinformatics.nl/pathways/PC478","chitin degradation II (Vibrio)","3"
"http://rdf-plantmetwiki.bioinformatics.nl/pathways/PC307","geranyl acetate biosynthesis","3"
"http://rdf-plantmetwiki.bioinformatics.nl/pathways/PC964","glutathione degradation","3"
"http://rdf-plantmetwiki.bioinformatics.nl/pathways/PC6","dicranin biosynthesis","3"
"http://rdf-plantmetwiki.bioinformatics.nl/pathways/PC28","luteolin triglucuronide biosynthesis","3"
"http://rdf-plantmetwiki.bioinformatics.nl/pathways/PC414","pyruvate fermentation to acetate VII","3"
"http://rdf-plantmetwiki.bioinformatics.nl/pathways/PC254","selinene biosynthesis","3"
"http://rdf-plantmetwiki.bioinformatics.nl/pathways/PC703","oryzalexin D and E biosynthesis","3"
"http://rdf-plantmetwiki.bioinformatics.nl/pathways/PC175","bixin biosynthesis","3"
"http://rdf-plantmetwiki.bioinformatics.nl/pathways/RC17","RXN-8416","3"
"http://rdf-plantmetwiki.bioinformatics.nl/pathways/PC957","pyrimidine salvage pathway","3"
"http://rdf-plantmetwiki.bioinformatics.nl/pathways/PC325","homoglutathione biosynthesis","3"
"http://rdf-plantmetwiki.bioinformatics.nl/pathways/PC23","arctigenin and isoarctigenin biosynthesis","3"
"http://rdf-plantmetwiki.bioinformatics.nl/pathways/PC616","oryzalexin A, B, and C biosynthesis","3"
"http://rdf-plantmetwiki.bioinformatics.nl/pathways/PC245","(-)-camphor biosynthesis","3"
"http://rdf-plantmetwiki.bioinformatics.nl/pathways/PC694","dimorphecolate biosynthesis","3"
"http://rdf-plantmetwiki.bioinformatics.nl/pathways/RC944","RXN-10735","3"
"http://rdf-plantmetwiki.bioinformatics.nl/pathways/PC702","indole-3-acetate activation II","3"
"http://rdf-plantmetwiki.bioinformatics.nl/pathways/PC49","guanosine deoxyribonucleotides de novo biosynthesis I","3"
"http://rdf-plantmetwiki.bioinformatics.nl/pathways/PC213","methylglyoxal degradation I","3"
"http://rdf-plantmetwiki.bioinformatics.nl/pathways/RC984","1.1.1.170-RXN","2"
"http://rdf-plantmetwiki.bioinformatics.nl/pathways/PC563","CMP-KDO biosynthesis II (from D-arabinose 5-phosphate)","2"
"http://rdf-plantmetwiki.bioinformatics.nl/pathways/RC768","RXN-6182","2"
"http://rdf-plantmetwiki.bioinformatics.nl/pathways/PC827","homocysteine and cysteine interconversion","2"
"http://rdf-plantmetwiki.bioinformatics.nl/pathways/RC972","3.2.1.141-RXN","2"
"http://rdf-plantmetwiki.bioinformatics.nl/pathways/PC796","nitric oxide biosynthesis II (mammals)","2"
"http://rdf-plantmetwiki.bioinformatics.nl/pathways/PC158","glutamate removal from folates","2"
"http://rdf-plantmetwiki.bioinformatics.nl/pathways/RC653","RXN-8558","2"
"http://rdf-plantmetwiki.bioinformatics.nl/pathways/PC1031","urate conversion to allantoin I","2"
"http://rdf-plantmetwiki.bioinformatics.nl/pathways/RC1010","RXNQT-4167","2"
"http://rdf-plantmetwiki.bioinformatics.nl/pathways/RC350","RXNQT-4173","2"
"http://rdf-plantmetwiki.bioinformatics.nl/pathways/PC16","UDP-α-D-glucuronate biosynthesis (from UDP-glucose)","2"
"http://rdf-plantmetwiki.bioinformatics.nl/pathways/PC635","D-myo-inositol (1,4,5)-trisphosphate biosynthesis","2"
"http://rdf-plantmetwiki.bioinformatics.nl/pathways/PC557","yatein biosynthesis II","2"
"http://rdf-plantmetwiki.bioinformatics.nl/pathways/PC1142","2-methylketone biosynthesis","2"
"http://rdf-plantmetwiki.bioinformatics.nl/pathways/RC303","2.7.7.11-RXN","2"
"http://rdf-plantmetwiki.bioinformatics.nl/pathways/RC735","RXN-8546","2"
"http://rdf-plantmetwiki.bioinformatics.nl/pathways/PC468","ajugose biosynthesis I (galactinol-dependent)","2"
"http://rdf-plantmetwiki.bioinformatics.nl/pathways/RC35","RXN-20373","2"
"http://rdf-plantmetwiki.bioinformatics.nl/pathways/RC187","2.5.1.46-RXN","2"
"http://rdf-plantmetwiki.bioinformatics.nl/pathways/PC696","L-asparagine degradation II","2"
"http://rdf-plantmetwiki.bioinformatics.nl/pathways/RC332","HOMOCYSTEINE-S-METHYLTRANSFERASE-RXN","2"
"http://rdf-plantmetwiki.bioinformatics.nl/pathways/RC691","RXN-13955","2"
"http://rdf-plantmetwiki.bioinformatics.nl/pathways/RC608","PHOSPHOENOLPYRUVATE-PHOSPHATASE-RXN","2"
"http://rdf-plantmetwiki.bioinformatics.nl/pathways/PC705","salicylate glucosides biosynthesis II","2"
"http://rdf-plantmetwiki.bioinformatics.nl/pathways/PC1068","hydroxymethylpyrimidine salvage","2"
"http://rdf-plantmetwiki.bioinformatics.nl/pathways/RC464","FLAVONADPREDUCT-RXN","2"
"http://rdf-plantmetwiki.bioinformatics.nl/pathways/RC1017","RXN-8603","2"
"http://rdf-plantmetwiki.bioinformatics.nl/pathways/PC821","CMP-3-deoxy-D-manno-octulosonate biosynthesis","2"
"http://rdf-plantmetwiki.bioinformatics.nl/pathways/PC780","protein N-glycosylation initial phase (eukaryotic)","2"
"http://rdf-plantmetwiki.bioinformatics.nl/pathways/PC1083","anthocyanin biosynthesis (pelargonidin 3-O-glucoside)","2"
"http://rdf-plantmetwiki.bioinformatics.nl/pathways/RC1280","RXN-8992","2"
"http://rdf-plantmetwiki.bioinformatics.nl/pathways/RC321","RXN0-5184","2"
"http://rdf-plantmetwiki.bioinformatics.nl/pathways/PC216","phenolic malonylglucosides biosynthesis","2"
"http://rdf-plantmetwiki.bioinformatics.nl/pathways/PC887","3β-hydroxysesquiterpene lactone biosynthesis","2"
"http://rdf-plantmetwiki.bioinformatics.nl/pathways/PC653","cornusiin E biosynthesis","2"
"http://rdf-plantmetwiki.bioinformatics.nl/pathways/PC841","IAA biosynthesis VII","2"
"http://rdf-plantmetwiki.bioinformatics.nl/pathways/PC224","phenylethyl acetate biosynthesis","2"
"http://rdf-plantmetwiki.bioinformatics.nl/pathways/RC276","RXN4KF-53","2"
"http://rdf-plantmetwiki.bioinformatics.nl/pathways/RC269","THIAZOLSYN3-RXN","2"
"http://rdf-plantmetwiki.bioinformatics.nl/pathways/PC662","trigonelline biosynthesis","2"
"http://rdf-plantmetwiki.bioinformatics.nl/pathways/PC1151","2-oxoisovalerate decarboxylation to isobutanoyl-CoA","2"
"http://rdf-plantmetwiki.bioinformatics.nl/pathways/RC549","RXN-12125","2"
"http://rdf-plantmetwiki.bioinformatics.nl/pathways/RC1245","RXN-11529","2"
"http://rdf-plantmetwiki.bioinformatics.nl/pathways/PC497","diacylsucrose biosynthesis (Solanum)","2"
"http://rdf-plantmetwiki.bioinformatics.nl/pathways/PC268","oryzalide A biosynthesis","2"
"http://rdf-plantmetwiki.bioinformatics.nl/pathways/RC201","MALDEXPHOSPHORYL-RXN","2"
"http://rdf-plantmetwiki.bioinformatics.nl/pathways/PC992","superpathway of acetyl-CoA biosynthesis","2"
"http://rdf-plantmetwiki.bioinformatics.nl/pathways/RC131","Polyamine oxidase","2"
"http://rdf-plantmetwiki.bioinformatics.nl/pathways/RC247","RXN-8594","2"
"http://rdf-plantmetwiki.bioinformatics.nl/pathways/PC192","L-asparagine degradation I","2"
"http://rdf-plantmetwiki.bioinformatics.nl/pathways/PC797","acetate and ATP formation from acetyl-CoA I","2"
"http://rdf-plantmetwiki.bioinformatics.nl/pathways/PC261","benzoyl-CoA biosynthesis","2"
"http://rdf-plantmetwiki.bioinformatics.nl/pathways/PC858","siroheme biosynthesis","2"
"http://rdf-plantmetwiki.bioinformatics.nl/pathways/PC579","L-lysine degradation I","2"
"http://rdf-plantmetwiki.bioinformatics.nl/pathways/RC641","RXN-602","2"
"http://rdf-plantmetwiki.bioinformatics.nl/pathways/RC1230","RXN-12486","2"
"http://rdf-plantmetwiki.bioinformatics.nl/pathways/PC883","pyrimidine nucleobases salvage I","2"
"http://rdf-plantmetwiki.bioinformatics.nl/pathways/PC428","6-methoxymellein biosynthesis","2"
"http://rdf-plantmetwiki.bioinformatics.nl/pathways/PC783","4-hydroxycoumarin and dicoumarol biosynthesis","2"
"http://rdf-plantmetwiki.bioinformatics.nl/pathways/PC162","betulinate biosynthesis","2"
"http://rdf-plantmetwiki.bioinformatics.nl/pathways/RC1241","TRANS-RXN4LZ-6845","2"
"http://rdf-plantmetwiki.bioinformatics.nl/pathways/PC1071","quercetin glucoside degradation (Allium)","2"
"http://rdf-plantmetwiki.bioinformatics.nl/pathways/PC345","L-glutamate biosynthesis V","2"
"http://rdf-plantmetwiki.bioinformatics.nl/pathways/PC93","phytyl pyrophosphate biosynthesis","2"
"http://rdf-plantmetwiki.bioinformatics.nl/pathways/PC383","pyridoxal 5'-phosphate biosynthesis II","2"
"http://rdf-plantmetwiki.bioinformatics.nl/pathways/PC60","Fe(III)-phytosiderophore transport","2"
"http://rdf-plantmetwiki.bioinformatics.nl/pathways/RC1255","RXNQT-4170","2"
"http://rdf-plantmetwiki.bioinformatics.nl/pathways/PC907","furaneol and mesifurane biosynthesis","2"
"http://rdf-plantmetwiki.bioinformatics.nl/pathways/RC159","RXN-12641","2"
"http://rdf-plantmetwiki.bioinformatics.nl/pathways/RC1300","RXNQT-4377","2"
"http://rdf-plantmetwiki.bioinformatics.nl/pathways/PC432","L-glutamate degradation I","2"
"http://rdf-plantmetwiki.bioinformatics.nl/pathways/RC163","RXN-13162","2"
"http://rdf-plantmetwiki.bioinformatics.nl/pathways/RC1296","RIBONUCLEOSIDE-DIP-REDUCTI-RXN","2"
"http://rdf-plantmetwiki.bioinformatics.nl/pathways/PC844","L-threonine biosynthesis","2"
"http://rdf-plantmetwiki.bioinformatics.nl/pathways/RC467","RXN-8554","2"
"http://rdf-plantmetwiki.bioinformatics.nl/pathways/RC2","RXN-8813","2"
"http://rdf-plantmetwiki.bioinformatics.nl/pathways/PC852","benzoate biosynthesis II (CoA-independent, non-β-oxidative)","2"
"http://rdf-plantmetwiki.bioinformatics.nl/pathways/PC493","nonaprenyl pyrophosphate biosynthesis I","2"
"http://rdf-plantmetwiki.bioinformatics.nl/pathways/RC783","RXN-7645","2"
"http://rdf-plantmetwiki.bioinformatics.nl/pathways/RC923","RXN-12364","2"
"http://rdf-plantmetwiki.bioinformatics.nl/pathways/PC543","monoacylsucrose biosynthesis (Solanum)","2"
"http://rdf-plantmetwiki.bioinformatics.nl/pathways/PC1161","phylloquinol biosynthesis","2"
"http://rdf-plantmetwiki.bioinformatics.nl/pathways/RC191","RXN-12126","2"
"http://rdf-plantmetwiki.bioinformatics.nl/pathways/RC32","SELENOCYSTEINE-LYASE-RXN","2"
"http://rdf-plantmetwiki.bioinformatics.nl/pathways/PC1144","dTDP-β-L-rhamnose biosynthesis","2"
"http://rdf-plantmetwiki.bioinformatics.nl/pathways/RC1039","RXNQT-4176","2"
"http://rdf-plantmetwiki.bioinformatics.nl/pathways/PC848","vitexin and derivatives biosynthesis","2"
"http://rdf-plantmetwiki.bioinformatics.nl/pathways/RC921","MERCAPYSTRANS-RXN","2"
"http://rdf-plantmetwiki.bioinformatics.nl/pathways/RC893","pinene synthase","2"
"http://rdf-plantmetwiki.bioinformatics.nl/pathways/RC15","RXN-7753","2"
"http://rdf-plantmetwiki.bioinformatics.nl/pathways/RC297","RXN-8573","2"
"http://rdf-plantmetwiki.bioinformatics.nl/pathways/RC335","PSERPHOSPHA-RXN","2"
"http://rdf-plantmetwiki.bioinformatics.nl/pathways/PC1075","gibberellin inactivation II (methylation)","2"
"http://rdf-plantmetwiki.bioinformatics.nl/pathways/PC647","gibberellin biosynthesis V","2"
"http://rdf-plantmetwiki.bioinformatics.nl/pathways/PC1072","curcumene biosynthesis","2"
"http://rdf-plantmetwiki.bioinformatics.nl/pathways/RC134","RXN-5482","2"
"http://rdf-plantmetwiki.bioinformatics.nl/pathways/PC680","sesquiterpenoid phytoalexins biosynthesis","2"
"http://rdf-plantmetwiki.bioinformatics.nl/pathways/RC253","RXN-19833","2"
"http://rdf-plantmetwiki.bioinformatics.nl/pathways/PC486","UDP-β-L-arabinose biosynthesis I (from UDP-α-D-xylose)","2"
"http://rdf-plantmetwiki.bioinformatics.nl/pathways/PC311","(E,E)-4,8,12-trimethyltrideca-1,3,7,11-tetraene biosynthesis","2"
"http://rdf-plantmetwiki.bioinformatics.nl/pathways/PC615","β-pyrazole-1-ylalanine biosynthesis","2"
"http://rdf-plantmetwiki.bioinformatics.nl/pathways/PC203","β-alanine biosynthesis I","2"
"http://rdf-plantmetwiki.bioinformatics.nl/pathways/PC721","glutathione biosynthesis","2"
"http://rdf-plantmetwiki.bioinformatics.nl/pathways/PC1135","amaranthin biosynthesis","2"
"http://rdf-plantmetwiki.bioinformatics.nl/pathways/RC92","RXN-10005","2"
"http://rdf-plantmetwiki.bioinformatics.nl/pathways/RC382","RXN-1882","2"
"http://rdf-plantmetwiki.bioinformatics.nl/pathways/PC888","3-dehydroquinate biosynthesis I","2"
"http://rdf-plantmetwiki.bioinformatics.nl/pathways/RC535","RXN-10763","2"
"http://rdf-plantmetwiki.bioinformatics.nl/pathways/RC476","RXN-7651","2"
"http://rdf-plantmetwiki.bioinformatics.nl/pathways/RC941","APYRASE-RXN","2"
"http://rdf-plantmetwiki.bioinformatics.nl/pathways/PC1012","guanosine ribonucleotides de novo biosynthesis","2"
"http://rdf-plantmetwiki.bioinformatics.nl/pathways/RC919","ALPHA-L-FUCOSIDASE-RXN","2"
"http://rdf-plantmetwiki.bioinformatics.nl/pathways/PC997","betaxanthin biosynthesis (via dopamine)","2"
"http://rdf-plantmetwiki.bioinformatics.nl/pathways/PC950","allantoin degradation to ureidoglycolate I (urea producing)","2"
"http://rdf-plantmetwiki.bioinformatics.nl/pathways/RC698","RXN-12128","2"
"http://rdf-plantmetwiki.bioinformatics.nl/pathways/PC792","(Z)-phenylmethanethial S-oxide biosynthesis","2"
"http://rdf-plantmetwiki.bioinformatics.nl/pathways/PC962","fatty acid biosynthesis initiation (type II)","2"
"http://rdf-plantmetwiki.bioinformatics.nl/pathways/RC704","RXN-12183","2"
"http://rdf-plantmetwiki.bioinformatics.nl/pathways/PC588","phytol salvage pathway","2"
"http://rdf-plantmetwiki.bioinformatics.nl/pathways/PC585","4-hydroxyindole-3-carbonyl nitrile biosynthesis","2"
"http://rdf-plantmetwiki.bioinformatics.nl/pathways/RC555","RXN-12182","2"
"http://rdf-plantmetwiki.bioinformatics.nl/pathways/PC1042","acacetin biosynthesis","2"
"http://rdf-plantmetwiki.bioinformatics.nl/pathways/RC385","Thioglucosidase","2"
"http://rdf-plantmetwiki.bioinformatics.nl/pathways/RC1051","3.2.1.154-RXN","2"
"http://rdf-plantmetwiki.bioinformatics.nl/pathways/PC1094","thioredoxin pathway","2"
"http://rdf-plantmetwiki.bioinformatics.nl/pathways/RC1127","RXNQT-4386","2"
"http://rdf-plantmetwiki.bioinformatics.nl/pathways/PC1037","steviol biosynthesis","2"
"http://rdf-plantmetwiki.bioinformatics.nl/pathways/RC341","RXN-14754","2"
"http://rdf-plantmetwiki.bioinformatics.nl/pathways/RC952","RXN-8430","2"
"http://rdf-plantmetwiki.bioinformatics.nl/pathways/RC1166","HYPOXANPRIBOSYLTRAN-RXN","2"
"http://rdf-plantmetwiki.bioinformatics.nl/pathways/RC872","RXN-14024","2"
"http://rdf-plantmetwiki.bioinformatics.nl/pathways/RC1046","RXN-20374","2"
"http://rdf-plantmetwiki.bioinformatics.nl/pathways/PC433","pyrimidine deoxyribonucleotides de novo biosynthesis II","2"
"http://rdf-plantmetwiki.bioinformatics.nl/pathways/RC851","RXN-1828","2"
"http://rdf-plantmetwiki.bioinformatics.nl/pathways/RC302","RXN-10434","2"
"http://rdf-plantmetwiki.bioinformatics.nl/pathways/PC113","casbene biosynthesis","2"
"http://rdf-plantmetwiki.bioinformatics.nl/pathways/RC124","RXN4FS-11","2"
"http://rdf-plantmetwiki.bioinformatics.nl/pathways/PC590","L-phenylalanine biosynthesis III (cytosolic, plants)","2"
"http://rdf-plantmetwiki.bioinformatics.nl/pathways/RC1187","RXN-1061","2"
"http://rdf-plantmetwiki.bioinformatics.nl/pathways/RC767","2.4.1.214-RXN","2"
"http://rdf-plantmetwiki.bioinformatics.nl/pathways/PC1041","homophytochelatin biosynthesis","2"
"http://rdf-plantmetwiki.bioinformatics.nl/pathways/PC580","α-linolenate biosynthesis I (plants and red algae)","2"
"http://rdf-plantmetwiki.bioinformatics.nl/pathways/PC420","(+)-pisatin biosynthesis","2"
"http://rdf-plantmetwiki.bioinformatics.nl/pathways/PC1032","urea degradation II","2"
"http://rdf-plantmetwiki.bioinformatics.nl/pathways/PC35","hypoglycin biosynthesis","2"
"http://rdf-plantmetwiki.bioinformatics.nl/pathways/RC394","RXN-7022","2"
"http://rdf-plantmetwiki.bioinformatics.nl/pathways/RC1045","RXN-8559","2"
"http://rdf-plantmetwiki.bioinformatics.nl/pathways/PC298","sciadonate biosynthesis","2"
"http://rdf-plantmetwiki.bioinformatics.nl/pathways/PC976","lactucaxanthin biosynthesis","2"
"http://rdf-plantmetwiki.bioinformatics.nl/pathways/PC774","β-cubebene biosynthesis","2"
"http://rdf-plantmetwiki.bioinformatics.nl/pathways/PC826","juvenile hormone III biosynthesis I","2"
"http://rdf-plantmetwiki.bioinformatics.nl/pathways/PC956","spermine and spermidine degradation II","2"
"http://rdf-plantmetwiki.bioinformatics.nl/pathways/PC927","γ-linolenate biosynthesis I (plants)","2"
"http://rdf-plantmetwiki.bioinformatics.nl/pathways/RC373","3.2.1.65-RXN","2"
"http://rdf-plantmetwiki.bioinformatics.nl/pathways/RC953","RXN-19832","2"
"http://rdf-plantmetwiki.bioinformatics.nl/pathways/RC1089","RXN-8089","2"
"http://rdf-plantmetwiki.bioinformatics.nl/pathways/PC279","abscisic acid degradation to 7'-hydroxyabscisate","2"
"http://rdf-plantmetwiki.bioinformatics.nl/pathways/RC234","RXN-18789","2"
"http://rdf-plantmetwiki.bioinformatics.nl/pathways/PC1018","2-O-acetyl-3-O-trans-coutarate biosynthesis","2"
"http://rdf-plantmetwiki.bioinformatics.nl/pathways/PC232","pinitol biosynthesis II","2"
"http://rdf-plantmetwiki.bioinformatics.nl/pathways/PC67","zymosterol biosynthesis","2"
"http://rdf-plantmetwiki.bioinformatics.nl/pathways/PC589","daphnin interconversion","2"
"http://rdf-plantmetwiki.bioinformatics.nl/pathways/RC790","RXN-8542","2"
"http://rdf-plantmetwiki.bioinformatics.nl/pathways/RC1007","3.2.1.68-RXN","2"
"http://rdf-plantmetwiki.bioinformatics.nl/pathways/PC519","stearate biosynthesis II (bacteria and plants)","2"
"http://rdf-plantmetwiki.bioinformatics.nl/pathways/RC850","RXN-7669","2"
"http://rdf-plantmetwiki.bioinformatics.nl/pathways/PC356","pyrimidine ribonucleosides salvage II","2"
"http://rdf-plantmetwiki.bioinformatics.nl/pathways/RC183","RXN-4603","2"
"http://rdf-plantmetwiki.bioinformatics.nl/pathways/PC105","kaempferol diglycoside biosynthesis (pollen-specific)","2"
"http://rdf-plantmetwiki.bioinformatics.nl/pathways/PC77","N-hydroxy-L-pipecolate biosynthesis","2"
"http://rdf-plantmetwiki.bioinformatics.nl/pathways/PC176","wighteone and luteone biosynthesis","2"
"http://rdf-plantmetwiki.bioinformatics.nl/pathways/RC886","CARBODEHYDRAT-RXN","2"
"http://rdf-plantmetwiki.bioinformatics.nl/pathways/PC775","anthocyanidin sophoroside metabolism","2"
"http://rdf-plantmetwiki.bioinformatics.nl/pathways/PC110","hydrogen production VIII","2"
"http://rdf-plantmetwiki.bioinformatics.nl/pathways/RC1059","3.6.3.44-RXN","2"
"http://rdf-plantmetwiki.bioinformatics.nl/pathways/PC302","calendate biosynthesis","2"
"http://rdf-plantmetwiki.bioinformatics.nl/pathways/RC300","RXN-8090","2"
"http://rdf-plantmetwiki.bioinformatics.nl/pathways/RC1074","CHLOROPHYLLASE-RXN","2"
"http://rdf-plantmetwiki.bioinformatics.nl/pathways/RC811","1.5.99.12-RXN","2"
"http://rdf-plantmetwiki.bioinformatics.nl/pathways/RC1035","3.5.5.1-RXN","2"
"http://rdf-plantmetwiki.bioinformatics.nl/pathways/RC381","RXN-12659","2"
"http://rdf-plantmetwiki.bioinformatics.nl/pathways/RC786","GLYCOLATEDEHYDRO-RXN","2"
"http://rdf-plantmetwiki.bioinformatics.nl/pathways/PC871","adenine and adenosine salvage VI","2"
"http://rdf-plantmetwiki.bioinformatics.nl/pathways/RC951","TRANS-RXN4LZ-0","2"
"http://rdf-plantmetwiki.bioinformatics.nl/pathways/PC814","vestitol and sativan biosynthesis","2"
"http://rdf-plantmetwiki.bioinformatics.nl/pathways/PC1078","labdane-type diterpenes biosynthesis","2"
"http://rdf-plantmetwiki.bioinformatics.nl/pathways/PC816","arabidopyrone biosynthesis","2"
"http://rdf-plantmetwiki.bioinformatics.nl/pathways/PC295","dimethylsulfoniopropanoate biosynthesis I (Wollastonia)","2"
"http://rdf-plantmetwiki.bioinformatics.nl/pathways/RC344","1.6.5.4-RXN","2"
"http://rdf-plantmetwiki.bioinformatics.nl/pathways/RC122","RXN-17677","2"
"http://rdf-plantmetwiki.bioinformatics.nl/pathways/PC843","hinokiresinol biosynthesis","2"
"http://rdf-plantmetwiki.bioinformatics.nl/pathways/RC796","RXN-8547","2"
"http://rdf-plantmetwiki.bioinformatics.nl/pathways/PC82","punicate biosynthesis","2"
"http://rdf-plantmetwiki.bioinformatics.nl/pathways/PC614","trichome monoterpenes biosynthesis","2"
"http://rdf-plantmetwiki.bioinformatics.nl/pathways/PC320","γ-coniciene and coniine biosynthesis","2"
"http://rdf-plantmetwiki.bioinformatics.nl/pathways/PC568","D-myo-inositol-5-phosphate metabolism","2"
"http://rdf-plantmetwiki.bioinformatics.nl/pathways/PC272","bergamotene biosynthesis II","2"
"http://rdf-plantmetwiki.bioinformatics.nl/pathways/PC1049","cytokinins 7-N-glucoside biosynthesis","2"
"http://rdf-plantmetwiki.bioinformatics.nl/pathways/RC432","RXN0-308","2"
"http://rdf-plantmetwiki.bioinformatics.nl/pathways/RC971","ALPHA-AMYL-RXN","2"
"http://rdf-plantmetwiki.bioinformatics.nl/pathways/PC646","2,3-trans-flavanols biosynthesis","2"
"http://rdf-plantmetwiki.bioinformatics.nl/pathways/PC645","hinokinin biosynthesis","2"
"http://rdf-plantmetwiki.bioinformatics.nl/pathways/PC1080","seleno-amino acid detoxification and volatilization III","2"
"http://rdf-plantmetwiki.bioinformatics.nl/pathways/PC131","serinol biosynthesis","2"
"http://rdf-plantmetwiki.bioinformatics.nl/pathways/PC56","glycine betaine biosynthesis III (plants)","2"
"http://rdf-plantmetwiki.bioinformatics.nl/pathways/PC822","L-citrulline degradation","2"
"http://rdf-plantmetwiki.bioinformatics.nl/pathways/RC166","TRANS-PENTAPRENYLTRANSFERASE-RXN","2"
"http://rdf-plantmetwiki.bioinformatics.nl/pathways/PC679","phospholipases (Chlamydomonas)","2"
"http://rdf-plantmetwiki.bioinformatics.nl/pathways/PC310","monolignol glucosides biosynthesis","2"
"http://rdf-plantmetwiki.bioinformatics.nl/pathways/RC250","GLYCOGEN-BRANCH-RXN","2"
"http://rdf-plantmetwiki.bioinformatics.nl/pathways/PC779","pyrimidine ribonucleosides salvage I","2"
"http://rdf-plantmetwiki.bioinformatics.nl/pathways/PC107","L-ascorbate biosynthesis II (plants, L-gulose pathway)","2"
"http://rdf-plantmetwiki.bioinformatics.nl/pathways/RC787","RXN-2103","2"
"http://rdf-plantmetwiki.bioinformatics.nl/pathways/RC1058","RXN-8425","2"
"http://rdf-plantmetwiki.bioinformatics.nl/pathways/PC38","geranyl β-primeveroside biosynthesis","2"
"http://rdf-plantmetwiki.bioinformatics.nl/pathways/PC608","CMP phosphorylation","2"
"http://rdf-plantmetwiki.bioinformatics.nl/pathways/PC207","petroselinate biosynthesis","2"
"http://rdf-plantmetwiki.bioinformatics.nl/pathways/PC392","phenylpropanoid biosynthesis, initial reactions","2"
"http://rdf-plantmetwiki.bioinformatics.nl/pathways/RC487","RXN18C3-113","2"
"http://rdf-plantmetwiki.bioinformatics.nl/pathways/PC833","oxalate degradation VI","2"
"http://rdf-plantmetwiki.bioinformatics.nl/pathways/RC136","RXN-2121","2"
"http://rdf-plantmetwiki.bioinformatics.nl/pathways/PC553","cinchona alkaloids biosynthesis","2"
"http://rdf-plantmetwiki.bioinformatics.nl/pathways/PC360","ursolate biosynthesis","2"
"http://rdf-plantmetwiki.bioinformatics.nl/pathways/RC995","RXN-19831","2"
"http://rdf-plantmetwiki.bioinformatics.nl/pathways/PC297","saponin biosynthesis IV","2"
"http://rdf-plantmetwiki.bioinformatics.nl/pathways/PC9","26,27-dehydrozymosterol metabolism","2"
"http://rdf-plantmetwiki.bioinformatics.nl/pathways/PC527","formaldehyde oxidation II (glutathione-dependent)","2"
"http://rdf-plantmetwiki.bioinformatics.nl/pathways/RC365","RXNQT-4164","2"
"http://rdf-plantmetwiki.bioinformatics.nl/pathways/PC941","betalamic acid biosynthesis","2"
"http://rdf-plantmetwiki.bioinformatics.nl/pathways/RC1116","RXN0-5181","2"
"http://rdf-plantmetwiki.bioinformatics.nl/pathways/RC591","RXN-14658","2"
"http://rdf-plantmetwiki.bioinformatics.nl/pathways/PC296","2α,7β-dihydroxylation of taxusin","2"
"http://rdf-plantmetwiki.bioinformatics.nl/pathways/PC840","nonaprenyl pyrophosphate biosynthesis II","2"
"http://rdf-plantmetwiki.bioinformatics.nl/pathways/RC1203","RXN-6884","2"
"http://rdf-plantmetwiki.bioinformatics.nl/pathways/PC241","phenylphenalenone biosynthesis","2"
"http://rdf-plantmetwiki.bioinformatics.nl/pathways/PC995","quercetin diglycoside biosynthesis (pollen-specific)","2"
"http://rdf-plantmetwiki.bioinformatics.nl/pathways/PC1050","chalcone 2'-O-glucoside biosynthesis","2"
"http://rdf-plantmetwiki.bioinformatics.nl/pathways/PC731","betaxanthin biosynthesis","2"
"http://rdf-plantmetwiki.bioinformatics.nl/pathways/RC1069","GALACTOSIDE-2-L-FUCOSYLTRANSFERASE-RXN","2"
"http://rdf-plantmetwiki.bioinformatics.nl/pathways/PC591","juniperonate biosynthesis","2"
"http://rdf-plantmetwiki.bioinformatics.nl/pathways/PC863","cytokinins 9-N-glucoside biosynthesis","2"
"http://rdf-plantmetwiki.bioinformatics.nl/pathways/PC291","inosine 5'-phosphate degradation","2"
"http://rdf-plantmetwiki.bioinformatics.nl/pathways/PC483","UDP-D-apiose biosynthesis (from UDP-D-glucuronate)","2"
"http://rdf-plantmetwiki.bioinformatics.nl/pathways/RC726","RXN-12642","2"
"http://rdf-plantmetwiki.bioinformatics.nl/pathways/PC181","methylbutenol biosynthesis","2"
"http://rdf-plantmetwiki.bioinformatics.nl/pathways/PC406","hydroxyjasmonate sulfate biosynthesis","2"
"http://rdf-plantmetwiki.bioinformatics.nl/pathways/RC329","1.14.11.2-RXN","2"
"http://rdf-plantmetwiki.bioinformatics.nl/pathways/PC273","canavanine biosynthesis","2"
"http://rdf-plantmetwiki.bioinformatics.nl/pathways/RC1169","INORGPYROPHOSPHAT-RXN","2"
"http://rdf-plantmetwiki.bioinformatics.nl/pathways/RC390","325-BISPHOSPHATE-NUCLEOTIDASE-RXN","2"
"http://rdf-plantmetwiki.bioinformatics.nl/pathways/PC1029","glycine biosynthesis I","2"
"http://rdf-plantmetwiki.bioinformatics.nl/pathways/PC135","phytochromobilin biosynthesis","2"
"http://rdf-plantmetwiki.bioinformatics.nl/pathways/RC74","RXN-19009","2"
"http://rdf-plantmetwiki.bioinformatics.nl/pathways/RC28","RXN-18484","2"
"http://rdf-plantmetwiki.bioinformatics.nl/pathways/PC903","aliphatic glucosinolate biosynthesis, side chain elongation cycle","2"
"http://rdf-plantmetwiki.bioinformatics.nl/pathways/RC864","RXN-13833","2"
"http://rdf-plantmetwiki.bioinformatics.nl/pathways/PC745","GDP-L-galactose biosynthesis","2"
"http://rdf-plantmetwiki.bioinformatics.nl/pathways/PC760","tricetin methylation","2"
"http://rdf-plantmetwiki.bioinformatics.nl/pathways/PC1065","UTP and CTP de novo biosynthesis","2"
"http://rdf-plantmetwiki.bioinformatics.nl/pathways/PC41","(Z)-butanethial-S-oxide biosynthesis","2"
"http://rdf-plantmetwiki.bioinformatics.nl/pathways/RC115","RXN-12101","2"
"http://rdf-plantmetwiki.bioinformatics.nl/pathways/PC223","S-adenosyl-L-methionine biosynthesis","2"
"http://rdf-plantmetwiki.bioinformatics.nl/pathways/RC615","RXN-8601","1"
"http://rdf-plantmetwiki.bioinformatics.nl/pathways/RC1036","RXN-8555","1"
"http://rdf-plantmetwiki.bioinformatics.nl/pathways/PC1081","inosine-5'-phosphate biosynthesis II","1"
"http://rdf-plantmetwiki.bioinformatics.nl/pathways/RC150","dihydroorotate dehydrogenase","1"
"http://rdf-plantmetwiki.bioinformatics.nl/pathways/RC955","3.2.1.39-RXN","1"
"http://rdf-plantmetwiki.bioinformatics.nl/pathways/RC648","RXN-12516","1"
"http://rdf-plantmetwiki.bioinformatics.nl/pathways/PC45","parkeol biosynthesis","1"
"http://rdf-plantmetwiki.bioinformatics.nl/pathways/RC1246","RXN-6542","1"
"http://rdf-plantmetwiki.bioinformatics.nl/pathways/RC568","RXN-14505","1"
"http://rdf-plantmetwiki.bioinformatics.nl/pathways/RC1217","RXN-12307","1"
"http://rdf-plantmetwiki.bioinformatics.nl/pathways/PC1085","oxalate degradation IV","1"
"http://rdf-plantmetwiki.bioinformatics.nl/pathways/RC519","RXN-9564","1"
"http://rdf-plantmetwiki.bioinformatics.nl/pathways/PC467","sulfoquinovosyl diacylglycerol biosynthesis","1"
"http://rdf-plantmetwiki.bioinformatics.nl/pathways/RC1021","RXN-5481","1"
"http://rdf-plantmetwiki.bioinformatics.nl/pathways/RC160","ALCOHOL-DEHYDROGENASE-NADPORNOP+-RXN","1"
"http://rdf-plantmetwiki.bioinformatics.nl/pathways/PC83","rubber biosynthesis","1"
"http://rdf-plantmetwiki.bioinformatics.nl/pathways/RC629","RXN-10768","1"
"http://rdf-plantmetwiki.bioinformatics.nl/pathways/RC488","2.4.2.38-RXN","1"
"http://rdf-plantmetwiki.bioinformatics.nl/pathways/RC772","RXN4KF-52","1"
"http://rdf-plantmetwiki.bioinformatics.nl/pathways/RC1049","MALTODEXGLUCOSID-RXN","1"
"http://rdf-plantmetwiki.bioinformatics.nl/pathways/RC118","RXN-14003","1"
"http://rdf-plantmetwiki.bioinformatics.nl/pathways/RC1154","RXNQT-4387","1"
"http://rdf-plantmetwiki.bioinformatics.nl/pathways/PC977","bisbenzylisoquinoline alkaloid biosynthesis","1"
"http://rdf-plantmetwiki.bioinformatics.nl/pathways/RC634","RXN4KF-11495","1"
"http://rdf-plantmetwiki.bioinformatics.nl/pathways/RC313","1-dodecanol-O-arachinoyltransferase","1"
"http://rdf-plantmetwiki.bioinformatics.nl/pathways/RC913","RXN-10773","1"
"http://rdf-plantmetwiki.bioinformatics.nl/pathways/PC104","baruol biosynthesis","1"
"http://rdf-plantmetwiki.bioinformatics.nl/pathways/RC935","RXNQT-4370","1"
"http://rdf-plantmetwiki.bioinformatics.nl/pathways/RC1174","RXN-1441","1"
"http://rdf-plantmetwiki.bioinformatics.nl/pathways/RC164","RXN-8418","1"
"http://rdf-plantmetwiki.bioinformatics.nl/pathways/RC126","RXNQT-4314","1"
"http://rdf-plantmetwiki.bioinformatics.nl/pathways/RC468","RXN-10884","1"
"http://rdf-plantmetwiki.bioinformatics.nl/pathways/RC861","RXN-9023","1"
"http://rdf-plantmetwiki.bioinformatics.nl/pathways/RC419","RAUCAFFRICINE-BETA-GLUCOSIDASE-RXN","1"
"http://rdf-plantmetwiki.bioinformatics.nl/pathways/RC1218","RXN-12242","1"
"http://rdf-plantmetwiki.bioinformatics.nl/pathways/RC376","RXN-9136","1"
"http://rdf-plantmetwiki.bioinformatics.nl/pathways/RC744","RXN-9565","1"
"http://rdf-plantmetwiki.bioinformatics.nl/pathways/RC1066","RXN-12417","1"
"http://rdf-plantmetwiki.bioinformatics.nl/pathways/PC15","N-glucosylnicotinate metabolism","1"
"http://rdf-plantmetwiki.bioinformatics.nl/pathways/RC865","1.14.13.68-RXN","1"
"http://rdf-plantmetwiki.bioinformatics.nl/pathways/RC1153","RXN-10769","1"
"http://rdf-plantmetwiki.bioinformatics.nl/pathways/RC647","2.7.7.64-RXN","1"
"http://rdf-plantmetwiki.bioinformatics.nl/pathways/RC403","HYDROXYPRODEHYDROG-RXN","1"
"http://rdf-plantmetwiki.bioinformatics.nl/pathways/PC18","genistin gentiobioside biosynthesis","1"
"http://rdf-plantmetwiki.bioinformatics.nl/pathways/RC501","SULFATE-ADENYLYLTRANSFERASE-ADP-RXN","1"
"http://rdf-plantmetwiki.bioinformatics.nl/pathways/RC1295","RXN-10956","1"
"http://rdf-plantmetwiki.bioinformatics.nl/pathways/PC930","dalcochinin biosynthesis","1"
"http://rdf-plantmetwiki.bioinformatics.nl/pathways/RC697","RXN-20169","1"
"http://rdf-plantmetwiki.bioinformatics.nl/pathways/PC518","vernolate biosynthesis II","1"
"http://rdf-plantmetwiki.bioinformatics.nl/pathways/RC482","2.4.1.143-RXN","1"
"http://rdf-plantmetwiki.bioinformatics.nl/pathways/RC346","RXN-11473","1"
"http://rdf-plantmetwiki.bioinformatics.nl/pathways/RC1210","RXN-7002","1"
"http://rdf-plantmetwiki.bioinformatics.nl/pathways/RC682","AMIDASE-RXN","1"
"http://rdf-plantmetwiki.bioinformatics.nl/pathways/PC554","ephedrine biosynthesis","1"
"http://rdf-plantmetwiki.bioinformatics.nl/pathways/PC644","GDP-L-fucose biosynthesis II (from L-fucose)","1"
"http://rdf-plantmetwiki.bioinformatics.nl/pathways/PC1052","crocetin esters biosynthesis","1"
"http://rdf-plantmetwiki.bioinformatics.nl/pathways/RC896","NADH-DEHYDROGENASE-RXN","1"
"http://rdf-plantmetwiki.bioinformatics.nl/pathways/PC365","ginsenoside degradation III","1"
"http://rdf-plantmetwiki.bioinformatics.nl/pathways/RC4","Farnesyl-diphosphate farnesyltransferase","1"
"http://rdf-plantmetwiki.bioinformatics.nl/pathways/PC256","bornyl pyrophosphate biosynthesis","1"
"http://rdf-plantmetwiki.bioinformatics.nl/pathways/RC1279","acyl-ACP:sn-glycerol-3-phosphate 1-O-acyltransferase","1"
"http://rdf-plantmetwiki.bioinformatics.nl/pathways/PC832","indole degradation to anthranil and anthranilate","1"
"http://rdf-plantmetwiki.bioinformatics.nl/pathways/RC1047","RXN-12304","1"
"http://rdf-plantmetwiki.bioinformatics.nl/pathways/RC649","RXN-12127","1"
"http://rdf-plantmetwiki.bioinformatics.nl/pathways/PC59","ergosterol biosynthesis II","1"
"http://rdf-plantmetwiki.bioinformatics.nl/pathways/RC827","3.2.1.153-RXN","1"
"http://rdf-plantmetwiki.bioinformatics.nl/pathways/PC805","diploterol biosynthesis","1"
"http://rdf-plantmetwiki.bioinformatics.nl/pathways/PC1132","willardiine and isowillardiine biosynthesis","1"
"http://rdf-plantmetwiki.bioinformatics.nl/pathways/RC1121","RXN-8094","1"
"http://rdf-plantmetwiki.bioinformatics.nl/pathways/PC954","chrysin biosynthesis","1"
"http://rdf-plantmetwiki.bioinformatics.nl/pathways/RC372","1.14.13.74-RXN","1"
"http://rdf-plantmetwiki.bioinformatics.nl/pathways/RC904","1.14.13.77-RXN","1"
"http://rdf-plantmetwiki.bioinformatics.nl/pathways/RC256","RXN-12645","1"
"http://rdf-plantmetwiki.bioinformatics.nl/pathways/RC1229","1.14.99.37-RXN","1"
"http://rdf-plantmetwiki.bioinformatics.nl/pathways/PC386","(5Z)-icosenoate biosynthesis","1"
"http://rdf-plantmetwiki.bioinformatics.nl/pathways/RC507","RXN-10878","1"
"http://rdf-plantmetwiki.bioinformatics.nl/pathways/RC146","RXN-19639","1"
"http://rdf-plantmetwiki.bioinformatics.nl/pathways/RC29","TRANS-RXN-185","1"
"http://rdf-plantmetwiki.bioinformatics.nl/pathways/PC706","rot-2'-enonate biosynthesis","1"
"http://rdf-plantmetwiki.bioinformatics.nl/pathways/RC1003","RXN-11935","1"
"http://rdf-plantmetwiki.bioinformatics.nl/pathways/PC243","piperine biosynthesis","1"
"http://rdf-plantmetwiki.bioinformatics.nl/pathways/RC538","RXNQT-4394","1"
"http://rdf-plantmetwiki.bioinformatics.nl/pathways/PC732","rotenoid biosynthesis II","1"
"http://rdf-plantmetwiki.bioinformatics.nl/pathways/RC580","RXN-9722","1"
"http://rdf-plantmetwiki.bioinformatics.nl/pathways/PC857","3-methylthiopropanoate biosynthesis","1"
"http://rdf-plantmetwiki.bioinformatics.nl/pathways/RC45","L-ASCORBATE-PEROXIDASE-RXN","1"
"http://rdf-plantmetwiki.bioinformatics.nl/pathways/PC58","selenate reduction","1"
"http://rdf-plantmetwiki.bioinformatics.nl/pathways/RC188","sn-glycerol 3-phosphate:ubiquinone oxidoreductase","1"
"http://rdf-plantmetwiki.bioinformatics.nl/pathways/PC791","D-myo-inositol (1,3,4)-trisphosphate biosynthesis","1"
"http://rdf-plantmetwiki.bioinformatics.nl/pathways/RC206","NUCLEOSIDE-DIP-KIN-RXN","1"
"http://rdf-plantmetwiki.bioinformatics.nl/pathways/PC678","formate assimilation into 5,10-methylenetetrahydrofolate","1"
"http://rdf-plantmetwiki.bioinformatics.nl/pathways/PC86","L-ascorbate degradation IV","1"
"http://rdf-plantmetwiki.bioinformatics.nl/pathways/RC1243","RXN-7617","1"
"http://rdf-plantmetwiki.bioinformatics.nl/pathways/RC175","RXN18C3-111","1"
"http://rdf-plantmetwiki.bioinformatics.nl/pathways/RC226","RXN-6543","1"
"http://rdf-plantmetwiki.bioinformatics.nl/pathways/RC513","RXN-8564","1"
"http://rdf-plantmetwiki.bioinformatics.nl/pathways/RC107","RXN-9332","1"
"http://rdf-plantmetwiki.bioinformatics.nl/pathways/RC200","RXN-18453","1"
"http://rdf-plantmetwiki.bioinformatics.nl/pathways/RC617","RXN-7797","1"
"http://rdf-plantmetwiki.bioinformatics.nl/pathways/PC338","L-glutamate biosynthesis II","1"
"http://rdf-plantmetwiki.bioinformatics.nl/pathways/RC86","GLYC3PDEHYDROG-RXN","1"
"http://rdf-plantmetwiki.bioinformatics.nl/pathways/RC1022","RXN-11225","1"
"http://rdf-plantmetwiki.bioinformatics.nl/pathways/PC817","anthocyanidin 3-malylglucoside biosynthesis (acyl-glucose dependent)","1"
"http://rdf-plantmetwiki.bioinformatics.nl/pathways/RC989","CELLULOSE-SYNTHASE-GDP-FORMING-RXN","1"
"http://rdf-plantmetwiki.bioinformatics.nl/pathways/PC37","cyanide degradation","1"
"http://rdf-plantmetwiki.bioinformatics.nl/pathways/RC1264","RXN-11402","1"
"http://rdf-plantmetwiki.bioinformatics.nl/pathways/RC1025","RXN-9567","1"
"http://rdf-plantmetwiki.bioinformatics.nl/pathways/RC77","RXN-19128","1"
"http://rdf-plantmetwiki.bioinformatics.nl/pathways/RC1219","RXNQT-4383","1"
"http://rdf-plantmetwiki.bioinformatics.nl/pathways/PC879","coumarin metabolism (to melilotic acid)","1"
"http://rdf-plantmetwiki.bioinformatics.nl/pathways/RC852","RXN-15525","1"
"http://rdf-plantmetwiki.bioinformatics.nl/pathways/RC152","SARCOX-RXN","1"
"http://rdf-plantmetwiki.bioinformatics.nl/pathways/RC569","RXN-8349","1"
"http://rdf-plantmetwiki.bioinformatics.nl/pathways/RC182","RXN-5105","1"
"http://rdf-plantmetwiki.bioinformatics.nl/pathways/RC460","RXN-8421","1"
"http://rdf-plantmetwiki.bioinformatics.nl/pathways/RC21","RXN-11670","1"
"http://rdf-plantmetwiki.bioinformatics.nl/pathways/PC799","nitrate reduction II (assimilatory)","1"
"http://rdf-plantmetwiki.bioinformatics.nl/pathways/RC781","RXN-8563","1"
"http://rdf-plantmetwiki.bioinformatics.nl/pathways/RC1261","RXN-8589","1"
"http://rdf-plantmetwiki.bioinformatics.nl/pathways/PC724","canthaxanthin biosynthesis","1"
"http://rdf-plantmetwiki.bioinformatics.nl/pathways/PC161","dTDP-L-rhamnose biosynthesis II","1"
"http://rdf-plantmetwiki.bioinformatics.nl/pathways/RC99","RXN-12847","1"
"http://rdf-plantmetwiki.bioinformatics.nl/pathways/RC26","RXNQT-4379","1"
"http://rdf-plantmetwiki.bioinformatics.nl/pathways/RC910","RXN-19010","1"
"http://rdf-plantmetwiki.bioinformatics.nl/pathways/RC265","RXN4KF-51","1"
"http://rdf-plantmetwiki.bioinformatics.nl/pathways/RC1232","RXN-19008","1"
"http://rdf-plantmetwiki.bioinformatics.nl/pathways/RC814","RXN-8417","1"
"http://rdf-plantmetwiki.bioinformatics.nl/pathways/PC974","labdenediol and sclareol biosynthesis","1"
"http://rdf-plantmetwiki.bioinformatics.nl/pathways/RC733","RXN-8426","1"
"http://rdf-plantmetwiki.bioinformatics.nl/pathways/PC445","6-gingerol biosynthesis","1"
"http://rdf-plantmetwiki.bioinformatics.nl/pathways/RC1175","TRANS-RXN4LZ-7008","1"
"http://rdf-plantmetwiki.bioinformatics.nl/pathways/PC607","saponin biosynthesis II","1"
"http://rdf-plantmetwiki.bioinformatics.nl/pathways/PC481","(+)-secoisolariciresinol diglucoside biosynthesis","1"
"http://rdf-plantmetwiki.bioinformatics.nl/pathways/PC778","sakuranetin biosynthesis","1"
"http://rdf-plantmetwiki.bioinformatics.nl/pathways/PC922","(3E)-4,8-dimethylnona-1,3,7-triene biosynthesis II","1"
"http://rdf-plantmetwiki.bioinformatics.nl/pathways/RC9","RXN-9826","1"
"http://rdf-plantmetwiki.bioinformatics.nl/pathways/RC930","RXNQT-4165","1"
"http://rdf-plantmetwiki.bioinformatics.nl/pathways/RC809","RXN-4230","1"
"http://rdf-plantmetwiki.bioinformatics.nl/pathways/PC534","lampranthin biosynthesis","1"
"http://rdf-plantmetwiki.bioinformatics.nl/pathways/RC39","RXN-12267","1"
"http://rdf-plantmetwiki.bioinformatics.nl/pathways/RC637","RXN-9911","1"
"http://rdf-plantmetwiki.bioinformatics.nl/pathways/RC711","RXN-7860","1"
"http://rdf-plantmetwiki.bioinformatics.nl/pathways/RC761","RXN4LZ-39","1"
"http://rdf-plantmetwiki.bioinformatics.nl/pathways/RC679","2.3.1.162-RXN","1"
"http://rdf-plantmetwiki.bioinformatics.nl/pathways/RC887","RXN-14355","1"
"http://rdf-plantmetwiki.bioinformatics.nl/pathways/PC800","lanosterol biosynthesis","1"
"http://rdf-plantmetwiki.bioinformatics.nl/pathways/RC1194","FUC4NACTRANS-RXN","1"
"http://rdf-plantmetwiki.bioinformatics.nl/pathways/RC258","1.14.13.87-RXN","1"
"http://rdf-plantmetwiki.bioinformatics.nl/pathways/PC530","pterostilbene biosynthesis","1"
"http://rdf-plantmetwiki.bioinformatics.nl/pathways/PC961","tetraacylsucrose biosynthesis (Solanum)","1"
"http://rdf-plantmetwiki.bioinformatics.nl/pathways/PC960","dammara-20,24-diene biosynthesis","1"
"http://rdf-plantmetwiki.bioinformatics.nl/pathways/RC157","ALDHDEHYDROG-RXN","1"
"http://rdf-plantmetwiki.bioinformatics.nl/pathways/RC311","MALTODEG-RXN","1"
"http://rdf-plantmetwiki.bioinformatics.nl/pathways/RC1135","RXNQT-4174","1"
"http://rdf-plantmetwiki.bioinformatics.nl/pathways/RC1227","RXN-18483","1"
"http://rdf-plantmetwiki.bioinformatics.nl/pathways/PC1039","phaseollin biosynthesis","1"
"http://rdf-plantmetwiki.bioinformatics.nl/pathways/RC465","RXN-8556","1"
"http://rdf-plantmetwiki.bioinformatics.nl/pathways/RC964","RXN-19583","1"
"http://rdf-plantmetwiki.bioinformatics.nl/pathways/RC747","RXN-13728","1"
"http://rdf-plantmetwiki.bioinformatics.nl/pathways/RC121","RXN-8428","1"
"http://rdf-plantmetwiki.bioinformatics.nl/pathways/RC579","hydroxypyruvate reductase (NADP+)","1"
"http://rdf-plantmetwiki.bioinformatics.nl/pathways/RC1005","MANNPGUANYLTRANGDP-RXN","1"
"http://rdf-plantmetwiki.bioinformatics.nl/pathways/PC1048","lipoate biosynthesis and incorporation I","1"
"http://rdf-plantmetwiki.bioinformatics.nl/pathways/RC718","RXN-7680","1"
"http://rdf-plantmetwiki.bioinformatics.nl/pathways/RC642","RXN-11233","1"
"http://rdf-plantmetwiki.bioinformatics.nl/pathways/RC793","1.8.4.8-RXN","1"
"http://rdf-plantmetwiki.bioinformatics.nl/pathways/RC125","RXN-7895","1"
"http://rdf-plantmetwiki.bioinformatics.nl/pathways/RC252","1.14.15.6-RXN","1"
"http://rdf-plantmetwiki.bioinformatics.nl/pathways/RC1117","RXN-10886","1"
"http://rdf-plantmetwiki.bioinformatics.nl/pathways/RC408","RXN-3541","1"
"http://rdf-plantmetwiki.bioinformatics.nl/pathways/RC447","1.3.7.2-RXN","1"
"http://rdf-plantmetwiki.bioinformatics.nl/pathways/RC174","UDP-GLUCURONOSYLTRANSFERASE-RXN","1"
"http://rdf-plantmetwiki.bioinformatics.nl/pathways/PC524","cis-calamenene related sesquiterpenoids biosynthesis","1"
"http://rdf-plantmetwiki.bioinformatics.nl/pathways/RC1099","RXN-8548","1"
"http://rdf-plantmetwiki.bioinformatics.nl/pathways/RC798","RXN-7181","1"
"http://rdf-plantmetwiki.bioinformatics.nl/pathways/RC1012","RXN-8980","1"
"http://rdf-plantmetwiki.bioinformatics.nl/pathways/RC59","RXN-12202","1"
"http://rdf-plantmetwiki.bioinformatics.nl/pathways/PC248","gallate biosynthesis","1"
"http://rdf-plantmetwiki.bioinformatics.nl/pathways/RC238","RXN18C3-110","1"
"http://rdf-plantmetwiki.bioinformatics.nl/pathways/RC676","[phosphoenolpyruvate carboxylase] kinase","1"
"http://rdf-plantmetwiki.bioinformatics.nl/pathways/RC595","ARYL-ALCOHOL-DEHYDROGENASE-NADP+-RXN","1"
"http://rdf-plantmetwiki.bioinformatics.nl/pathways/RC746","RXN-1403","1"
"http://rdf-plantmetwiki.bioinformatics.nl/pathways/RC10","RXN-18259","1"
"http://rdf-plantmetwiki.bioinformatics.nl/pathways/RC450","RXN-8737","1"
"http://rdf-plantmetwiki.bioinformatics.nl/pathways/RC686","3.1.4.37-RXN","1"
"http://rdf-plantmetwiki.bioinformatics.nl/pathways/RC1208","RXN-982","1"
"http://rdf-plantmetwiki.bioinformatics.nl/pathways/RC215","7KAPSYN-RXN","1"
"http://rdf-plantmetwiki.bioinformatics.nl/pathways/RC429","RXN3O-4157","1"
"http://rdf-plantmetwiki.bioinformatics.nl/pathways/PC741","patchoulol biosynthesis","1"
"http://rdf-plantmetwiki.bioinformatics.nl/pathways/RC1143","RXN-11230","1"
"http://rdf-plantmetwiki.bioinformatics.nl/pathways/RC789","3',5'-O-dimethyltricetin 4&prime;-O-methyltransferase","1"
"http://rdf-plantmetwiki.bioinformatics.nl/pathways/RC517","RXN-7878","1"
"http://rdf-plantmetwiki.bioinformatics.nl/pathways/PC57","hordatine biosynthesis","1"
"http://rdf-plantmetwiki.bioinformatics.nl/pathways/RC677","RXN-5741","1"
"http://rdf-plantmetwiki.bioinformatics.nl/pathways/RC869","RXN-4222","1"
"http://rdf-plantmetwiki.bioinformatics.nl/pathways/PC1155","fructose 2,6-bisphosphate biosynthesis","1"
"http://rdf-plantmetwiki.bioinformatics.nl/pathways/RC672","FAD-PYROPHOSPHATASE-RXN","1"
"http://rdf-plantmetwiki.bioinformatics.nl/pathways/PC786","crepenynate biosynthesis","1"
"http://rdf-plantmetwiki.bioinformatics.nl/pathways/RC695","ACETYL-COA-CARBOXYLTRANSFER-RXN","1"
"http://rdf-plantmetwiki.bioinformatics.nl/pathways/RC1065","RXN-4602","1"
"http://rdf-plantmetwiki.bioinformatics.nl/pathways/RC624","RXN-20026","1"
"http://rdf-plantmetwiki.bioinformatics.nl/pathways/RC721","RXN-11223","1"
"http://rdf-plantmetwiki.bioinformatics.nl/pathways/RC778","3.5.1.60-RXN","1"
"http://rdf-plantmetwiki.bioinformatics.nl/pathways/PC506","sterculate biosynthesis","1"
"http://rdf-plantmetwiki.bioinformatics.nl/pathways/RC49","RXN-7897","1"
"http://rdf-plantmetwiki.bioinformatics.nl/pathways/PC21","olivetol biosynthesis","1"
"http://rdf-plantmetwiki.bioinformatics.nl/pathways/PC462","cadmium transport I","1"
"http://rdf-plantmetwiki.bioinformatics.nl/pathways/RC412","RXN-8345","1"
"http://rdf-plantmetwiki.bioinformatics.nl/pathways/PC901","ponciretin biosynthesis","1"
"http://rdf-plantmetwiki.bioinformatics.nl/pathways/RC270","RXN-6545","1"
"http://rdf-plantmetwiki.bioinformatics.nl/pathways/RC994","TRANS-RXN4LZ-7054","1"
"http://rdf-plantmetwiki.bioinformatics.nl/pathways/RC791","RXN-8332","1"
"http://rdf-plantmetwiki.bioinformatics.nl/pathways/RC1085","RXN-12124","1"
"http://rdf-plantmetwiki.bioinformatics.nl/pathways/RC139","METHIONINE-GAMMA-LYASE-RXN","1"
"http://rdf-plantmetwiki.bioinformatics.nl/pathways/RC556","RXN-10733","1"
"http://rdf-plantmetwiki.bioinformatics.nl/pathways/RC656","RXN-12201","1"
"http://rdf-plantmetwiki.bioinformatics.nl/pathways/PC869","diphyllin biosynthesis","1"
"http://rdf-plantmetwiki.bioinformatics.nl/pathways/RC912","RXN4KF-54","1"
"http://rdf-plantmetwiki.bioinformatics.nl/pathways/RC1189","RXNQT-4168","1"
"http://rdf-plantmetwiki.bioinformatics.nl/pathways/PC126","furcatin degradation","1"
"http://rdf-plantmetwiki.bioinformatics.nl/pathways/RC205","CYTOCHROME-B5-REDUCTASE-RXN","1"
"http://rdf-plantmetwiki.bioinformatics.nl/pathways/PC753","glutaminyl-tRNAglⁿ biosynthesis via transamidation","1"
"http://rdf-plantmetwiki.bioinformatics.nl/pathways/RC296","ARGININE-2-MONOOXYGENASE-RXN","1"
"http://rdf-plantmetwiki.bioinformatics.nl/pathways/PC717","eudesmol biosynthesis","1"
"http://rdf-plantmetwiki.bioinformatics.nl/pathways/PC963","kievitone biosynthesis","1"
"http://rdf-plantmetwiki.bioinformatics.nl/pathways/PC226","pinitol biosynthesis I","1"
"http://rdf-plantmetwiki.bioinformatics.nl/pathways/RC563","RXN-8423","1"
"http://rdf-plantmetwiki.bioinformatics.nl/pathways/RC428","RXN-14981","1"
"http://rdf-plantmetwiki.bioinformatics.nl/pathways/RC948","RXN-19005","1"
"http://rdf-plantmetwiki.bioinformatics.nl/pathways/RC1133","AMP-DEPHOSPHORYLATION-RXN","1"
"http://rdf-plantmetwiki.bioinformatics.nl/pathways/RC572","RXN-11668","1"
"http://rdf-plantmetwiki.bioinformatics.nl/pathways/PC1057","magnoflorine biosynthesis","1"
"http://rdf-plantmetwiki.bioinformatics.nl/pathways/PC1046","L-ornithine biosynthesis II","1"
"http://rdf-plantmetwiki.bioinformatics.nl/pathways/PC4","UDP-α-D-galactose biosynthesis","1"
"http://rdf-plantmetwiki.bioinformatics.nl/pathways/RC911","RXN-12078","1"
"http://rdf-plantmetwiki.bioinformatics.nl/pathways/RC1282","RXN-14058","1"
"http://rdf-plantmetwiki.bioinformatics.nl/pathways/RC1263","2.4.1.101-RXN","1"
"http://rdf-plantmetwiki.bioinformatics.nl/pathways/PC565","L-asparagine biosynthesis III (tRNA-dependent)","1"
"http://rdf-plantmetwiki.bioinformatics.nl/pathways/PC802","salicylate biosynthesis III","1"
"http://rdf-plantmetwiki.bioinformatics.nl/pathways/PC201","betanidin degradation","1"
"http://rdf-plantmetwiki.bioinformatics.nl/pathways/RC1148","RXN-4231","1"
"http://rdf-plantmetwiki.bioinformatics.nl/pathways/RC442","RXN-12363","1"
"http://rdf-plantmetwiki.bioinformatics.nl/pathways/PC1091","lathyrine biosynthesis","1"
"http://rdf-plantmetwiki.bioinformatics.nl/pathways/RC799","RXN-7893","1"
"http://rdf-plantmetwiki.bioinformatics.nl/pathways/RC574","RXN-13956","1"
"http://rdf-plantmetwiki.bioinformatics.nl/pathways/PC618","nitrite reduction (hemoglobin)","1"
"http://rdf-plantmetwiki.bioinformatics.nl/pathways/RC559","RXN-12325","1"
"http://rdf-plantmetwiki.bioinformatics.nl/pathways/RC897","RXN-14660","1"
"http://rdf-plantmetwiki.bioinformatics.nl/pathways/PC1117","pyrimidine deoxyribonucleotide phosphorylation","1"
"http://rdf-plantmetwiki.bioinformatics.nl/pathways/PC617","purine uptake","1"
"http://rdf-plantmetwiki.bioinformatics.nl/pathways/PC1133","esculetin biosynthesis","1"
"http://rdf-plantmetwiki.bioinformatics.nl/pathways/RC371","2.7.9.5-RXN","1"
"http://rdf-plantmetwiki.bioinformatics.nl/pathways/RC949","RXNQT-4375","1"
"http://rdf-plantmetwiki.bioinformatics.nl/pathways/PC699","sapienate biosynthesis","1"
"http://rdf-plantmetwiki.bioinformatics.nl/pathways/RC932","RXN18C3-114","1"
"http://rdf-plantmetwiki.bioinformatics.nl/pathways/PC198","GDP-L-fucose biosynthesis I (from GDP-D-mannose)","1"
"http://rdf-plantmetwiki.bioinformatics.nl/pathways/RC838","Formaldehyde dehydrogenase (glutathione)","1"
"http://rdf-plantmetwiki.bioinformatics.nl/pathways/RC395","RXN0-5363","1"
"http://rdf-plantmetwiki.bioinformatics.nl/pathways/RC597","RXN-2207","1"
"http://rdf-plantmetwiki.bioinformatics.nl/pathways/RC613","(9Z,11E,14Z)-(13S)-hydroperoxyoctadeca-9,11,14-trienoate 12,13-hydro-lyase","1"
"http://rdf-plantmetwiki.bioinformatics.nl/pathways/RC239","RXN-12099","1"
"http://rdf-plantmetwiki.bioinformatics.nl/pathways/RC720","ACYLACPSYNTH-RXN","1"
"http://rdf-plantmetwiki.bioinformatics.nl/pathways/RC1119","RXN-8557","1"
"http://rdf-plantmetwiki.bioinformatics.nl/pathways/RC947","PROLINE-MULTI","1"
"http://rdf-plantmetwiki.bioinformatics.nl/pathways/PC1160","ricinoleate biosynthesis","1"
"http://rdf-plantmetwiki.bioinformatics.nl/pathways/RC954","RXN-18444","1"
"http://rdf-plantmetwiki.bioinformatics.nl/pathways/PC733","ajugose biosynthesis II (galactinol-independent)","1"
"http://rdf-plantmetwiki.bioinformatics.nl/pathways/PC249","calystegine biosynthesis","1"
"http://rdf-plantmetwiki.bioinformatics.nl/pathways/RC808","RXN-4181","1"
"http://rdf-plantmetwiki.bioinformatics.nl/pathways/RC856","RXN-18451","1"
"http://rdf-plantmetwiki.bioinformatics.nl/pathways/PC761","L-glutamate biosynthesis IV","1"
"http://rdf-plantmetwiki.bioinformatics.nl/pathways/RC1015","NUCLEOSIDE-TRIPHOSPHATASE-RXN","1"
"http://rdf-plantmetwiki.bioinformatics.nl/pathways/RC1234","RXN0-5185","1"
"http://rdf-plantmetwiki.bioinformatics.nl/pathways/RC272","choline monooxygenase (NADP)","1"
"http://rdf-plantmetwiki.bioinformatics.nl/pathways/RC75","1.1.1.271-RXN","1"
"http://rdf-plantmetwiki.bioinformatics.nl/pathways/RC156","RXNQT-4382","1"
"http://rdf-plantmetwiki.bioinformatics.nl/pathways/RC364","TRANS-RXN4LZ-45","1"
"http://rdf-plantmetwiki.bioinformatics.nl/pathways/RC399","TRANS-RXN-187","1"
"http://rdf-plantmetwiki.bioinformatics.nl/pathways/RC443","RXN-7920","1"
"http://rdf-plantmetwiki.bioinformatics.nl/pathways/PC924","4-aminobutanoate degradation I","1"
"http://rdf-plantmetwiki.bioinformatics.nl/pathways/PC452","dimethylsulfoniopropanoate biosynthesis III (algae and phytoplankton)","1"
"http://rdf-plantmetwiki.bioinformatics.nl/pathways/RC1186","RXN-7891","1"
"http://rdf-plantmetwiki.bioinformatics.nl/pathways/RC155","RXN-19007","1"
"http://rdf-plantmetwiki.bioinformatics.nl/pathways/RC27","RXN-6546","1"
"http://rdf-plantmetwiki.bioinformatics.nl/pathways/RC60","RXN-7877","1"
"http://rdf-plantmetwiki.bioinformatics.nl/pathways/PC54","L-proline biosynthesis III (from L-ornithine)","1"
"http://rdf-plantmetwiki.bioinformatics.nl/pathways/RC1291","RXN-10885","1"
"http://rdf-plantmetwiki.bioinformatics.nl/pathways/RC1033","RXN-10868","1"
"http://rdf-plantmetwiki.bioinformatics.nl/pathways/RC222","RXN-7883","1"
"http://rdf-plantmetwiki.bioinformatics.nl/pathways/PC913","ricinoleate biosynthesis","1"
"http://rdf-plantmetwiki.bioinformatics.nl/pathways/RC1114","RXN-12085","1"
"http://rdf-plantmetwiki.bioinformatics.nl/pathways/RC1122","RXNQT-4385","1"
"http://rdf-plantmetwiki.bioinformatics.nl/pathways/PC499","ubiquinol-9 biosynthesis (late decarboxylation)","1"
"http://rdf-plantmetwiki.bioinformatics.nl/pathways/RC284","3.6.3.35-RXN","1"
"http://rdf-plantmetwiki.bioinformatics.nl/pathways/RC554","RXN-5122","1"
"http://rdf-plantmetwiki.bioinformatics.nl/pathways/RC179","RXN-6841","1"
"http://rdf-plantmetwiki.bioinformatics.nl/pathways/RC991","RXN-10887","1"
"http://rdf-plantmetwiki.bioinformatics.nl/pathways/RC1090","RXN-7826","1"
"http://rdf-plantmetwiki.bioinformatics.nl/pathways/PC910","dihydroconiferyl alcohol biosynthesis","1"
"http://rdf-plantmetwiki.bioinformatics.nl/pathways/RC909","RXN-1826","1"
"http://rdf-plantmetwiki.bioinformatics.nl/pathways/RC765","RXN-10772","1"
"http://rdf-plantmetwiki.bioinformatics.nl/pathways/RC719","RXN-10869","1"
"http://rdf-plantmetwiki.bioinformatics.nl/pathways/PC737","UTP and CTP dephosphorylation II","1"
"http://rdf-plantmetwiki.bioinformatics.nl/pathways/RC1087","RXN-4224","1"
"http://rdf-plantmetwiki.bioinformatics.nl/pathways/PC441","3-amino-3-phenylpropanoyl-CoA biosynthesis","1"
"http://rdf-plantmetwiki.bioinformatics.nl/pathways/PC368","phenylethanol glycoconjugate biosynthesis","1"
"http://rdf-plantmetwiki.bioinformatics.nl/pathways/RC499","TRANS-RXN4LZ-4","1"
"http://rdf-plantmetwiki.bioinformatics.nl/pathways/RC753","4-NITROPHENYLPHOSPHATASE-RXN","1"
"http://rdf-plantmetwiki.bioinformatics.nl/pathways/RC545","PROSTAGLANDIN-E-SYNTHASE-RXN","1"
"http://rdf-plantmetwiki.bioinformatics.nl/pathways/PC559","pentaketide chromone biosynthesis","1"
"http://rdf-plantmetwiki.bioinformatics.nl/pathways/RC937","RXN-14332","1"
"http://rdf-plantmetwiki.bioinformatics.nl/pathways/RC475","RXN-13507","1"
"http://rdf-plantmetwiki.bioinformatics.nl/pathways/RC725","RXN-7876","1"
"http://rdf-plantmetwiki.bioinformatics.nl/pathways/RC614","RXN-13959","1"
"http://rdf-plantmetwiki.bioinformatics.nl/pathways/PC239","mimosine biosynthesis","1"
"http://rdf-plantmetwiki.bioinformatics.nl/pathways/RC667","RXN-5102","1"
"http://rdf-plantmetwiki.bioinformatics.nl/pathways/RC671","RXN-6547","1"
"http://rdf-plantmetwiki.bioinformatics.nl/pathways/RC594","RXN-12892","1"
"http://rdf-plantmetwiki.bioinformatics.nl/pathways/PC1084","A series fagopyritols biosynthesis","1"
"http://rdf-plantmetwiki.bioinformatics.nl/pathways/RC812","RXN-8424","1"
"http://rdf-plantmetwiki.bioinformatics.nl/pathways/RC958","1.14.19.1-RXN","1"
"http://rdf-plantmetwiki.bioinformatics.nl/pathways/PC469","molybdenum cofactor sulfulylation (eukaryotes)","1"
"http://rdf-plantmetwiki.bioinformatics.nl/pathways/RC942","DCYSDESULF-RXN","1"
"http://rdf-plantmetwiki.bioinformatics.nl/pathways/PC1010","glycine cleavage","1"
"http://rdf-plantmetwiki.bioinformatics.nl/pathways/PC8","L-canavanine degradation I","1"
"http://rdf-plantmetwiki.bioinformatics.nl/pathways/PC918","santalene biosynthesis I","1"
"http://rdf-plantmetwiki.bioinformatics.nl/pathways/RC420","RXN-8543","1"
"http://rdf-plantmetwiki.bioinformatics.nl/pathways/RC701","RXN-8038","1"
"http://rdf-plantmetwiki.bioinformatics.nl/pathways/PC387","saponin biosynthesis III","1"
"http://rdf-plantmetwiki.bioinformatics.nl/pathways/RC1262","phenolic oxidative coupling protein","1"
"http://rdf-plantmetwiki.bioinformatics.nl/pathways/RC618","RXN0-4401","1"
"http://rdf-plantmetwiki.bioinformatics.nl/pathways/PC861","maysin biosynthesis","1"
"http://rdf-plantmetwiki.bioinformatics.nl/pathways/PC528","pyruvate fermentation to (S)-lactate","1"
"http://rdf-plantmetwiki.bioinformatics.nl/pathways/RC123","ATPASE-RXN","1"
"http://rdf-plantmetwiki.bioinformatics.nl/pathways/RC470","RXN-13373","1"
"http://rdf-plantmetwiki.bioinformatics.nl/pathways/RC109","RXN-7875","1"
"http://rdf-plantmetwiki.bioinformatics.nl/pathways/RC186","NADH dehydrogenase (ubiquinone)","1"
"http://rdf-plantmetwiki.bioinformatics.nl/pathways/RC306","RXN-10794","1"
"http://rdf-plantmetwiki.bioinformatics.nl/pathways/PC1008","pyrethrin I biosynthesis","1"
"http://rdf-plantmetwiki.bioinformatics.nl/pathways/RC785","Epoxide hydrolase","1"
"http://rdf-plantmetwiki.bioinformatics.nl/pathways/PC655","3,4-dihydroxymandelonitrile β-D-glucose biosynthesis","1"
"http://rdf-plantmetwiki.bioinformatics.nl/pathways/PC27","xylogalacturonan biosynthesis","1"
"http://rdf-plantmetwiki.bioinformatics.nl/pathways/RC918","2.8.1.6-RXN","1"
"http://rdf-plantmetwiki.bioinformatics.nl/pathways/RC870","RXN-8544","1"
"http://rdf-plantmetwiki.bioinformatics.nl/pathways/RC815","Isovaleryl-CoA dehydrogenase","1"
"http://rdf-plantmetwiki.bioinformatics.nl/pathways/RC383","RXNQT-4372","1"
"http://rdf-plantmetwiki.bioinformatics.nl/pathways/RC444","Protoporphyrinogen oxidase","1"
"http://rdf-plantmetwiki.bioinformatics.nl/pathways/RC1060","RXN1F-72","1"
"http://rdf-plantmetwiki.bioinformatics.nl/pathways/RC885","RXN-8354","1"
"http://rdf-plantmetwiki.bioinformatics.nl/pathways/RC737","RXN-12185","1"
"http://rdf-plantmetwiki.bioinformatics.nl/pathways/RC729","3.5.1.52-RXN","1"
"http://rdf-plantmetwiki.bioinformatics.nl/pathways/RC1293","RXN-18212","1"
"http://rdf-plantmetwiki.bioinformatics.nl/pathways/RC1257","RXN-8071","1"
"http://rdf-plantmetwiki.bioinformatics.nl/pathways/RC301","RXN-12332","1"
"http://rdf-plantmetwiki.bioinformatics.nl/pathways/RC1075","myristoyl-ACP hydrolase activity","1"
"http://rdf-plantmetwiki.bioinformatics.nl/pathways/RC33","RXN-8545","1"
"http://rdf-plantmetwiki.bioinformatics.nl/pathways/PC866","rose anthocyanin biosynthesis I (via cyanidin 5-O-β-D-glucoside)","1"
"http://rdf-plantmetwiki.bioinformatics.nl/pathways/RC361","RXN-4221","1"
"http://rdf-plantmetwiki.bioinformatics.nl/pathways/RC766","RXN-15556","1"
"http://rdf-plantmetwiki.bioinformatics.nl/pathways/PC235","β-alanine biosynthesis II","1"
"http://rdf-plantmetwiki.bioinformatics.nl/pathways/PC72","camalexin biosynthesis","1"
"http://rdf-plantmetwiki.bioinformatics.nl/pathways/PC598","phosphatidylinositol biosynthesis II (eukaryotes)","1"
"http://rdf-plantmetwiki.bioinformatics.nl/pathways/PC736","starch degradation I","1"
"http://rdf-plantmetwiki.bioinformatics.nl/pathways/RC694","RXN18C3-112","1"
"http://rdf-plantmetwiki.bioinformatics.nl/pathways/RC425","PHOSPHATIDYLINOSITOL-3-PHOSPHATASE-RXN","1"
"http://rdf-plantmetwiki.bioinformatics.nl/pathways/RC1269","RXN-13192","1"
"http://rdf-plantmetwiki.bioinformatics.nl/pathways/PC603","salicin biosynthesis","1"
"http://rdf-plantmetwiki.bioinformatics.nl/pathways/RC95","3.2.1.7-RXN","1"
"http://rdf-plantmetwiki.bioinformatics.nl/pathways/RC928","RXN-18383","1"
"http://rdf-plantmetwiki.bioinformatics.nl/pathways/RC1276","LACCASE-RXN","1"
"http://rdf-plantmetwiki.bioinformatics.nl/pathways/RC943","INOSINEKIN-RXN","1"
"http://rdf-plantmetwiki.bioinformatics.nl/pathways/RC378","RXN-8419","1"
"http://rdf-plantmetwiki.bioinformatics.nl/pathways/PC984","taxiphyllin bioactivation","1"
"http://rdf-plantmetwiki.bioinformatics.nl/pathways/PC865","plumbagin biosynthesis","1"
"http://rdf-plantmetwiki.bioinformatics.nl/pathways/RC965","RXN-12883","1"
"http://rdf-plantmetwiki.bioinformatics.nl/pathways/RC773","RXNQT-4178","1"
"http://rdf-plantmetwiki.bioinformatics.nl/pathways/RC63","phenolic oxidative coupling protein","1"
"http://rdf-plantmetwiki.bioinformatics.nl/pathways/RC1013","RXN-10873","1"
"http://rdf-plantmetwiki.bioinformatics.nl/pathways/PC1030","phenylpropanoid volatiles glycoconjugation (tomato)","1"
"http://rdf-plantmetwiki.bioinformatics.nl/pathways/RC1160","RXN-4402","1"
"http://rdf-plantmetwiki.bioinformatics.nl/pathways/RC846","3.2.1.23-RXN","1"
"http://rdf-plantmetwiki.bioinformatics.nl/pathways/RC1113","RXN-7183","1"
"http://rdf-plantmetwiki.bioinformatics.nl/pathways/RC290","1.3.7.5-RXN","1"
"http://rdf-plantmetwiki.bioinformatics.nl/pathways/RC128","1.14.13.76-RXN","1"
"http://rdf-plantmetwiki.bioinformatics.nl/pathways/RC140","RXN-13334","1"
"http://rdf-plantmetwiki.bioinformatics.nl/pathways/PC556","hypericin biosynthesis","1"
"http://rdf-plantmetwiki.bioinformatics.nl/pathways/RC312","6-phospho-&beta;-fructofuranosidase","1"
"http://rdf-plantmetwiki.bioinformatics.nl/pathways/RC273","ACYLPHOSPHATASE-RXN","1"
"http://rdf-plantmetwiki.bioinformatics.nl/pathways/RC1199","CINNAMYL-ALCOHOL-DEHYDROGENASE-RXN","1"
"http://rdf-plantmetwiki.bioinformatics.nl/pathways/PC444","8-oxo-(d)GTP detoxification I","1"
"http://rdf-plantmetwiki.bioinformatics.nl/pathways/PC403","lupinate biosynthesis","1"
"http://rdf-plantmetwiki.bioinformatics.nl/pathways/RC406","RXN-10811","1"
"http://rdf-plantmetwiki.bioinformatics.nl/pathways/PC1061","aromatic glucosinolate activation","1"
"http://rdf-plantmetwiki.bioinformatics.nl/pathways/RC670","ADPSUGPPHOSPHAT-RXN","1"
"http://rdf-plantmetwiki.bioinformatics.nl/pathways/RC478","RXN-1302","1"
"http://rdf-plantmetwiki.bioinformatics.nl/pathways/RC986","RXN-1824","1"
"http://rdf-plantmetwiki.bioinformatics.nl/pathways/PC394","gramine biosynthesis","1"
"http://rdf-plantmetwiki.bioinformatics.nl/pathways/RC1124","RXN-8571","1"
"http://rdf-plantmetwiki.bioinformatics.nl/pathways/RC446","RXN4FS-5","1"
"http://rdf-plantmetwiki.bioinformatics.nl/pathways/RC605","2-HEXADECENAL-REDUCTASE-RXN","1"
"http://rdf-plantmetwiki.bioinformatics.nl/pathways/RC571","RXN-7740","1"
"http://rdf-plantmetwiki.bioinformatics.nl/pathways/PC874","gentisate 5-O-β-D-xylopyranoside biosynthesis","1"
"http://rdf-plantmetwiki.bioinformatics.nl/pathways/RC630","RXN-8855","1"
"http://rdf-plantmetwiki.bioinformatics.nl/pathways/RC358","luteolin 8-hydroxylase","1"
"http://rdf-plantmetwiki.bioinformatics.nl/pathways/RC194","RXN-19656","1"
"http://rdf-plantmetwiki.bioinformatics.nl/pathways/RC830","RXN-10453","1"
"http://rdf-plantmetwiki.bioinformatics.nl/pathways/PC983","L-ornithine biosynthesis I","1"
"http://rdf-plantmetwiki.bioinformatics.nl/pathways/RC402","RXN-11271","1"
"http://rdf-plantmetwiki.bioinformatics.nl/pathways/PC711","UDP-α-D-galacturonate biosynthesis I (from UDP-D-glucuronate)","1"
"http://rdf-plantmetwiki.bioinformatics.nl/pathways/RC1181","GUANOSINE-DIPHOSPHATASE-RXN","1"
"http://rdf-plantmetwiki.bioinformatics.nl/pathways/RC278","RXN-4301","1"
"http://rdf-plantmetwiki.bioinformatics.nl/pathways/RC114","RXN-13187","1"
"http://rdf-plantmetwiki.bioinformatics.nl/pathways/RC655","hexaprenyldihydroxybenzoate methyltransferase","1"
"http://rdf-plantmetwiki.bioinformatics.nl/pathways/RC88","CARDIOLIPSYN-RXN","1"
"http://rdf-plantmetwiki.bioinformatics.nl/pathways/PC127","pinolenate and coniferonate biosynthesis","1"
"http://rdf-plantmetwiki.bioinformatics.nl/pathways/RC740","RXN-19011","1"
"http://rdf-plantmetwiki.bioinformatics.nl/pathways/PC853","gibberellin inactivation III (epoxidation)","1"
"http://rdf-plantmetwiki.bioinformatics.nl/pathways/RC404","RXN1F-152","1"
"http://rdf-plantmetwiki.bioinformatics.nl/pathways/RC72","RXN-10783","1"
"http://rdf-plantmetwiki.bioinformatics.nl/pathways/RC881","Glycerol-3-phosphate dehydrogenase","1"
"http://rdf-plantmetwiki.bioinformatics.nl/pathways/RC751","RXN-10880","1"
"http://rdf-plantmetwiki.bioinformatics.nl/pathways/RC584","RXN-8431","1"
"http://rdf-plantmetwiki.bioinformatics.nl/pathways/RC55","RXN-11937","1"
"http://rdf-plantmetwiki.bioinformatics.nl/pathways/RC154","1.5.1.7-RXN","1"
"http://rdf-plantmetwiki.bioinformatics.nl/pathways/PC111","dalpatein and dalnigrein biosynthesis","1"
"http://rdf-plantmetwiki.bioinformatics.nl/pathways/RC236","2.6.1.57-RXN","1"
"http://rdf-plantmetwiki.bioinformatics.nl/pathways/RC1250","THREDEHYD-RXN","1"
"http://rdf-plantmetwiki.bioinformatics.nl/pathways/PC48","indican biosynthesis","1"
"http://rdf-plantmetwiki.bioinformatics.nl/pathways/RC978","3-OXOACYL-ACP-SYNTH-BASE-RXN","1"
"http://rdf-plantmetwiki.bioinformatics.nl/pathways/PC148","lysine degradation III","1"
"http://rdf-plantmetwiki.bioinformatics.nl/pathways/RC1081","GARTRANSFORMYL2-RXN","1"
"http://rdf-plantmetwiki.bioinformatics.nl/pathways/RC706","RXN-19657","1"
"http://rdf-plantmetwiki.bioinformatics.nl/pathways/RC585","3.2.1.114-RXN","1"
"http://rdf-plantmetwiki.bioinformatics.nl/pathways/RC576","RXN-4208","1"
"http://rdf-plantmetwiki.bioinformatics.nl/pathways/PC747","marneral biosynthesis","1"
"http://rdf-plantmetwiki.bioinformatics.nl/pathways/PC900","acetyl-CoA biosynthesis from citrate","1"
"http://rdf-plantmetwiki.bioinformatics.nl/pathways/RC84","1-pyrroline-5-carboxylate dehydrogenase","1"
"http://rdf-plantmetwiki.bioinformatics.nl/pathways/RC1092","RXN-8247","1"
"http://rdf-plantmetwiki.bioinformatics.nl/pathways/RC1244","RXN-10770","1"
"http://rdf-plantmetwiki.bioinformatics.nl/pathways/RC127","RXN-11265","1"
"http://rdf-plantmetwiki.bioinformatics.nl/pathways/PC685","malonly-CoA biosynthesis via biotin-carboxyl carrier protein","1"
"http://rdf-plantmetwiki.bioinformatics.nl/pathways/PC329","glycerol degradation I","1"
"http://rdf-plantmetwiki.bioinformatics.nl/pathways/PC434","guanine and guanosine salvage III","1"
"http://rdf-plantmetwiki.bioinformatics.nl/pathways/PC569","(R)-canadine biosynthesis","1"
"http://rdf-plantmetwiki.bioinformatics.nl/pathways/RC705","RXNQT-4316","1"
"http://rdf-plantmetwiki.bioinformatics.nl/pathways/RC1145","RXN-8622","1"
"http://rdf-plantmetwiki.bioinformatics.nl/pathways/RC1057","RXNQT-4384","1"
"http://rdf-plantmetwiki.bioinformatics.nl/pathways/RC171","RXN-7892","1"
"http://rdf-plantmetwiki.bioinformatics.nl/pathways/RC490","RXN-9081","1"
"http://rdf-plantmetwiki.bioinformatics.nl/pathways/PC1017","biotin biosynthesis from 8-amino-7-oxononanoate I","1"
"http://rdf-plantmetwiki.bioinformatics.nl/pathways/PC165","calycosin 7-O-glucoside biosynthesis","1"
"http://rdf-plantmetwiki.bioinformatics.nl/pathways/RC892","RXN18C3-109","1"
"http://rdf-plantmetwiki.bioinformatics.nl/pathways/RC888","RXN-8560","1"
"http://rdf-plantmetwiki.bioinformatics.nl/pathways/RC1283","3.2.1.3-RXN","1"
"http://rdf-plantmetwiki.bioinformatics.nl/pathways/PC628","Fe(II)-nicotianamine transport in phloem","1"
"http://rdf-plantmetwiki.bioinformatics.nl/pathways/RC680","2.7.9.4-RXN","1"
"http://rdf-plantmetwiki.bioinformatics.nl/pathways/PC1154","adenosine 5'-phosphoramidate biosynthesis","1"
"http://rdf-plantmetwiki.bioinformatics.nl/pathways/RC1273","RXN-12309","1"
"http://rdf-plantmetwiki.bioinformatics.nl/pathways/RC533","RXN-10874","1"
"http://rdf-plantmetwiki.bioinformatics.nl/pathways/RC818","RXN-3103","1"
"http://rdf-plantmetwiki.bioinformatics.nl/pathways/RC437","CINNAMOYL-COA-REDUCTASE-RXN","1"
"http://rdf-plantmetwiki.bioinformatics.nl/pathways/PC1087","diacylglyceryl-N,N,N-trimethylhomoserine biosynthesis","1"
"http://rdf-plantmetwiki.bioinformatics.nl/pathways/RC925","RXNQT-4171","1"
"http://rdf-plantmetwiki.bioinformatics.nl/pathways/RC750","RXN-7673","1"
"http://rdf-plantmetwiki.bioinformatics.nl/pathways/RC433","RXNQT-4315","1"
"http://rdf-plantmetwiki.bioinformatics.nl/pathways/RC489","RXN-11400","1"
"http://rdf-plantmetwiki.bioinformatics.nl/pathways/RC717","RXN-2043","1"
"http://rdf-plantmetwiki.bioinformatics.nl/pathways/PC966","DIMBOA-glucoside activation","1"
"http://rdf-plantmetwiki.bioinformatics.nl/pathways/RC967","RXN-12838","1"
"http://rdf-plantmetwiki.bioinformatics.nl/pathways/RC161","RXN-7894","1"
"http://rdf-plantmetwiki.bioinformatics.nl/pathways/RC1248","RXN-19006","1"
"http://rdf-plantmetwiki.bioinformatics.nl/pathways/PC932","cis-zeatin biosynthesis","1"
"http://rdf-plantmetwiki.bioinformatics.nl/pathways/RC621","12-ALPHA-L-FUCOSIDASE-RXN","1"
"http://rdf-plantmetwiki.bioinformatics.nl/pathways/PC1137","glycolate and glyoxylate degradation II","1"
"http://rdf-plantmetwiki.bioinformatics.nl/pathways/RC635","RXN-10938","1"
"http://rdf-plantmetwiki.bioinformatics.nl/pathways/RC52","RXN-8602","1"
"http://rdf-plantmetwiki.bioinformatics.nl/pathways/RC148","RXN-10879","1"
"http://rdf-plantmetwiki.bioinformatics.nl/pathways/PC896","ent-kaurene biosynthesis II","1"
"http://rdf-plantmetwiki.bioinformatics.nl/pathways/RC833","3.2.1.24-RXN","1"
"http://rdf-plantmetwiki.bioinformatics.nl/pathways/RC759","RXN-8355","1"
"http://rdf-plantmetwiki.bioinformatics.nl/pathways/RC287","RXN-13196","1"
"http://rdf-plantmetwiki.bioinformatics.nl/pathways/RC992","RXN0-5040","1"
"http://rdf-plantmetwiki.bioinformatics.nl/pathways/PC764","indole-3-acetate inactivation I","1"
"http://rdf-plantmetwiki.bioinformatics.nl/pathways/RC1270","MONOPHENOL-MONOOXYGENASE-RXN","1"
"http://rdf-plantmetwiki.bioinformatics.nl/pathways/RC1256","RXN-12392","1"
"http://rdf-plantmetwiki.bioinformatics.nl/pathways/RC353","RXN-15355","1"
"http://rdf-plantmetwiki.bioinformatics.nl/pathways/PC362","aloenin biosynthesis","1"
"http://rdf-plantmetwiki.bioinformatics.nl/pathways/RC831","RXN-11936","1"
"http://rdf-plantmetwiki.bioinformatics.nl/pathways/RC1188","ESTRADIOL-17-BETA-DEHYDROGENASE-RXN","1"
"http://rdf-plantmetwiki.bioinformatics.nl/pathways/RC1147","KETOLACTOSE-RXN","1"
"http://rdf-plantmetwiki.bioinformatics.nl/pathways/PC1024","pyruvate decarboxylation to acetyl CoA I","1"
"http://rdf-plantmetwiki.bioinformatics.nl/pathways/RC108","RXNQT-4393","1"
