"pwID","title"
"http://rdf-plantmetwiki.bioinformatics.nl/pathways/PC1","reductive TCA cycle I"
"http://rdf-plantmetwiki.bioinformatics.nl/pathways/PC10","lutein biosynthesis"
"http://rdf-plantmetwiki.bioinformatics.nl/pathways/PC100","salidroside biosynthesis"
"http://rdf-plantmetwiki.bioinformatics.nl/pathways/PC1000","icosapentaenoate biosynthesis I (lower eukaryotes)"
"http://rdf-plantmetwiki.bioinformatics.nl/pathways/PC1001","fatty acid α-oxidation I (plants)"
"http://rdf-plantmetwiki.bioinformatics.nl/pathways/PC1002","nevadensin biosynthesis"
"http://rdf-plantmetwiki.bioinformatics.nl/pathways/PC1003","caffeoylglucarate biosynthesis"
"http://rdf-plantmetwiki.bioinformatics.nl/pathways/PC1004","caffeine degradation I (main, plants)"
"http://rdf-plantmetwiki.bioinformatics.nl/pathways/PC1005","galactolipid biosynthesis I"
"http://rdf-plantmetwiki.bioinformatics.nl/pathways/PC1006","linustatin bioactivation"
"http://rdf-plantmetwiki.bioinformatics.nl/pathways/PC1007","costunolide biosynthesis"
"http://rdf-plantmetwiki.bioinformatics.nl/pathways/PC1008","pyrethrin I biosynthesis"
"http://rdf-plantmetwiki.bioinformatics.nl/pathways/PC1009","indole-3-acetate inactivation VIII"
"http://rdf-plantmetwiki.bioinformatics.nl/pathways/PC101","glutathione-peroxide redox reactions"
"http://rdf-plantmetwiki.bioinformatics.nl/pathways/PC1010","glycine cleavage"
"http://rdf-plantmetwiki.bioinformatics.nl/pathways/PC1011","mannitol biosynthesis"
"http://rdf-plantmetwiki.bioinformatics.nl/pathways/PC1012","guanosine ribonucleotides de novo biosynthesis"
"http://rdf-plantmetwiki.bioinformatics.nl/pathways/PC1013","5-deoxystrigol biosynthesis"
"http://rdf-plantmetwiki.bioinformatics.nl/pathways/PC1014","D-mannose degradation I"
"http://rdf-plantmetwiki.bioinformatics.nl/pathways/PC1015","pyridoxal 5'-phosphate salvage II (plants)"
"http://rdf-plantmetwiki.bioinformatics.nl/pathways/PC1016","molybdopterin biosynthesis"
"http://rdf-plantmetwiki.bioinformatics.nl/pathways/PC1017","biotin biosynthesis from 8-amino-7-oxononanoate I"
"http://rdf-plantmetwiki.bioinformatics.nl/pathways/PC1018","2-O-acetyl-3-O-trans-coutarate biosynthesis"
"http://rdf-plantmetwiki.bioinformatics.nl/pathways/PC1019","phaselate biosynthesis"
"http://rdf-plantmetwiki.bioinformatics.nl/pathways/PC102","lipid-dependent phytate biosynthesis I (via Ins(1,4,5)P₃)"
"http://rdf-plantmetwiki.bioinformatics.nl/pathways/PC1020","L-alanine degradation III"
"http://rdf-plantmetwiki.bioinformatics.nl/pathways/PC1021","superpathway of anthocyanin biosynthesis (from delphinidin 3-O-glucoside)"
"http://rdf-plantmetwiki.bioinformatics.nl/pathways/PC1022","orientin and isoorientin biosynthesis I"
"http://rdf-plantmetwiki.bioinformatics.nl/pathways/PC1023","Inorganic Nitrogen Assimilation"
"http://rdf-plantmetwiki.bioinformatics.nl/pathways/PC1024","pyruvate decarboxylation to acetyl CoA I"
"http://rdf-plantmetwiki.bioinformatics.nl/pathways/PC1025","isoflavonoid biosynthesis I"
"http://rdf-plantmetwiki.bioinformatics.nl/pathways/PC1026","raspberry ketone biosynthesis"
"http://rdf-plantmetwiki.bioinformatics.nl/pathways/PC1027","benzoyl-β-D-glucopyranose biosynthesis"
"http://rdf-plantmetwiki.bioinformatics.nl/pathways/PC1028","superpathway of benzoxazinoid glucosides biosynthesis"
"http://rdf-plantmetwiki.bioinformatics.nl/pathways/PC1029","glycine biosynthesis I"
"http://rdf-plantmetwiki.bioinformatics.nl/pathways/PC103","thiazole component of thiamine pyrophosphate biosynthesis III"
"http://rdf-plantmetwiki.bioinformatics.nl/pathways/PC1030","phenylpropanoid volatiles glycoconjugation (tomato)"
"http://rdf-plantmetwiki.bioinformatics.nl/pathways/PC1031","urate conversion to allantoin I"
"http://rdf-plantmetwiki.bioinformatics.nl/pathways/PC1032","urea degradation II"
"http://rdf-plantmetwiki.bioinformatics.nl/pathways/PC1033","adenine and adenosine salvage II"
"http://rdf-plantmetwiki.bioinformatics.nl/pathways/PC1034","NAD de novo biosynthesis I"
"http://rdf-plantmetwiki.bioinformatics.nl/pathways/PC1035","superpathway of purine nucleotides de novo biosynthesis I"
"http://rdf-plantmetwiki.bioinformatics.nl/pathways/PC1036","diacylglycerol biosynthesis (PUFA enrichment in oilseed)"
"http://rdf-plantmetwiki.bioinformatics.nl/pathways/PC1037","steviol biosynthesis"
"http://rdf-plantmetwiki.bioinformatics.nl/pathways/PC1038","folate polyglutamylation II"
"http://rdf-plantmetwiki.bioinformatics.nl/pathways/PC1039","phaseollin biosynthesis"
"http://rdf-plantmetwiki.bioinformatics.nl/pathways/PC104","baruol biosynthesis"
"http://rdf-plantmetwiki.bioinformatics.nl/pathways/PC1040","superpathway of ergosterol biosynthesis II"
"http://rdf-plantmetwiki.bioinformatics.nl/pathways/PC1041","homophytochelatin biosynthesis"
"http://rdf-plantmetwiki.bioinformatics.nl/pathways/PC1042","acacetin biosynthesis"
"http://rdf-plantmetwiki.bioinformatics.nl/pathways/PC1043","glucosinolate biosynthesis from trihomomethionine"
"http://rdf-plantmetwiki.bioinformatics.nl/pathways/PC1044","pentose phosphate pathway (oxidative branch) I"
"http://rdf-plantmetwiki.bioinformatics.nl/pathways/PC1045","superpathway of diterpene resin acids biosynthesis"
"http://rdf-plantmetwiki.bioinformatics.nl/pathways/PC1046","L-ornithine biosynthesis II"
"http://rdf-plantmetwiki.bioinformatics.nl/pathways/PC1047","farnesylcysteine salvage pathway"
"http://rdf-plantmetwiki.bioinformatics.nl/pathways/PC1048","lipoate biosynthesis and incorporation I"
"http://rdf-plantmetwiki.bioinformatics.nl/pathways/PC1049","cytokinins 7-N-glucoside biosynthesis"
"http://rdf-plantmetwiki.bioinformatics.nl/pathways/PC105","kaempferol diglycoside biosynthesis (pollen-specific)"
"http://rdf-plantmetwiki.bioinformatics.nl/pathways/PC1050","chalcone 2'-O-glucoside biosynthesis"
"http://rdf-plantmetwiki.bioinformatics.nl/pathways/PC1051","beta-carboline biosynthesis"
"http://rdf-plantmetwiki.bioinformatics.nl/pathways/PC1052","crocetin esters biosynthesis"
"http://rdf-plantmetwiki.bioinformatics.nl/pathways/PC1053","hydroxylated fatty acid biosynthesis (plants)"
"http://rdf-plantmetwiki.bioinformatics.nl/pathways/PC1054","wax esters biosynthesis I"
"http://rdf-plantmetwiki.bioinformatics.nl/pathways/PC1055","coumarin biosynthesis (via 2-coumarate)"
"http://rdf-plantmetwiki.bioinformatics.nl/pathways/PC1056","superpathway of ammonia assimilation (plants)"
"http://rdf-plantmetwiki.bioinformatics.nl/pathways/PC1057","magnoflorine biosynthesis"
"http://rdf-plantmetwiki.bioinformatics.nl/pathways/PC1058","aloesone and aloesin biosynthesis"
"http://rdf-plantmetwiki.bioinformatics.nl/pathways/PC1059","chlorogenic acid biosynthesis II"
"http://rdf-plantmetwiki.bioinformatics.nl/pathways/PC106","α-carotene biosynthesis"
"http://rdf-plantmetwiki.bioinformatics.nl/pathways/PC1060","(S)-reticuline biosynthesis I"
"http://rdf-plantmetwiki.bioinformatics.nl/pathways/PC1061","aromatic glucosinolate activation"
"http://rdf-plantmetwiki.bioinformatics.nl/pathways/PC1062","(4R)-carvone biosynthesis"
"http://rdf-plantmetwiki.bioinformatics.nl/pathways/PC1063","melibiose degradation"
"http://rdf-plantmetwiki.bioinformatics.nl/pathways/PC1064","galactosylcyclitol biosynthesis"
"http://rdf-plantmetwiki.bioinformatics.nl/pathways/PC1065","UTP and CTP de novo biosynthesis"
"http://rdf-plantmetwiki.bioinformatics.nl/pathways/PC1066","L-homomethionine biosynthesis"
"http://rdf-plantmetwiki.bioinformatics.nl/pathways/PC1067","betacyanin biosynthesis"
"http://rdf-plantmetwiki.bioinformatics.nl/pathways/PC1068","hydroxymethylpyrimidine salvage"
"http://rdf-plantmetwiki.bioinformatics.nl/pathways/PC1069","S-adenosyl-L-methionine salvage II"
"http://rdf-plantmetwiki.bioinformatics.nl/pathways/PC107","L-ascorbate biosynthesis II (plants, L-gulose pathway)"
"http://rdf-plantmetwiki.bioinformatics.nl/pathways/PC1070","caffeine biosynthesis II (via paraxanthine)"
"http://rdf-plantmetwiki.bioinformatics.nl/pathways/PC1071","quercetin glucoside degradation (Allium)"
"http://rdf-plantmetwiki.bioinformatics.nl/pathways/PC1072","curcumene biosynthesis"
"http://rdf-plantmetwiki.bioinformatics.nl/pathways/PC1073","acylsucrose biosynthesis (Solanum habrochaites)"
"http://rdf-plantmetwiki.bioinformatics.nl/pathways/PC1074","superpathway of pterocarpan biosynthesis (via daidzein)"
"http://rdf-plantmetwiki.bioinformatics.nl/pathways/PC1075","gibberellin inactivation II (methylation)"
"http://rdf-plantmetwiki.bioinformatics.nl/pathways/PC1076","nitric oxide biosynthesis I (plants)"
"http://rdf-plantmetwiki.bioinformatics.nl/pathways/PC1077","adlupulone and adhumulone biosynthesis"
"http://rdf-plantmetwiki.bioinformatics.nl/pathways/PC1078","labdane-type diterpenes biosynthesis"
"http://rdf-plantmetwiki.bioinformatics.nl/pathways/PC1079","propanethial S-oxide biosynthesis"
"http://rdf-plantmetwiki.bioinformatics.nl/pathways/PC108","indole-3-acetate inactivation VI"
"http://rdf-plantmetwiki.bioinformatics.nl/pathways/PC1080","seleno-amino acid detoxification and volatilization III"
"http://rdf-plantmetwiki.bioinformatics.nl/pathways/PC1081","inosine-5'-phosphate biosynthesis II"
"http://rdf-plantmetwiki.bioinformatics.nl/pathways/PC1082","adenosine ribonucleotides de novo biosynthesis"
"http://rdf-plantmetwiki.bioinformatics.nl/pathways/PC1083","anthocyanin biosynthesis (pelargonidin 3-O-glucoside)"
"http://rdf-plantmetwiki.bioinformatics.nl/pathways/PC1084","A series fagopyritols biosynthesis"
"http://rdf-plantmetwiki.bioinformatics.nl/pathways/PC1085","oxalate degradation IV"
"http://rdf-plantmetwiki.bioinformatics.nl/pathways/PC1086","1D-myo-inositol hexakisphosphate biosynthesis I (from Ins(1,4,5)P3)"
"http://rdf-plantmetwiki.bioinformatics.nl/pathways/PC1087","diacylglyceryl-N,N,N-trimethylhomoserine biosynthesis"
"http://rdf-plantmetwiki.bioinformatics.nl/pathways/PC1088","superpathway of tetrahydrofolate biosynthesis"
"http://rdf-plantmetwiki.bioinformatics.nl/pathways/PC1089","superpathway of carotenoid biosynthesis in plants"
"http://rdf-plantmetwiki.bioinformatics.nl/pathways/PC109","avenacin A-1 biosynthesis"
"http://rdf-plantmetwiki.bioinformatics.nl/pathways/PC1090","kaempferol gentiobioside biosynthesis"
"http://rdf-plantmetwiki.bioinformatics.nl/pathways/PC1091","lathyrine biosynthesis"
"http://rdf-plantmetwiki.bioinformatics.nl/pathways/PC1092","phosphatidylglycerol biosynthesis II"
"http://rdf-plantmetwiki.bioinformatics.nl/pathways/PC1093","coumestrol biosynthesis"
"http://rdf-plantmetwiki.bioinformatics.nl/pathways/PC1094","thioredoxin pathway"
"http://rdf-plantmetwiki.bioinformatics.nl/pathways/PC1095","CDP-diacylglycerol biosynthesis IV"
"http://rdf-plantmetwiki.bioinformatics.nl/pathways/PC1096","L-citrulline biosynthesis"
"http://rdf-plantmetwiki.bioinformatics.nl/pathways/PC1097","superpathway of methylsalicylate metabolism"
"http://rdf-plantmetwiki.bioinformatics.nl/pathways/PC1098","stachyose biosynthesis"
"http://rdf-plantmetwiki.bioinformatics.nl/pathways/PC1099","superpathway of acylsucrose biosynthesis (cultivated tomato)"
"http://rdf-plantmetwiki.bioinformatics.nl/pathways/PC11","L-phenylalanine biosynthesis II"
"http://rdf-plantmetwiki.bioinformatics.nl/pathways/PC110","hydrogen production VIII"
"http://rdf-plantmetwiki.bioinformatics.nl/pathways/PC1100","phenylethanol biosynthesis"
"http://rdf-plantmetwiki.bioinformatics.nl/pathways/PC1101","L-methionine biosynthesis II"
"http://rdf-plantmetwiki.bioinformatics.nl/pathways/PC1102","sucrose degradation II (sucrose synthase)"
"http://rdf-plantmetwiki.bioinformatics.nl/pathways/PC1103","thiamine pyrophosphate biosynthesis IV (eukaryotes)"
"http://rdf-plantmetwiki.bioinformatics.nl/pathways/PC1104","rosmarinic acid biosynthesis I"
"http://rdf-plantmetwiki.bioinformatics.nl/pathways/PC1105","homospermidine biosynthesis I"
"http://rdf-plantmetwiki.bioinformatics.nl/pathways/PC1106","1,3,5-trimethoxybenzene biosynthesis"
"http://rdf-plantmetwiki.bioinformatics.nl/pathways/PC1107","polymethylated quercetin glucoside biosynthesis I-quercetin series (Chrysosplenium)"
"http://rdf-plantmetwiki.bioinformatics.nl/pathways/PC1108","umbelliferone biosynthesis"
"http://rdf-plantmetwiki.bioinformatics.nl/pathways/PC1109","superpathway of coenzyme A biosynthesis II (plants)"
"http://rdf-plantmetwiki.bioinformatics.nl/pathways/PC111","dalpatein and dalnigrein biosynthesis"
"http://rdf-plantmetwiki.bioinformatics.nl/pathways/PC1110","gentiodelphin biosynthesis"
"http://rdf-plantmetwiki.bioinformatics.nl/pathways/PC1111","ascorbate glutathione cycle"
"http://rdf-plantmetwiki.bioinformatics.nl/pathways/PC1112","glucosinolate activation"
"http://rdf-plantmetwiki.bioinformatics.nl/pathways/PC1113","L-isoleucine biosynthesis I (from threonine)"
"http://rdf-plantmetwiki.bioinformatics.nl/pathways/PC1114","L-alanine biosynthesis III"
"http://rdf-plantmetwiki.bioinformatics.nl/pathways/PC1115","volatile benzenoid biosynthesis I (ester formation)"
"http://rdf-plantmetwiki.bioinformatics.nl/pathways/PC1116","justicidin B biosynthesis"
"http://rdf-plantmetwiki.bioinformatics.nl/pathways/PC1117","pyrimidine deoxyribonucleotide phosphorylation"
"http://rdf-plantmetwiki.bioinformatics.nl/pathways/PC1118","usnate biosynthesis"
"http://rdf-plantmetwiki.bioinformatics.nl/pathways/PC1119","β-alanine betaine biosynthesis"
"http://rdf-plantmetwiki.bioinformatics.nl/pathways/PC112","acyl-[acyl-carrier protein] thioesterase pathway"
"http://rdf-plantmetwiki.bioinformatics.nl/pathways/PC1120","superpathway of pterocarpan biosynthesis (via formononetin)"
"http://rdf-plantmetwiki.bioinformatics.nl/pathways/PC1121","γ-glutamyl cycle (plant pathway)"
"http://rdf-plantmetwiki.bioinformatics.nl/pathways/PC1122","superpathway of pantothenate and coenzymeA biosynthesis"
"http://rdf-plantmetwiki.bioinformatics.nl/pathways/PC1123","chorismate biosynthesis from 3-dehydroquinate"
"http://rdf-plantmetwiki.bioinformatics.nl/pathways/PC1124","aromatic polyketides biosynthesis"
"http://rdf-plantmetwiki.bioinformatics.nl/pathways/PC1125","geraniol and geranial biosynthesis"
"http://rdf-plantmetwiki.bioinformatics.nl/pathways/PC1126","L-tyrosine biosynthesis II"
"http://rdf-plantmetwiki.bioinformatics.nl/pathways/PC1127","4-amino-2-methyl-5-diphosphomethylpyrimidine biosynthesis I"
"http://rdf-plantmetwiki.bioinformatics.nl/pathways/PC1128","oligomeric urushiol biosynthesis"
"http://rdf-plantmetwiki.bioinformatics.nl/pathways/PC1129","vernolate biosynthesis III"
"http://rdf-plantmetwiki.bioinformatics.nl/pathways/PC113","casbene biosynthesis"
"http://rdf-plantmetwiki.bioinformatics.nl/pathways/PC1130","betaxanthin biosynthesis (via dopaxanthin)"
"http://rdf-plantmetwiki.bioinformatics.nl/pathways/PC1131","linoleate biosynthesis I (plants)"
"http://rdf-plantmetwiki.bioinformatics.nl/pathways/PC1132","willardiine and isowillardiine biosynthesis"
"http://rdf-plantmetwiki.bioinformatics.nl/pathways/PC1133","esculetin biosynthesis"
"http://rdf-plantmetwiki.bioinformatics.nl/pathways/PC1134","UDP-α-D-glucuronate biosynthesis (from myo-inositol)"
"http://rdf-plantmetwiki.bioinformatics.nl/pathways/PC1135","amaranthin biosynthesis"
"http://rdf-plantmetwiki.bioinformatics.nl/pathways/PC1136","phytochelatins biosynthesis"
"http://rdf-plantmetwiki.bioinformatics.nl/pathways/PC1137","glycolate and glyoxylate degradation II"
"http://rdf-plantmetwiki.bioinformatics.nl/pathways/PC1138","CDP-diacylglycerol biosynthesis II"
"http://rdf-plantmetwiki.bioinformatics.nl/pathways/PC1139","curcuminoid biosynthesis"
"http://rdf-plantmetwiki.bioinformatics.nl/pathways/PC114","superpathway of pyrimidine deoxyribonucleotides de novo biosynthesis"
"http://rdf-plantmetwiki.bioinformatics.nl/pathways/PC1140","indole-3-acetate inactivation VII"
"http://rdf-plantmetwiki.bioinformatics.nl/pathways/PC1141","artemisinin and arteannuin B biosynthesis"
"http://rdf-plantmetwiki.bioinformatics.nl/pathways/PC1142","2-methylketone biosynthesis"
"http://rdf-plantmetwiki.bioinformatics.nl/pathways/PC1143","luteolin glycosides biosynthesis"
"http://rdf-plantmetwiki.bioinformatics.nl/pathways/PC1144","dTDP-β-L-rhamnose biosynthesis"
"http://rdf-plantmetwiki.bioinformatics.nl/pathways/PC1145","baicalein degradation (hydrogen peroxide detoxification)"
"http://rdf-plantmetwiki.bioinformatics.nl/pathways/PC1146","Organic Nitrogen Assimilation"
"http://rdf-plantmetwiki.bioinformatics.nl/pathways/PC1147","quercetin triglucoside biosynthesis"
"http://rdf-plantmetwiki.bioinformatics.nl/pathways/PC1148","valencene and 7-epi-α-selinene biosynthesis"
"http://rdf-plantmetwiki.bioinformatics.nl/pathways/PC1149","seleno-amino acid detoxification and volatilization I"
"http://rdf-plantmetwiki.bioinformatics.nl/pathways/PC115","ent-kaurene biosynthesis I"
"http://rdf-plantmetwiki.bioinformatics.nl/pathways/PC1150","abscisic acid degradation to neophaseic acid"
"http://rdf-plantmetwiki.bioinformatics.nl/pathways/PC1151","2-oxoisovalerate decarboxylation to isobutanoyl-CoA"
"http://rdf-plantmetwiki.bioinformatics.nl/pathways/PC1152","neoabietic acid biosynthesis"
"http://rdf-plantmetwiki.bioinformatics.nl/pathways/PC1153","oleanolate biosynthesis"
"http://rdf-plantmetwiki.bioinformatics.nl/pathways/PC1154","adenosine 5'-phosphoramidate biosynthesis"
"http://rdf-plantmetwiki.bioinformatics.nl/pathways/PC1155","fructose 2,6-bisphosphate biosynthesis"
"http://rdf-plantmetwiki.bioinformatics.nl/pathways/PC1156","(-)-maackiain biosynthesis"
"http://rdf-plantmetwiki.bioinformatics.nl/pathways/PC1157","sporopollenin precursors biosynthesis"
"http://rdf-plantmetwiki.bioinformatics.nl/pathways/PC1158","ethanol degradation IV"
"http://rdf-plantmetwiki.bioinformatics.nl/pathways/PC1159","shisonin biosynthesis"
"http://rdf-plantmetwiki.bioinformatics.nl/pathways/PC116","chlorogenic acid biosynthesis I"
"http://rdf-plantmetwiki.bioinformatics.nl/pathways/PC1160","ricinoleate biosynthesis"
"http://rdf-plantmetwiki.bioinformatics.nl/pathways/PC1161","phylloquinol biosynthesis"
"http://rdf-plantmetwiki.bioinformatics.nl/pathways/PC1162","bergamotene biosynthesis I"
"http://rdf-plantmetwiki.bioinformatics.nl/pathways/PC117","L-selenocysteine biosynthesis II (archaea and eukaryotes)"
"http://rdf-plantmetwiki.bioinformatics.nl/pathways/PC118","lysine degradation II"
"http://rdf-plantmetwiki.bioinformatics.nl/pathways/PC119","emetine biosynthesis"
"http://rdf-plantmetwiki.bioinformatics.nl/pathways/PC12","5-aminoimidazole ribonucleotide biosynthesis I"
"http://rdf-plantmetwiki.bioinformatics.nl/pathways/PC120","indole-3-acetate inactivation III"
"http://rdf-plantmetwiki.bioinformatics.nl/pathways/PC121","berberine biosynthesis"
"http://rdf-plantmetwiki.bioinformatics.nl/pathways/PC122","indole glucosinolate activation (herbivore attack)"
"http://rdf-plantmetwiki.bioinformatics.nl/pathways/PC123","theobromine biosynthesis I"
"http://rdf-plantmetwiki.bioinformatics.nl/pathways/PC124","pentagalloylglucose biosynthesis"
"http://rdf-plantmetwiki.bioinformatics.nl/pathways/PC125","pyrimidine deoxyribonucleotides de novo biosynthesis I"
"http://rdf-plantmetwiki.bioinformatics.nl/pathways/PC126","furcatin degradation"
"http://rdf-plantmetwiki.bioinformatics.nl/pathways/PC127","pinolenate and coniferonate biosynthesis"
"http://rdf-plantmetwiki.bioinformatics.nl/pathways/PC128","L-arginine degradation I (arginase pathway)"
"http://rdf-plantmetwiki.bioinformatics.nl/pathways/PC129","linamarin degradation"
"http://rdf-plantmetwiki.bioinformatics.nl/pathways/PC13","choline degradation I"
"http://rdf-plantmetwiki.bioinformatics.nl/pathways/PC130","prunasin and amygdalin biosynthesis"
"http://rdf-plantmetwiki.bioinformatics.nl/pathways/PC131","serinol biosynthesis"
"http://rdf-plantmetwiki.bioinformatics.nl/pathways/PC132","S-methyl-L-methionine cycle"
"http://rdf-plantmetwiki.bioinformatics.nl/pathways/PC133","dehydroabietic acid biosynthesis"
"http://rdf-plantmetwiki.bioinformatics.nl/pathways/PC134","caffeine degradation II"
"http://rdf-plantmetwiki.bioinformatics.nl/pathways/PC135","phytochromobilin biosynthesis"
"http://rdf-plantmetwiki.bioinformatics.nl/pathways/PC136","hydroxycinnamic acid serotonin amides biosynthesis"
"http://rdf-plantmetwiki.bioinformatics.nl/pathways/PC137","phosphate acquisition"
"http://rdf-plantmetwiki.bioinformatics.nl/pathways/PC138","phosphopantothenate biosynthesis I"
"http://rdf-plantmetwiki.bioinformatics.nl/pathways/PC139","isoprene biosynthesis II (engineered)"
"http://rdf-plantmetwiki.bioinformatics.nl/pathways/PC14","kaempferol glycoside biosynthesis (Arabidopsis)"
"http://rdf-plantmetwiki.bioinformatics.nl/pathways/PC140","violdelphin biosynthesis"
"http://rdf-plantmetwiki.bioinformatics.nl/pathways/PC141","spermine and spermidine degradation III"
"http://rdf-plantmetwiki.bioinformatics.nl/pathways/PC142","superpathway of indole-3-acetate conjugate biosynthesis"
"http://rdf-plantmetwiki.bioinformatics.nl/pathways/PC143","glucosinolate biosynthesis from pentahomomethionine"
"http://rdf-plantmetwiki.bioinformatics.nl/pathways/PC144","pentose phosphate pathway"
"http://rdf-plantmetwiki.bioinformatics.nl/pathways/PC145","cis-abienol biosynthesis"
"http://rdf-plantmetwiki.bioinformatics.nl/pathways/PC146","serotonin and melatonin biosynthesis I"
"http://rdf-plantmetwiki.bioinformatics.nl/pathways/PC147","cuticular wax biosynthesis"
"http://rdf-plantmetwiki.bioinformatics.nl/pathways/PC148","lysine degradation III"
"http://rdf-plantmetwiki.bioinformatics.nl/pathways/PC149","phosphatidylserine and phosphatidylethanolamine biosynthesis I"
"http://rdf-plantmetwiki.bioinformatics.nl/pathways/PC15","N-glucosylnicotinate metabolism"
"http://rdf-plantmetwiki.bioinformatics.nl/pathways/PC150","6-gingerol analog biosynthesis (engineered)"
"http://rdf-plantmetwiki.bioinformatics.nl/pathways/PC151","secologanin and strictosidine biosynthesis"
"http://rdf-plantmetwiki.bioinformatics.nl/pathways/PC152","superpathway of geranylgeranylpyrophosphate biosynthesis I (via mevalonate)"
"http://rdf-plantmetwiki.bioinformatics.nl/pathways/PC153","choline biosynthesis I"
"http://rdf-plantmetwiki.bioinformatics.nl/pathways/PC154","indole-3-acetate inactivation V"
"http://rdf-plantmetwiki.bioinformatics.nl/pathways/PC155","superpathway of lipid-dependent phytate biosynthesis"
"http://rdf-plantmetwiki.bioinformatics.nl/pathways/PC156","acetate and ATP formation from acetyl-CoA II"
"http://rdf-plantmetwiki.bioinformatics.nl/pathways/PC157","benzoate biosynthesis III (CoA-dependent, non-β-oxidative)"
"http://rdf-plantmetwiki.bioinformatics.nl/pathways/PC158","glutamate removal from folates"
"http://rdf-plantmetwiki.bioinformatics.nl/pathways/PC159","capsaicin biosynthesis"
"http://rdf-plantmetwiki.bioinformatics.nl/pathways/PC16","UDP-α-D-glucuronate biosynthesis (from UDP-glucose)"
"http://rdf-plantmetwiki.bioinformatics.nl/pathways/PC160","cardenolide glucosides biosynthesis"
"http://rdf-plantmetwiki.bioinformatics.nl/pathways/PC161","dTDP-L-rhamnose biosynthesis II"
"http://rdf-plantmetwiki.bioinformatics.nl/pathways/PC162","betulinate biosynthesis"
"http://rdf-plantmetwiki.bioinformatics.nl/pathways/PC163","L-arginine biosynthesis I (via L-ornithine)"
"http://rdf-plantmetwiki.bioinformatics.nl/pathways/PC164","uracil degradation I (reductive)"
"http://rdf-plantmetwiki.bioinformatics.nl/pathways/PC165","calycosin 7-O-glucoside biosynthesis"
"http://rdf-plantmetwiki.bioinformatics.nl/pathways/PC166","phytosterol biosynthesis (plants)"
"http://rdf-plantmetwiki.bioinformatics.nl/pathways/PC167","ternatin C3 biosynthesis"
"http://rdf-plantmetwiki.bioinformatics.nl/pathways/PC168","anthocyanin biosynthesis"
"http://rdf-plantmetwiki.bioinformatics.nl/pathways/PC169","Amaryllidacea alkaloids biosynthesis"
"http://rdf-plantmetwiki.bioinformatics.nl/pathways/PC17","photorespiration I"
"http://rdf-plantmetwiki.bioinformatics.nl/pathways/PC170","indole-3-acetate inactivation VIII"
"http://rdf-plantmetwiki.bioinformatics.nl/pathways/PC171","ureide biosynthesis"
"http://rdf-plantmetwiki.bioinformatics.nl/pathways/PC172","L-arginine biosynthesis II (acetyl cycle)"
"http://rdf-plantmetwiki.bioinformatics.nl/pathways/PC173","glucosinolate biosynthesis from homomethionine"
"http://rdf-plantmetwiki.bioinformatics.nl/pathways/PC174","naringenin C-glucosylation"
"http://rdf-plantmetwiki.bioinformatics.nl/pathways/PC175","bixin biosynthesis"
"http://rdf-plantmetwiki.bioinformatics.nl/pathways/PC176","wighteone and luteone biosynthesis"
"http://rdf-plantmetwiki.bioinformatics.nl/pathways/PC177","cyanidin diglucoside biosynthesis (acyl-glucose dependent)"
"http://rdf-plantmetwiki.bioinformatics.nl/pathways/PC178","quercetin glucoside biosynthesis (Allium)"
"http://rdf-plantmetwiki.bioinformatics.nl/pathways/PC179","S-methyl-5-thio-α-D-ribose 1-phosphate degradation I"
"http://rdf-plantmetwiki.bioinformatics.nl/pathways/PC18","genistin gentiobioside biosynthesis"
"http://rdf-plantmetwiki.bioinformatics.nl/pathways/PC180","glycolysis I (from glucose 6-phosphate)"
"http://rdf-plantmetwiki.bioinformatics.nl/pathways/PC181","methylbutenol biosynthesis"
"http://rdf-plantmetwiki.bioinformatics.nl/pathways/PC182","superpathway of linalool biosynthesis"
"http://rdf-plantmetwiki.bioinformatics.nl/pathways/PC183","glutathione-mediated detoxification II"
"http://rdf-plantmetwiki.bioinformatics.nl/pathways/PC184","NAD de novo biosynthesis II (from tryptophan)"
"http://rdf-plantmetwiki.bioinformatics.nl/pathways/PC185","cannabinoid biosynthesis"
"http://rdf-plantmetwiki.bioinformatics.nl/pathways/PC186","VTC2 cycle"
"http://rdf-plantmetwiki.bioinformatics.nl/pathways/PC187","sucrose biosynthesis II"
"http://rdf-plantmetwiki.bioinformatics.nl/pathways/PC188","rotenoid biosynthesis I"
"http://rdf-plantmetwiki.bioinformatics.nl/pathways/PC189","UMP biosynthesis I"
"http://rdf-plantmetwiki.bioinformatics.nl/pathways/PC19","ginsenosides biosynthesis"
"http://rdf-plantmetwiki.bioinformatics.nl/pathways/PC190","palmitoleate biosynthesis II (plants and bacteria)"
"http://rdf-plantmetwiki.bioinformatics.nl/pathways/PC191","gibberellin biosynthesis II (early C-3 hydroxylation)"
"http://rdf-plantmetwiki.bioinformatics.nl/pathways/PC192","L-asparagine degradation I"
"http://rdf-plantmetwiki.bioinformatics.nl/pathways/PC193","benzoylanthranilate biosynthesis"
"http://rdf-plantmetwiki.bioinformatics.nl/pathways/PC194","glyoxylate cycle"
"http://rdf-plantmetwiki.bioinformatics.nl/pathways/PC195","phosphatidylglycerol biosynthesis I"
"http://rdf-plantmetwiki.bioinformatics.nl/pathways/PC196","terminal olefins biosynthesis II"
"http://rdf-plantmetwiki.bioinformatics.nl/pathways/PC197","abscisic acid biosynthesis"
"http://rdf-plantmetwiki.bioinformatics.nl/pathways/PC198","GDP-L-fucose biosynthesis I (from GDP-D-mannose)"
"http://rdf-plantmetwiki.bioinformatics.nl/pathways/PC199","(-)-4'-demethyl-epipodophyllotoxin biosynthesis"
"http://rdf-plantmetwiki.bioinformatics.nl/pathways/PC2","quercetin gentiotetraside biosynthesis"
"http://rdf-plantmetwiki.bioinformatics.nl/pathways/PC20","epoxysqualene biosynthesis"
"http://rdf-plantmetwiki.bioinformatics.nl/pathways/PC200","CA1P biosynthesis"
"http://rdf-plantmetwiki.bioinformatics.nl/pathways/PC201","betanidin degradation"
"http://rdf-plantmetwiki.bioinformatics.nl/pathways/PC202","xylan biosynthesis"
"http://rdf-plantmetwiki.bioinformatics.nl/pathways/PC203","β-alanine biosynthesis I"
"http://rdf-plantmetwiki.bioinformatics.nl/pathways/PC204","2-carboxy-1,4-naphthoquinol biosynthesis"
"http://rdf-plantmetwiki.bioinformatics.nl/pathways/PC205","indole-3-acetate biosynthesis II"
"http://rdf-plantmetwiki.bioinformatics.nl/pathways/PC206","capsanthin and capsorubin biosynthesis"
"http://rdf-plantmetwiki.bioinformatics.nl/pathways/PC207","petroselinate biosynthesis"
"http://rdf-plantmetwiki.bioinformatics.nl/pathways/PC208","fructan biosynthesis"
"http://rdf-plantmetwiki.bioinformatics.nl/pathways/PC209","superpathway of jasmonoyl-amino acid conjugates biosynthesis"
"http://rdf-plantmetwiki.bioinformatics.nl/pathways/PC21","olivetol biosynthesis"
"http://rdf-plantmetwiki.bioinformatics.nl/pathways/PC210","phospholipid desaturation"
"http://rdf-plantmetwiki.bioinformatics.nl/pathways/PC211","L-tryptophan degradation VI (via tryptamine)"
"http://rdf-plantmetwiki.bioinformatics.nl/pathways/PC212","pentose phosphate pathway (non-oxidative branch) I"
"http://rdf-plantmetwiki.bioinformatics.nl/pathways/PC213","methylglyoxal degradation I"
"http://rdf-plantmetwiki.bioinformatics.nl/pathways/PC214","free phenylpropanoid acid biosynthesis"
"http://rdf-plantmetwiki.bioinformatics.nl/pathways/PC215","6'-deoxychalcone metabolism"
"http://rdf-plantmetwiki.bioinformatics.nl/pathways/PC216","phenolic malonylglucosides biosynthesis"
"http://rdf-plantmetwiki.bioinformatics.nl/pathways/PC217","traumatin and (Z)-3-hexen-1-yl acetate biosynthesis"
"http://rdf-plantmetwiki.bioinformatics.nl/pathways/PC218","vanillin biosynthesis I"
"http://rdf-plantmetwiki.bioinformatics.nl/pathways/PC219","L-phenylalanine degradation III"
"http://rdf-plantmetwiki.bioinformatics.nl/pathways/PC22","rutin biosynthesis"
"http://rdf-plantmetwiki.bioinformatics.nl/pathways/PC220","apigeninidin 5-O-glucoside biosynthesis"
"http://rdf-plantmetwiki.bioinformatics.nl/pathways/PC221","adenosylcobalamin salvage from cobalamin"
"http://rdf-plantmetwiki.bioinformatics.nl/pathways/PC222","linamarin biosynthesis"
"http://rdf-plantmetwiki.bioinformatics.nl/pathways/PC223","S-adenosyl-L-methionine biosynthesis"
"http://rdf-plantmetwiki.bioinformatics.nl/pathways/PC224","phenylethyl acetate biosynthesis"
"http://rdf-plantmetwiki.bioinformatics.nl/pathways/PC225","L-tryptophan degradation to 2-amino-3-carboxymuconate semialdehyde"
"http://rdf-plantmetwiki.bioinformatics.nl/pathways/PC226","pinitol biosynthesis I"
"http://rdf-plantmetwiki.bioinformatics.nl/pathways/PC227","botryococcenes and methylated squalene biosynthesis"
"http://rdf-plantmetwiki.bioinformatics.nl/pathways/PC228","wax esters biosynthesis II"
"http://rdf-plantmetwiki.bioinformatics.nl/pathways/PC229","L-methionine salvage cycle I (bacteria and plants)"
"http://rdf-plantmetwiki.bioinformatics.nl/pathways/PC23","arctigenin and isoarctigenin biosynthesis"
"http://rdf-plantmetwiki.bioinformatics.nl/pathways/PC230","farnesene biosynthesis"
"http://rdf-plantmetwiki.bioinformatics.nl/pathways/PC231","arachidonate biosynthesis I (6-desaturase, lower eukaryotes)"
"http://rdf-plantmetwiki.bioinformatics.nl/pathways/PC232","pinitol biosynthesis II"
"http://rdf-plantmetwiki.bioinformatics.nl/pathways/PC233","superpathway of lipoxygenase"
"http://rdf-plantmetwiki.bioinformatics.nl/pathways/PC234","brassinosteroid biosynthesis III"
"http://rdf-plantmetwiki.bioinformatics.nl/pathways/PC235","β-alanine biosynthesis II"
"http://rdf-plantmetwiki.bioinformatics.nl/pathways/PC236","superpathway of L-citrulline metabolism"
"http://rdf-plantmetwiki.bioinformatics.nl/pathways/PC237","superpathway of formononetin derivative biosynthesis"
"http://rdf-plantmetwiki.bioinformatics.nl/pathways/PC238","laudanine biosynthesis"
"http://rdf-plantmetwiki.bioinformatics.nl/pathways/PC239","mimosine biosynthesis"
"http://rdf-plantmetwiki.bioinformatics.nl/pathways/PC24","superoxide radicals degradation"
"http://rdf-plantmetwiki.bioinformatics.nl/pathways/PC240","rosmarinic acid biosynthesis II"
"http://rdf-plantmetwiki.bioinformatics.nl/pathways/PC241","phenylphenalenone biosynthesis"
"http://rdf-plantmetwiki.bioinformatics.nl/pathways/PC242","aurone biosynthesis"
"http://rdf-plantmetwiki.bioinformatics.nl/pathways/PC243","piperine biosynthesis"
"http://rdf-plantmetwiki.bioinformatics.nl/pathways/PC244","triacylsucrose biosynthesis (Solanum)"
"http://rdf-plantmetwiki.bioinformatics.nl/pathways/PC245","(-)-camphor biosynthesis"
"http://rdf-plantmetwiki.bioinformatics.nl/pathways/PC246","theobromine biosynthesis II (via xanthine)"
"http://rdf-plantmetwiki.bioinformatics.nl/pathways/PC247","superpathway of thiamine pyrophosphate biosynthesis III (eukaryotes)"
"http://rdf-plantmetwiki.bioinformatics.nl/pathways/PC248","gallate biosynthesis"
"http://rdf-plantmetwiki.bioinformatics.nl/pathways/PC249","calystegine biosynthesis"
"http://rdf-plantmetwiki.bioinformatics.nl/pathways/PC25","flavonol acylglucoside biosynthesis I-kaempferol derivatives"
"http://rdf-plantmetwiki.bioinformatics.nl/pathways/PC250","polymethylated quercetin biosynthesis"
"http://rdf-plantmetwiki.bioinformatics.nl/pathways/PC251","papaverine biosynthesis"
"http://rdf-plantmetwiki.bioinformatics.nl/pathways/PC252","polymethylated quercetin glucoside biosynthesis II-quercetagetin series (Chrysosplenium)"
"http://rdf-plantmetwiki.bioinformatics.nl/pathways/PC253","fructan degradation"
"http://rdf-plantmetwiki.bioinformatics.nl/pathways/PC254","selinene biosynthesis"
"http://rdf-plantmetwiki.bioinformatics.nl/pathways/PC255","geranyl pyrophosphate biosynthesis"
"http://rdf-plantmetwiki.bioinformatics.nl/pathways/PC256","bornyl pyrophosphate biosynthesis"
"http://rdf-plantmetwiki.bioinformatics.nl/pathways/PC257","flavonoid di-C-glucosylation"
"http://rdf-plantmetwiki.bioinformatics.nl/pathways/PC258","1,3-β-D-glucan biosynthesis"
"http://rdf-plantmetwiki.bioinformatics.nl/pathways/PC259","superpathway of Allium flavor precursors"
"http://rdf-plantmetwiki.bioinformatics.nl/pathways/PC26","superpathway of nicotine biosynthesis"
"http://rdf-plantmetwiki.bioinformatics.nl/pathways/PC260","L-alanine degradation II (to D-lactate)"
"http://rdf-plantmetwiki.bioinformatics.nl/pathways/PC261","benzoyl-CoA biosynthesis"
"http://rdf-plantmetwiki.bioinformatics.nl/pathways/PC262","poly-hydroxy fatty acids biosynthesis"
"http://rdf-plantmetwiki.bioinformatics.nl/pathways/PC263","L-arginine degradation VI (arginase 2 pathway)"
"http://rdf-plantmetwiki.bioinformatics.nl/pathways/PC264","flavonoid biosynthesis (in equisetum)"
"http://rdf-plantmetwiki.bioinformatics.nl/pathways/PC265","methylerythritol phosphate pathway II"
"http://rdf-plantmetwiki.bioinformatics.nl/pathways/PC266","L-glutamine biosynthesis I"
"http://rdf-plantmetwiki.bioinformatics.nl/pathways/PC267","benzoate biosynthesis I (CoA-dependent, β-oxidative)"
"http://rdf-plantmetwiki.bioinformatics.nl/pathways/PC268","oryzalide A biosynthesis"
"http://rdf-plantmetwiki.bioinformatics.nl/pathways/PC269","superpathway of pyrimidine ribonucleotides de novo biosynthesis"
"http://rdf-plantmetwiki.bioinformatics.nl/pathways/PC27","xylogalacturonan biosynthesis"
"http://rdf-plantmetwiki.bioinformatics.nl/pathways/PC270","allantoin degradation to glyoxylate II"
"http://rdf-plantmetwiki.bioinformatics.nl/pathways/PC271","starch biosynthesis"
"http://rdf-plantmetwiki.bioinformatics.nl/pathways/PC272","bergamotene biosynthesis II"
"http://rdf-plantmetwiki.bioinformatics.nl/pathways/PC273","canavanine biosynthesis"
"http://rdf-plantmetwiki.bioinformatics.nl/pathways/PC274","eugenol and isoeugenol biosynthesis"
"http://rdf-plantmetwiki.bioinformatics.nl/pathways/PC275","alkane oxidation"
"http://rdf-plantmetwiki.bioinformatics.nl/pathways/PC276","lychnose and isolychnose biosynthesis"
"http://rdf-plantmetwiki.bioinformatics.nl/pathways/PC277","thymine degradation"
"http://rdf-plantmetwiki.bioinformatics.nl/pathways/PC278","salicylate glucosides biosynthesis III"
"http://rdf-plantmetwiki.bioinformatics.nl/pathways/PC279","abscisic acid degradation to 7'-hydroxyabscisate"
"http://rdf-plantmetwiki.bioinformatics.nl/pathways/PC28","luteolin triglucuronide biosynthesis"
"http://rdf-plantmetwiki.bioinformatics.nl/pathways/PC280","cutin biosynthesis"
"http://rdf-plantmetwiki.bioinformatics.nl/pathways/PC281","L-glutamate degradation IV"
"http://rdf-plantmetwiki.bioinformatics.nl/pathways/PC282","L-tryptophan biosynthesis"
"http://rdf-plantmetwiki.bioinformatics.nl/pathways/PC283","tetrahydrofolate biosynthesis I"
"http://rdf-plantmetwiki.bioinformatics.nl/pathways/PC284","paclitaxel biosynthesis"
"http://rdf-plantmetwiki.bioinformatics.nl/pathways/PC285","fatty acid β-oxidation IV (unsaturated, even number)"
"http://rdf-plantmetwiki.bioinformatics.nl/pathways/PC286","lotaustralin biosynthesis"
"http://rdf-plantmetwiki.bioinformatics.nl/pathways/PC287","oleoresin monoterpene volatiles biosynthesis"
"http://rdf-plantmetwiki.bioinformatics.nl/pathways/PC288","3,5-dimethoxytoluene biosynthesis"
"http://rdf-plantmetwiki.bioinformatics.nl/pathways/PC289","acetaldehyde biosynthesis I"
"http://rdf-plantmetwiki.bioinformatics.nl/pathways/PC29","methylerythritol phosphate pathway I"
"http://rdf-plantmetwiki.bioinformatics.nl/pathways/PC290","glycine biosynthesis"
"http://rdf-plantmetwiki.bioinformatics.nl/pathways/PC291","inosine 5'-phosphate degradation"
"http://rdf-plantmetwiki.bioinformatics.nl/pathways/PC292","phosphatidylethanolamine biosynthesis III"
"http://rdf-plantmetwiki.bioinformatics.nl/pathways/PC293","indole-3-acetate biosynthesis I"
"http://rdf-plantmetwiki.bioinformatics.nl/pathways/PC294","coumarins biosynthesis (engineered)"
"http://rdf-plantmetwiki.bioinformatics.nl/pathways/PC295","dimethylsulfoniopropanoate biosynthesis I (Wollastonia)"
"http://rdf-plantmetwiki.bioinformatics.nl/pathways/PC296","2α,7β-dihydroxylation of taxusin"
"http://rdf-plantmetwiki.bioinformatics.nl/pathways/PC297","saponin biosynthesis IV"
"http://rdf-plantmetwiki.bioinformatics.nl/pathways/PC298","sciadonate biosynthesis"
"http://rdf-plantmetwiki.bioinformatics.nl/pathways/PC299","N-methylanthraniloyl-β-D-glucopyranose biosynthesis"
"http://rdf-plantmetwiki.bioinformatics.nl/pathways/PC3","superpathway of pyrimidine deoxyribonucleoside salvage"
"http://rdf-plantmetwiki.bioinformatics.nl/pathways/PC30","glucosinolate biosynthesis from phenylalanine"
"http://rdf-plantmetwiki.bioinformatics.nl/pathways/PC300","astaxanthin biosynthesis (flowering plants)"
"http://rdf-plantmetwiki.bioinformatics.nl/pathways/PC301","carotenoid cleavage"
"http://rdf-plantmetwiki.bioinformatics.nl/pathways/PC302","calendate biosynthesis"
"http://rdf-plantmetwiki.bioinformatics.nl/pathways/PC303","fatty acid β-oxidation V (unsaturated, odd number, di-isomerase-dependent)"
"http://rdf-plantmetwiki.bioinformatics.nl/pathways/PC304","cinnamate esters biosynthesis"
"http://rdf-plantmetwiki.bioinformatics.nl/pathways/PC305","flavonol acylglucoside biosynthesis III-quercetin derivatives"
"http://rdf-plantmetwiki.bioinformatics.nl/pathways/PC306","phosphatidate metabolism, as a signaling molecule (Chlamydomonas)"
"http://rdf-plantmetwiki.bioinformatics.nl/pathways/PC307","geranyl acetate biosynthesis"
"http://rdf-plantmetwiki.bioinformatics.nl/pathways/PC308","galloylated catechin biosynthesis"
"http://rdf-plantmetwiki.bioinformatics.nl/pathways/PC309","acetaldehyde biosynthesis II"
"http://rdf-plantmetwiki.bioinformatics.nl/pathways/PC31","crocetin biosynthesis"
"http://rdf-plantmetwiki.bioinformatics.nl/pathways/PC310","monolignol glucosides biosynthesis"
"http://rdf-plantmetwiki.bioinformatics.nl/pathways/PC311","(E,E)-4,8,12-trimethyltrideca-1,3,7,11-tetraene biosynthesis"
"http://rdf-plantmetwiki.bioinformatics.nl/pathways/PC312","L-leucine degradation I"
"http://rdf-plantmetwiki.bioinformatics.nl/pathways/PC313","glucosinolate biosynthesis from dihomomethionine"
"http://rdf-plantmetwiki.bioinformatics.nl/pathways/PC314","superpathway of gibberellin GA₁₂ biosynthesis"
"http://rdf-plantmetwiki.bioinformatics.nl/pathways/PC315","cembratrienediol biosynthesis"
"http://rdf-plantmetwiki.bioinformatics.nl/pathways/PC316","daidzein conjugates interconversion"
"http://rdf-plantmetwiki.bioinformatics.nl/pathways/PC317","superpathway of anthocyanin biosynthesis (from cyanidin and cyanidin 3-O-glucoside)"
"http://rdf-plantmetwiki.bioinformatics.nl/pathways/PC318","ubiquinol-10 biosynthesis (late decarboxylation)"
"http://rdf-plantmetwiki.bioinformatics.nl/pathways/PC319","docosahexaenoate biosynthesis I (lower eukaryotes)"
"http://rdf-plantmetwiki.bioinformatics.nl/pathways/PC32","juglone biosynthesis"
"http://rdf-plantmetwiki.bioinformatics.nl/pathways/PC320","γ-coniciene and coniine biosynthesis"
"http://rdf-plantmetwiki.bioinformatics.nl/pathways/PC321","3,8-divinyl-chlorophyllide a biosynthesis I (aerobic, light-dependent)"
"http://rdf-plantmetwiki.bioinformatics.nl/pathways/PC322","palmatine biosynthesis"
"http://rdf-plantmetwiki.bioinformatics.nl/pathways/PC323","methiin metabolism"
"http://rdf-plantmetwiki.bioinformatics.nl/pathways/PC324","ferulate and sinapate biosynthesis"
"http://rdf-plantmetwiki.bioinformatics.nl/pathways/PC325","homoglutathione biosynthesis"
"http://rdf-plantmetwiki.bioinformatics.nl/pathways/PC326","sucrose biosynthesis I (from photosynthesis)"
"http://rdf-plantmetwiki.bioinformatics.nl/pathways/PC327","rutin degradation (plants)"
"http://rdf-plantmetwiki.bioinformatics.nl/pathways/PC328","aucuparin biosynthesis"
"http://rdf-plantmetwiki.bioinformatics.nl/pathways/PC329","glycerol degradation I"
"http://rdf-plantmetwiki.bioinformatics.nl/pathways/PC33","4-hydroxybenzoate biosynthesis III (plants)"
"http://rdf-plantmetwiki.bioinformatics.nl/pathways/PC330","leucopelargonidin and leucocyanidin biosynthesis"
"http://rdf-plantmetwiki.bioinformatics.nl/pathways/PC331","yatein biosynthesis I"
"http://rdf-plantmetwiki.bioinformatics.nl/pathways/PC332","anthocyanin biosynthesis (delphinidin 3-O-glucoside)"
"http://rdf-plantmetwiki.bioinformatics.nl/pathways/PC333","lycopadiene biosynthesis"
"http://rdf-plantmetwiki.bioinformatics.nl/pathways/PC334","methylsalicylate degradation"
"http://rdf-plantmetwiki.bioinformatics.nl/pathways/PC335","gibberellin A₁₂ biosynthesis"
"http://rdf-plantmetwiki.bioinformatics.nl/pathways/PC336","L-cysteine biosynthesis I"
"http://rdf-plantmetwiki.bioinformatics.nl/pathways/PC337","chlorophyll a biosynthesis III"
"http://rdf-plantmetwiki.bioinformatics.nl/pathways/PC338","L-glutamate biosynthesis II"
"http://rdf-plantmetwiki.bioinformatics.nl/pathways/PC339","luteolin biosynthesis"
"http://rdf-plantmetwiki.bioinformatics.nl/pathways/PC34","sanguinarine and macarpine biosynthesis"
"http://rdf-plantmetwiki.bioinformatics.nl/pathways/PC340","UTP and CTP dephosphorylation I"
"http://rdf-plantmetwiki.bioinformatics.nl/pathways/PC341","superpathway of glyoxylate cycle and fatty acid degradation"
"http://rdf-plantmetwiki.bioinformatics.nl/pathways/PC342","lipid-dependent phytate biosynthesis II (via Ins(1,3,4)P₃)"
"http://rdf-plantmetwiki.bioinformatics.nl/pathways/PC343","glycerolipid acyl chain desaturation (Chlamydomonas)"
"http://rdf-plantmetwiki.bioinformatics.nl/pathways/PC344","(-)-medicarpin biosynthesis"
"http://rdf-plantmetwiki.bioinformatics.nl/pathways/PC345","L-glutamate biosynthesis V"
"http://rdf-plantmetwiki.bioinformatics.nl/pathways/PC346","α-solanine/α-chaconine biosynthesis"
"http://rdf-plantmetwiki.bioinformatics.nl/pathways/PC347","glyceollin biosynthesis"
"http://rdf-plantmetwiki.bioinformatics.nl/pathways/PC348","L-methionine salvage cycle II (plants)"
"http://rdf-plantmetwiki.bioinformatics.nl/pathways/PC349","UDP-β-L-arabinose biosynthesis II (from β-L-arabinose)"
"http://rdf-plantmetwiki.bioinformatics.nl/pathways/PC35","hypoglycin biosynthesis"
"http://rdf-plantmetwiki.bioinformatics.nl/pathways/PC350","crotonyl-CoA/ethylmalonyl-CoA/hydroxybutyryl-CoA cycle (engineered)"
"http://rdf-plantmetwiki.bioinformatics.nl/pathways/PC351","glycerol-3-phosphate shuttle"
"http://rdf-plantmetwiki.bioinformatics.nl/pathways/PC352","superpathway of fatty acid biosynthesis II (plant)"
"http://rdf-plantmetwiki.bioinformatics.nl/pathways/PC353","superpathway of flavones and derivatives biosynthesis"
"http://rdf-plantmetwiki.bioinformatics.nl/pathways/PC354","indole-3-acetate inactivation IV"
"http://rdf-plantmetwiki.bioinformatics.nl/pathways/PC355","formononetin biosynthesis"
"http://rdf-plantmetwiki.bioinformatics.nl/pathways/PC356","pyrimidine ribonucleosides salvage II"
"http://rdf-plantmetwiki.bioinformatics.nl/pathways/PC357","phosphatidylethanolamine biosynthesis II"
"http://rdf-plantmetwiki.bioinformatics.nl/pathways/PC358","folate transformations II (plants)"
"http://rdf-plantmetwiki.bioinformatics.nl/pathways/PC359","leucodelphinidin biosynthesis"
"http://rdf-plantmetwiki.bioinformatics.nl/pathways/PC36","CDP-diacylglycerol biosynthesis I"
"http://rdf-plantmetwiki.bioinformatics.nl/pathways/PC360","ursolate biosynthesis"
"http://rdf-plantmetwiki.bioinformatics.nl/pathways/PC361","kauralexin biosynthesis"
"http://rdf-plantmetwiki.bioinformatics.nl/pathways/PC362","aloenin biosynthesis"
"http://rdf-plantmetwiki.bioinformatics.nl/pathways/PC363","(4S)-carvone biosynthesis"
"http://rdf-plantmetwiki.bioinformatics.nl/pathways/PC364","vicianin bioactivation"
"http://rdf-plantmetwiki.bioinformatics.nl/pathways/PC365","ginsenoside degradation III"
"http://rdf-plantmetwiki.bioinformatics.nl/pathways/PC366","superpathway of guanosine nucleotides degradation (plants)"
"http://rdf-plantmetwiki.bioinformatics.nl/pathways/PC367","coniferin metabolism"
"http://rdf-plantmetwiki.bioinformatics.nl/pathways/PC368","phenylethanol glycoconjugate biosynthesis"
"http://rdf-plantmetwiki.bioinformatics.nl/pathways/PC369","β-carotene biosynthesis"
"http://rdf-plantmetwiki.bioinformatics.nl/pathways/PC37","cyanide degradation"
"http://rdf-plantmetwiki.bioinformatics.nl/pathways/PC370","pyridoxal 5'-phosphate salvage I"
"http://rdf-plantmetwiki.bioinformatics.nl/pathways/PC371","urea cycle"
"http://rdf-plantmetwiki.bioinformatics.nl/pathways/PC372","pelargonidin conjugates biosynthesis"
"http://rdf-plantmetwiki.bioinformatics.nl/pathways/PC373","fatty acid β-oxidation III (unsaturated, odd number)"
"http://rdf-plantmetwiki.bioinformatics.nl/pathways/PC374","oleate biosynthesis I (plants)"
"http://rdf-plantmetwiki.bioinformatics.nl/pathways/PC375","cholesterol biosynthesis I"
"http://rdf-plantmetwiki.bioinformatics.nl/pathways/PC376","volatile cinnamoic ester biosynthesis"
"http://rdf-plantmetwiki.bioinformatics.nl/pathways/PC377","putrescine biosynthesis III"
"http://rdf-plantmetwiki.bioinformatics.nl/pathways/PC378","tea aroma glycosidic precursor bioactivation"
"http://rdf-plantmetwiki.bioinformatics.nl/pathways/PC379","anthocyanidin modification (Arabidopsis)"
"http://rdf-plantmetwiki.bioinformatics.nl/pathways/PC38","geranyl β-primeveroside biosynthesis"
"http://rdf-plantmetwiki.bioinformatics.nl/pathways/PC380","chlorophyll a degradation II"
"http://rdf-plantmetwiki.bioinformatics.nl/pathways/PC381","esculetin modification"
"http://rdf-plantmetwiki.bioinformatics.nl/pathways/PC382","des-methyl avenacin A-1 biosynthesis"
"http://rdf-plantmetwiki.bioinformatics.nl/pathways/PC383","pyridoxal 5'-phosphate biosynthesis II"
"http://rdf-plantmetwiki.bioinformatics.nl/pathways/PC384","solasodine glycosylation"
"http://rdf-plantmetwiki.bioinformatics.nl/pathways/PC385","9-lipoxygenase and 9-allene oxide synthase pathway"
"http://rdf-plantmetwiki.bioinformatics.nl/pathways/PC386","(5Z)-icosenoate biosynthesis"
"http://rdf-plantmetwiki.bioinformatics.nl/pathways/PC387","saponin biosynthesis III"
"http://rdf-plantmetwiki.bioinformatics.nl/pathways/PC388","bisabolene biosynthesis (engineered)"
"http://rdf-plantmetwiki.bioinformatics.nl/pathways/PC389","cholesterol biosynthesis (plants, early side-chain reductase)"
"http://rdf-plantmetwiki.bioinformatics.nl/pathways/PC39","podophyllotoxin glucosides metabolism"
"http://rdf-plantmetwiki.bioinformatics.nl/pathways/PC390","superpathway of plastoquinol biosynthesis"
"http://rdf-plantmetwiki.bioinformatics.nl/pathways/PC391","superpathway of L-isoleucine biosynthesis I"
"http://rdf-plantmetwiki.bioinformatics.nl/pathways/PC392","phenylpropanoid biosynthesis, initial reactions"
"http://rdf-plantmetwiki.bioinformatics.nl/pathways/PC393","phenylpropanoids methylation (ice plant)"
"http://rdf-plantmetwiki.bioinformatics.nl/pathways/PC394","gramine biosynthesis"
"http://rdf-plantmetwiki.bioinformatics.nl/pathways/PC395","jasmonic acid biosynthesis"
"http://rdf-plantmetwiki.bioinformatics.nl/pathways/PC396","glycolipid desaturation"
"http://rdf-plantmetwiki.bioinformatics.nl/pathways/PC397","methyl ketone biosynthesis (engineered)"
"http://rdf-plantmetwiki.bioinformatics.nl/pathways/PC398","assimilatory sulfate reduction II"
"http://rdf-plantmetwiki.bioinformatics.nl/pathways/PC399","superpathway of hyoscyamine (atropine) and scopolamine biosynthesis"
"http://rdf-plantmetwiki.bioinformatics.nl/pathways/PC4","UDP-α-D-galactose biosynthesis"
"http://rdf-plantmetwiki.bioinformatics.nl/pathways/PC40","superpathway of adenosine nucleotides de novo biosynthesis I"
"http://rdf-plantmetwiki.bioinformatics.nl/pathways/PC400","superpathway of betalain biosynthesis"
"http://rdf-plantmetwiki.bioinformatics.nl/pathways/PC401","trans-lycopene biosynthesis II (oxygenic phototrophs and green sulfur bacteria)"
"http://rdf-plantmetwiki.bioinformatics.nl/pathways/PC402","superpathway of isoleucine and valine biosynthesis"
"http://rdf-plantmetwiki.bioinformatics.nl/pathways/PC403","lupinate biosynthesis"
"http://rdf-plantmetwiki.bioinformatics.nl/pathways/PC404","pyruvate fermentation to acetate IV"
"http://rdf-plantmetwiki.bioinformatics.nl/pathways/PC405","phytate degradation I"
"http://rdf-plantmetwiki.bioinformatics.nl/pathways/PC406","hydroxyjasmonate sulfate biosynthesis"
"http://rdf-plantmetwiki.bioinformatics.nl/pathways/PC407","superpathway of photosynthetic hydrogen production"
"http://rdf-plantmetwiki.bioinformatics.nl/pathways/PC408","purine nucleosides salvage II (plant)"
"http://rdf-plantmetwiki.bioinformatics.nl/pathways/PC409","1-methylpyrrolinium biosynthesis"
"http://rdf-plantmetwiki.bioinformatics.nl/pathways/PC41","(Z)-butanethial-S-oxide biosynthesis"
"http://rdf-plantmetwiki.bioinformatics.nl/pathways/PC410","superpathway of polymethylated quercetin/quercetagetin glucoside biosynthesis (Chrysosplenium)"
"http://rdf-plantmetwiki.bioinformatics.nl/pathways/PC411","brassinolide biosynthesis II"
"http://rdf-plantmetwiki.bioinformatics.nl/pathways/PC412","esterified suberin biosynthesis"
"http://rdf-plantmetwiki.bioinformatics.nl/pathways/PC413","starch degradation II"
"http://rdf-plantmetwiki.bioinformatics.nl/pathways/PC414","pyruvate fermentation to acetate VII"
"http://rdf-plantmetwiki.bioinformatics.nl/pathways/PC415","coenzyme A biosynthesis I (bacteria)"
"http://rdf-plantmetwiki.bioinformatics.nl/pathways/PC416","(1,4)-β-D-xylan degradation"
"http://rdf-plantmetwiki.bioinformatics.nl/pathways/PC417","cyanidin 3,7-diglucoside polyacylation biosynthesis"
"http://rdf-plantmetwiki.bioinformatics.nl/pathways/PC418","diacylglycerol and triacylglycerol biosynthesis"
"http://rdf-plantmetwiki.bioinformatics.nl/pathways/PC419","alkane biosynthesis II"
"http://rdf-plantmetwiki.bioinformatics.nl/pathways/PC42","L-proline biosynthesis IV"
"http://rdf-plantmetwiki.bioinformatics.nl/pathways/PC420","(+)-pisatin biosynthesis"
"http://rdf-plantmetwiki.bioinformatics.nl/pathways/PC421","ceramide degradation (generic)"
"http://rdf-plantmetwiki.bioinformatics.nl/pathways/PC422","avenacin biosynthesis, initial reactions"
"http://rdf-plantmetwiki.bioinformatics.nl/pathways/PC423","GDP-mannose biosynthesis"
"http://rdf-plantmetwiki.bioinformatics.nl/pathways/PC424","luteolin triglucuronide degradation"
"http://rdf-plantmetwiki.bioinformatics.nl/pathways/PC425","pinobanksin biosynthesis"
"http://rdf-plantmetwiki.bioinformatics.nl/pathways/PC426","methyl indole-3-acetate interconversion"
"http://rdf-plantmetwiki.bioinformatics.nl/pathways/PC427","hesperitin glycoside biosynthesis"
"http://rdf-plantmetwiki.bioinformatics.nl/pathways/PC428","6-methoxymellein biosynthesis"
"http://rdf-plantmetwiki.bioinformatics.nl/pathways/PC429","superpathway of avenacin A biosynthesis"
"http://rdf-plantmetwiki.bioinformatics.nl/pathways/PC43","trichloroethene degradation"
"http://rdf-plantmetwiki.bioinformatics.nl/pathways/PC430","tetrahydrofolate biosynthesis II"
"http://rdf-plantmetwiki.bioinformatics.nl/pathways/PC431","CO₂ fixation into oxaloacetate (anaplerotic)"
"http://rdf-plantmetwiki.bioinformatics.nl/pathways/PC432","L-glutamate degradation I"
"http://rdf-plantmetwiki.bioinformatics.nl/pathways/PC433","pyrimidine deoxyribonucleotides de novo biosynthesis II"
"http://rdf-plantmetwiki.bioinformatics.nl/pathways/PC434","guanine and guanosine salvage III"
"http://rdf-plantmetwiki.bioinformatics.nl/pathways/PC435","photosynthesis light reactions I (plastocyanin)"
"http://rdf-plantmetwiki.bioinformatics.nl/pathways/PC436","chlorophyll a degradation I"
"http://rdf-plantmetwiki.bioinformatics.nl/pathways/PC437","L-aspartate biosynthesis"
"http://rdf-plantmetwiki.bioinformatics.nl/pathways/PC438","superpathway of choline biosynthesis"
"http://rdf-plantmetwiki.bioinformatics.nl/pathways/PC439","malate-oxaloacetate shuttle I"
"http://rdf-plantmetwiki.bioinformatics.nl/pathways/PC44","eupatolitin 3-O-glucoside biosynthesis"
"http://rdf-plantmetwiki.bioinformatics.nl/pathways/PC440","2-oxoglutarate decarboxylation to succinyl-CoA"
"http://rdf-plantmetwiki.bioinformatics.nl/pathways/PC441","3-amino-3-phenylpropanoyl-CoA biosynthesis"
"http://rdf-plantmetwiki.bioinformatics.nl/pathways/PC442","(3E)-4,8-dimethylnona-1,3,7-triene biosynthesis I"
"http://rdf-plantmetwiki.bioinformatics.nl/pathways/PC443","L-isoleucine degradation I"
"http://rdf-plantmetwiki.bioinformatics.nl/pathways/PC444","8-oxo-(d)GTP detoxification I"
"http://rdf-plantmetwiki.bioinformatics.nl/pathways/PC445","6-gingerol biosynthesis"
"http://rdf-plantmetwiki.bioinformatics.nl/pathways/PC446","sophoraflavanone G biosynthesis"
"http://rdf-plantmetwiki.bioinformatics.nl/pathways/PC447","D-sorbitol degradation I"
"http://rdf-plantmetwiki.bioinformatics.nl/pathways/PC448","astaxanthin biosynthesis (bacteria, fungi, algae)"
"http://rdf-plantmetwiki.bioinformatics.nl/pathways/PC449","neurosporene biosynthesis"
"http://rdf-plantmetwiki.bioinformatics.nl/pathways/PC45","parkeol biosynthesis"
"http://rdf-plantmetwiki.bioinformatics.nl/pathways/PC450","sesaminol glucoside biosynthesis"
"http://rdf-plantmetwiki.bioinformatics.nl/pathways/PC451","formononetin conjugates interconversion"
"http://rdf-plantmetwiki.bioinformatics.nl/pathways/PC452","dimethylsulfoniopropanoate biosynthesis III (algae and phytoplankton)"
"http://rdf-plantmetwiki.bioinformatics.nl/pathways/PC453","purine nucleotides degradation I (plants)"
"http://rdf-plantmetwiki.bioinformatics.nl/pathways/PC454","camptothecin biosynthesis"
"http://rdf-plantmetwiki.bioinformatics.nl/pathways/PC455","palmitate biosynthesis II (type II fatty acid synthase)"
"http://rdf-plantmetwiki.bioinformatics.nl/pathways/PC456","plastoquinol-9 biosynthesis I"
"http://rdf-plantmetwiki.bioinformatics.nl/pathways/PC457","guanine and guanosine salvage II"
"http://rdf-plantmetwiki.bioinformatics.nl/pathways/PC458","palustric acid biosynthesis"
"http://rdf-plantmetwiki.bioinformatics.nl/pathways/PC459","9-lipoxygenase and 9-hydroperoxide lyase pathway"
"http://rdf-plantmetwiki.bioinformatics.nl/pathways/PC46","GDP-α-D-glucose biosynthesis"
"http://rdf-plantmetwiki.bioinformatics.nl/pathways/PC460","luteolinidin 5-O-glucoside biosynthesis"
"http://rdf-plantmetwiki.bioinformatics.nl/pathways/PC461","jasmonoyl-amino acid conjugates biosynthesis II"
"http://rdf-plantmetwiki.bioinformatics.nl/pathways/PC462","cadmium transport I"
"http://rdf-plantmetwiki.bioinformatics.nl/pathways/PC463","daphnetin modification"
"http://rdf-plantmetwiki.bioinformatics.nl/pathways/PC464","UDP-α-D-xylose biosynthesis"
"http://rdf-plantmetwiki.bioinformatics.nl/pathways/PC465","L-ascorbate biosynthesis I (plants, L-galactose pathway)"
"http://rdf-plantmetwiki.bioinformatics.nl/pathways/PC466","mevalonate pathway I (eukaryotes and bacteria)"
"http://rdf-plantmetwiki.bioinformatics.nl/pathways/PC467","sulfoquinovosyl diacylglycerol biosynthesis"
"http://rdf-plantmetwiki.bioinformatics.nl/pathways/PC468","ajugose biosynthesis I (galactinol-dependent)"
"http://rdf-plantmetwiki.bioinformatics.nl/pathways/PC469","molybdenum cofactor sulfulylation (eukaryotes)"
"http://rdf-plantmetwiki.bioinformatics.nl/pathways/PC47","ornithine-citrulline shuttle"
"http://rdf-plantmetwiki.bioinformatics.nl/pathways/PC470","xanthohumol biosynthesis"
"http://rdf-plantmetwiki.bioinformatics.nl/pathways/PC471","(3R)-linalool biosynthesis"
"http://rdf-plantmetwiki.bioinformatics.nl/pathways/PC472","heme degradation I"
"http://rdf-plantmetwiki.bioinformatics.nl/pathways/PC473","menthol biosynthesis"
"http://rdf-plantmetwiki.bioinformatics.nl/pathways/PC474","volatile esters biosynthesis (during fruit ripening)"
"http://rdf-plantmetwiki.bioinformatics.nl/pathways/PC475","cycloartenol biosynthesis"
"http://rdf-plantmetwiki.bioinformatics.nl/pathways/PC476","spermine biosynthesis"
"http://rdf-plantmetwiki.bioinformatics.nl/pathways/PC477","santalene biosynthesis II"
"http://rdf-plantmetwiki.bioinformatics.nl/pathways/PC478","chitin degradation II (Vibrio)"
"http://rdf-plantmetwiki.bioinformatics.nl/pathways/PC479","anthocyanidin acylglucoside and acylsambubioside biosynthesis"
"http://rdf-plantmetwiki.bioinformatics.nl/pathways/PC48","indican biosynthesis"
"http://rdf-plantmetwiki.bioinformatics.nl/pathways/PC480","baicalein metabolism"
"http://rdf-plantmetwiki.bioinformatics.nl/pathways/PC481","(+)-secoisolariciresinol diglucoside biosynthesis"
"http://rdf-plantmetwiki.bioinformatics.nl/pathways/PC482","guanosine nucleotides degradation II"
"http://rdf-plantmetwiki.bioinformatics.nl/pathways/PC483","UDP-D-apiose biosynthesis (from UDP-D-glucuronate)"
"http://rdf-plantmetwiki.bioinformatics.nl/pathways/PC484","spermidine hydroxycinnamic acid conjugates biosynthesis"
"http://rdf-plantmetwiki.bioinformatics.nl/pathways/PC485","DIMBOA-glucoside biosynthesis"
"http://rdf-plantmetwiki.bioinformatics.nl/pathways/PC486","UDP-β-L-arabinose biosynthesis I (from UDP-α-D-xylose)"
"http://rdf-plantmetwiki.bioinformatics.nl/pathways/PC487","jasmonoyl-amino acid conjugates biosynthesis I"
"http://rdf-plantmetwiki.bioinformatics.nl/pathways/PC488","L-tyrosine biosynthesis III"
"http://rdf-plantmetwiki.bioinformatics.nl/pathways/PC489","perillyl aldehyde biosynthesis"
"http://rdf-plantmetwiki.bioinformatics.nl/pathways/PC49","guanosine deoxyribonucleotides de novo biosynthesis I"
"http://rdf-plantmetwiki.bioinformatics.nl/pathways/PC490","polyisoprenoid biosynthesis"
"http://rdf-plantmetwiki.bioinformatics.nl/pathways/PC491","choline biosynthesis II"
"http://rdf-plantmetwiki.bioinformatics.nl/pathways/PC492","L-homoserine biosynthesis"
"http://rdf-plantmetwiki.bioinformatics.nl/pathways/PC493","nonaprenyl pyrophosphate biosynthesis I"
"http://rdf-plantmetwiki.bioinformatics.nl/pathways/PC494","L-serine biosynthesis I"
"http://rdf-plantmetwiki.bioinformatics.nl/pathways/PC495","gallate biosynthesis"
"http://rdf-plantmetwiki.bioinformatics.nl/pathways/PC496","methyl indole-3-acetate interconversion"
"http://rdf-plantmetwiki.bioinformatics.nl/pathways/PC497","diacylsucrose biosynthesis (Solanum)"
"http://rdf-plantmetwiki.bioinformatics.nl/pathways/PC498","acridone alkaloid biosynthesis"
"http://rdf-plantmetwiki.bioinformatics.nl/pathways/PC499","ubiquinol-9 biosynthesis (late decarboxylation)"
"http://rdf-plantmetwiki.bioinformatics.nl/pathways/PC5","gallotannin biosynthesis"
"http://rdf-plantmetwiki.bioinformatics.nl/pathways/PC50","methylsalicylate biosynthesis"
"http://rdf-plantmetwiki.bioinformatics.nl/pathways/PC500","1D-myo-inositol hexakisphosphate biosynthesis III (Spirodela polyrrhiza)"
"http://rdf-plantmetwiki.bioinformatics.nl/pathways/PC501","superpathway of polyamine biosynthesis"
"http://rdf-plantmetwiki.bioinformatics.nl/pathways/PC502","glucosinolate biosynthesis from hexahomomethionine"
"http://rdf-plantmetwiki.bioinformatics.nl/pathways/PC503","C4 photosynthetic carbon assimilation cycle, NADP-ME type"
"http://rdf-plantmetwiki.bioinformatics.nl/pathways/PC504","3-(4-hydroxyphenyl)pyruvate biosynthesis"
"http://rdf-plantmetwiki.bioinformatics.nl/pathways/PC505","α-eleostearate biosynthesis"
"http://rdf-plantmetwiki.bioinformatics.nl/pathways/PC506","sterculate biosynthesis"
"http://rdf-plantmetwiki.bioinformatics.nl/pathways/PC507","kaempferide triglycoside biosynthesis"
"http://rdf-plantmetwiki.bioinformatics.nl/pathways/PC508","medicarpin conjugates interconversion"
"http://rdf-plantmetwiki.bioinformatics.nl/pathways/PC509","divinyl ether biosynthesis II"
"http://rdf-plantmetwiki.bioinformatics.nl/pathways/PC51","polymethylated myricetin biosynthesis (tomato)"
"http://rdf-plantmetwiki.bioinformatics.nl/pathways/PC510","brassinolide biosynthesis I"
"http://rdf-plantmetwiki.bioinformatics.nl/pathways/PC511","UDP-N-acetyl-D-glucosamine biosynthesis II"
"http://rdf-plantmetwiki.bioinformatics.nl/pathways/PC512","vitamin E biosynthesis (tocotrienols)"
"http://rdf-plantmetwiki.bioinformatics.nl/pathways/PC513","lipid IVA biosynthesis (E. coli)"
"http://rdf-plantmetwiki.bioinformatics.nl/pathways/PC514","6-hydroxymethyl-dihydropterin pyrophosphate biosynthesis I"
"http://rdf-plantmetwiki.bioinformatics.nl/pathways/PC515","sucrose degradation III (sucrose invertase)"
"http://rdf-plantmetwiki.bioinformatics.nl/pathways/PC516","capsiconiate biosynthesis"
"http://rdf-plantmetwiki.bioinformatics.nl/pathways/PC517","carnosate bioynthesis"
"http://rdf-plantmetwiki.bioinformatics.nl/pathways/PC518","vernolate biosynthesis II"
"http://rdf-plantmetwiki.bioinformatics.nl/pathways/PC519","stearate biosynthesis II (bacteria and plants)"
"http://rdf-plantmetwiki.bioinformatics.nl/pathways/PC52","methylquercetin biosynthesis"
"http://rdf-plantmetwiki.bioinformatics.nl/pathways/PC520","dehydroscoulerine biosynthesis"
"http://rdf-plantmetwiki.bioinformatics.nl/pathways/PC521","chlorophyll cycle"
"http://rdf-plantmetwiki.bioinformatics.nl/pathways/PC522","epiberberine biosynthesis"
"http://rdf-plantmetwiki.bioinformatics.nl/pathways/PC523","S-methyl-5'-thioadenosine degradation I"
"http://rdf-plantmetwiki.bioinformatics.nl/pathways/PC524","cis-calamenene related sesquiterpenoids biosynthesis"
"http://rdf-plantmetwiki.bioinformatics.nl/pathways/PC525","extended VTC2 cycle"
"http://rdf-plantmetwiki.bioinformatics.nl/pathways/PC526","putrescine degradation IV"
"http://rdf-plantmetwiki.bioinformatics.nl/pathways/PC527","formaldehyde oxidation II (glutathione-dependent)"
"http://rdf-plantmetwiki.bioinformatics.nl/pathways/PC528","pyruvate fermentation to (S)-lactate"
"http://rdf-plantmetwiki.bioinformatics.nl/pathways/PC529","anthocyanidin sambubioside biosynthesis"
"http://rdf-plantmetwiki.bioinformatics.nl/pathways/PC53","DIBOA-glucoside biosynthesis"
"http://rdf-plantmetwiki.bioinformatics.nl/pathways/PC530","pterostilbene biosynthesis"
"http://rdf-plantmetwiki.bioinformatics.nl/pathways/PC531","tetrahydroxyxanthone biosynthesis (from 3-hydroxybenzoate)"
"http://rdf-plantmetwiki.bioinformatics.nl/pathways/PC532","abscisic acid degradation by glucosylation"
"http://rdf-plantmetwiki.bioinformatics.nl/pathways/PC533","ethiin metabolism"
"http://rdf-plantmetwiki.bioinformatics.nl/pathways/PC534","lampranthin biosynthesis"
"http://rdf-plantmetwiki.bioinformatics.nl/pathways/PC535","(+)-camphor biosynthesis"
"http://rdf-plantmetwiki.bioinformatics.nl/pathways/PC536","diterpene phytoalexins precursors biosynthesis"
"http://rdf-plantmetwiki.bioinformatics.nl/pathways/PC537","robustaquinone biosynthesis"
"http://rdf-plantmetwiki.bioinformatics.nl/pathways/PC538","superpathway of flavones and derivatives biosynthesis"
"http://rdf-plantmetwiki.bioinformatics.nl/pathways/PC539","UDP-α-D-galacturonate biosynthesis II (from D-galacturonate)"
"http://rdf-plantmetwiki.bioinformatics.nl/pathways/PC54","L-proline biosynthesis III (from L-ornithine)"
"http://rdf-plantmetwiki.bioinformatics.nl/pathways/PC540","L-Nδ-acetylornithine biosynthesis"
"http://rdf-plantmetwiki.bioinformatics.nl/pathways/PC541","superpathway of fermentation (Chlamydomonas reinhardtii)"
"http://rdf-plantmetwiki.bioinformatics.nl/pathways/PC542","chlorophyll a degradation III"
"http://rdf-plantmetwiki.bioinformatics.nl/pathways/PC543","monoacylsucrose biosynthesis (Solanum)"
"http://rdf-plantmetwiki.bioinformatics.nl/pathways/PC544","NAD salvage (plants)"
"http://rdf-plantmetwiki.bioinformatics.nl/pathways/PC545","vernolate biosynthesis I"
"http://rdf-plantmetwiki.bioinformatics.nl/pathways/PC546","6,7,4'-trihydroxyisoflavone biosynthesis"
"http://rdf-plantmetwiki.bioinformatics.nl/pathways/PC547","hyperforin and adhyperforin biosynthesis"
"http://rdf-plantmetwiki.bioinformatics.nl/pathways/PC548","ω-hydroxylation of caprate and laurate"
"http://rdf-plantmetwiki.bioinformatics.nl/pathways/PC549","stachyose degradation"
"http://rdf-plantmetwiki.bioinformatics.nl/pathways/PC55","lupanine biosynthesis"
"http://rdf-plantmetwiki.bioinformatics.nl/pathways/PC550","costunolide biosynthesis I"
"http://rdf-plantmetwiki.bioinformatics.nl/pathways/PC551","tetrapyrrole biosynthesis I (from glutamate)"
"http://rdf-plantmetwiki.bioinformatics.nl/pathways/PC552","very long chain fatty acid biosynthesis II"
"http://rdf-plantmetwiki.bioinformatics.nl/pathways/PC553","cinchona alkaloids biosynthesis"
"http://rdf-plantmetwiki.bioinformatics.nl/pathways/PC554","ephedrine biosynthesis"
"http://rdf-plantmetwiki.bioinformatics.nl/pathways/PC555","superpathway of C28 brassinosteroid biosynthesis"
"http://rdf-plantmetwiki.bioinformatics.nl/pathways/PC556","hypericin biosynthesis"
"http://rdf-plantmetwiki.bioinformatics.nl/pathways/PC557","yatein biosynthesis II"
"http://rdf-plantmetwiki.bioinformatics.nl/pathways/PC558","ω-hydroxylation of laurate"
"http://rdf-plantmetwiki.bioinformatics.nl/pathways/PC559","pentaketide chromone biosynthesis"
"http://rdf-plantmetwiki.bioinformatics.nl/pathways/PC56","glycine betaine biosynthesis III (plants)"
"http://rdf-plantmetwiki.bioinformatics.nl/pathways/PC560","chlorophyll a biosynthesis I"
"http://rdf-plantmetwiki.bioinformatics.nl/pathways/PC561","flavonoid biosynthesis"
"http://rdf-plantmetwiki.bioinformatics.nl/pathways/PC562","taxadiene biosynthesis (engineered)"
"http://rdf-plantmetwiki.bioinformatics.nl/pathways/PC563","CMP-KDO biosynthesis II (from D-arabinose 5-phosphate)"
"http://rdf-plantmetwiki.bioinformatics.nl/pathways/PC564","dolabralexins biosynthesis"
"http://rdf-plantmetwiki.bioinformatics.nl/pathways/PC565","L-asparagine biosynthesis III (tRNA-dependent)"
"http://rdf-plantmetwiki.bioinformatics.nl/pathways/PC566","urea degradation I"
"http://rdf-plantmetwiki.bioinformatics.nl/pathways/PC567","levopimaric acid biosynthesis"
"http://rdf-plantmetwiki.bioinformatics.nl/pathways/PC568","D-myo-inositol-5-phosphate metabolism"
"http://rdf-plantmetwiki.bioinformatics.nl/pathways/PC569","(R)-canadine biosynthesis"
"http://rdf-plantmetwiki.bioinformatics.nl/pathways/PC57","hordatine biosynthesis"
"http://rdf-plantmetwiki.bioinformatics.nl/pathways/PC570","L-methionine degradation II"
"http://rdf-plantmetwiki.bioinformatics.nl/pathways/PC571","indole-3-acetate activation I"
"http://rdf-plantmetwiki.bioinformatics.nl/pathways/PC572","taxiphyllin biosynthesis"
"http://rdf-plantmetwiki.bioinformatics.nl/pathways/PC573","zeaxanthin biosynthesis"
"http://rdf-plantmetwiki.bioinformatics.nl/pathways/PC574","isopimaric acid biosynthesis"
"http://rdf-plantmetwiki.bioinformatics.nl/pathways/PC575","gibberellin inactivation I (2β-hydroxylation)"
"http://rdf-plantmetwiki.bioinformatics.nl/pathways/PC576","trans, trans-farnesyl pyrophosphate biosynthesis"
"http://rdf-plantmetwiki.bioinformatics.nl/pathways/PC577","phloridzin biosynthesis"
"http://rdf-plantmetwiki.bioinformatics.nl/pathways/PC578","ethanol degradation II"
"http://rdf-plantmetwiki.bioinformatics.nl/pathways/PC579","L-lysine degradation I"
"http://rdf-plantmetwiki.bioinformatics.nl/pathways/PC58","selenate reduction"
"http://rdf-plantmetwiki.bioinformatics.nl/pathways/PC580","α-linolenate biosynthesis I (plants and red algae)"
"http://rdf-plantmetwiki.bioinformatics.nl/pathways/PC581","olivetol biosynthesis"
"http://rdf-plantmetwiki.bioinformatics.nl/pathways/PC582","superpathway of phospholipid biosynthesis II (plants)"
"http://rdf-plantmetwiki.bioinformatics.nl/pathways/PC583","ternatin C5 biosynthesis"
"http://rdf-plantmetwiki.bioinformatics.nl/pathways/PC584","superpathway of linamarin and lotaustralin biosynthesis"
"http://rdf-plantmetwiki.bioinformatics.nl/pathways/PC585","4-hydroxyindole-3-carbonyl nitrile biosynthesis"
"http://rdf-plantmetwiki.bioinformatics.nl/pathways/PC586","solasodine and soladulcidine biosynthesis"
"http://rdf-plantmetwiki.bioinformatics.nl/pathways/PC587","L-alanine biosynthesis II"
"http://rdf-plantmetwiki.bioinformatics.nl/pathways/PC588","phytol salvage pathway"
"http://rdf-plantmetwiki.bioinformatics.nl/pathways/PC589","daphnin interconversion"
"http://rdf-plantmetwiki.bioinformatics.nl/pathways/PC59","ergosterol biosynthesis II"
"http://rdf-plantmetwiki.bioinformatics.nl/pathways/PC590","L-phenylalanine biosynthesis III (cytosolic, plants)"
"http://rdf-plantmetwiki.bioinformatics.nl/pathways/PC591","juniperonate biosynthesis"
"http://rdf-plantmetwiki.bioinformatics.nl/pathways/PC592","salicylate glucosides biosynthesis IV"
"http://rdf-plantmetwiki.bioinformatics.nl/pathways/PC593","phosphatidylcholine biosynthesis I"
"http://rdf-plantmetwiki.bioinformatics.nl/pathways/PC594","NAD biosynthesis from 2-amino-3-carboxymuconate semialdehyde"
"http://rdf-plantmetwiki.bioinformatics.nl/pathways/PC595","divinyl ether biosynthesis I"
"http://rdf-plantmetwiki.bioinformatics.nl/pathways/PC596","polymethylated kaempferol biosynthesis"
"http://rdf-plantmetwiki.bioinformatics.nl/pathways/PC597","afrormosin conjugates interconversion"
"http://rdf-plantmetwiki.bioinformatics.nl/pathways/PC598","phosphatidylinositol biosynthesis II (eukaryotes)"
"http://rdf-plantmetwiki.bioinformatics.nl/pathways/PC599","α-tomatine biosynthesis"
"http://rdf-plantmetwiki.bioinformatics.nl/pathways/PC6","dicranin biosynthesis"
"http://rdf-plantmetwiki.bioinformatics.nl/pathways/PC60","Fe(III)-phytosiderophore transport"
"http://rdf-plantmetwiki.bioinformatics.nl/pathways/PC600","salicortin biosynthesis"
"http://rdf-plantmetwiki.bioinformatics.nl/pathways/PC601","peonidin and derivatives biosynthesis"
"http://rdf-plantmetwiki.bioinformatics.nl/pathways/PC602","isoflavonoid biosynthesis II"
"http://rdf-plantmetwiki.bioinformatics.nl/pathways/PC603","salicin biosynthesis"
"http://rdf-plantmetwiki.bioinformatics.nl/pathways/PC604","superpathway of geranylgeranyl pyrophosphate biosynthesis II (via MEP)"
"http://rdf-plantmetwiki.bioinformatics.nl/pathways/PC605","copper transport II"
"http://rdf-plantmetwiki.bioinformatics.nl/pathways/PC606","pectin degradation III"
"http://rdf-plantmetwiki.bioinformatics.nl/pathways/PC607","saponin biosynthesis II"
"http://rdf-plantmetwiki.bioinformatics.nl/pathways/PC608","CMP phosphorylation"
"http://rdf-plantmetwiki.bioinformatics.nl/pathways/PC609","linear furanocoumarin biosynthesis"
"http://rdf-plantmetwiki.bioinformatics.nl/pathways/PC61","amygdalin and prunasin degradation"
"http://rdf-plantmetwiki.bioinformatics.nl/pathways/PC610","spermidine biosynthesis I"
"http://rdf-plantmetwiki.bioinformatics.nl/pathways/PC611","cyanate degradation"
"http://rdf-plantmetwiki.bioinformatics.nl/pathways/PC612","(3S)-linalool biosynthesis"
"http://rdf-plantmetwiki.bioinformatics.nl/pathways/PC613","genistein conjugates interconversion"
"http://rdf-plantmetwiki.bioinformatics.nl/pathways/PC614","trichome monoterpenes biosynthesis"
"http://rdf-plantmetwiki.bioinformatics.nl/pathways/PC615","β-pyrazole-1-ylalanine biosynthesis"
"http://rdf-plantmetwiki.bioinformatics.nl/pathways/PC616","oryzalexin A, B, and C biosynthesis"
"http://rdf-plantmetwiki.bioinformatics.nl/pathways/PC617","purine uptake"
"http://rdf-plantmetwiki.bioinformatics.nl/pathways/PC618","nitrite reduction (hemoglobin)"
"http://rdf-plantmetwiki.bioinformatics.nl/pathways/PC619","superpathway of scopolin and esculin biosynthesis"
"http://rdf-plantmetwiki.bioinformatics.nl/pathways/PC62","choline biosynthesis III"
"http://rdf-plantmetwiki.bioinformatics.nl/pathways/PC620","L-asparagine biosynthesis I"
"http://rdf-plantmetwiki.bioinformatics.nl/pathways/PC621","chelerythrine biosynthesis"
"http://rdf-plantmetwiki.bioinformatics.nl/pathways/PC622","aerobic respiration I (cytochrome c)"
"http://rdf-plantmetwiki.bioinformatics.nl/pathways/PC623","Rubisco shunt"
"http://rdf-plantmetwiki.bioinformatics.nl/pathways/PC624","Calvin-Benson-Bassham cycle"
"http://rdf-plantmetwiki.bioinformatics.nl/pathways/PC625","phosphopantothenate biosynthesis II"
"http://rdf-plantmetwiki.bioinformatics.nl/pathways/PC626","neolinustatin bioactivation"
"http://rdf-plantmetwiki.bioinformatics.nl/pathways/PC627","flavin biosynthesis I (bacteria and plants)"
"http://rdf-plantmetwiki.bioinformatics.nl/pathways/PC628","Fe(II)-nicotianamine transport in phloem"
"http://rdf-plantmetwiki.bioinformatics.nl/pathways/PC629","ajmaline and sarpagine biosynthesis"
"http://rdf-plantmetwiki.bioinformatics.nl/pathways/PC63","superpathway of pyrimidine ribonucleosides salvage"
"http://rdf-plantmetwiki.bioinformatics.nl/pathways/PC630","biochanin A conjugates interconversion"
"http://rdf-plantmetwiki.bioinformatics.nl/pathways/PC631","plaunotol biosynthesis"
"http://rdf-plantmetwiki.bioinformatics.nl/pathways/PC632","superpathway of glandular trichomes produced diterpenoids (tobacco)"
"http://rdf-plantmetwiki.bioinformatics.nl/pathways/PC633","indigo biosynthesis"
"http://rdf-plantmetwiki.bioinformatics.nl/pathways/PC634","monolignol biosynthesis"
"http://rdf-plantmetwiki.bioinformatics.nl/pathways/PC635","D-myo-inositol (1,4,5)-trisphosphate biosynthesis"
"http://rdf-plantmetwiki.bioinformatics.nl/pathways/PC636","cardiolipin biosynthesis II"
"http://rdf-plantmetwiki.bioinformatics.nl/pathways/PC637","salvigenin biosynthesis"
"http://rdf-plantmetwiki.bioinformatics.nl/pathways/PC638","1,3,6,7-tetrahydroxyxanthone biosynthesis (from benzoyl-CoA)"
"http://rdf-plantmetwiki.bioinformatics.nl/pathways/PC639","coptisine biosynthesis"
"http://rdf-plantmetwiki.bioinformatics.nl/pathways/PC64","C4 photosynthetic carbon assimilation cycle, PEPCK type"
"http://rdf-plantmetwiki.bioinformatics.nl/pathways/PC640","indole-3-acetate inactivation II"
"http://rdf-plantmetwiki.bioinformatics.nl/pathways/PC641","hydroxylated mugineic acid phytosiderophore biosynthesis"
"http://rdf-plantmetwiki.bioinformatics.nl/pathways/PC642","seleno-amino acid detoxification and volatilization II"
"http://rdf-plantmetwiki.bioinformatics.nl/pathways/PC643","digitoxigenin biosynthesis"
"http://rdf-plantmetwiki.bioinformatics.nl/pathways/PC644","GDP-L-fucose biosynthesis II (from L-fucose)"
"http://rdf-plantmetwiki.bioinformatics.nl/pathways/PC645","hinokinin biosynthesis"
"http://rdf-plantmetwiki.bioinformatics.nl/pathways/PC646","2,3-trans-flavanols biosynthesis"
"http://rdf-plantmetwiki.bioinformatics.nl/pathways/PC647","gibberellin biosynthesis V"
"http://rdf-plantmetwiki.bioinformatics.nl/pathways/PC648","resveratrol biosynthesis"
"http://rdf-plantmetwiki.bioinformatics.nl/pathways/PC649","trehalose biosynthesis I"
"http://rdf-plantmetwiki.bioinformatics.nl/pathways/PC65","adenosine deoxyribonucleotides de novo biosynthesis I"
"http://rdf-plantmetwiki.bioinformatics.nl/pathways/PC650","4-aminobutanoate degradation IV"
"http://rdf-plantmetwiki.bioinformatics.nl/pathways/PC651","ammonium transport"
"http://rdf-plantmetwiki.bioinformatics.nl/pathways/PC652","germacrene biosynthesis"
"http://rdf-plantmetwiki.bioinformatics.nl/pathways/PC653","cornusiin E biosynthesis"
"http://rdf-plantmetwiki.bioinformatics.nl/pathways/PC654","brassinosteroids inactivation"
"http://rdf-plantmetwiki.bioinformatics.nl/pathways/PC655","3,4-dihydroxymandelonitrile β-D-glucose biosynthesis"
"http://rdf-plantmetwiki.bioinformatics.nl/pathways/PC656","scopoletin biosynthesis"
"http://rdf-plantmetwiki.bioinformatics.nl/pathways/PC657","superpathway of L-phenylalanine and L-tyrosine biosynthesis"
"http://rdf-plantmetwiki.bioinformatics.nl/pathways/PC658","sesamin biosynthesis"
"http://rdf-plantmetwiki.bioinformatics.nl/pathways/PC659","superpathway of bitter acids biosynthesis"
"http://rdf-plantmetwiki.bioinformatics.nl/pathways/PC66","ricinine degradation"
"http://rdf-plantmetwiki.bioinformatics.nl/pathways/PC660","echinatin biosynthesis"
"http://rdf-plantmetwiki.bioinformatics.nl/pathways/PC661","trans-lycopene biosynthesis I"
"http://rdf-plantmetwiki.bioinformatics.nl/pathways/PC662","trigonelline biosynthesis"
"http://rdf-plantmetwiki.bioinformatics.nl/pathways/PC663","superpathway of pyrimidine deoxyribonucleotides de novo biosynthesis (E. coli)"
"http://rdf-plantmetwiki.bioinformatics.nl/pathways/PC664","L-phenylalanine degradation V"
"http://rdf-plantmetwiki.bioinformatics.nl/pathways/PC665","superpathway of cytosolic glycolysis (plants), pyruvate dehydrogenase and TCA cycle"
"http://rdf-plantmetwiki.bioinformatics.nl/pathways/PC666","hydroxycinnamic acid tyramine amides biosynthesis"
"http://rdf-plantmetwiki.bioinformatics.nl/pathways/PC667","phosphatidylcholine biosynthesis II"
"http://rdf-plantmetwiki.bioinformatics.nl/pathways/PC668","superpathway of gibberellin biosynthesis"
"http://rdf-plantmetwiki.bioinformatics.nl/pathways/PC669","L-proline degradation I"
"http://rdf-plantmetwiki.bioinformatics.nl/pathways/PC67","zymosterol biosynthesis"
"http://rdf-plantmetwiki.bioinformatics.nl/pathways/PC670","cytokinins degradation"
"http://rdf-plantmetwiki.bioinformatics.nl/pathways/PC671","ethene biosynthesis I (plants)"
"http://rdf-plantmetwiki.bioinformatics.nl/pathways/PC672","guanosine nucleotides degradation I"
"http://rdf-plantmetwiki.bioinformatics.nl/pathways/PC673","superpathway of heme b biosynthesis from glutamate"
"http://rdf-plantmetwiki.bioinformatics.nl/pathways/PC674","cinnamoyl-CoA biosynthesis"
"http://rdf-plantmetwiki.bioinformatics.nl/pathways/PC675","steviol glucoside biosynthesis (rebaudioside A biosynthesis)"
"http://rdf-plantmetwiki.bioinformatics.nl/pathways/PC676","heme b biosynthesis I (aerobic)"
"http://rdf-plantmetwiki.bioinformatics.nl/pathways/PC677","hydroxycinnamate sugar acid ester biosynthesis"
"http://rdf-plantmetwiki.bioinformatics.nl/pathways/PC678","formate assimilation into 5,10-methylenetetrahydrofolate"
"http://rdf-plantmetwiki.bioinformatics.nl/pathways/PC679","phospholipases (Chlamydomonas)"
"http://rdf-plantmetwiki.bioinformatics.nl/pathways/PC68","epoxypseudoisoeugenol-2-methylbutanoate biosynthesis"
"http://rdf-plantmetwiki.bioinformatics.nl/pathways/PC680","sesquiterpenoid phytoalexins biosynthesis"
"http://rdf-plantmetwiki.bioinformatics.nl/pathways/PC681","indole glucosinolate activation (intact plant cell)"
"http://rdf-plantmetwiki.bioinformatics.nl/pathways/PC682","calmodulin regulated calcium transport"
"http://rdf-plantmetwiki.bioinformatics.nl/pathways/PC683","UDP-α-D-glucose biosynthesis"
"http://rdf-plantmetwiki.bioinformatics.nl/pathways/PC684","superpathway of putrescine biosynthesis"
"http://rdf-plantmetwiki.bioinformatics.nl/pathways/PC685","malonly-CoA biosynthesis via biotin-carboxyl carrier protein"
"http://rdf-plantmetwiki.bioinformatics.nl/pathways/PC686","superpathway of 1D-myo-inositol hexakisphosphate biosynthesis (plants)"
"http://rdf-plantmetwiki.bioinformatics.nl/pathways/PC687","thalianol and derivatives biosynthesis"
"http://rdf-plantmetwiki.bioinformatics.nl/pathways/PC688","sorgoleone biosynthesis"
"http://rdf-plantmetwiki.bioinformatics.nl/pathways/PC689","ortho-quinones biosynthesis"
"http://rdf-plantmetwiki.bioinformatics.nl/pathways/PC69","superpathway of isoflavonoids (via naringenin)"
"http://rdf-plantmetwiki.bioinformatics.nl/pathways/PC690","colchicine biosynthesis"
"http://rdf-plantmetwiki.bioinformatics.nl/pathways/PC691","chorismate biosynthesis I"
"http://rdf-plantmetwiki.bioinformatics.nl/pathways/PC692","γ-glutamyl cycle"
"http://rdf-plantmetwiki.bioinformatics.nl/pathways/PC693","chrysophanol biosynthesis"
"http://rdf-plantmetwiki.bioinformatics.nl/pathways/PC694","dimorphecolate biosynthesis"
"http://rdf-plantmetwiki.bioinformatics.nl/pathways/PC695","glycolysis II (from fructose 6-phosphate)"
"http://rdf-plantmetwiki.bioinformatics.nl/pathways/PC696","L-asparagine degradation II"
"http://rdf-plantmetwiki.bioinformatics.nl/pathways/PC697","curcumin glucoside biosynthesis"
"http://rdf-plantmetwiki.bioinformatics.nl/pathways/PC698","oxalate biosynthesis"
"http://rdf-plantmetwiki.bioinformatics.nl/pathways/PC699","sapienate biosynthesis"
"http://rdf-plantmetwiki.bioinformatics.nl/pathways/PC7","L-histidine biosynthesis"
"http://rdf-plantmetwiki.bioinformatics.nl/pathways/PC70","sphingolipid biosynthesis (plants)"
"http://rdf-plantmetwiki.bioinformatics.nl/pathways/PC700","dhurrin biosynthesis"
"http://rdf-plantmetwiki.bioinformatics.nl/pathways/PC701","UDP-β-L-rhamnose biosynthesis"
"http://rdf-plantmetwiki.bioinformatics.nl/pathways/PC702","indole-3-acetate activation II"
"http://rdf-plantmetwiki.bioinformatics.nl/pathways/PC703","oryzalexin D and E biosynthesis"
"http://rdf-plantmetwiki.bioinformatics.nl/pathways/PC704","D-sorbitol biosynthesis I"
"http://rdf-plantmetwiki.bioinformatics.nl/pathways/PC705","salicylate glucosides biosynthesis II"
"http://rdf-plantmetwiki.bioinformatics.nl/pathways/PC706","rot-2'-enonate biosynthesis"
"http://rdf-plantmetwiki.bioinformatics.nl/pathways/PC707","thiosulfate disproportionation IV (rhodanese)"
"http://rdf-plantmetwiki.bioinformatics.nl/pathways/PC708","L-nicotianamine biosynthesis"
"http://rdf-plantmetwiki.bioinformatics.nl/pathways/PC709","glutathione-glutaredoxin redox reactions"
"http://rdf-plantmetwiki.bioinformatics.nl/pathways/PC71","cellulose biosynthesis"
"http://rdf-plantmetwiki.bioinformatics.nl/pathways/PC710","sulfur volatiles biosynthesis"
"http://rdf-plantmetwiki.bioinformatics.nl/pathways/PC711","UDP-α-D-galacturonate biosynthesis I (from UDP-D-glucuronate)"
"http://rdf-plantmetwiki.bioinformatics.nl/pathways/PC712","coenzyme A biosynthesis II (eukaryotic)"
"http://rdf-plantmetwiki.bioinformatics.nl/pathways/PC713","long-chain fatty acid activation"
"http://rdf-plantmetwiki.bioinformatics.nl/pathways/PC714","pyrimidine ribonucleotides interconversion"
"http://rdf-plantmetwiki.bioinformatics.nl/pathways/PC715","plant sterol biosynthesis II"
"http://rdf-plantmetwiki.bioinformatics.nl/pathways/PC716","colupulone and cohumulone biosynthesis"
"http://rdf-plantmetwiki.bioinformatics.nl/pathways/PC717","eudesmol biosynthesis"
"http://rdf-plantmetwiki.bioinformatics.nl/pathways/PC718","TCA cycle variation V (plant)"
"http://rdf-plantmetwiki.bioinformatics.nl/pathways/PC719","guaiacol biosynthesis"
"http://rdf-plantmetwiki.bioinformatics.nl/pathways/PC72","camalexin biosynthesis"
"http://rdf-plantmetwiki.bioinformatics.nl/pathways/PC720","naringenin glycoside biosynthesis"
"http://rdf-plantmetwiki.bioinformatics.nl/pathways/PC721","glutathione biosynthesis"
"http://rdf-plantmetwiki.bioinformatics.nl/pathways/PC722","superpathway of seleno-compound metabolism"
"http://rdf-plantmetwiki.bioinformatics.nl/pathways/PC723","superpathway of anthocyanin biosynthesis (from pelargonidin 3-O-glucoside)"
"http://rdf-plantmetwiki.bioinformatics.nl/pathways/PC724","canthaxanthin biosynthesis"
"http://rdf-plantmetwiki.bioinformatics.nl/pathways/PC725","cytokinin-O-glucosides biosynthesis"
"http://rdf-plantmetwiki.bioinformatics.nl/pathways/PC726","NAD biosynthesis from nicotinamide"
"http://rdf-plantmetwiki.bioinformatics.nl/pathways/PC727","coniferyl alcohol 9-methyl ether biosynthesis"
"http://rdf-plantmetwiki.bioinformatics.nl/pathways/PC728","hispidol and hispidol 4'-O-β-D-glucoside biosynthesis"
"http://rdf-plantmetwiki.bioinformatics.nl/pathways/PC729","D-serine degradation"
"http://rdf-plantmetwiki.bioinformatics.nl/pathways/PC73","B series fagopyritols biosynthesis"
"http://rdf-plantmetwiki.bioinformatics.nl/pathways/PC730","very long chain fatty acid biosynthesis I"
"http://rdf-plantmetwiki.bioinformatics.nl/pathways/PC731","betaxanthin biosynthesis"
"http://rdf-plantmetwiki.bioinformatics.nl/pathways/PC732","rotenoid biosynthesis II"
"http://rdf-plantmetwiki.bioinformatics.nl/pathways/PC733","ajugose biosynthesis II (galactinol-independent)"
"http://rdf-plantmetwiki.bioinformatics.nl/pathways/PC734","UDP-galactose biosynthesis (salvage pathway from galactose using UDP-glucose)"
"http://rdf-plantmetwiki.bioinformatics.nl/pathways/PC735","shikonin biosynthesis"
"http://rdf-plantmetwiki.bioinformatics.nl/pathways/PC736","starch degradation I"
"http://rdf-plantmetwiki.bioinformatics.nl/pathways/PC737","UTP and CTP dephosphorylation II"
"http://rdf-plantmetwiki.bioinformatics.nl/pathways/PC738","pyrimidine deoxyribonucleosides salvage"
"http://rdf-plantmetwiki.bioinformatics.nl/pathways/PC739","rose anthocyanin biosynthesis II (via cyanidin 3-O-β-D-glucoside)"
"http://rdf-plantmetwiki.bioinformatics.nl/pathways/PC74","NAD(P)/NADPH interconversion"
"http://rdf-plantmetwiki.bioinformatics.nl/pathways/PC740","pyruvate fermentation to acetoin"
"http://rdf-plantmetwiki.bioinformatics.nl/pathways/PC741","patchoulol biosynthesis"
"http://rdf-plantmetwiki.bioinformatics.nl/pathways/PC742","ethanol degradation I"
"http://rdf-plantmetwiki.bioinformatics.nl/pathways/PC743","allantoin degradation to ureidoglycolate II (ammonia producing)"
"http://rdf-plantmetwiki.bioinformatics.nl/pathways/PC744","ophthalmate biosynthesis"
"http://rdf-plantmetwiki.bioinformatics.nl/pathways/PC745","GDP-L-galactose biosynthesis"
"http://rdf-plantmetwiki.bioinformatics.nl/pathways/PC746","D-galactose detoxification"
"http://rdf-plantmetwiki.bioinformatics.nl/pathways/PC747","marneral biosynthesis"
"http://rdf-plantmetwiki.bioinformatics.nl/pathways/PC748","1D-myo-inositol hexakisphosphate biosynthesis V (from Ins(1,3,4)P3)"
"http://rdf-plantmetwiki.bioinformatics.nl/pathways/PC749","matairesinol biosynthesis"
"http://rdf-plantmetwiki.bioinformatics.nl/pathways/PC75","vindoline, vindorosine and vinblastine biosynthesis"
"http://rdf-plantmetwiki.bioinformatics.nl/pathways/PC750","flavonol glucosylation I"
"http://rdf-plantmetwiki.bioinformatics.nl/pathways/PC751","7-dehydroporiferasterol biosynthesis"
"http://rdf-plantmetwiki.bioinformatics.nl/pathways/PC752","ammonia assimilation cycle II"
"http://rdf-plantmetwiki.bioinformatics.nl/pathways/PC753","glutaminyl-tRNAglⁿ biosynthesis via transamidation"
"http://rdf-plantmetwiki.bioinformatics.nl/pathways/PC754","cis-vaccenate biosynthesis"
"http://rdf-plantmetwiki.bioinformatics.nl/pathways/PC755","6-methoxypodophyllotoxin biosynthesis"
"http://rdf-plantmetwiki.bioinformatics.nl/pathways/PC756","morphine biosynthesis"
"http://rdf-plantmetwiki.bioinformatics.nl/pathways/PC757","aerobic respiration III (alternative oxidase pathway)"
"http://rdf-plantmetwiki.bioinformatics.nl/pathways/PC758","pinocembrin C-glucosylation"
"http://rdf-plantmetwiki.bioinformatics.nl/pathways/PC759","abscisic acid degradation to phaseic acid"
"http://rdf-plantmetwiki.bioinformatics.nl/pathways/PC76","tropane alkaloids biosynthesis"
"http://rdf-plantmetwiki.bioinformatics.nl/pathways/PC760","tricetin methylation"
"http://rdf-plantmetwiki.bioinformatics.nl/pathways/PC761","L-glutamate biosynthesis IV"
"http://rdf-plantmetwiki.bioinformatics.nl/pathways/PC762","C4 photosynthetic carbon assimilation cycle, NAD-ME type"
"http://rdf-plantmetwiki.bioinformatics.nl/pathways/PC763","L-valine degradation I"
"http://rdf-plantmetwiki.bioinformatics.nl/pathways/PC764","indole-3-acetate inactivation I"
"http://rdf-plantmetwiki.bioinformatics.nl/pathways/PC765","superpathway of L-threonine biosynthesis"
"http://rdf-plantmetwiki.bioinformatics.nl/pathways/PC766","fatty acid biosynthesis initiation (plant mitochondria)"
"http://rdf-plantmetwiki.bioinformatics.nl/pathways/PC767","isovitexin glycosides biosynthesis"
"http://rdf-plantmetwiki.bioinformatics.nl/pathways/PC768","lupeol biosynthesis"
"http://rdf-plantmetwiki.bioinformatics.nl/pathways/PC769","wogonin metabolism"
"http://rdf-plantmetwiki.bioinformatics.nl/pathways/PC77","N-hydroxy-L-pipecolate biosynthesis"
"http://rdf-plantmetwiki.bioinformatics.nl/pathways/PC770","cyanidin dimalonylglucoside biosynthesis"
"http://rdf-plantmetwiki.bioinformatics.nl/pathways/PC771","pelargonidin diglucoside biosynthesis (acyl-glucose dependent)"
"http://rdf-plantmetwiki.bioinformatics.nl/pathways/PC772","syringetin biosynthesis"
"http://rdf-plantmetwiki.bioinformatics.nl/pathways/PC773","superpathway of L-lysine, L-threonine and L-methionine biosynthesis II"
"http://rdf-plantmetwiki.bioinformatics.nl/pathways/PC774","β-cubebene biosynthesis"
"http://rdf-plantmetwiki.bioinformatics.nl/pathways/PC775","anthocyanidin sophoroside metabolism"
"http://rdf-plantmetwiki.bioinformatics.nl/pathways/PC776","myo-inositol biosynthesis"
"http://rdf-plantmetwiki.bioinformatics.nl/pathways/PC777","putrescine biosynthesis I"
"http://rdf-plantmetwiki.bioinformatics.nl/pathways/PC778","sakuranetin biosynthesis"
"http://rdf-plantmetwiki.bioinformatics.nl/pathways/PC779","pyrimidine ribonucleosides salvage I"
"http://rdf-plantmetwiki.bioinformatics.nl/pathways/PC78","alizarin biosynthesis"
"http://rdf-plantmetwiki.bioinformatics.nl/pathways/PC780","protein N-glycosylation initial phase (eukaryotic)"
"http://rdf-plantmetwiki.bioinformatics.nl/pathways/PC781","superpathway of phylloquinol biosynthesis"
"http://rdf-plantmetwiki.bioinformatics.nl/pathways/PC782","methylhalides biosynthesis (plants)"
"http://rdf-plantmetwiki.bioinformatics.nl/pathways/PC783","4-hydroxycoumarin and dicoumarol biosynthesis"
"http://rdf-plantmetwiki.bioinformatics.nl/pathways/PC784","lawsone biosynthesis"
"http://rdf-plantmetwiki.bioinformatics.nl/pathways/PC785","quercetin sulfate biosynthesis"
"http://rdf-plantmetwiki.bioinformatics.nl/pathways/PC786","crepenynate biosynthesis"
"http://rdf-plantmetwiki.bioinformatics.nl/pathways/PC787","superpathway of tetrahydroxyxanthone biosynthesis"
"http://rdf-plantmetwiki.bioinformatics.nl/pathways/PC788","fenchol biosynthesis I"
"http://rdf-plantmetwiki.bioinformatics.nl/pathways/PC789","PRPP biosynthesis"
"http://rdf-plantmetwiki.bioinformatics.nl/pathways/PC79","aloin biosynthesis"
"http://rdf-plantmetwiki.bioinformatics.nl/pathways/PC790","chitin degradation III (carnivorous plants)"
"http://rdf-plantmetwiki.bioinformatics.nl/pathways/PC791","D-myo-inositol (1,3,4)-trisphosphate biosynthesis"
"http://rdf-plantmetwiki.bioinformatics.nl/pathways/PC792","(Z)-phenylmethanethial S-oxide biosynthesis"
"http://rdf-plantmetwiki.bioinformatics.nl/pathways/PC793","tricin biosynthesis"
"http://rdf-plantmetwiki.bioinformatics.nl/pathways/PC794","soybean saponin I biosynthesis"
"http://rdf-plantmetwiki.bioinformatics.nl/pathways/PC795","salvianin biosynthesis"
"http://rdf-plantmetwiki.bioinformatics.nl/pathways/PC796","nitric oxide biosynthesis II (mammals)"
"http://rdf-plantmetwiki.bioinformatics.nl/pathways/PC797","acetate and ATP formation from acetyl-CoA I"
"http://rdf-plantmetwiki.bioinformatics.nl/pathways/PC798","D-myo-inositol (1,4,5)-trisphosphate degradation"
"http://rdf-plantmetwiki.bioinformatics.nl/pathways/PC799","nitrate reduction II (assimilatory)"
"http://rdf-plantmetwiki.bioinformatics.nl/pathways/PC8","L-canavanine degradation I"
"http://rdf-plantmetwiki.bioinformatics.nl/pathways/PC80","acylsucrose biosynthesis (Solanum pennellii)"
"http://rdf-plantmetwiki.bioinformatics.nl/pathways/PC800","lanosterol biosynthesis"
"http://rdf-plantmetwiki.bioinformatics.nl/pathways/PC801","purine deoxyribonucleosides salvage"
"http://rdf-plantmetwiki.bioinformatics.nl/pathways/PC802","salicylate biosynthesis III"
"http://rdf-plantmetwiki.bioinformatics.nl/pathways/PC803","superpathway of allantoin degradation in plants"
"http://rdf-plantmetwiki.bioinformatics.nl/pathways/PC804","sulfate activation for sulfonation"
"http://rdf-plantmetwiki.bioinformatics.nl/pathways/PC805","diploterol biosynthesis"
"http://rdf-plantmetwiki.bioinformatics.nl/pathways/PC806","quercetin glycoside biosynthesis (Arabidopsis)"
"http://rdf-plantmetwiki.bioinformatics.nl/pathways/PC807","geranylgeranyl pyrophosphate biosynthesis"
"http://rdf-plantmetwiki.bioinformatics.nl/pathways/PC808","maackiain conjugates interconversion"
"http://rdf-plantmetwiki.bioinformatics.nl/pathways/PC809","β-carotene biosynthesis (engineered)"
"http://rdf-plantmetwiki.bioinformatics.nl/pathways/PC81","trans-zeatin biosynthesis"
"http://rdf-plantmetwiki.bioinformatics.nl/pathways/PC810","S-methyl-5-thio-α-D-ribose 1-phosphate degradation I"
"http://rdf-plantmetwiki.bioinformatics.nl/pathways/PC811","apigenin glycosides biosynthesis"
"http://rdf-plantmetwiki.bioinformatics.nl/pathways/PC812","glutamate-glutamine shuttle"
"http://rdf-plantmetwiki.bioinformatics.nl/pathways/PC813","L-serine biosynthesis II"
"http://rdf-plantmetwiki.bioinformatics.nl/pathways/PC814","vestitol and sativan biosynthesis"
"http://rdf-plantmetwiki.bioinformatics.nl/pathways/PC815","L-leucine biosynthesis"
"http://rdf-plantmetwiki.bioinformatics.nl/pathways/PC816","arabidopyrone biosynthesis"
"http://rdf-plantmetwiki.bioinformatics.nl/pathways/PC817","anthocyanidin 3-malylglucoside biosynthesis (acyl-glucose dependent)"
"http://rdf-plantmetwiki.bioinformatics.nl/pathways/PC818","avenacin A-2 biosynthesis"
"http://rdf-plantmetwiki.bioinformatics.nl/pathways/PC819","neoxanthin biosynthesis"
"http://rdf-plantmetwiki.bioinformatics.nl/pathways/PC82","punicate biosynthesis"
"http://rdf-plantmetwiki.bioinformatics.nl/pathways/PC820","carbon concentration mechanism (Chlamydomonas)"
"http://rdf-plantmetwiki.bioinformatics.nl/pathways/PC821","CMP-3-deoxy-D-manno-octulosonate biosynthesis"
"http://rdf-plantmetwiki.bioinformatics.nl/pathways/PC822","L-citrulline degradation"
"http://rdf-plantmetwiki.bioinformatics.nl/pathways/PC823","pyruvate fermentation to ethanol II"
"http://rdf-plantmetwiki.bioinformatics.nl/pathways/PC824","chlorophyll a biosynthesis II"
"http://rdf-plantmetwiki.bioinformatics.nl/pathways/PC825","superpathway of oleoresin turpentine biosynthesis"
"http://rdf-plantmetwiki.bioinformatics.nl/pathways/PC826","juvenile hormone III biosynthesis I"
"http://rdf-plantmetwiki.bioinformatics.nl/pathways/PC827","homocysteine and cysteine interconversion"
"http://rdf-plantmetwiki.bioinformatics.nl/pathways/PC828","L-lysine biosynthesis VI"
"http://rdf-plantmetwiki.bioinformatics.nl/pathways/PC829","jasmonoyl-L-isoleucine inactivation"
"http://rdf-plantmetwiki.bioinformatics.nl/pathways/PC83","rubber biosynthesis"
"http://rdf-plantmetwiki.bioinformatics.nl/pathways/PC830","L-ascorbate degradation III"
"http://rdf-plantmetwiki.bioinformatics.nl/pathways/PC831","abscisic acid biosynthesis shunt"
"http://rdf-plantmetwiki.bioinformatics.nl/pathways/PC832","indole degradation to anthranil and anthranilate"
"http://rdf-plantmetwiki.bioinformatics.nl/pathways/PC833","oxalate degradation VI"
"http://rdf-plantmetwiki.bioinformatics.nl/pathways/PC834","δ-guaiene biosynthesis"
"http://rdf-plantmetwiki.bioinformatics.nl/pathways/PC835","glycolysis IV"
"http://rdf-plantmetwiki.bioinformatics.nl/pathways/PC836","caffeine biosynthesis I"
"http://rdf-plantmetwiki.bioinformatics.nl/pathways/PC837","acyl-CoA hydrolysis"
"http://rdf-plantmetwiki.bioinformatics.nl/pathways/PC838","hyperxanthone E biosynthesis"
"http://rdf-plantmetwiki.bioinformatics.nl/pathways/PC839","nicotine biosynthesis"
"http://rdf-plantmetwiki.bioinformatics.nl/pathways/PC84","proanthocyanidins biosynthesis from flavanols"
"http://rdf-plantmetwiki.bioinformatics.nl/pathways/PC840","nonaprenyl pyrophosphate biosynthesis II"
"http://rdf-plantmetwiki.bioinformatics.nl/pathways/PC841","IAA biosynthesis VII"
"http://rdf-plantmetwiki.bioinformatics.nl/pathways/PC842","hypusine biosynthesis"
"http://rdf-plantmetwiki.bioinformatics.nl/pathways/PC843","hinokiresinol biosynthesis"
"http://rdf-plantmetwiki.bioinformatics.nl/pathways/PC844","L-threonine biosynthesis"
"http://rdf-plantmetwiki.bioinformatics.nl/pathways/PC845","L-valine biosynthesis"
"http://rdf-plantmetwiki.bioinformatics.nl/pathways/PC846","phosphatidylcholine biosynthesis IV"
"http://rdf-plantmetwiki.bioinformatics.nl/pathways/PC847","folate polyglutamylation"
"http://rdf-plantmetwiki.bioinformatics.nl/pathways/PC848","vitexin and derivatives biosynthesis"
"http://rdf-plantmetwiki.bioinformatics.nl/pathways/PC849","superpathway of hydrolyzable tannin biosynthesis"
"http://rdf-plantmetwiki.bioinformatics.nl/pathways/PC85","D-serine metabolism"
"http://rdf-plantmetwiki.bioinformatics.nl/pathways/PC850","gluconeogenesis I"
"http://rdf-plantmetwiki.bioinformatics.nl/pathways/PC851","gibberellin biosynthesis III (early C-13 hydroxylation)"
"http://rdf-plantmetwiki.bioinformatics.nl/pathways/PC852","benzoate biosynthesis II (CoA-independent, non-β-oxidative)"
"http://rdf-plantmetwiki.bioinformatics.nl/pathways/PC853","gibberellin inactivation III (epoxidation)"
"http://rdf-plantmetwiki.bioinformatics.nl/pathways/PC854","2,4,6-trinitrotoluene degradation"
"http://rdf-plantmetwiki.bioinformatics.nl/pathways/PC855","felinine and 3-methyl-3-sulfanylbutan-1-ol biosynthesis"
"http://rdf-plantmetwiki.bioinformatics.nl/pathways/PC856","violaxanthin, antheraxanthin and zeaxanthin interconversion"
"http://rdf-plantmetwiki.bioinformatics.nl/pathways/PC857","3-methylthiopropanoate biosynthesis"
"http://rdf-plantmetwiki.bioinformatics.nl/pathways/PC858","siroheme biosynthesis"
"http://rdf-plantmetwiki.bioinformatics.nl/pathways/PC859","fatty acid elongation--saturated"
"http://rdf-plantmetwiki.bioinformatics.nl/pathways/PC86","L-ascorbate degradation IV"
"http://rdf-plantmetwiki.bioinformatics.nl/pathways/PC860","phytocassanes biosynthesis, shared reactions"
"http://rdf-plantmetwiki.bioinformatics.nl/pathways/PC861","maysin biosynthesis"
"http://rdf-plantmetwiki.bioinformatics.nl/pathways/PC862","superpathway of sucrose and starch metabolism I (non-photosynthetic tissue)"
"http://rdf-plantmetwiki.bioinformatics.nl/pathways/PC863","cytokinins 9-N-glucoside biosynthesis"
"http://rdf-plantmetwiki.bioinformatics.nl/pathways/PC864","dhurrin degradation"
"http://rdf-plantmetwiki.bioinformatics.nl/pathways/PC865","plumbagin biosynthesis"
"http://rdf-plantmetwiki.bioinformatics.nl/pathways/PC866","rose anthocyanin biosynthesis I (via cyanidin 5-O-β-D-glucoside)"
"http://rdf-plantmetwiki.bioinformatics.nl/pathways/PC867","zealexin biosynthesis"
"http://rdf-plantmetwiki.bioinformatics.nl/pathways/PC868","sinapate ester biosynthesis"
"http://rdf-plantmetwiki.bioinformatics.nl/pathways/PC869","diphyllin biosynthesis"
"http://rdf-plantmetwiki.bioinformatics.nl/pathways/PC87","mannitol degradation II"
"http://rdf-plantmetwiki.bioinformatics.nl/pathways/PC870","myricetin gentiobioside biosynthesis"
"http://rdf-plantmetwiki.bioinformatics.nl/pathways/PC871","adenine and adenosine salvage VI"
"http://rdf-plantmetwiki.bioinformatics.nl/pathways/PC872","ammonia assimilation cycle I"
"http://rdf-plantmetwiki.bioinformatics.nl/pathways/PC873","1,4-dihydroxy-2-naphthoate biosynthesis II (plants)"
"http://rdf-plantmetwiki.bioinformatics.nl/pathways/PC874","gentisate 5-O-β-D-xylopyranoside biosynthesis"
"http://rdf-plantmetwiki.bioinformatics.nl/pathways/PC875","(7Z,10Z,13Z)-hexadecatrienoate biosynthesis"
"http://rdf-plantmetwiki.bioinformatics.nl/pathways/PC876","superpathway of branched chain amino acid biosynthesis"
"http://rdf-plantmetwiki.bioinformatics.nl/pathways/PC877","indole-3-acetate inactivation IX"
"http://rdf-plantmetwiki.bioinformatics.nl/pathways/PC878","glucosinolate biosynthesis from tryptophan"
"http://rdf-plantmetwiki.bioinformatics.nl/pathways/PC879","coumarin metabolism (to melilotic acid)"
"http://rdf-plantmetwiki.bioinformatics.nl/pathways/PC88","heliocides biosynthesis"
"http://rdf-plantmetwiki.bioinformatics.nl/pathways/PC880","gibberellin biosynthesis I (non C-3, non C-13 hydroxylation)"
"http://rdf-plantmetwiki.bioinformatics.nl/pathways/PC881","simplecoumarins biosynthesis"
"http://rdf-plantmetwiki.bioinformatics.nl/pathways/PC882","4-hydroxybenzoate biosynthesis IV (plants)"
"http://rdf-plantmetwiki.bioinformatics.nl/pathways/PC883","pyrimidine nucleobases salvage I"
"http://rdf-plantmetwiki.bioinformatics.nl/pathways/PC884","superpathway of purines degradation in plants"
"http://rdf-plantmetwiki.bioinformatics.nl/pathways/PC885","fenchol biosynthesis II"
"http://rdf-plantmetwiki.bioinformatics.nl/pathways/PC886","iron reduction and absorption"
"http://rdf-plantmetwiki.bioinformatics.nl/pathways/PC887","3β-hydroxysesquiterpene lactone biosynthesis"
"http://rdf-plantmetwiki.bioinformatics.nl/pathways/PC888","3-dehydroquinate biosynthesis I"
"http://rdf-plantmetwiki.bioinformatics.nl/pathways/PC889","superpathway of glycoalkaloid metabolism (Solanaceae)"
"http://rdf-plantmetwiki.bioinformatics.nl/pathways/PC89","triacylglycerol degradation"
"http://rdf-plantmetwiki.bioinformatics.nl/pathways/PC890","malate-oxaloacetate shuttle II"
"http://rdf-plantmetwiki.bioinformatics.nl/pathways/PC891","homogalacturonan biosynthesis"
"http://rdf-plantmetwiki.bioinformatics.nl/pathways/PC892","cichoriin interconversion"
"http://rdf-plantmetwiki.bioinformatics.nl/pathways/PC893","2'-deoxymugineic acid phytosiderophore biosynthesis"
"http://rdf-plantmetwiki.bioinformatics.nl/pathways/PC894","flavonol biosynthesis"
"http://rdf-plantmetwiki.bioinformatics.nl/pathways/PC895","superpathway of rosmarinic acid biosynthesis"
"http://rdf-plantmetwiki.bioinformatics.nl/pathways/PC896","ent-kaurene biosynthesis II"
"http://rdf-plantmetwiki.bioinformatics.nl/pathways/PC897","mangrove triterpenoid biosynthesis"
"http://rdf-plantmetwiki.bioinformatics.nl/pathways/PC898","salicylate biosynthesis I"
"http://rdf-plantmetwiki.bioinformatics.nl/pathways/PC899","oleoresin sesquiterpene volatiles biosynthesis"
"http://rdf-plantmetwiki.bioinformatics.nl/pathways/PC9","26,27-dehydrozymosterol metabolism"
"http://rdf-plantmetwiki.bioinformatics.nl/pathways/PC90","heliannuol and heliespirone biosynthesis"
"http://rdf-plantmetwiki.bioinformatics.nl/pathways/PC900","acetyl-CoA biosynthesis from citrate"
"http://rdf-plantmetwiki.bioinformatics.nl/pathways/PC901","ponciretin biosynthesis"
"http://rdf-plantmetwiki.bioinformatics.nl/pathways/PC902","dimethylsulfoniopropanoate biosynthesis II (Spartina)"
"http://rdf-plantmetwiki.bioinformatics.nl/pathways/PC903","aliphatic glucosinolate biosynthesis, side chain elongation cycle"
"http://rdf-plantmetwiki.bioinformatics.nl/pathways/PC904","glycyrrhetinate biosynthesis"
"http://rdf-plantmetwiki.bioinformatics.nl/pathways/PC905","t-anethole biosynthesis"
"http://rdf-plantmetwiki.bioinformatics.nl/pathways/PC906","naringenin biosynthesis (engineered)"
"http://rdf-plantmetwiki.bioinformatics.nl/pathways/PC907","furaneol and mesifurane biosynthesis"
"http://rdf-plantmetwiki.bioinformatics.nl/pathways/PC908","vitamin E biosynthesis (tocopherols)"
"http://rdf-plantmetwiki.bioinformatics.nl/pathways/PC909","trehalose degradation II (cytosolic)"
"http://rdf-plantmetwiki.bioinformatics.nl/pathways/PC91","lacinilene C biosynthesis"
"http://rdf-plantmetwiki.bioinformatics.nl/pathways/PC910","dihydroconiferyl alcohol biosynthesis"
"http://rdf-plantmetwiki.bioinformatics.nl/pathways/PC911","flavonol acylglucoside biosynthesis II-isorhamnetin derivatives"
"http://rdf-plantmetwiki.bioinformatics.nl/pathways/PC912","suberin monomers biosynthesis"
"http://rdf-plantmetwiki.bioinformatics.nl/pathways/PC913","ricinoleate biosynthesis"
"http://rdf-plantmetwiki.bioinformatics.nl/pathways/PC914","pinosylvin metabolism"
"http://rdf-plantmetwiki.bioinformatics.nl/pathways/PC915","stigma estolide biosynthesis"
"http://rdf-plantmetwiki.bioinformatics.nl/pathways/PC916","xyloglucan biosynthesis"
"http://rdf-plantmetwiki.bioinformatics.nl/pathways/PC917","kaempferol triglucoside biosynthesis"
"http://rdf-plantmetwiki.bioinformatics.nl/pathways/PC918","santalene biosynthesis I"
"http://rdf-plantmetwiki.bioinformatics.nl/pathways/PC919","D-galactose degradation I (Leloir pathway)"
"http://rdf-plantmetwiki.bioinformatics.nl/pathways/PC92","copper transport I"
"http://rdf-plantmetwiki.bioinformatics.nl/pathways/PC920","isoprene biosynthesis I"
"http://rdf-plantmetwiki.bioinformatics.nl/pathways/PC921","nitrogen remobilization from senescing leaves"
"http://rdf-plantmetwiki.bioinformatics.nl/pathways/PC922","(3E)-4,8-dimethylnona-1,3,7-triene biosynthesis II"
"http://rdf-plantmetwiki.bioinformatics.nl/pathways/PC923","fatty acid β-oxidation II (plant peroxisome)"
"http://rdf-plantmetwiki.bioinformatics.nl/pathways/PC924","4-aminobutanoate degradation I"
"http://rdf-plantmetwiki.bioinformatics.nl/pathways/PC925","chrysoeriol biosynthesis"
"http://rdf-plantmetwiki.bioinformatics.nl/pathways/PC926","monoterpene biosynthesis"
"http://rdf-plantmetwiki.bioinformatics.nl/pathways/PC927","γ-linolenate biosynthesis I (plants)"
"http://rdf-plantmetwiki.bioinformatics.nl/pathways/PC928","ppGpp metabolism"
"http://rdf-plantmetwiki.bioinformatics.nl/pathways/PC929","fenchone biosynthesis"
"http://rdf-plantmetwiki.bioinformatics.nl/pathways/PC93","phytyl pyrophosphate biosynthesis"
"http://rdf-plantmetwiki.bioinformatics.nl/pathways/PC930","dalcochinin biosynthesis"
"http://rdf-plantmetwiki.bioinformatics.nl/pathways/PC931","all-trans-farnesol biosynthesis"
"http://rdf-plantmetwiki.bioinformatics.nl/pathways/PC932","cis-zeatin biosynthesis"
"http://rdf-plantmetwiki.bioinformatics.nl/pathways/PC933","tuberonate glucoside biosynthesis"
"http://rdf-plantmetwiki.bioinformatics.nl/pathways/PC934","detoxification of reactive carbonyls in chloroplasts"
"http://rdf-plantmetwiki.bioinformatics.nl/pathways/PC935","gossypetin metabolism"
"http://rdf-plantmetwiki.bioinformatics.nl/pathways/PC936","scopolin biosynthesis"
"http://rdf-plantmetwiki.bioinformatics.nl/pathways/PC937","stellariose and mediose biosynthesis"
"http://rdf-plantmetwiki.bioinformatics.nl/pathways/PC938","acyl carrier protein metabolism"
"http://rdf-plantmetwiki.bioinformatics.nl/pathways/PC939","triacylglycerol biosynthesis (Chlamydomonas)"
"http://rdf-plantmetwiki.bioinformatics.nl/pathways/PC94","allantoin degradation to glyoxylate I"
"http://rdf-plantmetwiki.bioinformatics.nl/pathways/PC940","momilactone A biosynthesis"
"http://rdf-plantmetwiki.bioinformatics.nl/pathways/PC941","betalamic acid biosynthesis"
"http://rdf-plantmetwiki.bioinformatics.nl/pathways/PC942","superpathway of pyrimidine nucleobases salvage"
"http://rdf-plantmetwiki.bioinformatics.nl/pathways/PC943","seleno-amino acid biosynthesis (plants)"
"http://rdf-plantmetwiki.bioinformatics.nl/pathways/PC944","cyanide detoxification I"
"http://rdf-plantmetwiki.bioinformatics.nl/pathways/PC945","L-arginine degradation V (arginine deiminase pathway)"
"http://rdf-plantmetwiki.bioinformatics.nl/pathways/PC946","pyruvate fermentation to ethanol I"
"http://rdf-plantmetwiki.bioinformatics.nl/pathways/PC947","L-methionine degradation I (to L-homocysteine)"
"http://rdf-plantmetwiki.bioinformatics.nl/pathways/PC948","terminal olefins biosynthesis I"
"http://rdf-plantmetwiki.bioinformatics.nl/pathways/PC949","gossypol biosynthesis"
"http://rdf-plantmetwiki.bioinformatics.nl/pathways/PC95","putrescine biosynthesis II"
"http://rdf-plantmetwiki.bioinformatics.nl/pathways/PC950","allantoin degradation to ureidoglycolate I (urea producing)"
"http://rdf-plantmetwiki.bioinformatics.nl/pathways/PC951","TCA cycle II (plants and fungi)"
"http://rdf-plantmetwiki.bioinformatics.nl/pathways/PC952","lupulone and humulone biosynthesis"
"http://rdf-plantmetwiki.bioinformatics.nl/pathways/PC953","lotaustralin degradation"
"http://rdf-plantmetwiki.bioinformatics.nl/pathways/PC954","chrysin biosynthesis"
"http://rdf-plantmetwiki.bioinformatics.nl/pathways/PC955","nucleobase ascorbate transport I"
"http://rdf-plantmetwiki.bioinformatics.nl/pathways/PC956","spermine and spermidine degradation II"
"http://rdf-plantmetwiki.bioinformatics.nl/pathways/PC957","pyrimidine salvage pathway"
"http://rdf-plantmetwiki.bioinformatics.nl/pathways/PC958","alliin metabolism"
"http://rdf-plantmetwiki.bioinformatics.nl/pathways/PC959","abietic acid biosynthesis"
"http://rdf-plantmetwiki.bioinformatics.nl/pathways/PC96","phosphatidylcholine acyl editing"
"http://rdf-plantmetwiki.bioinformatics.nl/pathways/PC960","dammara-20,24-diene biosynthesis"
"http://rdf-plantmetwiki.bioinformatics.nl/pathways/PC961","tetraacylsucrose biosynthesis (Solanum)"
"http://rdf-plantmetwiki.bioinformatics.nl/pathways/PC962","fatty acid biosynthesis initiation (type II)"
"http://rdf-plantmetwiki.bioinformatics.nl/pathways/PC963","kievitone biosynthesis"
"http://rdf-plantmetwiki.bioinformatics.nl/pathways/PC964","glutathione degradation"
"http://rdf-plantmetwiki.bioinformatics.nl/pathways/PC965","betacyanin biosynthesis (via dopamine)"
"http://rdf-plantmetwiki.bioinformatics.nl/pathways/PC966","DIMBOA-glucoside activation"
"http://rdf-plantmetwiki.bioinformatics.nl/pathways/PC967","8-O-methylated benzoxazinoid glucoside biosynthesis"
"http://rdf-plantmetwiki.bioinformatics.nl/pathways/PC968","UDP-glucose biosynthesis (from sucrose)"
"http://rdf-plantmetwiki.bioinformatics.nl/pathways/PC969","zerumbone biosynthesis"
"http://rdf-plantmetwiki.bioinformatics.nl/pathways/PC97","superpathway of anaerobic sucrose degradation"
"http://rdf-plantmetwiki.bioinformatics.nl/pathways/PC970","capsidiol biosynthesis"
"http://rdf-plantmetwiki.bioinformatics.nl/pathways/PC971","phosphatidate metabolism, as a signaling molecule"
"http://rdf-plantmetwiki.bioinformatics.nl/pathways/PC972","phytate degradation II"
"http://rdf-plantmetwiki.bioinformatics.nl/pathways/PC973","acylated cyanidin galactoside biosynthesis"
"http://rdf-plantmetwiki.bioinformatics.nl/pathways/PC974","labdenediol and sclareol biosynthesis"
"http://rdf-plantmetwiki.bioinformatics.nl/pathways/PC975","adenosine nucleotides degradation I"
"http://rdf-plantmetwiki.bioinformatics.nl/pathways/PC976","lactucaxanthin biosynthesis"
"http://rdf-plantmetwiki.bioinformatics.nl/pathways/PC977","bisbenzylisoquinoline alkaloid biosynthesis"
"http://rdf-plantmetwiki.bioinformatics.nl/pathways/PC978","superpathway of polyamine biosynthesis II"
"http://rdf-plantmetwiki.bioinformatics.nl/pathways/PC979","delphinidin diglucoside biosynthesis (acyl-glucose dependent)"
"http://rdf-plantmetwiki.bioinformatics.nl/pathways/PC98","3-carene biosynthesis"
"http://rdf-plantmetwiki.bioinformatics.nl/pathways/PC980","cocaine biosynthesis"
"http://rdf-plantmetwiki.bioinformatics.nl/pathways/PC981","glucosinolate biosynthesis from tetrahomomethionine"
"http://rdf-plantmetwiki.bioinformatics.nl/pathways/PC982","allantoin degradation to glyoxylate III"
"http://rdf-plantmetwiki.bioinformatics.nl/pathways/PC983","L-ornithine biosynthesis I"
"http://rdf-plantmetwiki.bioinformatics.nl/pathways/PC984","taxiphyllin bioactivation"
"http://rdf-plantmetwiki.bioinformatics.nl/pathways/PC985","noscapine biosynthesis"
"http://rdf-plantmetwiki.bioinformatics.nl/pathways/PC986","4-aminobenzoate biosynthesis I"
"http://rdf-plantmetwiki.bioinformatics.nl/pathways/PC987","protein NEDDylation"
"http://rdf-plantmetwiki.bioinformatics.nl/pathways/PC988","β-caryophyllene biosynthesis"
"http://rdf-plantmetwiki.bioinformatics.nl/pathways/PC989","superpathway of acylsucrose biosynthesis (wild tomato)"
"http://rdf-plantmetwiki.bioinformatics.nl/pathways/PC99","(-)-glycinol biosynthesis"
"http://rdf-plantmetwiki.bioinformatics.nl/pathways/PC990","phospholipases"
"http://rdf-plantmetwiki.bioinformatics.nl/pathways/PC991","α-amyrin biosynthesis"
"http://rdf-plantmetwiki.bioinformatics.nl/pathways/PC992","superpathway of acetyl-CoA biosynthesis"
"http://rdf-plantmetwiki.bioinformatics.nl/pathways/PC993","phosphatidylcholine biosynthesis III"
"http://rdf-plantmetwiki.bioinformatics.nl/pathways/PC994","linalool biosynthesis I"
"http://rdf-plantmetwiki.bioinformatics.nl/pathways/PC995","quercetin diglycoside biosynthesis (pollen-specific)"
"http://rdf-plantmetwiki.bioinformatics.nl/pathways/PC996","2,3-cis-flavanols biosynthesis"
"http://rdf-plantmetwiki.bioinformatics.nl/pathways/PC997","betaxanthin biosynthesis (via dopamine)"
"http://rdf-plantmetwiki.bioinformatics.nl/pathways/PC998","sulfite oxidation IV (sulfite oxidase)"
"http://rdf-plantmetwiki.bioinformatics.nl/pathways/PC999","dimethylsulfoniopropanoate degradation I (cleavage)"
"http://rdf-plantmetwiki.bioinformatics.nl/pathways/RC1","RXN-10437"
"http://rdf-plantmetwiki.bioinformatics.nl/pathways/RC10","RXN-18259"
"http://rdf-plantmetwiki.bioinformatics.nl/pathways/RC100","UBIQUITIN--PROTEIN-LIGASE-RXN"
"http://rdf-plantmetwiki.bioinformatics.nl/pathways/RC1000","RXN-10730"
"http://rdf-plantmetwiki.bioinformatics.nl/pathways/RC1001","NADNUCLEOSID-RXN"
"http://rdf-plantmetwiki.bioinformatics.nl/pathways/RC1002","RXN-14858"
"http://rdf-plantmetwiki.bioinformatics.nl/pathways/RC1003","RXN-11935"
"http://rdf-plantmetwiki.bioinformatics.nl/pathways/RC1004","RXN-10454"
"http://rdf-plantmetwiki.bioinformatics.nl/pathways/RC1005","MANNPGUANYLTRANGDP-RXN"
"http://rdf-plantmetwiki.bioinformatics.nl/pathways/RC1006","2.4.1.194-RXN"
"http://rdf-plantmetwiki.bioinformatics.nl/pathways/RC1007","3.2.1.68-RXN"
"http://rdf-plantmetwiki.bioinformatics.nl/pathways/RC1008","RXN-21389"
"http://rdf-plantmetwiki.bioinformatics.nl/pathways/RC1009","RXN-9955"
"http://rdf-plantmetwiki.bioinformatics.nl/pathways/RC101","RXN-7838"
"http://rdf-plantmetwiki.bioinformatics.nl/pathways/RC1010","RXNQT-4167"
"http://rdf-plantmetwiki.bioinformatics.nl/pathways/RC1011","RXN1F-10"
"http://rdf-plantmetwiki.bioinformatics.nl/pathways/RC1012","RXN-8980"
"http://rdf-plantmetwiki.bioinformatics.nl/pathways/RC1013","RXN-10873"
"http://rdf-plantmetwiki.bioinformatics.nl/pathways/RC1014","RXN-14199"
"http://rdf-plantmetwiki.bioinformatics.nl/pathways/RC1015","NUCLEOSIDE-TRIPHOSPHATASE-RXN"
"http://rdf-plantmetwiki.bioinformatics.nl/pathways/RC1016","arachidonate &Delta;17 desaturase"
"http://rdf-plantmetwiki.bioinformatics.nl/pathways/RC1017","RXN-8603"
"http://rdf-plantmetwiki.bioinformatics.nl/pathways/RC1018","5-fluoro-5-deoxy-d-ribulose-1-phosphate aldolase"
"http://rdf-plantmetwiki.bioinformatics.nl/pathways/RC1019","RXN-15129"
"http://rdf-plantmetwiki.bioinformatics.nl/pathways/RC102","GLUCOSE-6-PHOSPHATASE-RXN"
"http://rdf-plantmetwiki.bioinformatics.nl/pathways/RC1020","RXN-19772"
"http://rdf-plantmetwiki.bioinformatics.nl/pathways/RC1021","RXN-5481"
"http://rdf-plantmetwiki.bioinformatics.nl/pathways/RC1022","RXN-11225"
"http://rdf-plantmetwiki.bioinformatics.nl/pathways/RC1023","RXN-13399"
"http://rdf-plantmetwiki.bioinformatics.nl/pathways/RC1024","RXN-4344"
"http://rdf-plantmetwiki.bioinformatics.nl/pathways/RC1025","RXN-9567"
"http://rdf-plantmetwiki.bioinformatics.nl/pathways/RC1026","RXNQT-4180"
"http://rdf-plantmetwiki.bioinformatics.nl/pathways/RC1027","RXN-21434"
"http://rdf-plantmetwiki.bioinformatics.nl/pathways/RC1028","RXN-18781"
"http://rdf-plantmetwiki.bioinformatics.nl/pathways/RC1029","RXN-8200"
"http://rdf-plantmetwiki.bioinformatics.nl/pathways/RC103","RXN-10431"
"http://rdf-plantmetwiki.bioinformatics.nl/pathways/RC1030","RXN-14142"
"http://rdf-plantmetwiki.bioinformatics.nl/pathways/RC1031","RXN-11102"
"http://rdf-plantmetwiki.bioinformatics.nl/pathways/RC1032","RXN-18895"
"http://rdf-plantmetwiki.bioinformatics.nl/pathways/RC1033","RXN-10868"
"http://rdf-plantmetwiki.bioinformatics.nl/pathways/RC1034","RXN-21551"
"http://rdf-plantmetwiki.bioinformatics.nl/pathways/RC1035","3.5.5.1-RXN"
"http://rdf-plantmetwiki.bioinformatics.nl/pathways/RC1036","RXN-8555"
"http://rdf-plantmetwiki.bioinformatics.nl/pathways/RC1037","RXNQT-4317"
"http://rdf-plantmetwiki.bioinformatics.nl/pathways/RC1038","RXN-13897"
"http://rdf-plantmetwiki.bioinformatics.nl/pathways/RC1039","RXNQT-4176"
"http://rdf-plantmetwiki.bioinformatics.nl/pathways/RC104","RXN-18344"
"http://rdf-plantmetwiki.bioinformatics.nl/pathways/RC1040","RXN0-5391"
"http://rdf-plantmetwiki.bioinformatics.nl/pathways/RC1041","ACETOACETATE-DECARBOXYLASE-RXN"
"http://rdf-plantmetwiki.bioinformatics.nl/pathways/RC1042","RXN-23276"
"http://rdf-plantmetwiki.bioinformatics.nl/pathways/RC1043","glucosyltransferase"
"http://rdf-plantmetwiki.bioinformatics.nl/pathways/RC1044","RXN-9929"
"http://rdf-plantmetwiki.bioinformatics.nl/pathways/RC1045","RXN-8559"
"http://rdf-plantmetwiki.bioinformatics.nl/pathways/RC1046","RXN-20374"
"http://rdf-plantmetwiki.bioinformatics.nl/pathways/RC1047","RXN-12304"
"http://rdf-plantmetwiki.bioinformatics.nl/pathways/RC1048","RXN-22606"
"http://rdf-plantmetwiki.bioinformatics.nl/pathways/RC1049","MALTODEXGLUCOSID-RXN"
"http://rdf-plantmetwiki.bioinformatics.nl/pathways/RC105","RXN-14218"
"http://rdf-plantmetwiki.bioinformatics.nl/pathways/RC1050","RXN-17428"
"http://rdf-plantmetwiki.bioinformatics.nl/pathways/RC1051","3.2.1.154-RXN"
"http://rdf-plantmetwiki.bioinformatics.nl/pathways/RC1052","RXN-11675"
"http://rdf-plantmetwiki.bioinformatics.nl/pathways/RC1053","1.5.1.20-RXN"
"http://rdf-plantmetwiki.bioinformatics.nl/pathways/RC1054","RXN-19749"
"http://rdf-plantmetwiki.bioinformatics.nl/pathways/RC1055","RXN-9208"
"http://rdf-plantmetwiki.bioinformatics.nl/pathways/RC1056","RXN-22711"
"http://rdf-plantmetwiki.bioinformatics.nl/pathways/RC1057","RXNQT-4384"
"http://rdf-plantmetwiki.bioinformatics.nl/pathways/RC1058","RXN-8425"
"http://rdf-plantmetwiki.bioinformatics.nl/pathways/RC1059","3.6.3.44-RXN"
"http://rdf-plantmetwiki.bioinformatics.nl/pathways/RC106","THIAMINASE-RXN"
"http://rdf-plantmetwiki.bioinformatics.nl/pathways/RC1060","RXN1F-72"
"http://rdf-plantmetwiki.bioinformatics.nl/pathways/RC1061","RXN-15815"
"http://rdf-plantmetwiki.bioinformatics.nl/pathways/RC1062","RXN-2942"
"http://rdf-plantmetwiki.bioinformatics.nl/pathways/RC1063","RXN-12250"
"http://rdf-plantmetwiki.bioinformatics.nl/pathways/RC1064","RXN0-5398"
"http://rdf-plantmetwiki.bioinformatics.nl/pathways/RC1065","RXN-4602"
"http://rdf-plantmetwiki.bioinformatics.nl/pathways/RC1066","RXN-12417"
"http://rdf-plantmetwiki.bioinformatics.nl/pathways/RC1067","RXN-21162"
"http://rdf-plantmetwiki.bioinformatics.nl/pathways/RC1068","RXN-18970"
"http://rdf-plantmetwiki.bioinformatics.nl/pathways/RC1069","GALACTOSIDE-2-L-FUCOSYLTRANSFERASE-RXN"
"http://rdf-plantmetwiki.bioinformatics.nl/pathways/RC107","RXN-9332"
"http://rdf-plantmetwiki.bioinformatics.nl/pathways/RC1070","RXN-19744"
"http://rdf-plantmetwiki.bioinformatics.nl/pathways/RC1071","RXN-22734"
"http://rdf-plantmetwiki.bioinformatics.nl/pathways/RC1072","RXN-8918"
"http://rdf-plantmetwiki.bioinformatics.nl/pathways/RC1073","RXN-9673"
"http://rdf-plantmetwiki.bioinformatics.nl/pathways/RC1074","CHLOROPHYLLASE-RXN"
"http://rdf-plantmetwiki.bioinformatics.nl/pathways/RC1075","myristoyl-ACP hydrolase activity"
"http://rdf-plantmetwiki.bioinformatics.nl/pathways/RC1076","RXN-7657"
"http://rdf-plantmetwiki.bioinformatics.nl/pathways/RC1077","RXN-18224"
"http://rdf-plantmetwiki.bioinformatics.nl/pathways/RC1078","SPERMIDINE-DEHYDROGENASE-RXN"
"http://rdf-plantmetwiki.bioinformatics.nl/pathways/RC1079","RXN-12647"
"http://rdf-plantmetwiki.bioinformatics.nl/pathways/RC108","RXNQT-4393"
"http://rdf-plantmetwiki.bioinformatics.nl/pathways/RC1080","FMN-RED-RXN"
"http://rdf-plantmetwiki.bioinformatics.nl/pathways/RC1081","GARTRANSFORMYL2-RXN"
"http://rdf-plantmetwiki.bioinformatics.nl/pathways/RC1082","RXNQT-4155"
"http://rdf-plantmetwiki.bioinformatics.nl/pathways/RC1083","RXN-18732"
"http://rdf-plantmetwiki.bioinformatics.nl/pathways/RC1084","RXN-14522"
"http://rdf-plantmetwiki.bioinformatics.nl/pathways/RC1085","RXN-12124"
"http://rdf-plantmetwiki.bioinformatics.nl/pathways/RC1086","RXN-14408"
"http://rdf-plantmetwiki.bioinformatics.nl/pathways/RC1087","RXN-4224"
"http://rdf-plantmetwiki.bioinformatics.nl/pathways/RC1088","RXN0-7080"
"http://rdf-plantmetwiki.bioinformatics.nl/pathways/RC1089","RXN-8089"
"http://rdf-plantmetwiki.bioinformatics.nl/pathways/RC109","RXN-7875"
"http://rdf-plantmetwiki.bioinformatics.nl/pathways/RC1090","RXN-7826"
"http://rdf-plantmetwiki.bioinformatics.nl/pathways/RC1091","CYSTEINE-AMINOTRANSFERASE-RXN"
"http://rdf-plantmetwiki.bioinformatics.nl/pathways/RC1092","RXN-8247"
"http://rdf-plantmetwiki.bioinformatics.nl/pathways/RC1093","ASNSYNA-RXN"
"http://rdf-plantmetwiki.bioinformatics.nl/pathways/RC1094","RXN-14993"
"http://rdf-plantmetwiki.bioinformatics.nl/pathways/RC1095","RXN-3122"
"http://rdf-plantmetwiki.bioinformatics.nl/pathways/RC1096","ATPSYN-RXN"
"http://rdf-plantmetwiki.bioinformatics.nl/pathways/RC1097","RXN-12255"
"http://rdf-plantmetwiki.bioinformatics.nl/pathways/RC1098","RXN-18783"
"http://rdf-plantmetwiki.bioinformatics.nl/pathways/RC1099","RXN-8548"
"http://rdf-plantmetwiki.bioinformatics.nl/pathways/RC11","RXN-18032"
"http://rdf-plantmetwiki.bioinformatics.nl/pathways/RC110","RXN-14126"
"http://rdf-plantmetwiki.bioinformatics.nl/pathways/RC1100","RXN-13019"
"http://rdf-plantmetwiki.bioinformatics.nl/pathways/RC1101","RXN-11238"
"http://rdf-plantmetwiki.bioinformatics.nl/pathways/RC1102","RXN-10438"
"http://rdf-plantmetwiki.bioinformatics.nl/pathways/RC1103","dihydrolipoyllysine-residue (3-methylbutanoyl)transferase"
"http://rdf-plantmetwiki.bioinformatics.nl/pathways/RC1104","RXN-14242"
"http://rdf-plantmetwiki.bioinformatics.nl/pathways/RC1105","UDPSUGARHYDRO-RXN"
"http://rdf-plantmetwiki.bioinformatics.nl/pathways/RC1106","RXN-7825"
"http://rdf-plantmetwiki.bioinformatics.nl/pathways/RC1107","RXN-8984"
"http://rdf-plantmetwiki.bioinformatics.nl/pathways/RC1108","RXN-12991"
"http://rdf-plantmetwiki.bioinformatics.nl/pathways/RC1109","RXN-11269"
"http://rdf-plantmetwiki.bioinformatics.nl/pathways/RC111","RXN-12871"
"http://rdf-plantmetwiki.bioinformatics.nl/pathways/RC1110","RXN18C3-4"
"http://rdf-plantmetwiki.bioinformatics.nl/pathways/RC1111","RXN-22775"
"http://rdf-plantmetwiki.bioinformatics.nl/pathways/RC1112","RXN-22776"
"http://rdf-plantmetwiki.bioinformatics.nl/pathways/RC1113","RXN-7183"
"http://rdf-plantmetwiki.bioinformatics.nl/pathways/RC1114","RXN-12085"
"http://rdf-plantmetwiki.bioinformatics.nl/pathways/RC1115","RXN-20094"
"http://rdf-plantmetwiki.bioinformatics.nl/pathways/RC1116","RXN0-5181"
"http://rdf-plantmetwiki.bioinformatics.nl/pathways/RC1117","RXN-10886"
"http://rdf-plantmetwiki.bioinformatics.nl/pathways/RC1118","RXN-2881"
"http://rdf-plantmetwiki.bioinformatics.nl/pathways/RC1119","RXN-8557"
"http://rdf-plantmetwiki.bioinformatics.nl/pathways/RC112","RXN-21166"
"http://rdf-plantmetwiki.bioinformatics.nl/pathways/RC1120","4&alpha;-methyl-zymosterol 4-hydroxylase"
"http://rdf-plantmetwiki.bioinformatics.nl/pathways/RC1121","RXN-8094"
"http://rdf-plantmetwiki.bioinformatics.nl/pathways/RC1122","RXNQT-4385"
"http://rdf-plantmetwiki.bioinformatics.nl/pathways/RC1123","RXN-8092"
"http://rdf-plantmetwiki.bioinformatics.nl/pathways/RC1124","RXN-8571"
"http://rdf-plantmetwiki.bioinformatics.nl/pathways/RC1125","RXN-22790"
"http://rdf-plantmetwiki.bioinformatics.nl/pathways/RC1126","2.4.1.126-RXN"
"http://rdf-plantmetwiki.bioinformatics.nl/pathways/RC1127","RXNQT-4386"
"http://rdf-plantmetwiki.bioinformatics.nl/pathways/RC1128","RXN-22736"
"http://rdf-plantmetwiki.bioinformatics.nl/pathways/RC1129","FORMATE-DEHYDROGENASE-NADP+-RXN"
"http://rdf-plantmetwiki.bioinformatics.nl/pathways/RC113","RXN-14501"
"http://rdf-plantmetwiki.bioinformatics.nl/pathways/RC1130","RXN-14206"
"http://rdf-plantmetwiki.bioinformatics.nl/pathways/RC1131","RXN-11925"
"http://rdf-plantmetwiki.bioinformatics.nl/pathways/RC1132","RXN-13020"
"http://rdf-plantmetwiki.bioinformatics.nl/pathways/RC1133","AMP-DEPHOSPHORYLATION-RXN"
"http://rdf-plantmetwiki.bioinformatics.nl/pathways/RC1134","RXN-12610"
"http://rdf-plantmetwiki.bioinformatics.nl/pathways/RC1135","RXNQT-4174"
"http://rdf-plantmetwiki.bioinformatics.nl/pathways/RC1136","RXN-20155"
"http://rdf-plantmetwiki.bioinformatics.nl/pathways/RC1137","RXN-14509"
"http://rdf-plantmetwiki.bioinformatics.nl/pathways/RC1138","RXN-12845"
"http://rdf-plantmetwiki.bioinformatics.nl/pathways/RC1139","RXN-21230"
"http://rdf-plantmetwiki.bioinformatics.nl/pathways/RC114","RXN-13187"
"http://rdf-plantmetwiki.bioinformatics.nl/pathways/RC1140","RXN-11932"
"http://rdf-plantmetwiki.bioinformatics.nl/pathways/RC1141","RXN0-5468"
"http://rdf-plantmetwiki.bioinformatics.nl/pathways/RC1142","RXN-4228"
"http://rdf-plantmetwiki.bioinformatics.nl/pathways/RC1143","RXN-11230"
"http://rdf-plantmetwiki.bioinformatics.nl/pathways/RC1144","RXN-22315"
"http://rdf-plantmetwiki.bioinformatics.nl/pathways/RC1145","RXN-8622"
"http://rdf-plantmetwiki.bioinformatics.nl/pathways/RC1146","RXN-16426"
"http://rdf-plantmetwiki.bioinformatics.nl/pathways/RC1147","KETOLACTOSE-RXN"
"http://rdf-plantmetwiki.bioinformatics.nl/pathways/RC1148","RXN-4231"
"http://rdf-plantmetwiki.bioinformatics.nl/pathways/RC1149","RXN-4423"
"http://rdf-plantmetwiki.bioinformatics.nl/pathways/RC115","RXN-12101"
"http://rdf-plantmetwiki.bioinformatics.nl/pathways/RC1150","14-oxolanosterol deformylase"
"http://rdf-plantmetwiki.bioinformatics.nl/pathways/RC1151","RXN-11243"
"http://rdf-plantmetwiki.bioinformatics.nl/pathways/RC1152","RXN-7852"
"http://rdf-plantmetwiki.bioinformatics.nl/pathways/RC1153","RXN-10769"
"http://rdf-plantmetwiki.bioinformatics.nl/pathways/RC1154","RXNQT-4387"
"http://rdf-plantmetwiki.bioinformatics.nl/pathways/RC1155","RXN-12990"
"http://rdf-plantmetwiki.bioinformatics.nl/pathways/RC1156","RXN-10953"
"http://rdf-plantmetwiki.bioinformatics.nl/pathways/RC1157","RXN-14503"
"http://rdf-plantmetwiki.bioinformatics.nl/pathways/RC1158","RXN-13017"
"http://rdf-plantmetwiki.bioinformatics.nl/pathways/RC1159","RXN-22697"
"http://rdf-plantmetwiki.bioinformatics.nl/pathways/RC116","2.4.1.198-RXN"
"http://rdf-plantmetwiki.bioinformatics.nl/pathways/RC1160","RXN-4402"
"http://rdf-plantmetwiki.bioinformatics.nl/pathways/RC1161","RXN-11229"
"http://rdf-plantmetwiki.bioinformatics.nl/pathways/RC1162","FLAVONOID-3-MONOOXYGENASE-RXN"
"http://rdf-plantmetwiki.bioinformatics.nl/pathways/RC1163","CYCPHOSDIESTER-RXN"
"http://rdf-plantmetwiki.bioinformatics.nl/pathways/RC1164","PHOSPHATIDYLINOSITOL-BISPHOSPHATASE-RXN"
"http://rdf-plantmetwiki.bioinformatics.nl/pathways/RC1165","RXN-21004"
"http://rdf-plantmetwiki.bioinformatics.nl/pathways/RC1166","HYPOXANPRIBOSYLTRAN-RXN"
"http://rdf-plantmetwiki.bioinformatics.nl/pathways/RC1167","RXN-18782"
"http://rdf-plantmetwiki.bioinformatics.nl/pathways/RC1168","RXN-8865"
"http://rdf-plantmetwiki.bioinformatics.nl/pathways/RC1169","INORGPYROPHOSPHAT-RXN"
"http://rdf-plantmetwiki.bioinformatics.nl/pathways/RC117","GLUCOSE-1-PHOSPHAT-RXN"
"http://rdf-plantmetwiki.bioinformatics.nl/pathways/RC1170","RXN-22405"
"http://rdf-plantmetwiki.bioinformatics.nl/pathways/RC1171","RXN-22404"
"http://rdf-plantmetwiki.bioinformatics.nl/pathways/RC1172","RXN-2102"
"http://rdf-plantmetwiki.bioinformatics.nl/pathways/RC1173","L-rhamnose pyranase"
"http://rdf-plantmetwiki.bioinformatics.nl/pathways/RC1174","RXN-1441"
"http://rdf-plantmetwiki.bioinformatics.nl/pathways/RC1175","TRANS-RXN4LZ-7008"
"http://rdf-plantmetwiki.bioinformatics.nl/pathways/RC1176","RXN-14215"
"http://rdf-plantmetwiki.bioinformatics.nl/pathways/RC1177","RXN-4311"
"http://rdf-plantmetwiki.bioinformatics.nl/pathways/RC1178","RXN-22774"
"http://rdf-plantmetwiki.bioinformatics.nl/pathways/RC1179","RXN-12863"
"http://rdf-plantmetwiki.bioinformatics.nl/pathways/RC118","RXN-14003"
"http://rdf-plantmetwiki.bioinformatics.nl/pathways/RC1180","DSERDEAM-RXN"
"http://rdf-plantmetwiki.bioinformatics.nl/pathways/RC1181","GUANOSINE-DIPHOSPHATASE-RXN"
"http://rdf-plantmetwiki.bioinformatics.nl/pathways/RC1182","RXN-8334"
"http://rdf-plantmetwiki.bioinformatics.nl/pathways/RC1183","STEROL-GLUCOSYLTRANSFERASE-RXN"
"http://rdf-plantmetwiki.bioinformatics.nl/pathways/RC1184","(S)-3-hydroxybutanoyl-CoA dehydrogenase"
"http://rdf-plantmetwiki.bioinformatics.nl/pathways/RC1185","RXN-13185"
"http://rdf-plantmetwiki.bioinformatics.nl/pathways/RC1186","RXN-7891"
"http://rdf-plantmetwiki.bioinformatics.nl/pathways/RC1187","RXN-1061"
"http://rdf-plantmetwiki.bioinformatics.nl/pathways/RC1188","ESTRADIOL-17-BETA-DEHYDROGENASE-RXN"
"http://rdf-plantmetwiki.bioinformatics.nl/pathways/RC1189","RXNQT-4168"
"http://rdf-plantmetwiki.bioinformatics.nl/pathways/RC119","RXN-10856"
"http://rdf-plantmetwiki.bioinformatics.nl/pathways/RC1190","RXN-14091"
"http://rdf-plantmetwiki.bioinformatics.nl/pathways/RC1191","RXN-20674"
"http://rdf-plantmetwiki.bioinformatics.nl/pathways/RC1192","RXN-22316"
"http://rdf-plantmetwiki.bioinformatics.nl/pathways/RC1193","RXN-22828"
"http://rdf-plantmetwiki.bioinformatics.nl/pathways/RC1194","FUC4NACTRANS-RXN"
"http://rdf-plantmetwiki.bioinformatics.nl/pathways/RC1195","RXN-15348"
"http://rdf-plantmetwiki.bioinformatics.nl/pathways/RC1196","RXN-12565"
"http://rdf-plantmetwiki.bioinformatics.nl/pathways/RC1197","RXN-12949"
"http://rdf-plantmetwiki.bioinformatics.nl/pathways/RC1198","RXN-11232"
"http://rdf-plantmetwiki.bioinformatics.nl/pathways/RC1199","CINNAMYL-ALCOHOL-DEHYDROGENASE-RXN"
"http://rdf-plantmetwiki.bioinformatics.nl/pathways/RC12","RXN-14185"
"http://rdf-plantmetwiki.bioinformatics.nl/pathways/RC120","thiamin phosphate synthase"
"http://rdf-plantmetwiki.bioinformatics.nl/pathways/RC1200","RXN-10748"
"http://rdf-plantmetwiki.bioinformatics.nl/pathways/RC1201","RXN-15468"
"http://rdf-plantmetwiki.bioinformatics.nl/pathways/RC1202","2.4.1.207-RXN"
"http://rdf-plantmetwiki.bioinformatics.nl/pathways/RC1203","RXN-6884"
"http://rdf-plantmetwiki.bioinformatics.nl/pathways/RC1204","RXN-21026"
"http://rdf-plantmetwiki.bioinformatics.nl/pathways/RC1205","RXNQT-4318"
"http://rdf-plantmetwiki.bioinformatics.nl/pathways/RC1206","RXN-9373"
"http://rdf-plantmetwiki.bioinformatics.nl/pathways/RC1207","DIHYDROPICRED-RXN"
"http://rdf-plantmetwiki.bioinformatics.nl/pathways/RC1208","RXN-982"
"http://rdf-plantmetwiki.bioinformatics.nl/pathways/RC1209","GLYOXYLATE-REDUCTASE-NADP+-RXN"
"http://rdf-plantmetwiki.bioinformatics.nl/pathways/RC121","RXN-8428"
"http://rdf-plantmetwiki.bioinformatics.nl/pathways/RC1210","RXN-7002"
"http://rdf-plantmetwiki.bioinformatics.nl/pathways/RC1211","RXN-13158"
"http://rdf-plantmetwiki.bioinformatics.nl/pathways/RC1212","RXN-23292"
"http://rdf-plantmetwiki.bioinformatics.nl/pathways/RC1213","RXN-15137"
"http://rdf-plantmetwiki.bioinformatics.nl/pathways/RC1214","RXN-14187"
"http://rdf-plantmetwiki.bioinformatics.nl/pathways/RC1215","RXN-11908"
"http://rdf-plantmetwiki.bioinformatics.nl/pathways/RC1216","RXN-12680"
"http://rdf-plantmetwiki.bioinformatics.nl/pathways/RC1217","RXN-12307"
"http://rdf-plantmetwiki.bioinformatics.nl/pathways/RC1218","RXN-12242"
"http://rdf-plantmetwiki.bioinformatics.nl/pathways/RC1219","RXNQT-4383"
"http://rdf-plantmetwiki.bioinformatics.nl/pathways/RC122","RXN-17677"
"http://rdf-plantmetwiki.bioinformatics.nl/pathways/RC1220","RXN-14889"
"http://rdf-plantmetwiki.bioinformatics.nl/pathways/RC1221","indol-3-ylacetaldoxime isomerase"
"http://rdf-plantmetwiki.bioinformatics.nl/pathways/RC1222","ADENYLYLSULFATASE-RXN"
"http://rdf-plantmetwiki.bioinformatics.nl/pathways/RC1223","RXN-19986"
"http://rdf-plantmetwiki.bioinformatics.nl/pathways/RC1224","3.2.1.58-RXN"
"http://rdf-plantmetwiki.bioinformatics.nl/pathways/RC1225","Amine oxidase (flavin-containing)"
"http://rdf-plantmetwiki.bioinformatics.nl/pathways/RC1226","RXN-18972"
"http://rdf-plantmetwiki.bioinformatics.nl/pathways/RC1227","RXN-18483"
"http://rdf-plantmetwiki.bioinformatics.nl/pathways/RC1228","RXN-5101"
"http://rdf-plantmetwiki.bioinformatics.nl/pathways/RC1229","1.14.99.37-RXN"
"http://rdf-plantmetwiki.bioinformatics.nl/pathways/RC123","ATPASE-RXN"
"http://rdf-plantmetwiki.bioinformatics.nl/pathways/RC1230","RXN-12486"
"http://rdf-plantmetwiki.bioinformatics.nl/pathways/RC1231","RXN-11280"
"http://rdf-plantmetwiki.bioinformatics.nl/pathways/RC1232","RXN-19008"
"http://rdf-plantmetwiki.bioinformatics.nl/pathways/RC1233","2.4.2.39-RXN"
"http://rdf-plantmetwiki.bioinformatics.nl/pathways/RC1234","RXN0-5185"
"http://rdf-plantmetwiki.bioinformatics.nl/pathways/RC1235","RXN-11704"
"http://rdf-plantmetwiki.bioinformatics.nl/pathways/RC1236","RXN-11931"
"http://rdf-plantmetwiki.bioinformatics.nl/pathways/RC1237","ENTF-RXN"
"http://rdf-plantmetwiki.bioinformatics.nl/pathways/RC1238","RXN-18031"
"http://rdf-plantmetwiki.bioinformatics.nl/pathways/RC1239","RXN-16996"
"http://rdf-plantmetwiki.bioinformatics.nl/pathways/RC124","RXN4FS-11"
"http://rdf-plantmetwiki.bioinformatics.nl/pathways/RC1240","RXN-14205"
"http://rdf-plantmetwiki.bioinformatics.nl/pathways/RC1241","TRANS-RXN4LZ-6845"
"http://rdf-plantmetwiki.bioinformatics.nl/pathways/RC1242","3' hydroxy flavanone 5&prime;-hydroxylase"
"http://rdf-plantmetwiki.bioinformatics.nl/pathways/RC1243","RXN-7617"
"http://rdf-plantmetwiki.bioinformatics.nl/pathways/RC1244","RXN-10770"
"http://rdf-plantmetwiki.bioinformatics.nl/pathways/RC1245","RXN-11529"
"http://rdf-plantmetwiki.bioinformatics.nl/pathways/RC1246","RXN-6542"
"http://rdf-plantmetwiki.bioinformatics.nl/pathways/RC1247","RXN-18964"
"http://rdf-plantmetwiki.bioinformatics.nl/pathways/RC1248","RXN-19006"
"http://rdf-plantmetwiki.bioinformatics.nl/pathways/RC1249","RXN-14890"
"http://rdf-plantmetwiki.bioinformatics.nl/pathways/RC125","RXN-7895"
"http://rdf-plantmetwiki.bioinformatics.nl/pathways/RC1250","THREDEHYD-RXN"
"http://rdf-plantmetwiki.bioinformatics.nl/pathways/RC1251","RXN-15490"
"http://rdf-plantmetwiki.bioinformatics.nl/pathways/RC1252","RXN-14115"
"http://rdf-plantmetwiki.bioinformatics.nl/pathways/RC1253","RXN-18702"
"http://rdf-plantmetwiki.bioinformatics.nl/pathways/RC1254","RXN-8406"
"http://rdf-plantmetwiki.bioinformatics.nl/pathways/RC1255","RXNQT-4170"
"http://rdf-plantmetwiki.bioinformatics.nl/pathways/RC1256","RXN-12392"
"http://rdf-plantmetwiki.bioinformatics.nl/pathways/RC1257","RXN-8071"
"http://rdf-plantmetwiki.bioinformatics.nl/pathways/RC1258","CHALCONE-ISOMERASE-RXN"
"http://rdf-plantmetwiki.bioinformatics.nl/pathways/RC1259","RXN-18351"
"http://rdf-plantmetwiki.bioinformatics.nl/pathways/RC126","RXNQT-4314"
"http://rdf-plantmetwiki.bioinformatics.nl/pathways/RC1260","RXN-18161"
"http://rdf-plantmetwiki.bioinformatics.nl/pathways/RC1261","RXN-8589"
"http://rdf-plantmetwiki.bioinformatics.nl/pathways/RC1262","phenolic oxidative coupling protein"
"http://rdf-plantmetwiki.bioinformatics.nl/pathways/RC1263","2.4.1.101-RXN"
"http://rdf-plantmetwiki.bioinformatics.nl/pathways/RC1264","RXN-11402"
"http://rdf-plantmetwiki.bioinformatics.nl/pathways/RC1265","RXN-7643"
"http://rdf-plantmetwiki.bioinformatics.nl/pathways/RC1266","RXN-14219"
"http://rdf-plantmetwiki.bioinformatics.nl/pathways/RC1267","RXN-20900"
"http://rdf-plantmetwiki.bioinformatics.nl/pathways/RC1268","RXN-18703"
"http://rdf-plantmetwiki.bioinformatics.nl/pathways/RC1269","RXN-13192"
"http://rdf-plantmetwiki.bioinformatics.nl/pathways/RC127","RXN-11265"
"http://rdf-plantmetwiki.bioinformatics.nl/pathways/RC1270","MONOPHENOL-MONOOXYGENASE-RXN"
"http://rdf-plantmetwiki.bioinformatics.nl/pathways/RC1271","RXN-8039"
"http://rdf-plantmetwiki.bioinformatics.nl/pathways/RC1272","RXN-18353"
"http://rdf-plantmetwiki.bioinformatics.nl/pathways/RC1273","RXN-12309"
"http://rdf-plantmetwiki.bioinformatics.nl/pathways/RC1274","RXN-11930"
"http://rdf-plantmetwiki.bioinformatics.nl/pathways/RC1275","RXN-23866"
"http://rdf-plantmetwiki.bioinformatics.nl/pathways/RC1276","LACCASE-RXN"
"http://rdf-plantmetwiki.bioinformatics.nl/pathways/RC1277","vectoral H+ export"
"http://rdf-plantmetwiki.bioinformatics.nl/pathways/RC1278","RXN-8251"
"http://rdf-plantmetwiki.bioinformatics.nl/pathways/RC1279","acyl-ACP:sn-glycerol-3-phosphate 1-O-acyltransferase"
"http://rdf-plantmetwiki.bioinformatics.nl/pathways/RC128","1.14.13.76-RXN"
"http://rdf-plantmetwiki.bioinformatics.nl/pathways/RC1280","RXN-8992"
"http://rdf-plantmetwiki.bioinformatics.nl/pathways/RC1281","GLUCONOKIN-RXN"
"http://rdf-plantmetwiki.bioinformatics.nl/pathways/RC1282","RXN-14058"
"http://rdf-plantmetwiki.bioinformatics.nl/pathways/RC1283","3.2.1.3-RXN"
"http://rdf-plantmetwiki.bioinformatics.nl/pathways/RC1284","RXN-20666"
"http://rdf-plantmetwiki.bioinformatics.nl/pathways/RC1285","RXN-21170"
"http://rdf-plantmetwiki.bioinformatics.nl/pathways/RC1286","3.1.1.23-RXN"
"http://rdf-plantmetwiki.bioinformatics.nl/pathways/RC1287","4-HYDROXYGLUTAMATE-AMINOTRANSFERASE-RXN"
"http://rdf-plantmetwiki.bioinformatics.nl/pathways/RC1288","RXN-14217"
"http://rdf-plantmetwiki.bioinformatics.nl/pathways/RC1289","RXN-18356"
"http://rdf-plantmetwiki.bioinformatics.nl/pathways/RC129","RXN-21538"
"http://rdf-plantmetwiki.bioinformatics.nl/pathways/RC1290","RXN-13397"
"http://rdf-plantmetwiki.bioinformatics.nl/pathways/RC1291","RXN-10885"
"http://rdf-plantmetwiki.bioinformatics.nl/pathways/RC1292","RXN-23333"
"http://rdf-plantmetwiki.bioinformatics.nl/pathways/RC1293","RXN-18212"
"http://rdf-plantmetwiki.bioinformatics.nl/pathways/RC1294","RXN-23918"
"http://rdf-plantmetwiki.bioinformatics.nl/pathways/RC1295","RXN-10956"
"http://rdf-plantmetwiki.bioinformatics.nl/pathways/RC1296","RIBONUCLEOSIDE-DIP-REDUCTI-RXN"
"http://rdf-plantmetwiki.bioinformatics.nl/pathways/RC1297","RXN-11040"
"http://rdf-plantmetwiki.bioinformatics.nl/pathways/RC1298","HEXOKINASE-RXN"
"http://rdf-plantmetwiki.bioinformatics.nl/pathways/RC1299","RXN-13939"
"http://rdf-plantmetwiki.bioinformatics.nl/pathways/RC13","RXN-8779"
"http://rdf-plantmetwiki.bioinformatics.nl/pathways/RC130","RXN-12799"
"http://rdf-plantmetwiki.bioinformatics.nl/pathways/RC1300","RXNQT-4377"
"http://rdf-plantmetwiki.bioinformatics.nl/pathways/RC1301","RXN-22817"
"http://rdf-plantmetwiki.bioinformatics.nl/pathways/RC131","Polyamine oxidase"
"http://rdf-plantmetwiki.bioinformatics.nl/pathways/RC132","RXN-13021"
"http://rdf-plantmetwiki.bioinformatics.nl/pathways/RC133","RXN1ZN3-10"
"http://rdf-plantmetwiki.bioinformatics.nl/pathways/RC134","RXN-5482"
"http://rdf-plantmetwiki.bioinformatics.nl/pathways/RC135","6.3.4.11-RXN"
"http://rdf-plantmetwiki.bioinformatics.nl/pathways/RC136","RXN-2121"
"http://rdf-plantmetwiki.bioinformatics.nl/pathways/RC137","RXN-18957"
"http://rdf-plantmetwiki.bioinformatics.nl/pathways/RC138","RXN-13640"
"http://rdf-plantmetwiki.bioinformatics.nl/pathways/RC139","METHIONINE-GAMMA-LYASE-RXN"
"http://rdf-plantmetwiki.bioinformatics.nl/pathways/RC14","RXN-18966"
"http://rdf-plantmetwiki.bioinformatics.nl/pathways/RC140","RXN-13334"
"http://rdf-plantmetwiki.bioinformatics.nl/pathways/RC141","RXN-11234"
"http://rdf-plantmetwiki.bioinformatics.nl/pathways/RC142","RXN0-7005"
"http://rdf-plantmetwiki.bioinformatics.nl/pathways/RC143","RXN-11289"
"http://rdf-plantmetwiki.bioinformatics.nl/pathways/RC144","RXN-14807"
"http://rdf-plantmetwiki.bioinformatics.nl/pathways/RC145","RXN0-5292"
"http://rdf-plantmetwiki.bioinformatics.nl/pathways/RC146","RXN-19639"
"http://rdf-plantmetwiki.bioinformatics.nl/pathways/RC147","PERILLYL-ALCOHOL-DEHYDROGENASE-RXN"
"http://rdf-plantmetwiki.bioinformatics.nl/pathways/RC148","RXN-10879"
"http://rdf-plantmetwiki.bioinformatics.nl/pathways/RC149","2-MEBUCOA-FAD-RXN"
"http://rdf-plantmetwiki.bioinformatics.nl/pathways/RC15","RXN-7753"
"http://rdf-plantmetwiki.bioinformatics.nl/pathways/RC150","dihydroorotate dehydrogenase"
"http://rdf-plantmetwiki.bioinformatics.nl/pathways/RC151","RXN-15451"
"http://rdf-plantmetwiki.bioinformatics.nl/pathways/RC152","SARCOX-RXN"
"http://rdf-plantmetwiki.bioinformatics.nl/pathways/RC153","RXN-12077"
"http://rdf-plantmetwiki.bioinformatics.nl/pathways/RC154","1.5.1.7-RXN"
"http://rdf-plantmetwiki.bioinformatics.nl/pathways/RC155","RXN-19007"
"http://rdf-plantmetwiki.bioinformatics.nl/pathways/RC156","RXNQT-4382"
"http://rdf-plantmetwiki.bioinformatics.nl/pathways/RC157","ALDHDEHYDROG-RXN"
"http://rdf-plantmetwiki.bioinformatics.nl/pathways/RC158","RXN-14201"
"http://rdf-plantmetwiki.bioinformatics.nl/pathways/RC159","RXN-12641"
"http://rdf-plantmetwiki.bioinformatics.nl/pathways/RC16","RXN0-3741"
"http://rdf-plantmetwiki.bioinformatics.nl/pathways/RC160","ALCOHOL-DEHYDROGENASE-NADPORNOP+-RXN"
"http://rdf-plantmetwiki.bioinformatics.nl/pathways/RC161","RXN-7894"
"http://rdf-plantmetwiki.bioinformatics.nl/pathways/RC162","RXN-18342"
"http://rdf-plantmetwiki.bioinformatics.nl/pathways/RC163","RXN-13162"
"http://rdf-plantmetwiki.bioinformatics.nl/pathways/RC164","RXN-8418"
"http://rdf-plantmetwiki.bioinformatics.nl/pathways/RC165","RXN-11270"
"http://rdf-plantmetwiki.bioinformatics.nl/pathways/RC166","TRANS-PENTAPRENYLTRANSFERASE-RXN"
"http://rdf-plantmetwiki.bioinformatics.nl/pathways/RC167","RXN-8315"
"http://rdf-plantmetwiki.bioinformatics.nl/pathways/RC168","RXN-13435"
"http://rdf-plantmetwiki.bioinformatics.nl/pathways/RC169","GMP-SYN-NH3-RXN"
"http://rdf-plantmetwiki.bioinformatics.nl/pathways/RC17","RXN-8416"
"http://rdf-plantmetwiki.bioinformatics.nl/pathways/RC170","RXN-18343"
"http://rdf-plantmetwiki.bioinformatics.nl/pathways/RC171","RXN-7892"
"http://rdf-plantmetwiki.bioinformatics.nl/pathways/RC172","RXN-8002"
"http://rdf-plantmetwiki.bioinformatics.nl/pathways/RC173","RXN-8199"
"http://rdf-plantmetwiki.bioinformatics.nl/pathways/RC174","UDP-GLUCURONOSYLTRANSFERASE-RXN"
"http://rdf-plantmetwiki.bioinformatics.nl/pathways/RC175","RXN18C3-111"
"http://rdf-plantmetwiki.bioinformatics.nl/pathways/RC176","RXN-24075"
"http://rdf-plantmetwiki.bioinformatics.nl/pathways/RC177","NUCLEOSIDE-DIPHOSPHATASE-RXN"
"http://rdf-plantmetwiki.bioinformatics.nl/pathways/RC178","fatty acid elongation"
"http://rdf-plantmetwiki.bioinformatics.nl/pathways/RC179","RXN-6841"
"http://rdf-plantmetwiki.bioinformatics.nl/pathways/RC18","FORMYLTHFDEFORMYL-RXN"
"http://rdf-plantmetwiki.bioinformatics.nl/pathways/RC180","phosphogluconate dehydrogenase [NAD(P)+-dependent, decarboxylating]"
"http://rdf-plantmetwiki.bioinformatics.nl/pathways/RC181","RXN-22317"
"http://rdf-plantmetwiki.bioinformatics.nl/pathways/RC182","RXN-5105"
"http://rdf-plantmetwiki.bioinformatics.nl/pathways/RC183","RXN-4603"
"http://rdf-plantmetwiki.bioinformatics.nl/pathways/RC184","RXN-8427"
"http://rdf-plantmetwiki.bioinformatics.nl/pathways/RC185","Acrylamidase"
"http://rdf-plantmetwiki.bioinformatics.nl/pathways/RC186","NADH dehydrogenase (ubiquinone)"
"http://rdf-plantmetwiki.bioinformatics.nl/pathways/RC187","2.5.1.46-RXN"
"http://rdf-plantmetwiki.bioinformatics.nl/pathways/RC188","sn-glycerol 3-phosphate:ubiquinone oxidoreductase"
"http://rdf-plantmetwiki.bioinformatics.nl/pathways/RC189","RXN-23867"
"http://rdf-plantmetwiki.bioinformatics.nl/pathways/RC19","RXN-11656"
"http://rdf-plantmetwiki.bioinformatics.nl/pathways/RC190","1.14.19.3-RXN"
"http://rdf-plantmetwiki.bioinformatics.nl/pathways/RC191","RXN-12126"
"http://rdf-plantmetwiki.bioinformatics.nl/pathways/RC192","RXN-14409"
"http://rdf-plantmetwiki.bioinformatics.nl/pathways/RC193","RXN-10433"
"http://rdf-plantmetwiki.bioinformatics.nl/pathways/RC194","RXN-19656"
"http://rdf-plantmetwiki.bioinformatics.nl/pathways/RC195","RXN-15582"
"http://rdf-plantmetwiki.bioinformatics.nl/pathways/RC196","RXN-17697"
"http://rdf-plantmetwiki.bioinformatics.nl/pathways/RC197","3.1.3.72-RXN"
"http://rdf-plantmetwiki.bioinformatics.nl/pathways/RC198","RXN-19954"
"http://rdf-plantmetwiki.bioinformatics.nl/pathways/RC199","RXN-9348"
"http://rdf-plantmetwiki.bioinformatics.nl/pathways/RC2","RXN-8813"
"http://rdf-plantmetwiki.bioinformatics.nl/pathways/RC20","RXN-9089"
"http://rdf-plantmetwiki.bioinformatics.nl/pathways/RC200","RXN-18453"
"http://rdf-plantmetwiki.bioinformatics.nl/pathways/RC201","MALDEXPHOSPHORYL-RXN"
"http://rdf-plantmetwiki.bioinformatics.nl/pathways/RC202","RXN-14904"
"http://rdf-plantmetwiki.bioinformatics.nl/pathways/RC203","RXN-10774"
"http://rdf-plantmetwiki.bioinformatics.nl/pathways/RC204","RXN-11172"
"http://rdf-plantmetwiki.bioinformatics.nl/pathways/RC205","CYTOCHROME-B5-REDUCTASE-RXN"
"http://rdf-plantmetwiki.bioinformatics.nl/pathways/RC206","NUCLEOSIDE-DIP-KIN-RXN"
"http://rdf-plantmetwiki.bioinformatics.nl/pathways/RC207","RXN-18965"
"http://rdf-plantmetwiki.bioinformatics.nl/pathways/RC208","S-2-HYDROXY-ACID-OXIDASE-RXN"
"http://rdf-plantmetwiki.bioinformatics.nl/pathways/RC209","TRANS-HEXAPRENYLTRANSTRANSFERASE-RXN"
"http://rdf-plantmetwiki.bioinformatics.nl/pathways/RC21","RXN-11670"
"http://rdf-plantmetwiki.bioinformatics.nl/pathways/RC210","RXN-7693"
"http://rdf-plantmetwiki.bioinformatics.nl/pathways/RC211","OXALATE-COA-TRANSFERASE-RXN"
"http://rdf-plantmetwiki.bioinformatics.nl/pathways/RC212","RXN-11926"
"http://rdf-plantmetwiki.bioinformatics.nl/pathways/RC213","RXN-8344"
"http://rdf-plantmetwiki.bioinformatics.nl/pathways/RC214","RXN-14997"
"http://rdf-plantmetwiki.bioinformatics.nl/pathways/RC215","7KAPSYN-RXN"
"http://rdf-plantmetwiki.bioinformatics.nl/pathways/RC216","RXN-11235"
"http://rdf-plantmetwiki.bioinformatics.nl/pathways/RC217","RXN-12410"
"http://rdf-plantmetwiki.bioinformatics.nl/pathways/RC218","RXN-8243"
"http://rdf-plantmetwiki.bioinformatics.nl/pathways/RC219","RXN0-7192"
"http://rdf-plantmetwiki.bioinformatics.nl/pathways/RC22","RXN-19786"
"http://rdf-plantmetwiki.bioinformatics.nl/pathways/RC220","ACYL-COA-HYDROLASE-RXN"
"http://rdf-plantmetwiki.bioinformatics.nl/pathways/RC221","RXN-21159"
"http://rdf-plantmetwiki.bioinformatics.nl/pathways/RC222","RXN-7883"
"http://rdf-plantmetwiki.bioinformatics.nl/pathways/RC223","RXN4FS-23"
"http://rdf-plantmetwiki.bioinformatics.nl/pathways/RC224","VINYLACETYL-COA-DELTA-ISOMERASE-RXN"
"http://rdf-plantmetwiki.bioinformatics.nl/pathways/RC225","RXN-6081"
"http://rdf-plantmetwiki.bioinformatics.nl/pathways/RC226","RXN-6543"
"http://rdf-plantmetwiki.bioinformatics.nl/pathways/RC227","RXN-14004"
"http://rdf-plantmetwiki.bioinformatics.nl/pathways/RC228","RXN-22002"
"http://rdf-plantmetwiki.bioinformatics.nl/pathways/RC229","L-asparaginyl-tRNAasn hydrolase"
"http://rdf-plantmetwiki.bioinformatics.nl/pathways/RC23","RXN-18968"
"http://rdf-plantmetwiki.bioinformatics.nl/pathways/RC230","dihydrolipoyllysine-residue (2-methylbutanoyl)transferase"
"http://rdf-plantmetwiki.bioinformatics.nl/pathways/RC231","RXN-14290"
"http://rdf-plantmetwiki.bioinformatics.nl/pathways/RC232","carotene 7,8-desaturase"
"http://rdf-plantmetwiki.bioinformatics.nl/pathways/RC233","RXN-12253"
"http://rdf-plantmetwiki.bioinformatics.nl/pathways/RC234","RXN-18789"
"http://rdf-plantmetwiki.bioinformatics.nl/pathways/RC235","3.1.3.77-RXN"
"http://rdf-plantmetwiki.bioinformatics.nl/pathways/RC236","2.6.1.57-RXN"
"http://rdf-plantmetwiki.bioinformatics.nl/pathways/RC237","RXN-22830"
"http://rdf-plantmetwiki.bioinformatics.nl/pathways/RC238","RXN18C3-110"
"http://rdf-plantmetwiki.bioinformatics.nl/pathways/RC239","RXN-12099"
"http://rdf-plantmetwiki.bioinformatics.nl/pathways/RC24","RXN0-5259"
"http://rdf-plantmetwiki.bioinformatics.nl/pathways/RC240","RXN-9347"
"http://rdf-plantmetwiki.bioinformatics.nl/pathways/RC241","phenylethyl acetate esterase"
"http://rdf-plantmetwiki.bioinformatics.nl/pathways/RC242","D-ALANINE-AMINOTRANSFERASE-RXN"
"http://rdf-plantmetwiki.bioinformatics.nl/pathways/RC243","RXN-21031"
"http://rdf-plantmetwiki.bioinformatics.nl/pathways/RC244","RXN-12338"
"http://rdf-plantmetwiki.bioinformatics.nl/pathways/RC245","RXN-14090"
"http://rdf-plantmetwiki.bioinformatics.nl/pathways/RC246","RXN-22777"
"http://rdf-plantmetwiki.bioinformatics.nl/pathways/RC247","RXN-8594"
"http://rdf-plantmetwiki.bioinformatics.nl/pathways/RC248","ORNITHINE--OXO-ACID-AMINOTRANSFERASE-RXN"
"http://rdf-plantmetwiki.bioinformatics.nl/pathways/RC249","RXN-16997"
"http://rdf-plantmetwiki.bioinformatics.nl/pathways/RC25","RXN-12879"
"http://rdf-plantmetwiki.bioinformatics.nl/pathways/RC250","GLYCOGEN-BRANCH-RXN"
"http://rdf-plantmetwiki.bioinformatics.nl/pathways/RC251","RXNQT-4395"
"http://rdf-plantmetwiki.bioinformatics.nl/pathways/RC252","1.14.15.6-RXN"
"http://rdf-plantmetwiki.bioinformatics.nl/pathways/RC253","RXN-19833"
"http://rdf-plantmetwiki.bioinformatics.nl/pathways/RC254","RXN-21167"
"http://rdf-plantmetwiki.bioinformatics.nl/pathways/RC255","RXN-20768"
"http://rdf-plantmetwiki.bioinformatics.nl/pathways/RC256","RXN-12645"
"http://rdf-plantmetwiki.bioinformatics.nl/pathways/RC257","RXN-18896"
"http://rdf-plantmetwiki.bioinformatics.nl/pathways/RC258","1.14.13.87-RXN"
"http://rdf-plantmetwiki.bioinformatics.nl/pathways/RC259","NADPH-DEHYDROGENASE-RXN"
"http://rdf-plantmetwiki.bioinformatics.nl/pathways/RC26","RXNQT-4379"
"http://rdf-plantmetwiki.bioinformatics.nl/pathways/RC260","RXN-14220"
"http://rdf-plantmetwiki.bioinformatics.nl/pathways/RC261","RXN-15312"
"http://rdf-plantmetwiki.bioinformatics.nl/pathways/RC262","RXN-7571"
"http://rdf-plantmetwiki.bioinformatics.nl/pathways/RC263","RXN-17757"
"http://rdf-plantmetwiki.bioinformatics.nl/pathways/RC264","RXN-12893"
"http://rdf-plantmetwiki.bioinformatics.nl/pathways/RC265","RXN4KF-51"
"http://rdf-plantmetwiki.bioinformatics.nl/pathways/RC266","RXN-18897"
"http://rdf-plantmetwiki.bioinformatics.nl/pathways/RC267","RXN-20884"
"http://rdf-plantmetwiki.bioinformatics.nl/pathways/RC268","RXN-21163"
"http://rdf-plantmetwiki.bioinformatics.nl/pathways/RC269","THIAZOLSYN3-RXN"
"http://rdf-plantmetwiki.bioinformatics.nl/pathways/RC27","RXN-6546"
"http://rdf-plantmetwiki.bioinformatics.nl/pathways/RC270","RXN-6545"
"http://rdf-plantmetwiki.bioinformatics.nl/pathways/RC271","4&alpha;-formyl-4&beta;-methyl-5&alpha;-cholesta-8,24-dien-3&beta;-ol 4-hydroxylase"
"http://rdf-plantmetwiki.bioinformatics.nl/pathways/RC272","choline monooxygenase (NADP)"
"http://rdf-plantmetwiki.bioinformatics.nl/pathways/RC273","ACYLPHOSPHATASE-RXN"
"http://rdf-plantmetwiki.bioinformatics.nl/pathways/RC274","RXN-21024"
"http://rdf-plantmetwiki.bioinformatics.nl/pathways/RC275","RXN-19980"
"http://rdf-plantmetwiki.bioinformatics.nl/pathways/RC276","RXN4KF-53"
"http://rdf-plantmetwiki.bioinformatics.nl/pathways/RC277","RXN-1603"
"http://rdf-plantmetwiki.bioinformatics.nl/pathways/RC278","RXN-4301"
"http://rdf-plantmetwiki.bioinformatics.nl/pathways/RC279","RXN-21161"
"http://rdf-plantmetwiki.bioinformatics.nl/pathways/RC28","RXN-18484"
"http://rdf-plantmetwiki.bioinformatics.nl/pathways/RC280","4.1.1.74-RXN"
"http://rdf-plantmetwiki.bioinformatics.nl/pathways/RC281","RXN0-3542"
"http://rdf-plantmetwiki.bioinformatics.nl/pathways/RC282","RXN0-5393"
"http://rdf-plantmetwiki.bioinformatics.nl/pathways/RC283","RXN-1024"
"http://rdf-plantmetwiki.bioinformatics.nl/pathways/RC284","3.6.3.35-RXN"
"http://rdf-plantmetwiki.bioinformatics.nl/pathways/RC285","RXN-22406"
"http://rdf-plantmetwiki.bioinformatics.nl/pathways/RC286","2.6.1.64-RXN"
"http://rdf-plantmetwiki.bioinformatics.nl/pathways/RC287","RXN-13196"
"http://rdf-plantmetwiki.bioinformatics.nl/pathways/RC288","RXN-18527"
"http://rdf-plantmetwiki.bioinformatics.nl/pathways/RC289","RXN-11662"
"http://rdf-plantmetwiki.bioinformatics.nl/pathways/RC29","TRANS-RXN-185"
"http://rdf-plantmetwiki.bioinformatics.nl/pathways/RC290","1.3.7.5-RXN"
"http://rdf-plantmetwiki.bioinformatics.nl/pathways/RC291","3.2.1.21-RXN"
"http://rdf-plantmetwiki.bioinformatics.nl/pathways/RC292","1.14.13.118-RXN"
"http://rdf-plantmetwiki.bioinformatics.nl/pathways/RC293","FAD-RED-RXN"
"http://rdf-plantmetwiki.bioinformatics.nl/pathways/RC294","RXN-19151"
"http://rdf-plantmetwiki.bioinformatics.nl/pathways/RC295","RXN0-5265"
"http://rdf-plantmetwiki.bioinformatics.nl/pathways/RC296","ARGININE-2-MONOOXYGENASE-RXN"
"http://rdf-plantmetwiki.bioinformatics.nl/pathways/RC297","RXN-8573"
"http://rdf-plantmetwiki.bioinformatics.nl/pathways/RC298","RXN-13004"
"http://rdf-plantmetwiki.bioinformatics.nl/pathways/RC299","RXN-19987"
"http://rdf-plantmetwiki.bioinformatics.nl/pathways/RC3","MALATE-DEHYDROGENASE-ACCEPTOR-RXN"
"http://rdf-plantmetwiki.bioinformatics.nl/pathways/RC30","RXN-1501"
"http://rdf-plantmetwiki.bioinformatics.nl/pathways/RC300","RXN-8090"
"http://rdf-plantmetwiki.bioinformatics.nl/pathways/RC301","RXN-12332"
"http://rdf-plantmetwiki.bioinformatics.nl/pathways/RC302","RXN-10434"
"http://rdf-plantmetwiki.bioinformatics.nl/pathways/RC303","2.7.7.11-RXN"
"http://rdf-plantmetwiki.bioinformatics.nl/pathways/RC304","RXN-22735"
"http://rdf-plantmetwiki.bioinformatics.nl/pathways/RC305","RXN-708"
"http://rdf-plantmetwiki.bioinformatics.nl/pathways/RC306","RXN-10794"
"http://rdf-plantmetwiki.bioinformatics.nl/pathways/RC307","RXN-9091"
"http://rdf-plantmetwiki.bioinformatics.nl/pathways/RC308","RXN-4424"
"http://rdf-plantmetwiki.bioinformatics.nl/pathways/RC309","RXN-22604"
"http://rdf-plantmetwiki.bioinformatics.nl/pathways/RC31","3.2.1.52-RXN"
"http://rdf-plantmetwiki.bioinformatics.nl/pathways/RC310","RXN-20084"
"http://rdf-plantmetwiki.bioinformatics.nl/pathways/RC311","MALTODEG-RXN"
"http://rdf-plantmetwiki.bioinformatics.nl/pathways/RC312","6-phospho-&beta;-fructofuranosidase"
"http://rdf-plantmetwiki.bioinformatics.nl/pathways/RC313","1-dodecanol-O-arachinoyltransferase"
"http://rdf-plantmetwiki.bioinformatics.nl/pathways/RC314","RXN-9713"
"http://rdf-plantmetwiki.bioinformatics.nl/pathways/RC315","RXN-14512"
"http://rdf-plantmetwiki.bioinformatics.nl/pathways/RC316","RXN-7968"
"http://rdf-plantmetwiki.bioinformatics.nl/pathways/RC317","RXN-12102"
"http://rdf-plantmetwiki.bioinformatics.nl/pathways/RC318","RXN-14198"
"http://rdf-plantmetwiki.bioinformatics.nl/pathways/RC319","RXN66-526"
"http://rdf-plantmetwiki.bioinformatics.nl/pathways/RC32","SELENOCYSTEINE-LYASE-RXN"
"http://rdf-plantmetwiki.bioinformatics.nl/pathways/RC320","RXN-10981"
"http://rdf-plantmetwiki.bioinformatics.nl/pathways/RC321","RXN0-5184"
"http://rdf-plantmetwiki.bioinformatics.nl/pathways/RC322","RXN-24046"
"http://rdf-plantmetwiki.bioinformatics.nl/pathways/RC323","RXN-11355"
"http://rdf-plantmetwiki.bioinformatics.nl/pathways/RC324","RXN0-5254"
"http://rdf-plantmetwiki.bioinformatics.nl/pathways/RC325","3.2.1.55-RXN"
"http://rdf-plantmetwiki.bioinformatics.nl/pathways/RC326","RXN-17117"
"http://rdf-plantmetwiki.bioinformatics.nl/pathways/RC327","RXN-19584"
"http://rdf-plantmetwiki.bioinformatics.nl/pathways/RC328","RXN-10857"
"http://rdf-plantmetwiki.bioinformatics.nl/pathways/RC329","1.14.11.2-RXN"
"http://rdf-plantmetwiki.bioinformatics.nl/pathways/RC33","RXN-8545"
"http://rdf-plantmetwiki.bioinformatics.nl/pathways/RC330","14-hydroxylanosterol 14-dehydrogenase"
"http://rdf-plantmetwiki.bioinformatics.nl/pathways/RC331","RXN-18199"
"http://rdf-plantmetwiki.bioinformatics.nl/pathways/RC332","HOMOCYSTEINE-S-METHYLTRANSFERASE-RXN"
"http://rdf-plantmetwiki.bioinformatics.nl/pathways/RC333","RXN-14511"
"http://rdf-plantmetwiki.bioinformatics.nl/pathways/RC334","RXN-21025"
"http://rdf-plantmetwiki.bioinformatics.nl/pathways/RC335","PSERPHOSPHA-RXN"
"http://rdf-plantmetwiki.bioinformatics.nl/pathways/RC336","4&alpha;-formyl-5&alpha;-cholesta-8,24-dien-3&beta;-ol 4-hydroxylase"
"http://rdf-plantmetwiki.bioinformatics.nl/pathways/RC337","RXN-15140"
"http://rdf-plantmetwiki.bioinformatics.nl/pathways/RC338","RXN-12570"
"http://rdf-plantmetwiki.bioinformatics.nl/pathways/RC339","RXN0-3543"
"http://rdf-plantmetwiki.bioinformatics.nl/pathways/RC34","RXN-8408"
"http://rdf-plantmetwiki.bioinformatics.nl/pathways/RC340","6.3.5.7-RXN"
"http://rdf-plantmetwiki.bioinformatics.nl/pathways/RC341","RXN-14754"
"http://rdf-plantmetwiki.bioinformatics.nl/pathways/RC342","RXN-18341"
"http://rdf-plantmetwiki.bioinformatics.nl/pathways/RC343","RXN-13398"
"http://rdf-plantmetwiki.bioinformatics.nl/pathways/RC344","1.6.5.4-RXN"
"http://rdf-plantmetwiki.bioinformatics.nl/pathways/RC345","RXN-9562"
"http://rdf-plantmetwiki.bioinformatics.nl/pathways/RC346","RXN-11473"
"http://rdf-plantmetwiki.bioinformatics.nl/pathways/RC347","RXN0-5462"
"http://rdf-plantmetwiki.bioinformatics.nl/pathways/RC348","RXN-10625"
"http://rdf-plantmetwiki.bioinformatics.nl/pathways/RC349","RXNQT-4140"
"http://rdf-plantmetwiki.bioinformatics.nl/pathways/RC35","RXN-20373"
"http://rdf-plantmetwiki.bioinformatics.nl/pathways/RC350","RXNQT-4173"
"http://rdf-plantmetwiki.bioinformatics.nl/pathways/RC351","RXN-18160"
"http://rdf-plantmetwiki.bioinformatics.nl/pathways/RC352","3-methyl-2-oxobutanoate dehydrogenase [(S)-2-methylbutanoyl-transferring)"
"http://rdf-plantmetwiki.bioinformatics.nl/pathways/RC353","RXN-15355"
"http://rdf-plantmetwiki.bioinformatics.nl/pathways/RC354","RXN-19659"
"http://rdf-plantmetwiki.bioinformatics.nl/pathways/RC355","RXN-10435"
"http://rdf-plantmetwiki.bioinformatics.nl/pathways/RC356","RXN-18164"
"http://rdf-plantmetwiki.bioinformatics.nl/pathways/RC357","RXN-15461"
"http://rdf-plantmetwiki.bioinformatics.nl/pathways/RC358","luteolin 8-hydroxylase"
"http://rdf-plantmetwiki.bioinformatics.nl/pathways/RC359","RXN-14396"
"http://rdf-plantmetwiki.bioinformatics.nl/pathways/RC36","RXN-9090"
"http://rdf-plantmetwiki.bioinformatics.nl/pathways/RC360","GLUTAMATESYN-RXN"
"http://rdf-plantmetwiki.bioinformatics.nl/pathways/RC361","RXN-4221"
"http://rdf-plantmetwiki.bioinformatics.nl/pathways/RC362","RXN-20457"
"http://rdf-plantmetwiki.bioinformatics.nl/pathways/RC363","RXN-15517"
"http://rdf-plantmetwiki.bioinformatics.nl/pathways/RC364","TRANS-RXN4LZ-45"
"http://rdf-plantmetwiki.bioinformatics.nl/pathways/RC365","RXNQT-4164"
"http://rdf-plantmetwiki.bioinformatics.nl/pathways/RC366","RXN-9559"
"http://rdf-plantmetwiki.bioinformatics.nl/pathways/RC367","ALKAPHOSPHA-RXN"
"http://rdf-plantmetwiki.bioinformatics.nl/pathways/RC368","Xyloglucan 6-xylosyltransferase"
"http://rdf-plantmetwiki.bioinformatics.nl/pathways/RC369","TRIPHOSPHATASE-RXN"
"http://rdf-plantmetwiki.bioinformatics.nl/pathways/RC37","RXN-8252"
"http://rdf-plantmetwiki.bioinformatics.nl/pathways/RC370","RXN-20898"
"http://rdf-plantmetwiki.bioinformatics.nl/pathways/RC371","2.7.9.5-RXN"
"http://rdf-plantmetwiki.bioinformatics.nl/pathways/RC372","1.14.13.74-RXN"
"http://rdf-plantmetwiki.bioinformatics.nl/pathways/RC373","3.2.1.65-RXN"
"http://rdf-plantmetwiki.bioinformatics.nl/pathways/RC374","ICOSANOYL-COA-SYNTHASE-RXN"
"http://rdf-plantmetwiki.bioinformatics.nl/pathways/RC375","RXN-13681"
"http://rdf-plantmetwiki.bioinformatics.nl/pathways/RC376","RXN-9136"
"http://rdf-plantmetwiki.bioinformatics.nl/pathways/RC377","RXN-10946"
"http://rdf-plantmetwiki.bioinformatics.nl/pathways/RC378","RXN-8419"
"http://rdf-plantmetwiki.bioinformatics.nl/pathways/RC379","4&alpha;-hydroxymethyl-4&beta;-methyl-5&alpha;-cholesta-8,24-dien-3&beta;-ol dehydrogenase"
"http://rdf-plantmetwiki.bioinformatics.nl/pathways/RC38","RXN-18804"
"http://rdf-plantmetwiki.bioinformatics.nl/pathways/RC380","RXN-8861"
"http://rdf-plantmetwiki.bioinformatics.nl/pathways/RC381","RXN-12659"
"http://rdf-plantmetwiki.bioinformatics.nl/pathways/RC382","RXN-1882"
"http://rdf-plantmetwiki.bioinformatics.nl/pathways/RC383","RXNQT-4372"
"http://rdf-plantmetwiki.bioinformatics.nl/pathways/RC384","RXN-11737"
"http://rdf-plantmetwiki.bioinformatics.nl/pathways/RC385","Thioglucosidase"
"http://rdf-plantmetwiki.bioinformatics.nl/pathways/RC386","RXN-1827"
"http://rdf-plantmetwiki.bioinformatics.nl/pathways/RC387","RXN-10429"
"http://rdf-plantmetwiki.bioinformatics.nl/pathways/RC388","RXN-17753"
"http://rdf-plantmetwiki.bioinformatics.nl/pathways/RC389","NADPH--FERRIHEMOPROTEIN-REDUCTASE-RXN"
"http://rdf-plantmetwiki.bioinformatics.nl/pathways/RC39","RXN-12267"
"http://rdf-plantmetwiki.bioinformatics.nl/pathways/RC390","325-BISPHOSPHATE-NUCLEOTIDASE-RXN"
"http://rdf-plantmetwiki.bioinformatics.nl/pathways/RC391","RXN-14325"
"http://rdf-plantmetwiki.bioinformatics.nl/pathways/RC392","RXN-13409"
"http://rdf-plantmetwiki.bioinformatics.nl/pathways/RC393","RXN-10954"
"http://rdf-plantmetwiki.bioinformatics.nl/pathways/RC394","RXN-7022"
"http://rdf-plantmetwiki.bioinformatics.nl/pathways/RC395","RXN0-5363"
"http://rdf-plantmetwiki.bioinformatics.nl/pathways/RC396","RXN-18350"
"http://rdf-plantmetwiki.bioinformatics.nl/pathways/RC397","RXN-974"
"http://rdf-plantmetwiki.bioinformatics.nl/pathways/RC398","RXN-11226"
"http://rdf-plantmetwiki.bioinformatics.nl/pathways/RC399","TRANS-RXN-187"
"http://rdf-plantmetwiki.bioinformatics.nl/pathways/RC4","Farnesyl-diphosphate farnesyltransferase"
"http://rdf-plantmetwiki.bioinformatics.nl/pathways/RC40","RXN-12259"
"http://rdf-plantmetwiki.bioinformatics.nl/pathways/RC400","RXN66-339"
"http://rdf-plantmetwiki.bioinformatics.nl/pathways/RC401","RXN-10036"
"http://rdf-plantmetwiki.bioinformatics.nl/pathways/RC402","RXN-11271"
"http://rdf-plantmetwiki.bioinformatics.nl/pathways/RC403","HYDROXYPRODEHYDROG-RXN"
"http://rdf-plantmetwiki.bioinformatics.nl/pathways/RC404","RXN1F-152"
"http://rdf-plantmetwiki.bioinformatics.nl/pathways/RC405","LCYSDESULF-RXN"
"http://rdf-plantmetwiki.bioinformatics.nl/pathways/RC406","RXN-10811"
"http://rdf-plantmetwiki.bioinformatics.nl/pathways/RC407","RXN-13189"
"http://rdf-plantmetwiki.bioinformatics.nl/pathways/RC408","RXN-3541"
"http://rdf-plantmetwiki.bioinformatics.nl/pathways/RC409","RXN-7710"
"http://rdf-plantmetwiki.bioinformatics.nl/pathways/RC41","RXN-21524"
"http://rdf-plantmetwiki.bioinformatics.nl/pathways/RC410","RXN-10944"
"http://rdf-plantmetwiki.bioinformatics.nl/pathways/RC411","RXN-8336"
"http://rdf-plantmetwiki.bioinformatics.nl/pathways/RC412","RXN-8345"
"http://rdf-plantmetwiki.bioinformatics.nl/pathways/RC413","RXN-10632"
"http://rdf-plantmetwiki.bioinformatics.nl/pathways/RC414","RXN-21539"
"http://rdf-plantmetwiki.bioinformatics.nl/pathways/RC415","RXN-11676"
"http://rdf-plantmetwiki.bioinformatics.nl/pathways/RC416","RXN-20585"
"http://rdf-plantmetwiki.bioinformatics.nl/pathways/RC417","RXN-21007"
"http://rdf-plantmetwiki.bioinformatics.nl/pathways/RC418","TRANS-RXN-218"
"http://rdf-plantmetwiki.bioinformatics.nl/pathways/RC419","RAUCAFFRICINE-BETA-GLUCOSIDASE-RXN"
"http://rdf-plantmetwiki.bioinformatics.nl/pathways/RC42","RXNQT-4365"
"http://rdf-plantmetwiki.bioinformatics.nl/pathways/RC420","RXN-8543"
"http://rdf-plantmetwiki.bioinformatics.nl/pathways/RC421","RXN-13003"
"http://rdf-plantmetwiki.bioinformatics.nl/pathways/RC422","RXN-10720"
"http://rdf-plantmetwiki.bioinformatics.nl/pathways/RC423","RXN-11544"
"http://rdf-plantmetwiki.bioinformatics.nl/pathways/RC424","RXN-10639"
"http://rdf-plantmetwiki.bioinformatics.nl/pathways/RC425","PHOSPHATIDYLINOSITOL-3-PHOSPHATASE-RXN"
"http://rdf-plantmetwiki.bioinformatics.nl/pathways/RC426","RXN-8253"
"http://rdf-plantmetwiki.bioinformatics.nl/pathways/RC427","PREPHENATEDEHYDROG-RXN"
"http://rdf-plantmetwiki.bioinformatics.nl/pathways/RC428","RXN-14981"
"http://rdf-plantmetwiki.bioinformatics.nl/pathways/RC429","RXN3O-4157"
"http://rdf-plantmetwiki.bioinformatics.nl/pathways/RC43","RXN-14814"
"http://rdf-plantmetwiki.bioinformatics.nl/pathways/RC430","RXN-18079"
"http://rdf-plantmetwiki.bioinformatics.nl/pathways/RC431","RXN-22285"
"http://rdf-plantmetwiki.bioinformatics.nl/pathways/RC432","RXN0-308"
"http://rdf-plantmetwiki.bioinformatics.nl/pathways/RC433","RXNQT-4315"
"http://rdf-plantmetwiki.bioinformatics.nl/pathways/RC434","RXN-18232"
"http://rdf-plantmetwiki.bioinformatics.nl/pathways/RC435","RXN-10862"
"http://rdf-plantmetwiki.bioinformatics.nl/pathways/RC436","RXN-11231"
"http://rdf-plantmetwiki.bioinformatics.nl/pathways/RC437","CINNAMOYL-COA-REDUCTASE-RXN"
"http://rdf-plantmetwiki.bioinformatics.nl/pathways/RC438","RXN-14214"
"http://rdf-plantmetwiki.bioinformatics.nl/pathways/RC439","4&alpha;-hydroxymethyl-5&alpha;-cholesta-8,24-dien-3&beta;-ol dehydrogenase"
"http://rdf-plantmetwiki.bioinformatics.nl/pathways/RC44","RXN-9221"
"http://rdf-plantmetwiki.bioinformatics.nl/pathways/RC440","RXN-15986"
"http://rdf-plantmetwiki.bioinformatics.nl/pathways/RC441","RXN-12816"
"http://rdf-plantmetwiki.bioinformatics.nl/pathways/RC442","RXN-12363"
"http://rdf-plantmetwiki.bioinformatics.nl/pathways/RC443","RXN-7920"
"http://rdf-plantmetwiki.bioinformatics.nl/pathways/RC444","Protoporphyrinogen oxidase"
"http://rdf-plantmetwiki.bioinformatics.nl/pathways/RC445","RXN-14064"
"http://rdf-plantmetwiki.bioinformatics.nl/pathways/RC446","RXN4FS-5"
"http://rdf-plantmetwiki.bioinformatics.nl/pathways/RC447","1.3.7.2-RXN"
"http://rdf-plantmetwiki.bioinformatics.nl/pathways/RC448","RXN-12862"
"http://rdf-plantmetwiki.bioinformatics.nl/pathways/RC449","6.3.5.6-RXN"
"http://rdf-plantmetwiki.bioinformatics.nl/pathways/RC45","L-ASCORBATE-PEROXIDASE-RXN"
"http://rdf-plantmetwiki.bioinformatics.nl/pathways/RC450","RXN-8737"
"http://rdf-plantmetwiki.bioinformatics.nl/pathways/RC451","RXN-22402"
"http://rdf-plantmetwiki.bioinformatics.nl/pathways/RC452","RXN-14525"
"http://rdf-plantmetwiki.bioinformatics.nl/pathways/RC453","RXN-19381"
"http://rdf-plantmetwiki.bioinformatics.nl/pathways/RC454","RXN-10430"
"http://rdf-plantmetwiki.bioinformatics.nl/pathways/RC455","RXN-13015"
"http://rdf-plantmetwiki.bioinformatics.nl/pathways/RC456","4,4-dimethylzymosterol 4-hydroxylase"
"http://rdf-plantmetwiki.bioinformatics.nl/pathways/RC457","RXN-11546"
"http://rdf-plantmetwiki.bioinformatics.nl/pathways/RC458","RXN-15651"
"http://rdf-plantmetwiki.bioinformatics.nl/pathways/RC459","RXN-14143"
"http://rdf-plantmetwiki.bioinformatics.nl/pathways/RC46","RXN-18165"
"http://rdf-plantmetwiki.bioinformatics.nl/pathways/RC460","RXN-8421"
"http://rdf-plantmetwiki.bioinformatics.nl/pathways/RC461","RXN-4821"
"http://rdf-plantmetwiki.bioinformatics.nl/pathways/RC462","RXN-13938"
"http://rdf-plantmetwiki.bioinformatics.nl/pathways/RC463","RXN-16998"
"http://rdf-plantmetwiki.bioinformatics.nl/pathways/RC464","FLAVONADPREDUCT-RXN"
"http://rdf-plantmetwiki.bioinformatics.nl/pathways/RC465","RXN-8556"
"http://rdf-plantmetwiki.bioinformatics.nl/pathways/RC466","RXN-12648"
"http://rdf-plantmetwiki.bioinformatics.nl/pathways/RC467","RXN-8554"
"http://rdf-plantmetwiki.bioinformatics.nl/pathways/RC468","RXN-10884"
"http://rdf-plantmetwiki.bioinformatics.nl/pathways/RC469","GKI-RXN"
"http://rdf-plantmetwiki.bioinformatics.nl/pathways/RC47","ALANINE--GLYOXYLATE-AMINOTRANSFERASE-RXN"
"http://rdf-plantmetwiki.bioinformatics.nl/pathways/RC470","RXN-13373"
"http://rdf-plantmetwiki.bioinformatics.nl/pathways/RC471","FATTY-ACYL-COA-SYNTHASE-RXN"
"http://rdf-plantmetwiki.bioinformatics.nl/pathways/RC472","RXN-11173"
"http://rdf-plantmetwiki.bioinformatics.nl/pathways/RC473","RXN-10731"
"http://rdf-plantmetwiki.bioinformatics.nl/pathways/RC474","3-SULFINOALANINE-AMINOTRANSFERASE-RXN"
"http://rdf-plantmetwiki.bioinformatics.nl/pathways/RC475","RXN-13507"
"http://rdf-plantmetwiki.bioinformatics.nl/pathways/RC476","RXN-7651"
"http://rdf-plantmetwiki.bioinformatics.nl/pathways/RC477","RXN-11044"
"http://rdf-plantmetwiki.bioinformatics.nl/pathways/RC478","RXN-1302"
"http://rdf-plantmetwiki.bioinformatics.nl/pathways/RC479","RXN-10436"
"http://rdf-plantmetwiki.bioinformatics.nl/pathways/RC48","RXN-23907"
"http://rdf-plantmetwiki.bioinformatics.nl/pathways/RC480","RXN-15510"
"http://rdf-plantmetwiki.bioinformatics.nl/pathways/RC481","RXN-22829"
"http://rdf-plantmetwiki.bioinformatics.nl/pathways/RC482","2.4.1.143-RXN"
"http://rdf-plantmetwiki.bioinformatics.nl/pathways/RC483","RXN-18967"
"http://rdf-plantmetwiki.bioinformatics.nl/pathways/RC484","OXALODECARB-RXN"
"http://rdf-plantmetwiki.bioinformatics.nl/pathways/RC485","RXN-8162"
"http://rdf-plantmetwiki.bioinformatics.nl/pathways/RC486","RXN0-5245"
"http://rdf-plantmetwiki.bioinformatics.nl/pathways/RC487","RXN18C3-113"
"http://rdf-plantmetwiki.bioinformatics.nl/pathways/RC488","2.4.2.38-RXN"
"http://rdf-plantmetwiki.bioinformatics.nl/pathways/RC489","RXN-11400"
"http://rdf-plantmetwiki.bioinformatics.nl/pathways/RC49","RXN-7897"
"http://rdf-plantmetwiki.bioinformatics.nl/pathways/RC490","RXN-9081"
"http://rdf-plantmetwiki.bioinformatics.nl/pathways/RC491","RXN-21525"
"http://rdf-plantmetwiki.bioinformatics.nl/pathways/RC492","heme o biosynthesis"
"http://rdf-plantmetwiki.bioinformatics.nl/pathways/RC493","RXN-11249"
"http://rdf-plantmetwiki.bioinformatics.nl/pathways/RC494","RXN-13323"
"http://rdf-plantmetwiki.bioinformatics.nl/pathways/RC495","RXN-22761"
"http://rdf-plantmetwiki.bioinformatics.nl/pathways/RC496","ALDOSE-1-EPIMERASE-RXN"
"http://rdf-plantmetwiki.bioinformatics.nl/pathways/RC497","RXN-8886"
"http://rdf-plantmetwiki.bioinformatics.nl/pathways/RC498","RXN-11811"
"http://rdf-plantmetwiki.bioinformatics.nl/pathways/RC499","TRANS-RXN4LZ-4"
"http://rdf-plantmetwiki.bioinformatics.nl/pathways/RC5","ALDEHYDE-OXIDASE-RXN"
"http://rdf-plantmetwiki.bioinformatics.nl/pathways/RC50","RXN-14243"
"http://rdf-plantmetwiki.bioinformatics.nl/pathways/RC500","RXN-7948"
"http://rdf-plantmetwiki.bioinformatics.nl/pathways/RC501","SULFATE-ADENYLYLTRANSFERASE-ADP-RXN"
"http://rdf-plantmetwiki.bioinformatics.nl/pathways/RC502","NQOR-RXN"
"http://rdf-plantmetwiki.bioinformatics.nl/pathways/RC503","RXN-8682"
"http://rdf-plantmetwiki.bioinformatics.nl/pathways/RC504","RXN-13023"
"http://rdf-plantmetwiki.bioinformatics.nl/pathways/RC505","RXN-18962"
"http://rdf-plantmetwiki.bioinformatics.nl/pathways/RC506","RXN-13016"
"http://rdf-plantmetwiki.bioinformatics.nl/pathways/RC507","RXN-10878"
"http://rdf-plantmetwiki.bioinformatics.nl/pathways/RC508","RXN0-1021"
"http://rdf-plantmetwiki.bioinformatics.nl/pathways/RC509","GAPDHSYNEC-RXN"
"http://rdf-plantmetwiki.bioinformatics.nl/pathways/RC51","RXN-13005"
"http://rdf-plantmetwiki.bioinformatics.nl/pathways/RC510","ADENYLYLSULFATE-REDUCTASE-RXN"
"http://rdf-plantmetwiki.bioinformatics.nl/pathways/RC511","LONG-CHAIN-ENOYL-COA-HYDRATASE-RXN"
"http://rdf-plantmetwiki.bioinformatics.nl/pathways/RC512","RXN-12961"
"http://rdf-plantmetwiki.bioinformatics.nl/pathways/RC513","RXN-8564"
"http://rdf-plantmetwiki.bioinformatics.nl/pathways/RC514","RXN-8259"
"http://rdf-plantmetwiki.bioinformatics.nl/pathways/RC515","cis-abscisic alcohol monooxygenase"
"http://rdf-plantmetwiki.bioinformatics.nl/pathways/RC516","RXN-13747"
"http://rdf-plantmetwiki.bioinformatics.nl/pathways/RC517","RXN-7878"
"http://rdf-plantmetwiki.bioinformatics.nl/pathways/RC518","RXN-13413"
"http://rdf-plantmetwiki.bioinformatics.nl/pathways/RC519","RXN-9564"
"http://rdf-plantmetwiki.bioinformatics.nl/pathways/RC52","RXN-8602"
"http://rdf-plantmetwiki.bioinformatics.nl/pathways/RC520","4.3.1.17-RXN"
"http://rdf-plantmetwiki.bioinformatics.nl/pathways/RC521","TRANS-RXN-186"
"http://rdf-plantmetwiki.bioinformatics.nl/pathways/RC522","GALACTOLIPASE-RXN"
"http://rdf-plantmetwiki.bioinformatics.nl/pathways/RC523","RXN-14200"
"http://rdf-plantmetwiki.bioinformatics.nl/pathways/RC524","RXN-11533"
"http://rdf-plantmetwiki.bioinformatics.nl/pathways/RC525","RXN-13508"
"http://rdf-plantmetwiki.bioinformatics.nl/pathways/RC526","RXN-22914"
"http://rdf-plantmetwiki.bioinformatics.nl/pathways/RC527","RXN-4318"
"http://rdf-plantmetwiki.bioinformatics.nl/pathways/RC528","RXN-16425"
"http://rdf-plantmetwiki.bioinformatics.nl/pathways/RC529","RXN-15139"
"http://rdf-plantmetwiki.bioinformatics.nl/pathways/RC53","RXN-12846"
"http://rdf-plantmetwiki.bioinformatics.nl/pathways/RC530","RXN-21160"
"http://rdf-plantmetwiki.bioinformatics.nl/pathways/RC531","pyridoxal 5&prime;-phosphate synthase (glutamine hydrolyzing)"
"http://rdf-plantmetwiki.bioinformatics.nl/pathways/RC532","RXN-14124"
"http://rdf-plantmetwiki.bioinformatics.nl/pathways/RC533","RXN-10874"
"http://rdf-plantmetwiki.bioinformatics.nl/pathways/RC534","RXN-11927"
"http://rdf-plantmetwiki.bioinformatics.nl/pathways/RC535","RXN-10763"
"http://rdf-plantmetwiki.bioinformatics.nl/pathways/RC536","RXN-14161"
"http://rdf-plantmetwiki.bioinformatics.nl/pathways/RC537","TDCEACT-RXN"
"http://rdf-plantmetwiki.bioinformatics.nl/pathways/RC538","RXNQT-4394"
"http://rdf-plantmetwiki.bioinformatics.nl/pathways/RC539","DOLICHOL-KINASE-RXN"
"http://rdf-plantmetwiki.bioinformatics.nl/pathways/RC54","5-NUCLEOTID-RXN"
"http://rdf-plantmetwiki.bioinformatics.nl/pathways/RC540","RXN-10432"
"http://rdf-plantmetwiki.bioinformatics.nl/pathways/RC541","RXN-11401"
"http://rdf-plantmetwiki.bioinformatics.nl/pathways/RC542","RXN-8748"
"http://rdf-plantmetwiki.bioinformatics.nl/pathways/RC543","RXN-12587"
"http://rdf-plantmetwiki.bioinformatics.nl/pathways/RC544","RXN-4309"
"http://rdf-plantmetwiki.bioinformatics.nl/pathways/RC545","PROSTAGLANDIN-E-SYNTHASE-RXN"
"http://rdf-plantmetwiki.bioinformatics.nl/pathways/RC546","RXN-18960"
"http://rdf-plantmetwiki.bioinformatics.nl/pathways/RC547","PEROXID-RXN"
"http://rdf-plantmetwiki.bioinformatics.nl/pathways/RC548","RXN-14510"
"http://rdf-plantmetwiki.bioinformatics.nl/pathways/RC549","RXN-12125"
"http://rdf-plantmetwiki.bioinformatics.nl/pathways/RC55","RXN-11937"
"http://rdf-plantmetwiki.bioinformatics.nl/pathways/RC550","RXN-14208"
"http://rdf-plantmetwiki.bioinformatics.nl/pathways/RC551","RXN0-5216"
"http://rdf-plantmetwiki.bioinformatics.nl/pathways/RC552","RXN-8001"
"http://rdf-plantmetwiki.bioinformatics.nl/pathways/RC553","RXN-21165"
"http://rdf-plantmetwiki.bioinformatics.nl/pathways/RC554","RXN-5122"
"http://rdf-plantmetwiki.bioinformatics.nl/pathways/RC555","RXN-12182"
"http://rdf-plantmetwiki.bioinformatics.nl/pathways/RC556","RXN-10733"
"http://rdf-plantmetwiki.bioinformatics.nl/pathways/RC557","RXN-13183"
"http://rdf-plantmetwiki.bioinformatics.nl/pathways/RC558","RXN-14857"
"http://rdf-plantmetwiki.bioinformatics.nl/pathways/RC559","RXN-12325"
"http://rdf-plantmetwiki.bioinformatics.nl/pathways/RC56","3.6.3.6-RXN"
"http://rdf-plantmetwiki.bioinformatics.nl/pathways/RC560","RXN-21523"
"http://rdf-plantmetwiki.bioinformatics.nl/pathways/RC561","RXN-18963"
"http://rdf-plantmetwiki.bioinformatics.nl/pathways/RC562","RXN-13025"
"http://rdf-plantmetwiki.bioinformatics.nl/pathways/RC563","RXN-8423"
"http://rdf-plantmetwiki.bioinformatics.nl/pathways/RC564","1.14.11.19-RXN"
"http://rdf-plantmetwiki.bioinformatics.nl/pathways/RC565","RXN-8335"
"http://rdf-plantmetwiki.bioinformatics.nl/pathways/RC566","RXN-21400"
"http://rdf-plantmetwiki.bioinformatics.nl/pathways/RC567","RXN-7692"
"http://rdf-plantmetwiki.bioinformatics.nl/pathways/RC568","RXN-14505"
"http://rdf-plantmetwiki.bioinformatics.nl/pathways/RC569","RXN-8349"
"http://rdf-plantmetwiki.bioinformatics.nl/pathways/RC57","RXN-19642"
"http://rdf-plantmetwiki.bioinformatics.nl/pathways/RC570","RXN-18971"
"http://rdf-plantmetwiki.bioinformatics.nl/pathways/RC571","RXN-7740"
"http://rdf-plantmetwiki.bioinformatics.nl/pathways/RC572","RXN-11668"
"http://rdf-plantmetwiki.bioinformatics.nl/pathways/RC573","RXN-21168"
"http://rdf-plantmetwiki.bioinformatics.nl/pathways/RC574","RXN-13956"
"http://rdf-plantmetwiki.bioinformatics.nl/pathways/RC575","RXN-1825"
"http://rdf-plantmetwiki.bioinformatics.nl/pathways/RC576","RXN-4208"
"http://rdf-plantmetwiki.bioinformatics.nl/pathways/RC577","3-NUCLEOTID-RXN"
"http://rdf-plantmetwiki.bioinformatics.nl/pathways/RC578","RXN-19743"
"http://rdf-plantmetwiki.bioinformatics.nl/pathways/RC579","hydroxypyruvate reductase (NADP+)"
"http://rdf-plantmetwiki.bioinformatics.nl/pathways/RC58","RXN-18163"
"http://rdf-plantmetwiki.bioinformatics.nl/pathways/RC580","RXN-9722"
"http://rdf-plantmetwiki.bioinformatics.nl/pathways/RC581","RXN-15011"
"http://rdf-plantmetwiki.bioinformatics.nl/pathways/RC582","RXN-4343"
"http://rdf-plantmetwiki.bioinformatics.nl/pathways/RC583","L-aspartate : fumarate oxidoreductase (deaminating)"
"http://rdf-plantmetwiki.bioinformatics.nl/pathways/RC584","RXN-8431"
"http://rdf-plantmetwiki.bioinformatics.nl/pathways/RC585","3.2.1.114-RXN"
"http://rdf-plantmetwiki.bioinformatics.nl/pathways/RC586","RXN-18899"
"http://rdf-plantmetwiki.bioinformatics.nl/pathways/RC587","RXN-21390"
"http://rdf-plantmetwiki.bioinformatics.nl/pathways/RC588","RXN-2122"
"http://rdf-plantmetwiki.bioinformatics.nl/pathways/RC589","2-oxo-3-phenylpropanoate dioxygenase"
"http://rdf-plantmetwiki.bioinformatics.nl/pathways/RC59","RXN-12202"
"http://rdf-plantmetwiki.bioinformatics.nl/pathways/RC590","RXN-15447"
"http://rdf-plantmetwiki.bioinformatics.nl/pathways/RC591","RXN-14658"
"http://rdf-plantmetwiki.bioinformatics.nl/pathways/RC592","RXN-12878"
"http://rdf-plantmetwiki.bioinformatics.nl/pathways/RC593","RXN0-1441"
"http://rdf-plantmetwiki.bioinformatics.nl/pathways/RC594","RXN-12892"
"http://rdf-plantmetwiki.bioinformatics.nl/pathways/RC595","ARYL-ALCOHOL-DEHYDROGENASE-NADP+-RXN"
"http://rdf-plantmetwiki.bioinformatics.nl/pathways/RC596","RXN-7282"
"http://rdf-plantmetwiki.bioinformatics.nl/pathways/RC597","RXN-2207"
"http://rdf-plantmetwiki.bioinformatics.nl/pathways/RC598","RXN-8407"
"http://rdf-plantmetwiki.bioinformatics.nl/pathways/RC599","PHOSPHOGLYCERATE-PHOSPHATASE-RXN"
"http://rdf-plantmetwiki.bioinformatics.nl/pathways/RC6","RXN-18939"
"http://rdf-plantmetwiki.bioinformatics.nl/pathways/RC60","RXN-7877"
"http://rdf-plantmetwiki.bioinformatics.nl/pathways/RC600","RXN0-5248"
"http://rdf-plantmetwiki.bioinformatics.nl/pathways/RC601","RXN-7863"
"http://rdf-plantmetwiki.bioinformatics.nl/pathways/RC602","RXN-18894"
"http://rdf-plantmetwiki.bioinformatics.nl/pathways/RC603","pyruvate:thiamin diphosphate acetaldehydetransferase (decarboxylating)"
"http://rdf-plantmetwiki.bioinformatics.nl/pathways/RC604","RXN-20154"
"http://rdf-plantmetwiki.bioinformatics.nl/pathways/RC605","2-HEXADECENAL-REDUCTASE-RXN"
"http://rdf-plantmetwiki.bioinformatics.nl/pathways/RC606","RXN-11846"
"http://rdf-plantmetwiki.bioinformatics.nl/pathways/RC607","RXN-19022"
"http://rdf-plantmetwiki.bioinformatics.nl/pathways/RC608","PHOSPHOENOLPYRUVATE-PHOSPHATASE-RXN"
"http://rdf-plantmetwiki.bioinformatics.nl/pathways/RC609","RXN-11281"
"http://rdf-plantmetwiki.bioinformatics.nl/pathways/RC61","RXN0-6721"
"http://rdf-plantmetwiki.bioinformatics.nl/pathways/RC610","RXN-20447"
"http://rdf-plantmetwiki.bioinformatics.nl/pathways/RC611","RXN-10734"
"http://rdf-plantmetwiki.bioinformatics.nl/pathways/RC612","RXN-12876"
"http://rdf-plantmetwiki.bioinformatics.nl/pathways/RC613","(9Z,11E,14Z)-(13S)-hydroperoxyoctadeca-9,11,14-trienoate 12,13-hydro-lyase"
"http://rdf-plantmetwiki.bioinformatics.nl/pathways/RC614","RXN-13959"
"http://rdf-plantmetwiki.bioinformatics.nl/pathways/RC615","RXN-8601"
"http://rdf-plantmetwiki.bioinformatics.nl/pathways/RC616","RXN-924"
"http://rdf-plantmetwiki.bioinformatics.nl/pathways/RC617","RXN-7797"
"http://rdf-plantmetwiki.bioinformatics.nl/pathways/RC618","RXN0-4401"
"http://rdf-plantmetwiki.bioinformatics.nl/pathways/RC619","ACETYL-COA-HYDROLASE-RXN"
"http://rdf-plantmetwiki.bioinformatics.nl/pathways/RC62","RXN-10767"
"http://rdf-plantmetwiki.bioinformatics.nl/pathways/RC620","RXN-12539"
"http://rdf-plantmetwiki.bioinformatics.nl/pathways/RC621","12-ALPHA-L-FUCOSIDASE-RXN"
"http://rdf-plantmetwiki.bioinformatics.nl/pathways/RC622","RXN-9560"
"http://rdf-plantmetwiki.bioinformatics.nl/pathways/RC623","RXN-23260"
"http://rdf-plantmetwiki.bioinformatics.nl/pathways/RC624","RXN-20026"
"http://rdf-plantmetwiki.bioinformatics.nl/pathways/RC625","RXN-8642"
"http://rdf-plantmetwiki.bioinformatics.nl/pathways/RC626","RXN-14513"
"http://rdf-plantmetwiki.bioinformatics.nl/pathways/RC627","3.1.3.67-RXN"
"http://rdf-plantmetwiki.bioinformatics.nl/pathways/RC628","RXN-14490"
"http://rdf-plantmetwiki.bioinformatics.nl/pathways/RC629","RXN-10768"
"http://rdf-plantmetwiki.bioinformatics.nl/pathways/RC63","phenolic oxidative coupling protein"
"http://rdf-plantmetwiki.bioinformatics.nl/pathways/RC630","RXN-8855"
"http://rdf-plantmetwiki.bioinformatics.nl/pathways/RC631","RXN-23869"
"http://rdf-plantmetwiki.bioinformatics.nl/pathways/RC632","RXN-24256"
"http://rdf-plantmetwiki.bioinformatics.nl/pathways/RC633","RXNQT-4380"
"http://rdf-plantmetwiki.bioinformatics.nl/pathways/RC634","RXN4KF-11495"
"http://rdf-plantmetwiki.bioinformatics.nl/pathways/RC635","RXN-10938"
"http://rdf-plantmetwiki.bioinformatics.nl/pathways/RC636","RXN0-6490"
"http://rdf-plantmetwiki.bioinformatics.nl/pathways/RC637","RXN-9911"
"http://rdf-plantmetwiki.bioinformatics.nl/pathways/RC638","RXN-22287"
"http://rdf-plantmetwiki.bioinformatics.nl/pathways/RC639","RXN-21164"
"http://rdf-plantmetwiki.bioinformatics.nl/pathways/RC64","22-&beta;-hydroxycholesterol 20-&alpha;-hydroxylation"
"http://rdf-plantmetwiki.bioinformatics.nl/pathways/RC640","RXN-14471"
"http://rdf-plantmetwiki.bioinformatics.nl/pathways/RC641","RXN-602"
"http://rdf-plantmetwiki.bioinformatics.nl/pathways/RC642","RXN-11233"
"http://rdf-plantmetwiki.bioinformatics.nl/pathways/RC643","RXN-13022"
"http://rdf-plantmetwiki.bioinformatics.nl/pathways/RC644","GST-RXN"
"http://rdf-plantmetwiki.bioinformatics.nl/pathways/RC645","Fenton reaction"
"http://rdf-plantmetwiki.bioinformatics.nl/pathways/RC646","RXNQT-4354"
"http://rdf-plantmetwiki.bioinformatics.nl/pathways/RC647","2.7.7.64-RXN"
"http://rdf-plantmetwiki.bioinformatics.nl/pathways/RC648","RXN-12516"
"http://rdf-plantmetwiki.bioinformatics.nl/pathways/RC649","RXN-12127"
"http://rdf-plantmetwiki.bioinformatics.nl/pathways/RC65","RXN-11585"
"http://rdf-plantmetwiki.bioinformatics.nl/pathways/RC650","RXN-20095"
"http://rdf-plantmetwiki.bioinformatics.nl/pathways/RC651","RXN-3241"
"http://rdf-plantmetwiki.bioinformatics.nl/pathways/RC652","RXN-10851"
"http://rdf-plantmetwiki.bioinformatics.nl/pathways/RC653","RXN-8558"
"http://rdf-plantmetwiki.bioinformatics.nl/pathways/RC654","THYM-PHOSPH-RXN"
"http://rdf-plantmetwiki.bioinformatics.nl/pathways/RC655","hexaprenyldihydroxybenzoate methyltransferase"
"http://rdf-plantmetwiki.bioinformatics.nl/pathways/RC656","RXN-12201"
"http://rdf-plantmetwiki.bioinformatics.nl/pathways/RC657","RXN-18969"
"http://rdf-plantmetwiki.bioinformatics.nl/pathways/RC658","2.6.1.7-RXN"
"http://rdf-plantmetwiki.bioinformatics.nl/pathways/RC659","4-methyl-2-oxopentanoate dehydrogenase (lipoamide)"
"http://rdf-plantmetwiki.bioinformatics.nl/pathways/RC66","RXN-14882"
"http://rdf-plantmetwiki.bioinformatics.nl/pathways/RC660","RXN-21019"
"http://rdf-plantmetwiki.bioinformatics.nl/pathways/RC661","RXN-19953"
"http://rdf-plantmetwiki.bioinformatics.nl/pathways/RC662","RXN-7842"
"http://rdf-plantmetwiki.bioinformatics.nl/pathways/RC663","RXN-24129"
"http://rdf-plantmetwiki.bioinformatics.nl/pathways/RC664","RXN-16910"
"http://rdf-plantmetwiki.bioinformatics.nl/pathways/RC665","RXN-13506"
"http://rdf-plantmetwiki.bioinformatics.nl/pathways/RC666","SUCC-FUM-OXRED-RXN"
"http://rdf-plantmetwiki.bioinformatics.nl/pathways/RC667","RXN-5102"
"http://rdf-plantmetwiki.bioinformatics.nl/pathways/RC668","RXN-22758"
"http://rdf-plantmetwiki.bioinformatics.nl/pathways/RC669","RXN-14048"
"http://rdf-plantmetwiki.bioinformatics.nl/pathways/RC67","TEICHOICSYN5-RXN"
"http://rdf-plantmetwiki.bioinformatics.nl/pathways/RC670","ADPSUGPPHOSPHAT-RXN"
"http://rdf-plantmetwiki.bioinformatics.nl/pathways/RC671","RXN-6547"
"http://rdf-plantmetwiki.bioinformatics.nl/pathways/RC672","FAD-PYROPHOSPHATASE-RXN"
"http://rdf-plantmetwiki.bioinformatics.nl/pathways/RC673","RXN-11403"
"http://rdf-plantmetwiki.bioinformatics.nl/pathways/RC674","RXN-12670"
"http://rdf-plantmetwiki.bioinformatics.nl/pathways/RC675","RXN-18392"
"http://rdf-plantmetwiki.bioinformatics.nl/pathways/RC676","[phosphoenolpyruvate carboxylase] kinase"
"http://rdf-plantmetwiki.bioinformatics.nl/pathways/RC677","RXN-5741"
"http://rdf-plantmetwiki.bioinformatics.nl/pathways/RC678","RXN-22388"
"http://rdf-plantmetwiki.bioinformatics.nl/pathways/RC679","2.3.1.162-RXN"
"http://rdf-plantmetwiki.bioinformatics.nl/pathways/RC68","RXN-8780"
"http://rdf-plantmetwiki.bioinformatics.nl/pathways/RC680","2.7.9.4-RXN"
"http://rdf-plantmetwiki.bioinformatics.nl/pathways/RC681","RXN-12753"
"http://rdf-plantmetwiki.bioinformatics.nl/pathways/RC682","AMIDASE-RXN"
"http://rdf-plantmetwiki.bioinformatics.nl/pathways/RC683","XANPRIBOSYLTRAN-RXN"
"http://rdf-plantmetwiki.bioinformatics.nl/pathways/RC684","RXN-22831"
"http://rdf-plantmetwiki.bioinformatics.nl/pathways/RC685","RXN-22915"
"http://rdf-plantmetwiki.bioinformatics.nl/pathways/RC686","3.1.4.37-RXN"
"http://rdf-plantmetwiki.bioinformatics.nl/pathways/RC687","lanosterol 14-hydroxylase"
"http://rdf-plantmetwiki.bioinformatics.nl/pathways/RC688","RXN-15125"
"http://rdf-plantmetwiki.bioinformatics.nl/pathways/RC689","THYMIDINE-TRIPHOSPHATASE-RXN"
"http://rdf-plantmetwiki.bioinformatics.nl/pathways/RC69","RXN-14047"
"http://rdf-plantmetwiki.bioinformatics.nl/pathways/RC690","RXN-23528"
"http://rdf-plantmetwiki.bioinformatics.nl/pathways/RC691","RXN-13955"
"http://rdf-plantmetwiki.bioinformatics.nl/pathways/RC692","RXN-19582"
"http://rdf-plantmetwiki.bioinformatics.nl/pathways/RC693","RXN-9213"
"http://rdf-plantmetwiki.bioinformatics.nl/pathways/RC694","RXN18C3-112"
"http://rdf-plantmetwiki.bioinformatics.nl/pathways/RC695","ACETYL-COA-CARBOXYLTRANSFER-RXN"
"http://rdf-plantmetwiki.bioinformatics.nl/pathways/RC696","RXN-14524"
"http://rdf-plantmetwiki.bioinformatics.nl/pathways/RC697","RXN-20169"
"http://rdf-plantmetwiki.bioinformatics.nl/pathways/RC698","RXN-12128"
"http://rdf-plantmetwiki.bioinformatics.nl/pathways/RC699","RXN-23868"
"http://rdf-plantmetwiki.bioinformatics.nl/pathways/RC7","RXN0-5187"
"http://rdf-plantmetwiki.bioinformatics.nl/pathways/RC70","ALCOHOL-DEHYDROG-GENERIC-RXN"
"http://rdf-plantmetwiki.bioinformatics.nl/pathways/RC700","RXN-14806"
"http://rdf-plantmetwiki.bioinformatics.nl/pathways/RC701","RXN-8038"
"http://rdf-plantmetwiki.bioinformatics.nl/pathways/RC702","RXN-22407"
"http://rdf-plantmetwiki.bioinformatics.nl/pathways/RC703","RXN-9771"
"http://rdf-plantmetwiki.bioinformatics.nl/pathways/RC704","RXN-12183"
"http://rdf-plantmetwiki.bioinformatics.nl/pathways/RC705","RXNQT-4316"
"http://rdf-plantmetwiki.bioinformatics.nl/pathways/RC706","RXN-19657"
"http://rdf-plantmetwiki.bioinformatics.nl/pathways/RC707","RXN0-7187"
"http://rdf-plantmetwiki.bioinformatics.nl/pathways/RC708","RXN-12087"
"http://rdf-plantmetwiki.bioinformatics.nl/pathways/RC709","RXN-11545"
"http://rdf-plantmetwiki.bioinformatics.nl/pathways/RC71","RXN-16765"
"http://rdf-plantmetwiki.bioinformatics.nl/pathways/RC710","RXN-13872"
"http://rdf-plantmetwiki.bioinformatics.nl/pathways/RC711","RXN-7860"
"http://rdf-plantmetwiki.bioinformatics.nl/pathways/RC712","RXN-16995"
"http://rdf-plantmetwiki.bioinformatics.nl/pathways/RC713","RXN-21433"
"http://rdf-plantmetwiki.bioinformatics.nl/pathways/RC714","RXN-21027"
"http://rdf-plantmetwiki.bioinformatics.nl/pathways/RC715","CARBON-MONOXIDE-DEHYDROGENASE-RXN"
"http://rdf-plantmetwiki.bioinformatics.nl/pathways/RC716","DEOXYNUCLEOTIDE-3-PHOSPHATASE-RXN"
"http://rdf-plantmetwiki.bioinformatics.nl/pathways/RC717","RXN-2043"
"http://rdf-plantmetwiki.bioinformatics.nl/pathways/RC718","RXN-7680"
"http://rdf-plantmetwiki.bioinformatics.nl/pathways/RC719","RXN-10869"
"http://rdf-plantmetwiki.bioinformatics.nl/pathways/RC72","RXN-10783"
"http://rdf-plantmetwiki.bioinformatics.nl/pathways/RC720","ACYLACPSYNTH-RXN"
"http://rdf-plantmetwiki.bioinformatics.nl/pathways/RC721","RXN-11223"
"http://rdf-plantmetwiki.bioinformatics.nl/pathways/RC722","RXN-13014"
"http://rdf-plantmetwiki.bioinformatics.nl/pathways/RC723","RXN-14534"
"http://rdf-plantmetwiki.bioinformatics.nl/pathways/RC724","RXN-22319"
"http://rdf-plantmetwiki.bioinformatics.nl/pathways/RC725","RXN-7876"
"http://rdf-plantmetwiki.bioinformatics.nl/pathways/RC726","RXN-12642"
"http://rdf-plantmetwiki.bioinformatics.nl/pathways/RC727","RXN-12591"
"http://rdf-plantmetwiki.bioinformatics.nl/pathways/RC728","RXN-13459"
"http://rdf-plantmetwiki.bioinformatics.nl/pathways/RC729","3.5.1.52-RXN"
"http://rdf-plantmetwiki.bioinformatics.nl/pathways/RC73","RXN-8088"
"http://rdf-plantmetwiki.bioinformatics.nl/pathways/RC730","TRANS-RXN-190"
"http://rdf-plantmetwiki.bioinformatics.nl/pathways/RC731","RXN-11308"
"http://rdf-plantmetwiki.bioinformatics.nl/pathways/RC732","DLACTDEHYDROGFAD-RXN"
"http://rdf-plantmetwiki.bioinformatics.nl/pathways/RC733","RXN-8426"
"http://rdf-plantmetwiki.bioinformatics.nl/pathways/RC734","RXN-14523"
"http://rdf-plantmetwiki.bioinformatics.nl/pathways/RC735","RXN-8546"
"http://rdf-plantmetwiki.bioinformatics.nl/pathways/RC736","RXN-22729"
"http://rdf-plantmetwiki.bioinformatics.nl/pathways/RC737","RXN-12185"
"http://rdf-plantmetwiki.bioinformatics.nl/pathways/RC738","RXN-14809"
"http://rdf-plantmetwiki.bioinformatics.nl/pathways/RC739","GLYCEROL-2-PHOSPHATASE-RXN"
"http://rdf-plantmetwiki.bioinformatics.nl/pathways/RC74","RXN-19009"
"http://rdf-plantmetwiki.bioinformatics.nl/pathways/RC740","RXN-19011"
"http://rdf-plantmetwiki.bioinformatics.nl/pathways/RC741","RXN-12251"
"http://rdf-plantmetwiki.bioinformatics.nl/pathways/RC742","RXN-23332"
"http://rdf-plantmetwiki.bioinformatics.nl/pathways/RC743","PHENYLPYRUVATE-TAUTOMERASE-RXN"
"http://rdf-plantmetwiki.bioinformatics.nl/pathways/RC744","RXN-9565"
"http://rdf-plantmetwiki.bioinformatics.nl/pathways/RC745","methionine--phenylpyruvate transaminase"
"http://rdf-plantmetwiki.bioinformatics.nl/pathways/RC746","RXN-1403"
"http://rdf-plantmetwiki.bioinformatics.nl/pathways/RC747","RXN-13728"
"http://rdf-plantmetwiki.bioinformatics.nl/pathways/RC748","RXN-8985"
"http://rdf-plantmetwiki.bioinformatics.nl/pathways/RC749","RXN-9561"
"http://rdf-plantmetwiki.bioinformatics.nl/pathways/RC75","1.1.1.271-RXN"
"http://rdf-plantmetwiki.bioinformatics.nl/pathways/RC750","RXN-7673"
"http://rdf-plantmetwiki.bioinformatics.nl/pathways/RC751","RXN-10880"
"http://rdf-plantmetwiki.bioinformatics.nl/pathways/RC752","RXN-12567"
"http://rdf-plantmetwiki.bioinformatics.nl/pathways/RC753","4-NITROPHENYLPHOSPHATASE-RXN"
"http://rdf-plantmetwiki.bioinformatics.nl/pathways/RC754","RXN-13163"
"http://rdf-plantmetwiki.bioinformatics.nl/pathways/RC755","RXN2PN3-45"
"http://rdf-plantmetwiki.bioinformatics.nl/pathways/RC756","RXN-12978"
"http://rdf-plantmetwiki.bioinformatics.nl/pathways/RC757","RXN-7843"
"http://rdf-plantmetwiki.bioinformatics.nl/pathways/RC758","RXN-5984"
"http://rdf-plantmetwiki.bioinformatics.nl/pathways/RC759","RXN-8355"
"http://rdf-plantmetwiki.bioinformatics.nl/pathways/RC76","RXN-13403"
"http://rdf-plantmetwiki.bioinformatics.nl/pathways/RC760","ricinoleyl-CoA desaturase"
"http://rdf-plantmetwiki.bioinformatics.nl/pathways/RC761","RXN4LZ-39"
"http://rdf-plantmetwiki.bioinformatics.nl/pathways/RC762","RXN-5465"
"http://rdf-plantmetwiki.bioinformatics.nl/pathways/RC763","RXN-8447"
"http://rdf-plantmetwiki.bioinformatics.nl/pathways/RC764","RXN-14815"
"http://rdf-plantmetwiki.bioinformatics.nl/pathways/RC765","RXN-10772"
"http://rdf-plantmetwiki.bioinformatics.nl/pathways/RC766","RXN-15556"
"http://rdf-plantmetwiki.bioinformatics.nl/pathways/RC767","2.4.1.214-RXN"
"http://rdf-plantmetwiki.bioinformatics.nl/pathways/RC768","RXN-6182"
"http://rdf-plantmetwiki.bioinformatics.nl/pathways/RC769","RXN-13027"
"http://rdf-plantmetwiki.bioinformatics.nl/pathways/RC77","RXN-19128"
"http://rdf-plantmetwiki.bioinformatics.nl/pathways/RC770","RXN0-5267"
"http://rdf-plantmetwiki.bioinformatics.nl/pathways/RC771","RXN-18158"
"http://rdf-plantmetwiki.bioinformatics.nl/pathways/RC772","RXN4KF-52"
"http://rdf-plantmetwiki.bioinformatics.nl/pathways/RC773","RXNQT-4178"
"http://rdf-plantmetwiki.bioinformatics.nl/pathways/RC774","RXN-16787"
"http://rdf-plantmetwiki.bioinformatics.nl/pathways/RC775","RXN-14112"
"http://rdf-plantmetwiki.bioinformatics.nl/pathways/RC776","RXN-23914"
"http://rdf-plantmetwiki.bioinformatics.nl/pathways/RC777","RXN-10722"
"http://rdf-plantmetwiki.bioinformatics.nl/pathways/RC778","3.5.1.60-RXN"
"http://rdf-plantmetwiki.bioinformatics.nl/pathways/RC779","RXN-16333"
"http://rdf-plantmetwiki.bioinformatics.nl/pathways/RC78","BETA-PHOSPHOGLUCOMUTASE-RXN"
"http://rdf-plantmetwiki.bioinformatics.nl/pathways/RC780","GLYCEROL-1-PHOSPHATASE-RXN"
"http://rdf-plantmetwiki.bioinformatics.nl/pathways/RC781","RXN-8563"
"http://rdf-plantmetwiki.bioinformatics.nl/pathways/RC782","RXN-12805"
"http://rdf-plantmetwiki.bioinformatics.nl/pathways/RC783","RXN-7645"
"http://rdf-plantmetwiki.bioinformatics.nl/pathways/RC784","RXN-13495"
"http://rdf-plantmetwiki.bioinformatics.nl/pathways/RC785","Epoxide hydrolase"
"http://rdf-plantmetwiki.bioinformatics.nl/pathways/RC786","GLYCOLATEDEHYDRO-RXN"
"http://rdf-plantmetwiki.bioinformatics.nl/pathways/RC787","RXN-2103"
"http://rdf-plantmetwiki.bioinformatics.nl/pathways/RC788","RXN-21169"
"http://rdf-plantmetwiki.bioinformatics.nl/pathways/RC789","3',5'-O-dimethyltricetin 4&prime;-O-methyltransferase"
"http://rdf-plantmetwiki.bioinformatics.nl/pathways/RC79","2.4.1.52-RXN"
"http://rdf-plantmetwiki.bioinformatics.nl/pathways/RC790","RXN-8542"
"http://rdf-plantmetwiki.bioinformatics.nl/pathways/RC791","RXN-8332"
"http://rdf-plantmetwiki.bioinformatics.nl/pathways/RC792","RXNQT-4181"
"http://rdf-plantmetwiki.bioinformatics.nl/pathways/RC793","1.8.4.8-RXN"
"http://rdf-plantmetwiki.bioinformatics.nl/pathways/RC794","RXN-11875"
"http://rdf-plantmetwiki.bioinformatics.nl/pathways/RC795","RXN-15346"
"http://rdf-plantmetwiki.bioinformatics.nl/pathways/RC796","RXN-8547"
"http://rdf-plantmetwiki.bioinformatics.nl/pathways/RC797","RXN-12449"
"http://rdf-plantmetwiki.bioinformatics.nl/pathways/RC798","RXN-7181"
"http://rdf-plantmetwiki.bioinformatics.nl/pathways/RC799","RXN-7893"
"http://rdf-plantmetwiki.bioinformatics.nl/pathways/RC8","SHCHCSYNTH-RXN"
"http://rdf-plantmetwiki.bioinformatics.nl/pathways/RC80","RXN-15511"
"http://rdf-plantmetwiki.bioinformatics.nl/pathways/RC800","1.2.1.27-RXN"
"http://rdf-plantmetwiki.bioinformatics.nl/pathways/RC801","dehydroascorbate hydrolase"
"http://rdf-plantmetwiki.bioinformatics.nl/pathways/RC802","RXN-8380"
"http://rdf-plantmetwiki.bioinformatics.nl/pathways/RC803","oleoyl-CoA 12-hydroxylase"
"http://rdf-plantmetwiki.bioinformatics.nl/pathways/RC804","RXN-4315"
"http://rdf-plantmetwiki.bioinformatics.nl/pathways/RC805","RXNQT-4371"
"http://rdf-plantmetwiki.bioinformatics.nl/pathways/RC806","RXN-14883"
"http://rdf-plantmetwiki.bioinformatics.nl/pathways/RC807","RXN-10864"
"http://rdf-plantmetwiki.bioinformatics.nl/pathways/RC808","RXN-4181"
"http://rdf-plantmetwiki.bioinformatics.nl/pathways/RC809","RXN-4230"
"http://rdf-plantmetwiki.bioinformatics.nl/pathways/RC81","RXN-19835"
"http://rdf-plantmetwiki.bioinformatics.nl/pathways/RC810","RXN-14514"
"http://rdf-plantmetwiki.bioinformatics.nl/pathways/RC811","1.5.99.12-RXN"
"http://rdf-plantmetwiki.bioinformatics.nl/pathways/RC812","RXN-8424"
"http://rdf-plantmetwiki.bioinformatics.nl/pathways/RC813","RXN-22713"
"http://rdf-plantmetwiki.bioinformatics.nl/pathways/RC814","RXN-8417"
"http://rdf-plantmetwiki.bioinformatics.nl/pathways/RC815","Isovaleryl-CoA dehydrogenase"
"http://rdf-plantmetwiki.bioinformatics.nl/pathways/RC816","RXN-14213"
"http://rdf-plantmetwiki.bioinformatics.nl/pathways/RC817","RXN-14216"
"http://rdf-plantmetwiki.bioinformatics.nl/pathways/RC818","RXN-3103"
"http://rdf-plantmetwiki.bioinformatics.nl/pathways/RC819","RXN-16475"
"http://rdf-plantmetwiki.bioinformatics.nl/pathways/RC82","RXN-13191"
"http://rdf-plantmetwiki.bioinformatics.nl/pathways/RC820","RXN0-5305"
"http://rdf-plantmetwiki.bioinformatics.nl/pathways/RC821","RXN-22603"
"http://rdf-plantmetwiki.bioinformatics.nl/pathways/RC822","RXN-14179"
"http://rdf-plantmetwiki.bioinformatics.nl/pathways/RC823","RXN-16415"
"http://rdf-plantmetwiki.bioinformatics.nl/pathways/RC824","RXN-18780"
"http://rdf-plantmetwiki.bioinformatics.nl/pathways/RC825","RXN-11655"
"http://rdf-plantmetwiki.bioinformatics.nl/pathways/RC826","RXN-18162"
"http://rdf-plantmetwiki.bioinformatics.nl/pathways/RC827","3.2.1.153-RXN"
"http://rdf-plantmetwiki.bioinformatics.nl/pathways/RC828","RXN-10949"
"http://rdf-plantmetwiki.bioinformatics.nl/pathways/RC829","RXN-10947"
"http://rdf-plantmetwiki.bioinformatics.nl/pathways/RC83","RXN0-7188"
"http://rdf-plantmetwiki.bioinformatics.nl/pathways/RC830","RXN-10453"
"http://rdf-plantmetwiki.bioinformatics.nl/pathways/RC831","RXN-11936"
"http://rdf-plantmetwiki.bioinformatics.nl/pathways/RC832","ADENPHOSPHOR-RXN"
"http://rdf-plantmetwiki.bioinformatics.nl/pathways/RC833","3.2.1.24-RXN"
"http://rdf-plantmetwiki.bioinformatics.nl/pathways/RC834","RXN-8333"
"http://rdf-plantmetwiki.bioinformatics.nl/pathways/RC835","1.11.1.15-RXN"
"http://rdf-plantmetwiki.bioinformatics.nl/pathways/RC836","RXN1ZN3-9"
"http://rdf-plantmetwiki.bioinformatics.nl/pathways/RC837","RXN-21526"
"http://rdf-plantmetwiki.bioinformatics.nl/pathways/RC838","Formaldehyde dehydrogenase (glutathione)"
"http://rdf-plantmetwiki.bioinformatics.nl/pathways/RC839","Sulfur dioxygenase"
"http://rdf-plantmetwiki.bioinformatics.nl/pathways/RC84","1-pyrroline-5-carboxylate dehydrogenase"
"http://rdf-plantmetwiki.bioinformatics.nl/pathways/RC840","TRYPSYN-RXN"
"http://rdf-plantmetwiki.bioinformatics.nl/pathways/RC841","RXN-1348"
"http://rdf-plantmetwiki.bioinformatics.nl/pathways/RC842","CARBOXYLESTERASE-RXN"
"http://rdf-plantmetwiki.bioinformatics.nl/pathways/RC843","RXN-8173"
"http://rdf-plantmetwiki.bioinformatics.nl/pathways/RC844","RXN-1823"
"http://rdf-plantmetwiki.bioinformatics.nl/pathways/RC845","RXN-16909"
"http://rdf-plantmetwiki.bioinformatics.nl/pathways/RC846","3.2.1.23-RXN"
"http://rdf-plantmetwiki.bioinformatics.nl/pathways/RC847","RXN-22643"
"http://rdf-plantmetwiki.bioinformatics.nl/pathways/RC848","RXN-16329"
"http://rdf-plantmetwiki.bioinformatics.nl/pathways/RC849","RXN-12257"
"http://rdf-plantmetwiki.bioinformatics.nl/pathways/RC85","SUGAR-PHOSPHATASE-RXN"
"http://rdf-plantmetwiki.bioinformatics.nl/pathways/RC850","RXN-7669"
"http://rdf-plantmetwiki.bioinformatics.nl/pathways/RC851","RXN-1828"
"http://rdf-plantmetwiki.bioinformatics.nl/pathways/RC852","RXN-15525"
"http://rdf-plantmetwiki.bioinformatics.nl/pathways/RC853","RXN-21527"
"http://rdf-plantmetwiki.bioinformatics.nl/pathways/RC854","PHENOL-BETA-GLUCOSYLTRANSFERASE-RXN"
"http://rdf-plantmetwiki.bioinformatics.nl/pathways/RC855","RXN-17900"
"http://rdf-plantmetwiki.bioinformatics.nl/pathways/RC856","RXN-18451"
"http://rdf-plantmetwiki.bioinformatics.nl/pathways/RC857","RXN-15509"
"http://rdf-plantmetwiki.bioinformatics.nl/pathways/RC858","RXN-13873"
"http://rdf-plantmetwiki.bioinformatics.nl/pathways/RC859","RXN-2203"
"http://rdf-plantmetwiki.bioinformatics.nl/pathways/RC86","GLYC3PDEHYDROG-RXN"
"http://rdf-plantmetwiki.bioinformatics.nl/pathways/RC860","RXN-8353"
"http://rdf-plantmetwiki.bioinformatics.nl/pathways/RC861","RXN-9023"
"http://rdf-plantmetwiki.bioinformatics.nl/pathways/RC862","RXN0-1382"
"http://rdf-plantmetwiki.bioinformatics.nl/pathways/RC863","RXN-3121"
"http://rdf-plantmetwiki.bioinformatics.nl/pathways/RC864","RXN-13833"
"http://rdf-plantmetwiki.bioinformatics.nl/pathways/RC865","1.14.13.68-RXN"
"http://rdf-plantmetwiki.bioinformatics.nl/pathways/RC866","RXN-11041"
"http://rdf-plantmetwiki.bioinformatics.nl/pathways/RC867","RXN-18159"
"http://rdf-plantmetwiki.bioinformatics.nl/pathways/RC868","RXN-22762"
"http://rdf-plantmetwiki.bioinformatics.nl/pathways/RC869","RXN-4222"
"http://rdf-plantmetwiki.bioinformatics.nl/pathways/RC87","RXN-14813"
"http://rdf-plantmetwiki.bioinformatics.nl/pathways/RC870","RXN-8544"
"http://rdf-plantmetwiki.bioinformatics.nl/pathways/RC871","RXN-12207"
"http://rdf-plantmetwiki.bioinformatics.nl/pathways/RC872","RXN-14024"
"http://rdf-plantmetwiki.bioinformatics.nl/pathways/RC873","RXN-13433"
"http://rdf-plantmetwiki.bioinformatics.nl/pathways/RC874","RXN-15345"
"http://rdf-plantmetwiki.bioinformatics.nl/pathways/RC875","RXN-19646"
"http://rdf-plantmetwiki.bioinformatics.nl/pathways/RC876","RXN-21008"
"http://rdf-plantmetwiki.bioinformatics.nl/pathways/RC877","RXN0-5257"
"http://rdf-plantmetwiki.bioinformatics.nl/pathways/RC878","RXN-19785"
"http://rdf-plantmetwiki.bioinformatics.nl/pathways/RC879","RXN-14808"
"http://rdf-plantmetwiki.bioinformatics.nl/pathways/RC88","CARDIOLIPSYN-RXN"
"http://rdf-plantmetwiki.bioinformatics.nl/pathways/RC880","GLUTDEHYD-RXN"
"http://rdf-plantmetwiki.bioinformatics.nl/pathways/RC881","Glycerol-3-phosphate dehydrogenase"
"http://rdf-plantmetwiki.bioinformatics.nl/pathways/RC882","RXN-10753"
"http://rdf-plantmetwiki.bioinformatics.nl/pathways/RC883","RXN-11552"
"http://rdf-plantmetwiki.bioinformatics.nl/pathways/RC884","RXN-11224"
"http://rdf-plantmetwiki.bioinformatics.nl/pathways/RC885","RXN-8354"
"http://rdf-plantmetwiki.bioinformatics.nl/pathways/RC886","CARBODEHYDRAT-RXN"
"http://rdf-plantmetwiki.bioinformatics.nl/pathways/RC887","RXN-14355"
"http://rdf-plantmetwiki.bioinformatics.nl/pathways/RC888","RXN-8560"
"http://rdf-plantmetwiki.bioinformatics.nl/pathways/RC889","2.7.7.35-RXN"
"http://rdf-plantmetwiki.bioinformatics.nl/pathways/RC89","RXN-13193"
"http://rdf-plantmetwiki.bioinformatics.nl/pathways/RC890","RXN-20459"
"http://rdf-plantmetwiki.bioinformatics.nl/pathways/RC891","RXN-5985"
"http://rdf-plantmetwiki.bioinformatics.nl/pathways/RC892","RXN18C3-109"
"http://rdf-plantmetwiki.bioinformatics.nl/pathways/RC893","pinene synthase"
"http://rdf-plantmetwiki.bioinformatics.nl/pathways/RC894","RXN-11250"
"http://rdf-plantmetwiki.bioinformatics.nl/pathways/RC895","RXN-13024"
"http://rdf-plantmetwiki.bioinformatics.nl/pathways/RC896","NADH-DEHYDROGENASE-RXN"
"http://rdf-plantmetwiki.bioinformatics.nl/pathways/RC897","RXN-14660"
"http://rdf-plantmetwiki.bioinformatics.nl/pathways/RC898","RXN-22286"
"http://rdf-plantmetwiki.bioinformatics.nl/pathways/RC899","RXN-18617"
"http://rdf-plantmetwiki.bioinformatics.nl/pathways/RC9","RXN-9826"
"http://rdf-plantmetwiki.bioinformatics.nl/pathways/RC90","RXN-14113"
"http://rdf-plantmetwiki.bioinformatics.nl/pathways/RC900","RXNQT-4158"
"http://rdf-plantmetwiki.bioinformatics.nl/pathways/RC901","RXN-22605"
"http://rdf-plantmetwiki.bioinformatics.nl/pathways/RC902","RXN1F-444"
"http://rdf-plantmetwiki.bioinformatics.nl/pathways/RC903","RXN-12870"
"http://rdf-plantmetwiki.bioinformatics.nl/pathways/RC904","1.14.13.77-RXN"
"http://rdf-plantmetwiki.bioinformatics.nl/pathways/RC905","PSERTRANSAMPYR-RXN"
"http://rdf-plantmetwiki.bioinformatics.nl/pathways/RC906","RXN-23912"
"http://rdf-plantmetwiki.bioinformatics.nl/pathways/RC907","1.14.13.117-RXN"
"http://rdf-plantmetwiki.bioinformatics.nl/pathways/RC908","RXN0-5182"
"http://rdf-plantmetwiki.bioinformatics.nl/pathways/RC909","RXN-1826"
"http://rdf-plantmetwiki.bioinformatics.nl/pathways/RC91","isocitrate dehydrogenase (NADP+)"
"http://rdf-plantmetwiki.bioinformatics.nl/pathways/RC910","RXN-19010"
"http://rdf-plantmetwiki.bioinformatics.nl/pathways/RC911","RXN-12078"
"http://rdf-plantmetwiki.bioinformatics.nl/pathways/RC912","RXN4KF-54"
"http://rdf-plantmetwiki.bioinformatics.nl/pathways/RC913","RXN-10773"
"http://rdf-plantmetwiki.bioinformatics.nl/pathways/RC914","RXN0-5244"
"http://rdf-plantmetwiki.bioinformatics.nl/pathways/RC915","3-SULFINYL-PYRUVATE-SPON-RXN"
"http://rdf-plantmetwiki.bioinformatics.nl/pathways/RC916","25-DIAMINOVALERATE-AMINOTRANSFERASE-RXN"
"http://rdf-plantmetwiki.bioinformatics.nl/pathways/RC917","RXN-23370"
"http://rdf-plantmetwiki.bioinformatics.nl/pathways/RC918","2.8.1.6-RXN"
"http://rdf-plantmetwiki.bioinformatics.nl/pathways/RC919","ALPHA-L-FUCOSIDASE-RXN"
"http://rdf-plantmetwiki.bioinformatics.nl/pathways/RC92","RXN-10005"
"http://rdf-plantmetwiki.bioinformatics.nl/pathways/RC920","RXN-14473"
"http://rdf-plantmetwiki.bioinformatics.nl/pathways/RC921","MERCAPYSTRANS-RXN"
"http://rdf-plantmetwiki.bioinformatics.nl/pathways/RC922","RXN-13880"
"http://rdf-plantmetwiki.bioinformatics.nl/pathways/RC923","RXN-12364"
"http://rdf-plantmetwiki.bioinformatics.nl/pathways/RC924","RXN-12086"
"http://rdf-plantmetwiki.bioinformatics.nl/pathways/RC925","RXNQT-4171"
"http://rdf-plantmetwiki.bioinformatics.nl/pathways/RC926","RXN-10787"
"http://rdf-plantmetwiki.bioinformatics.nl/pathways/RC927","flavonone 3&prime;-hydroxylase"
"http://rdf-plantmetwiki.bioinformatics.nl/pathways/RC928","RXN-18383"
"http://rdf-plantmetwiki.bioinformatics.nl/pathways/RC929","RXN-13190"
"http://rdf-plantmetwiki.bioinformatics.nl/pathways/RC93","RXN-12989"
"http://rdf-plantmetwiki.bioinformatics.nl/pathways/RC930","RXNQT-4165"
"http://rdf-plantmetwiki.bioinformatics.nl/pathways/RC931","RXN-1883"
"http://rdf-plantmetwiki.bioinformatics.nl/pathways/RC932","RXN18C3-114"
"http://rdf-plantmetwiki.bioinformatics.nl/pathways/RC933","RXN0-5330"
"http://rdf-plantmetwiki.bioinformatics.nl/pathways/RC934","RXN-7381"
"http://rdf-plantmetwiki.bioinformatics.nl/pathways/RC935","RXNQT-4370"
"http://rdf-plantmetwiki.bioinformatics.nl/pathways/RC936","RXN-18731"
"http://rdf-plantmetwiki.bioinformatics.nl/pathways/RC937","RXN-14332"
"http://rdf-plantmetwiki.bioinformatics.nl/pathways/RC938","RXN-13446"
"http://rdf-plantmetwiki.bioinformatics.nl/pathways/RC939","GLUCONOLACT-RXN"
"http://rdf-plantmetwiki.bioinformatics.nl/pathways/RC94","1.5.1.31-RXN"
"http://rdf-plantmetwiki.bioinformatics.nl/pathways/RC940","RXN0-5261"
"http://rdf-plantmetwiki.bioinformatics.nl/pathways/RC941","APYRASE-RXN"
"http://rdf-plantmetwiki.bioinformatics.nl/pathways/RC942","DCYSDESULF-RXN"
"http://rdf-plantmetwiki.bioinformatics.nl/pathways/RC943","INOSINEKIN-RXN"
"http://rdf-plantmetwiki.bioinformatics.nl/pathways/RC944","RXN-10735"
"http://rdf-plantmetwiki.bioinformatics.nl/pathways/RC945","RXN-24257"
"http://rdf-plantmetwiki.bioinformatics.nl/pathways/RC946","RXN-4422"
"http://rdf-plantmetwiki.bioinformatics.nl/pathways/RC947","PROLINE-MULTI"
"http://rdf-plantmetwiki.bioinformatics.nl/pathways/RC948","RXN-19005"
"http://rdf-plantmetwiki.bioinformatics.nl/pathways/RC949","RXNQT-4375"
"http://rdf-plantmetwiki.bioinformatics.nl/pathways/RC95","3.2.1.7-RXN"
"http://rdf-plantmetwiki.bioinformatics.nl/pathways/RC950","RXN-3482"
"http://rdf-plantmetwiki.bioinformatics.nl/pathways/RC951","TRANS-RXN4LZ-0"
"http://rdf-plantmetwiki.bioinformatics.nl/pathways/RC952","RXN-8430"
"http://rdf-plantmetwiki.bioinformatics.nl/pathways/RC953","RXN-19832"
"http://rdf-plantmetwiki.bioinformatics.nl/pathways/RC954","RXN-18444"
"http://rdf-plantmetwiki.bioinformatics.nl/pathways/RC955","3.2.1.39-RXN"
"http://rdf-plantmetwiki.bioinformatics.nl/pathways/RC956","CYSTAGLY-RXN"
"http://rdf-plantmetwiki.bioinformatics.nl/pathways/RC957","RXN-12613"
"http://rdf-plantmetwiki.bioinformatics.nl/pathways/RC958","1.14.19.1-RXN"
"http://rdf-plantmetwiki.bioinformatics.nl/pathways/RC959","RXN-12754"
"http://rdf-plantmetwiki.bioinformatics.nl/pathways/RC96","2.6.1.28-RXN"
"http://rdf-plantmetwiki.bioinformatics.nl/pathways/RC960","RXN-10961"
"http://rdf-plantmetwiki.bioinformatics.nl/pathways/RC961","RXN-14056"
"http://rdf-plantmetwiki.bioinformatics.nl/pathways/RC962","RXN-14195"
"http://rdf-plantmetwiki.bioinformatics.nl/pathways/RC963","RXN-18958"
"http://rdf-plantmetwiki.bioinformatics.nl/pathways/RC964","RXN-19583"
"http://rdf-plantmetwiki.bioinformatics.nl/pathways/RC965","RXN-12883"
"http://rdf-plantmetwiki.bioinformatics.nl/pathways/RC966","RXN-10945"
"http://rdf-plantmetwiki.bioinformatics.nl/pathways/RC967","RXN-12838"
"http://rdf-plantmetwiki.bioinformatics.nl/pathways/RC968","RXN-12947"
"http://rdf-plantmetwiki.bioinformatics.nl/pathways/RC969","ACP-S-ACETYLTRANSFER-RXN"
"http://rdf-plantmetwiki.bioinformatics.nl/pathways/RC97","RXN-7866"
"http://rdf-plantmetwiki.bioinformatics.nl/pathways/RC970","RXN-18627"
"http://rdf-plantmetwiki.bioinformatics.nl/pathways/RC971","ALPHA-AMYL-RXN"
"http://rdf-plantmetwiki.bioinformatics.nl/pathways/RC972","3.2.1.141-RXN"
"http://rdf-plantmetwiki.bioinformatics.nl/pathways/RC973","RXN-8348"
"http://rdf-plantmetwiki.bioinformatics.nl/pathways/RC974","RXN-18938"
"http://rdf-plantmetwiki.bioinformatics.nl/pathways/RC975","RXN-1402"
"http://rdf-plantmetwiki.bioinformatics.nl/pathways/RC976","RXN-13197"
"http://rdf-plantmetwiki.bioinformatics.nl/pathways/RC977","RXN-11369"
"http://rdf-plantmetwiki.bioinformatics.nl/pathways/RC978","3-OXOACYL-ACP-SYNTH-BASE-RXN"
"http://rdf-plantmetwiki.bioinformatics.nl/pathways/RC979","RXN-15512"
"http://rdf-plantmetwiki.bioinformatics.nl/pathways/RC98","RXN-9983"
"http://rdf-plantmetwiki.bioinformatics.nl/pathways/RC980","RXN-9924"
"http://rdf-plantmetwiki.bioinformatics.nl/pathways/RC981","(4S)-4-hydroxy-2,3,4,5-tetrahydro-(2S)-dipicolinate dehydratase"
"http://rdf-plantmetwiki.bioinformatics.nl/pathways/RC982","RXN-10721"
"http://rdf-plantmetwiki.bioinformatics.nl/pathways/RC983","2-(&alpha;-hydroxyethyl)-TPP:[dihydrolipoyllysine-residue acetyltransferase]-lipoyllysine acetyltransferase"
"http://rdf-plantmetwiki.bioinformatics.nl/pathways/RC984","1.1.1.170-RXN"
"http://rdf-plantmetwiki.bioinformatics.nl/pathways/RC985","RXN-20456"
"http://rdf-plantmetwiki.bioinformatics.nl/pathways/RC986","RXN-1824"
"http://rdf-plantmetwiki.bioinformatics.nl/pathways/RC987","RXN-8198"
"http://rdf-plantmetwiki.bioinformatics.nl/pathways/RC988","AMYLOMALT-RXN"
"http://rdf-plantmetwiki.bioinformatics.nl/pathways/RC989","CELLULOSE-SYNTHASE-GDP-FORMING-RXN"
"http://rdf-plantmetwiki.bioinformatics.nl/pathways/RC99","RXN-12847"
"http://rdf-plantmetwiki.bioinformatics.nl/pathways/RC990","RXN-22778"
"http://rdf-plantmetwiki.bioinformatics.nl/pathways/RC991","RXN-10887"
"http://rdf-plantmetwiki.bioinformatics.nl/pathways/RC992","RXN0-5040"
"http://rdf-plantmetwiki.bioinformatics.nl/pathways/RC993","UMPKI-RXN"
"http://rdf-plantmetwiki.bioinformatics.nl/pathways/RC994","TRANS-RXN4LZ-7054"
"http://rdf-plantmetwiki.bioinformatics.nl/pathways/RC995","RXN-19831"
"http://rdf-plantmetwiki.bioinformatics.nl/pathways/RC996","RXN-20673"
"http://rdf-plantmetwiki.bioinformatics.nl/pathways/RC997","phenylacetaldoxime hydrolase"
"http://rdf-plantmetwiki.bioinformatics.nl/pathways/RC998","RXN-14812"
"http://rdf-plantmetwiki.bioinformatics.nl/pathways/RC999","RXN-12541"
