"pwID","count"
"http://rdf-plantmetwiki.bioinformatics.nl/pathways/PC665","17"
"http://rdf-plantmetwiki.bioinformatics.nl/pathways/PC475","16"
"http://rdf-plantmetwiki.bioinformatics.nl/pathways/PC835","15"
"http://rdf-plantmetwiki.bioinformatics.nl/pathways/PC323","14"
"http://rdf-plantmetwiki.bioinformatics.nl/pathways/PC823","13"
"http://rdf-plantmetwiki.bioinformatics.nl/pathways/PC684","13"
"http://rdf-plantmetwiki.bioinformatics.nl/pathways/PC353","12"
"http://rdf-plantmetwiki.bioinformatics.nl/pathways/PC204","11"
"http://rdf-plantmetwiki.bioinformatics.nl/pathways/PC97","11"
"http://rdf-plantmetwiki.bioinformatics.nl/pathways/PC20","11"
"http://rdf-plantmetwiki.bioinformatics.nl/pathways/PC515","11"
"http://rdf-plantmetwiki.bioinformatics.nl/pathways/PC369","10"
"http://rdf-plantmetwiki.bioinformatics.nl/pathways/PC1102","10"
"http://rdf-plantmetwiki.bioinformatics.nl/pathways/PC408","10"
"http://rdf-plantmetwiki.bioinformatics.nl/pathways/PC528","10"
"http://rdf-plantmetwiki.bioinformatics.nl/pathways/PC602","10"
"http://rdf-plantmetwiki.bioinformatics.nl/pathways/PC405","10"
"http://rdf-plantmetwiki.bioinformatics.nl/pathways/PC594","9"
"http://rdf-plantmetwiki.bioinformatics.nl/pathways/PC807","9"
"http://rdf-plantmetwiki.bioinformatics.nl/pathways/PC810","9"
"http://rdf-plantmetwiki.bioinformatics.nl/pathways/PC184","9"
"http://rdf-plantmetwiki.bioinformatics.nl/pathways/PC797","9"
"http://rdf-plantmetwiki.bioinformatics.nl/pathways/PC623","9"
"http://rdf-plantmetwiki.bioinformatics.nl/pathways/PC1025","8"
"http://rdf-plantmetwiki.bioinformatics.nl/pathways/PC884","8"
"http://rdf-plantmetwiki.bioinformatics.nl/pathways/PC442","8"
"http://rdf-plantmetwiki.bioinformatics.nl/pathways/PC53","8"
"http://rdf-plantmetwiki.bioinformatics.nl/pathways/PC1098","8"
"http://rdf-plantmetwiki.bioinformatics.nl/pathways/PC1111","8"
"http://rdf-plantmetwiki.bioinformatics.nl/pathways/PC1088","8"
"http://rdf-plantmetwiki.bioinformatics.nl/pathways/PC1120","8"
"http://rdf-plantmetwiki.bioinformatics.nl/pathways/PC717","8"
"http://rdf-plantmetwiki.bioinformatics.nl/pathways/PC880","8"
"http://rdf-plantmetwiki.bioinformatics.nl/pathways/PC610","8"
"http://rdf-plantmetwiki.bioinformatics.nl/pathways/PC289","8"
"http://rdf-plantmetwiki.bioinformatics.nl/pathways/PC350","8"
"http://rdf-plantmetwiki.bioinformatics.nl/pathways/PC851","8"
"http://rdf-plantmetwiki.bioinformatics.nl/pathways/PC988","8"
"http://rdf-plantmetwiki.bioinformatics.nl/pathways/PC924","7"
"http://rdf-plantmetwiki.bioinformatics.nl/pathways/PC321","7"
"http://rdf-plantmetwiki.bioinformatics.nl/pathways/PC944","7"
"http://rdf-plantmetwiki.bioinformatics.nl/pathways/PC1007","7"
"http://rdf-plantmetwiki.bioinformatics.nl/pathways/PC652","7"
"http://rdf-plantmetwiki.bioinformatics.nl/pathways/PC683","7"
"http://rdf-plantmetwiki.bioinformatics.nl/pathways/PC195","7"
"http://rdf-plantmetwiki.bioinformatics.nl/pathways/PC36","7"
"http://rdf-plantmetwiki.bioinformatics.nl/pathways/PC482","7"
"http://rdf-plantmetwiki.bioinformatics.nl/pathways/PC1117","7"
"http://rdf-plantmetwiki.bioinformatics.nl/pathways/PC738","7"
"http://rdf-plantmetwiki.bioinformatics.nl/pathways/PC69","7"
"http://rdf-plantmetwiki.bioinformatics.nl/pathways/PC1092","7"
"http://rdf-plantmetwiki.bioinformatics.nl/pathways/PC400","7"
"http://rdf-plantmetwiki.bioinformatics.nl/pathways/PC125","7"
"http://rdf-plantmetwiki.bioinformatics.nl/pathways/PC575","7"
"http://rdf-plantmetwiki.bioinformatics.nl/pathways/PC553","7"
"http://rdf-plantmetwiki.bioinformatics.nl/pathways/PC229","7"
"http://rdf-plantmetwiki.bioinformatics.nl/pathways/PC1056","7"
"http://rdf-plantmetwiki.bioinformatics.nl/pathways/PC803","6"
"http://rdf-plantmetwiki.bioinformatics.nl/pathways/PC975","6"
"http://rdf-plantmetwiki.bioinformatics.nl/pathways/PC3","6"
"http://rdf-plantmetwiki.bioinformatics.nl/pathways/PC737","6"
"http://rdf-plantmetwiki.bioinformatics.nl/pathways/PC872","6"
"http://rdf-plantmetwiki.bioinformatics.nl/pathways/PC366","6"
"http://rdf-plantmetwiki.bioinformatics.nl/pathways/PC943","6"
"http://rdf-plantmetwiki.bioinformatics.nl/pathways/PC1160","6"
"http://rdf-plantmetwiki.bioinformatics.nl/pathways/PC1074","6"
"http://rdf-plantmetwiki.bioinformatics.nl/pathways/PC523","6"
"http://rdf-plantmetwiki.bioinformatics.nl/pathways/PC1060","6"
"http://rdf-plantmetwiki.bioinformatics.nl/pathways/PC317","6"
"http://rdf-plantmetwiki.bioinformatics.nl/pathways/PC16","6"
"http://rdf-plantmetwiki.bioinformatics.nl/pathways/PC478","6"
"http://rdf-plantmetwiki.bioinformatics.nl/pathways/PC355","6"
"http://rdf-plantmetwiki.bioinformatics.nl/pathways/PC1134","6"
"http://rdf-plantmetwiki.bioinformatics.nl/pathways/PC576","6"
"http://rdf-plantmetwiki.bioinformatics.nl/pathways/PC377","6"
"http://rdf-plantmetwiki.bioinformatics.nl/pathways/PC73","6"
"http://rdf-plantmetwiki.bioinformatics.nl/pathways/PC367","6"
"http://rdf-plantmetwiki.bioinformatics.nl/pathways/PC582","6"
"http://rdf-plantmetwiki.bioinformatics.nl/pathways/PC1012","6"
"http://rdf-plantmetwiki.bioinformatics.nl/pathways/PC486","6"
"http://rdf-plantmetwiki.bioinformatics.nl/pathways/PC1138","6"
"http://rdf-plantmetwiki.bioinformatics.nl/pathways/PC271","6"
"http://rdf-plantmetwiki.bioinformatics.nl/pathways/PC257","6"
"http://rdf-plantmetwiki.bioinformatics.nl/pathways/PC897","6"
"http://rdf-plantmetwiki.bioinformatics.nl/pathways/PC746","6"
"http://rdf-plantmetwiki.bioinformatics.nl/pathways/PC381","6"
"http://rdf-plantmetwiki.bioinformatics.nl/pathways/PC1125","6"
"http://rdf-plantmetwiki.bioinformatics.nl/pathways/PC339","6"
"http://rdf-plantmetwiki.bioinformatics.nl/pathways/PC752","6"
"http://rdf-plantmetwiki.bioinformatics.nl/pathways/PC672","6"
"http://rdf-plantmetwiki.bioinformatics.nl/pathways/PC233","6"
"http://rdf-plantmetwiki.bioinformatics.nl/pathways/PC920","6"
"http://rdf-plantmetwiki.bioinformatics.nl/pathways/PC723","6"
"http://rdf-plantmetwiki.bioinformatics.nl/pathways/PC1031","6"
"http://rdf-plantmetwiki.bioinformatics.nl/pathways/PC70","6"
"http://rdf-plantmetwiki.bioinformatics.nl/pathways/PC58","6"
"http://rdf-plantmetwiki.bioinformatics.nl/pathways/PC137","6"
"http://rdf-plantmetwiki.bioinformatics.nl/pathways/PC453","6"
"http://rdf-plantmetwiki.bioinformatics.nl/pathways/PC802","5"
"http://rdf-plantmetwiki.bioinformatics.nl/pathways/PC4","5"
"http://rdf-plantmetwiki.bioinformatics.nl/pathways/PC74","5"
"http://rdf-plantmetwiki.bioinformatics.nl/pathways/PC230","5"
"http://rdf-plantmetwiki.bioinformatics.nl/pathways/PC158","5"
"http://rdf-plantmetwiki.bioinformatics.nl/pathways/PC551","5"
"http://rdf-plantmetwiki.bioinformatics.nl/pathways/PC1096","5"
"http://rdf-plantmetwiki.bioinformatics.nl/pathways/PC34","5"
"http://rdf-plantmetwiki.bioinformatics.nl/pathways/PC1034","5"
"http://rdf-plantmetwiki.bioinformatics.nl/pathways/PC261","5"
"http://rdf-plantmetwiki.bioinformatics.nl/pathways/PC40","5"
"http://rdf-plantmetwiki.bioinformatics.nl/pathways/PC76","5"
"http://rdf-plantmetwiki.bioinformatics.nl/pathways/PC294","5"
"http://rdf-plantmetwiki.bioinformatics.nl/pathways/PC1144","5"
"http://rdf-plantmetwiki.bioinformatics.nl/pathways/PC718","5"
"http://rdf-plantmetwiki.bioinformatics.nl/pathways/PC425","5"
"http://rdf-plantmetwiki.bioinformatics.nl/pathways/PC926","5"
"http://rdf-plantmetwiki.bioinformatics.nl/pathways/PC359","5"
"http://rdf-plantmetwiki.bioinformatics.nl/pathways/PC592","5"
"http://rdf-plantmetwiki.bioinformatics.nl/pathways/PC1154","5"
"http://rdf-plantmetwiki.bioinformatics.nl/pathways/PC671","5"
"http://rdf-plantmetwiki.bioinformatics.nl/pathways/PC1001","5"
"http://rdf-plantmetwiki.bioinformatics.nl/pathways/PC330","5"
"http://rdf-plantmetwiki.bioinformatics.nl/pathways/PC463","5"
"http://rdf-plantmetwiki.bioinformatics.nl/pathways/PC678","5"
"http://rdf-plantmetwiki.bioinformatics.nl/pathways/PC894","5"
"http://rdf-plantmetwiki.bioinformatics.nl/pathways/PC401","5"
"http://rdf-plantmetwiki.bioinformatics.nl/pathways/PC893","5"
"http://rdf-plantmetwiki.bioinformatics.nl/pathways/PC1132","5"
"http://rdf-plantmetwiki.bioinformatics.nl/pathways/PC340","5"
"http://rdf-plantmetwiki.bioinformatics.nl/pathways/PC399","5"
"http://rdf-plantmetwiki.bioinformatics.nl/pathways/PC1021","5"
"http://rdf-plantmetwiki.bioinformatics.nl/pathways/PC1004","5"
"http://rdf-plantmetwiki.bioinformatics.nl/pathways/PC114","5"
"http://rdf-plantmetwiki.bioinformatics.nl/pathways/PC674","5"
"http://rdf-plantmetwiki.bioinformatics.nl/pathways/PC959","5"
"http://rdf-plantmetwiki.bioinformatics.nl/pathways/PC898","5"
"http://rdf-plantmetwiki.bioinformatics.nl/pathways/PC358","5"
"http://rdf-plantmetwiki.bioinformatics.nl/pathways/PC648","5"
"http://rdf-plantmetwiki.bioinformatics.nl/pathways/PC639","5"
"http://rdf-plantmetwiki.bioinformatics.nl/pathways/PC695","5"
"http://rdf-plantmetwiki.bioinformatics.nl/pathways/PC348","5"
"http://rdf-plantmetwiki.bioinformatics.nl/pathways/PC454","5"
"http://rdf-plantmetwiki.bioinformatics.nl/pathways/PC392","5"
"http://rdf-plantmetwiki.bioinformatics.nl/pathways/PC409","5"
"http://rdf-plantmetwiki.bioinformatics.nl/pathways/PC49","5"
"http://rdf-plantmetwiki.bioinformatics.nl/pathways/PC223","5"
"http://rdf-plantmetwiki.bioinformatics.nl/pathways/PC115","5"
"http://rdf-plantmetwiki.bioinformatics.nl/pathways/PC187","5"
"http://rdf-plantmetwiki.bioinformatics.nl/pathways/PC1126","5"
"http://rdf-plantmetwiki.bioinformatics.nl/pathways/PC418","5"
"http://rdf-plantmetwiki.bioinformatics.nl/pathways/PC561","5"
"http://rdf-plantmetwiki.bioinformatics.nl/pathways/PC99","5"
"http://rdf-plantmetwiki.bioinformatics.nl/pathways/PC398","5"
"http://rdf-plantmetwiki.bioinformatics.nl/pathways/PC978","5"
"http://rdf-plantmetwiki.bioinformatics.nl/pathways/PC422","5"
"http://rdf-plantmetwiki.bioinformatics.nl/pathways/PC11","5"
"http://rdf-plantmetwiki.bioinformatics.nl/pathways/PC464","4"
"http://rdf-plantmetwiki.bioinformatics.nl/pathways/PC62","4"
"http://rdf-plantmetwiki.bioinformatics.nl/pathways/PC301","4"
"http://rdf-plantmetwiki.bioinformatics.nl/pathways/PC286","4"
"http://rdf-plantmetwiki.bioinformatics.nl/pathways/PC889","4"
"http://rdf-plantmetwiki.bioinformatics.nl/pathways/PC277","4"
"http://rdf-plantmetwiki.bioinformatics.nl/pathways/PC577","4"
"http://rdf-plantmetwiki.bioinformatics.nl/pathways/PC621","4"
"http://rdf-plantmetwiki.bioinformatics.nl/pathways/PC685","4"
"http://rdf-plantmetwiki.bioinformatics.nl/pathways/PC782","4"
"http://rdf-plantmetwiki.bioinformatics.nl/pathways/PC809","4"
"http://rdf-plantmetwiki.bioinformatics.nl/pathways/PC65","4"
"http://rdf-plantmetwiki.bioinformatics.nl/pathways/PC159","4"
"http://rdf-plantmetwiki.bioinformatics.nl/pathways/PC666","4"
"http://rdf-plantmetwiki.bioinformatics.nl/pathways/PC146","4"
"http://rdf-plantmetwiki.bioinformatics.nl/pathways/PC624","4"
"http://rdf-plantmetwiki.bioinformatics.nl/pathways/PC164","4"
"http://rdf-plantmetwiki.bioinformatics.nl/pathways/PC1069","4"
"http://rdf-plantmetwiki.bioinformatics.nl/pathways/PC431","4"
"http://rdf-plantmetwiki.bioinformatics.nl/pathways/PC828","4"
"http://rdf-plantmetwiki.bioinformatics.nl/pathways/PC914","4"
"http://rdf-plantmetwiki.bioinformatics.nl/pathways/PC235","4"
"http://rdf-plantmetwiki.bioinformatics.nl/pathways/PC849","4"
"http://rdf-plantmetwiki.bioinformatics.nl/pathways/PC895","4"
"http://rdf-plantmetwiki.bioinformatics.nl/pathways/PC139","4"
"http://rdf-plantmetwiki.bioinformatics.nl/pathways/PC202","4"
"http://rdf-plantmetwiki.bioinformatics.nl/pathways/PC1067","4"
"http://rdf-plantmetwiki.bioinformatics.nl/pathways/PC384","4"
"http://rdf-plantmetwiki.bioinformatics.nl/pathways/PC168","4"
"http://rdf-plantmetwiki.bioinformatics.nl/pathways/PC891","4"
"http://rdf-plantmetwiki.bioinformatics.nl/pathways/PC759","4"
"http://rdf-plantmetwiki.bioinformatics.nl/pathways/PC1109","4"
"http://rdf-plantmetwiki.bioinformatics.nl/pathways/PC326","4"
"http://rdf-plantmetwiki.bioinformatics.nl/pathways/PC578","4"
"http://rdf-plantmetwiki.bioinformatics.nl/pathways/PC558","4"
"http://rdf-plantmetwiki.bioinformatics.nl/pathways/PC549","4"
"http://rdf-plantmetwiki.bioinformatics.nl/pathways/PC474","4"
"http://rdf-plantmetwiki.bioinformatics.nl/pathways/PC450","4"
"http://rdf-plantmetwiki.bioinformatics.nl/pathways/PC337","4"
"http://rdf-plantmetwiki.bioinformatics.nl/pathways/PC520","4"
"http://rdf-plantmetwiki.bioinformatics.nl/pathways/PC990","4"
"http://rdf-plantmetwiki.bioinformatics.nl/pathways/PC465","4"
"http://rdf-plantmetwiki.bioinformatics.nl/pathways/PC606","4"
"http://rdf-plantmetwiki.bioinformatics.nl/pathways/PC743","4"
"http://rdf-plantmetwiki.bioinformatics.nl/pathways/PC292","4"
"http://rdf-plantmetwiki.bioinformatics.nl/pathways/PC634","4"
"http://rdf-plantmetwiki.bioinformatics.nl/pathways/PC1072","4"
"http://rdf-plantmetwiki.bioinformatics.nl/pathways/PC856","4"
"http://rdf-plantmetwiki.bioinformatics.nl/pathways/PC44","4"
"http://rdf-plantmetwiki.bioinformatics.nl/pathways/PC905","4"
"http://rdf-plantmetwiki.bioinformatics.nl/pathways/PC1065","4"
"http://rdf-plantmetwiki.bioinformatics.nl/pathways/PC94","4"
"http://rdf-plantmetwiki.bioinformatics.nl/pathways/PC304","4"
"http://rdf-plantmetwiki.bioinformatics.nl/pathways/PC153","4"
"http://rdf-plantmetwiki.bioinformatics.nl/pathways/PC906","4"
"http://rdf-plantmetwiki.bioinformatics.nl/pathways/PC1046","4"
"http://rdf-plantmetwiki.bioinformatics.nl/pathways/PC899","4"
"http://rdf-plantmetwiki.bioinformatics.nl/pathways/PC790","4"
"http://rdf-plantmetwiki.bioinformatics.nl/pathways/PC203","4"
"http://rdf-plantmetwiki.bioinformatics.nl/pathways/PC335","4"
"http://rdf-plantmetwiki.bioinformatics.nl/pathways/PC708","4"
"http://rdf-plantmetwiki.bioinformatics.nl/pathways/PC267","4"
"http://rdf-plantmetwiki.bioinformatics.nl/pathways/PC485","4"
"http://rdf-plantmetwiki.bioinformatics.nl/pathways/PC357","4"
"http://rdf-plantmetwiki.bioinformatics.nl/pathways/PC787","4"
"http://rdf-plantmetwiki.bioinformatics.nl/pathways/PC1082","4"
"http://rdf-plantmetwiki.bioinformatics.nl/pathways/PC836","4"
"http://rdf-plantmetwiki.bioinformatics.nl/pathways/PC825","4"
"http://rdf-plantmetwiki.bioinformatics.nl/pathways/PC31","4"
"http://rdf-plantmetwiki.bioinformatics.nl/pathways/PC471","4"
"http://rdf-plantmetwiki.bioinformatics.nl/pathways/PC635","4"
"http://rdf-plantmetwiki.bioinformatics.nl/pathways/PC1100","4"
"http://rdf-plantmetwiki.bioinformatics.nl/pathways/PC258","4"
"http://rdf-plantmetwiki.bioinformatics.nl/pathways/PC986","4"
"http://rdf-plantmetwiki.bioinformatics.nl/pathways/PC448","4"
"http://rdf-plantmetwiki.bioinformatics.nl/pathways/PC287","4"
"http://rdf-plantmetwiki.bioinformatics.nl/pathways/PC667","3"
"http://rdf-plantmetwiki.bioinformatics.nl/pathways/PC831","3"
"http://rdf-plantmetwiki.bioinformatics.nl/pathways/PC503","3"
"http://rdf-plantmetwiki.bioinformatics.nl/pathways/PC134","3"
"http://rdf-plantmetwiki.bioinformatics.nl/pathways/PC771","3"
"http://rdf-plantmetwiki.bioinformatics.nl/pathways/PC772","3"
"http://rdf-plantmetwiki.bioinformatics.nl/pathways/PC81","3"
"http://rdf-plantmetwiki.bioinformatics.nl/pathways/PC284","3"
"http://rdf-plantmetwiki.bioinformatics.nl/pathways/PC514","3"
"http://rdf-plantmetwiki.bioinformatics.nl/pathways/PC182","3"
"http://rdf-plantmetwiki.bioinformatics.nl/pathways/PC886","3"
"http://rdf-plantmetwiki.bioinformatics.nl/pathways/PC107","3"
"http://rdf-plantmetwiki.bioinformatics.nl/pathways/PC794","3"
"http://rdf-plantmetwiki.bioinformatics.nl/pathways/PC55","3"
"http://rdf-plantmetwiki.bioinformatics.nl/pathways/PC177","3"
"http://rdf-plantmetwiki.bioinformatics.nl/pathways/PC489","3"
"http://rdf-plantmetwiki.bioinformatics.nl/pathways/PC1080","3"
"http://rdf-plantmetwiki.bioinformatics.nl/pathways/PC136","3"
"http://rdf-plantmetwiki.bioinformatics.nl/pathways/PC255","3"
"http://rdf-plantmetwiki.bioinformatics.nl/pathways/PC958","3"
"http://rdf-plantmetwiki.bioinformatics.nl/pathways/PC194","3"
"http://rdf-plantmetwiki.bioinformatics.nl/pathways/PC249","3"
"http://rdf-plantmetwiki.bioinformatics.nl/pathways/PC283","3"
"http://rdf-plantmetwiki.bioinformatics.nl/pathways/PC458","3"
"http://rdf-plantmetwiki.bioinformatics.nl/pathways/PC247","3"
"http://rdf-plantmetwiki.bioinformatics.nl/pathways/PC890","3"
"http://rdf-plantmetwiki.bioinformatics.nl/pathways/PC456","3"
"http://rdf-plantmetwiki.bioinformatics.nl/pathways/PC60","3"
"http://rdf-plantmetwiki.bioinformatics.nl/pathways/PC160","3"
"http://rdf-plantmetwiki.bioinformatics.nl/pathways/PC962","3"
"http://rdf-plantmetwiki.bioinformatics.nl/pathways/PC1104","3"
"http://rdf-plantmetwiki.bioinformatics.nl/pathways/PC560","3"
"http://rdf-plantmetwiki.bioinformatics.nl/pathways/PC942","3"
"http://rdf-plantmetwiki.bioinformatics.nl/pathways/PC1133","3"
"http://rdf-plantmetwiki.bioinformatics.nl/pathways/PC150","3"
"http://rdf-plantmetwiki.bioinformatics.nl/pathways/PC857","3"
"http://rdf-plantmetwiki.bioinformatics.nl/pathways/PC801","3"
"http://rdf-plantmetwiki.bioinformatics.nl/pathways/PC598","3"
"http://rdf-plantmetwiki.bioinformatics.nl/pathways/PC52","3"
"http://rdf-plantmetwiki.bioinformatics.nl/pathways/PC873","3"
"http://rdf-plantmetwiki.bioinformatics.nl/pathways/PC780","3"
"http://rdf-plantmetwiki.bioinformatics.nl/pathways/PC163","3"
"http://rdf-plantmetwiki.bioinformatics.nl/pathways/PC23","3"
"http://rdf-plantmetwiki.bioinformatics.nl/pathways/PC785","3"
"http://rdf-plantmetwiki.bioinformatics.nl/pathways/PC241","3"
"http://rdf-plantmetwiki.bioinformatics.nl/pathways/PC1028","3"
"http://rdf-plantmetwiki.bioinformatics.nl/pathways/PC519","3"
"http://rdf-plantmetwiki.bioinformatics.nl/pathways/PC949","3"
"http://rdf-plantmetwiki.bioinformatics.nl/pathways/PC427","3"
"http://rdf-plantmetwiki.bioinformatics.nl/pathways/PC664","3"
"http://rdf-plantmetwiki.bioinformatics.nl/pathways/PC1033","3"
"http://rdf-plantmetwiki.bioinformatics.nl/pathways/PC1009","3"
"http://rdf-plantmetwiki.bioinformatics.nl/pathways/PC730","3"
"http://rdf-plantmetwiki.bioinformatics.nl/pathways/PC584","3"
"http://rdf-plantmetwiki.bioinformatics.nl/pathways/PC507","3"
"http://rdf-plantmetwiki.bioinformatics.nl/pathways/PC993","3"
"http://rdf-plantmetwiki.bioinformatics.nl/pathways/PC500","3"
"http://rdf-plantmetwiki.bioinformatics.nl/pathways/PC439","3"
"http://rdf-plantmetwiki.bioinformatics.nl/pathways/PC796","3"
"http://rdf-plantmetwiki.bioinformatics.nl/pathways/PC85","3"
"http://rdf-plantmetwiki.bioinformatics.nl/pathways/PC124","3"
"http://rdf-plantmetwiki.bioinformatics.nl/pathways/PC545","3"
"http://rdf-plantmetwiki.bioinformatics.nl/pathways/PC42","3"
"http://rdf-plantmetwiki.bioinformatics.nl/pathways/PC673","3"
"http://rdf-plantmetwiki.bioinformatics.nl/pathways/PC332","3"
"http://rdf-plantmetwiki.bioinformatics.nl/pathways/PC714","3"
"http://rdf-plantmetwiki.bioinformatics.nl/pathways/PC1143","3"
"http://rdf-plantmetwiki.bioinformatics.nl/pathways/PC715","3"
"http://rdf-plantmetwiki.bioinformatics.nl/pathways/PC63","3"
"http://rdf-plantmetwiki.bioinformatics.nl/pathways/PC64","3"
"http://rdf-plantmetwiki.bioinformatics.nl/pathways/PC169","3"
"http://rdf-plantmetwiki.bioinformatics.nl/pathways/PC1152","3"
"http://rdf-plantmetwiki.bioinformatics.nl/pathways/PC563","3"
"http://rdf-plantmetwiki.bioinformatics.nl/pathways/PC477","3"
"http://rdf-plantmetwiki.bioinformatics.nl/pathways/PC395","3"
"http://rdf-plantmetwiki.bioinformatics.nl/pathways/PC254","3"
"http://rdf-plantmetwiki.bioinformatics.nl/pathways/PC721","3"
"http://rdf-plantmetwiki.bioinformatics.nl/pathways/PC870","3"
"http://rdf-plantmetwiki.bioinformatics.nl/pathways/PC963","3"
"http://rdf-plantmetwiki.bioinformatics.nl/pathways/PC253","3"
"http://rdf-plantmetwiki.bioinformatics.nl/pathways/PC979","3"
"http://rdf-plantmetwiki.bioinformatics.nl/pathways/PC272","3"
"http://rdf-plantmetwiki.bioinformatics.nl/pathways/PC712","3"
"http://rdf-plantmetwiki.bioinformatics.nl/pathways/PC123","3"
"http://rdf-plantmetwiki.bioinformatics.nl/pathways/PC875","3"
"http://rdf-plantmetwiki.bioinformatics.nl/pathways/PC649","3"
"http://rdf-plantmetwiki.bioinformatics.nl/pathways/PC987","3"
"http://rdf-plantmetwiki.bioinformatics.nl/pathways/PC754","3"
"http://rdf-plantmetwiki.bioinformatics.nl/pathways/PC140","3"
"http://rdf-plantmetwiki.bioinformatics.nl/pathways/PC539","3"
"http://rdf-plantmetwiki.bioinformatics.nl/pathways/PC919","3"
"http://rdf-plantmetwiki.bioinformatics.nl/pathways/PC505","3"
"http://rdf-plantmetwiki.bioinformatics.nl/pathways/PC1013","3"
"http://rdf-plantmetwiki.bioinformatics.nl/pathways/PC1135","3"
"http://rdf-plantmetwiki.bioinformatics.nl/pathways/PC278","3"
"http://rdf-plantmetwiki.bioinformatics.nl/pathways/PC1016","3"
"http://rdf-plantmetwiki.bioinformatics.nl/pathways/PC719","3"
"http://rdf-plantmetwiki.bioinformatics.nl/pathways/PC190","3"
"http://rdf-plantmetwiki.bioinformatics.nl/pathways/PC1112","3"
"http://rdf-plantmetwiki.bioinformatics.nl/pathways/PC274","3"
"http://rdf-plantmetwiki.bioinformatics.nl/pathways/PC1045","3"
"http://rdf-plantmetwiki.bioinformatics.nl/pathways/PC567","3"
"http://rdf-plantmetwiki.bioinformatics.nl/pathways/PC736","3"
"http://rdf-plantmetwiki.bioinformatics.nl/pathways/PC1155","3"
"http://rdf-plantmetwiki.bioinformatics.nl/pathways/PC222","3"
"http://rdf-plantmetwiki.bioinformatics.nl/pathways/PC466","3"
"http://rdf-plantmetwiki.bioinformatics.nl/pathways/PC344","3"
"http://rdf-plantmetwiki.bioinformatics.nl/pathways/PC1003","3"
"http://rdf-plantmetwiki.bioinformatics.nl/pathways/PC562","3"
"http://rdf-plantmetwiki.bioinformatics.nl/pathways/PC133","3"
"http://rdf-plantmetwiki.bioinformatics.nl/pathways/PC971","3"
"http://rdf-plantmetwiki.bioinformatics.nl/pathways/PC29","3"
"http://rdf-plantmetwiki.bioinformatics.nl/pathways/PC1159","3"
"http://rdf-plantmetwiki.bioinformatics.nl/pathways/PC84","3"
"http://rdf-plantmetwiki.bioinformatics.nl/pathways/PC460","3"
"http://rdf-plantmetwiki.bioinformatics.nl/pathways/PC206","3"
"http://rdf-plantmetwiki.bioinformatics.nl/pathways/PC852","3"
"http://rdf-plantmetwiki.bioinformatics.nl/pathways/PC1148","3"
"http://rdf-plantmetwiki.bioinformatics.nl/pathways/PC725","3"
"http://rdf-plantmetwiki.bioinformatics.nl/pathways/PC426","3"
"http://rdf-plantmetwiki.bioinformatics.nl/pathways/PC436","3"
"http://rdf-plantmetwiki.bioinformatics.nl/pathways/PC762","3"
"http://rdf-plantmetwiki.bioinformatics.nl/pathways/PC631","3"
"http://rdf-plantmetwiki.bioinformatics.nl/pathways/PC651","3"
"http://rdf-plantmetwiki.bioinformatics.nl/pathways/PC546","3"
"http://rdf-plantmetwiki.bioinformatics.nl/pathways/PC1136","3"
"http://rdf-plantmetwiki.bioinformatics.nl/pathways/PC705","3"
"http://rdf-plantmetwiki.bioinformatics.nl/pathways/PC166","3"
"http://rdf-plantmetwiki.bioinformatics.nl/pathways/PC596","3"
"http://rdf-plantmetwiki.bioinformatics.nl/pathways/PC643","3"
"http://rdf-plantmetwiki.bioinformatics.nl/pathways/PC516","3"
"http://rdf-plantmetwiki.bioinformatics.nl/pathways/PC54","3"
"http://rdf-plantmetwiki.bioinformatics.nl/pathways/PC79","3"
"http://rdf-plantmetwiki.bioinformatics.nl/pathways/PC720","3"
"http://rdf-plantmetwiki.bioinformatics.nl/pathways/PC882","3"
"http://rdf-plantmetwiki.bioinformatics.nl/pathways/PC846","3"
"http://rdf-plantmetwiki.bioinformatics.nl/pathways/PC101","3"
"http://rdf-plantmetwiki.bioinformatics.nl/pathways/PC552","3"
"http://rdf-plantmetwiki.bioinformatics.nl/pathways/PC208","3"
"http://rdf-plantmetwiki.bioinformatics.nl/pathways/PC749","3"
"http://rdf-plantmetwiki.bioinformatics.nl/pathways/PC39","3"
"http://rdf-plantmetwiki.bioinformatics.nl/pathways/PC1115","3"
"http://rdf-plantmetwiki.bioinformatics.nl/pathways/PC189","3"
"http://rdf-plantmetwiki.bioinformatics.nl/pathways/PC457","3"
"http://rdf-plantmetwiki.bioinformatics.nl/pathways/PC269","3"
"http://rdf-plantmetwiki.bioinformatics.nl/pathways/PC364","3"
"http://rdf-plantmetwiki.bioinformatics.nl/pathways/PC858","3"
"http://rdf-plantmetwiki.bioinformatics.nl/pathways/PC973","3"
"http://rdf-plantmetwiki.bioinformatics.nl/pathways/PC811","3"
"http://rdf-plantmetwiki.bioinformatics.nl/pathways/PC1089","3"
"http://rdf-plantmetwiki.bioinformatics.nl/pathways/PC1097","3"
"http://rdf-plantmetwiki.bioinformatics.nl/pathways/PC237","3"
"http://rdf-plantmetwiki.bioinformatics.nl/pathways/PC1105","3"
"http://rdf-plantmetwiki.bioinformatics.nl/pathways/PC707","3"
"http://rdf-plantmetwiki.bioinformatics.nl/pathways/PC533","3"
"http://rdf-plantmetwiki.bioinformatics.nl/pathways/PC372","3"
"http://rdf-plantmetwiki.bioinformatics.nl/pathways/PC452","3"
"http://rdf-plantmetwiki.bioinformatics.nl/pathways/PC24","3"
"http://rdf-plantmetwiki.bioinformatics.nl/pathways/PC950","3"
"http://rdf-plantmetwiki.bioinformatics.nl/pathways/PC868","3"
"http://rdf-plantmetwiki.bioinformatics.nl/pathways/PC517","3"
"http://rdf-plantmetwiki.bioinformatics.nl/pathways/PC43","3"
"http://rdf-plantmetwiki.bioinformatics.nl/pathways/PC744","3"
"http://rdf-plantmetwiki.bioinformatics.nl/pathways/PC389","3"
"http://rdf-plantmetwiki.bioinformatics.nl/pathways/PC1047","3"
"http://rdf-plantmetwiki.bioinformatics.nl/pathways/PC632","3"
"http://rdf-plantmetwiki.bioinformatics.nl/pathways/PC430","3"
"http://rdf-plantmetwiki.bioinformatics.nl/pathways/PC349","3"
"http://rdf-plantmetwiki.bioinformatics.nl/pathways/PC812","3"
"http://rdf-plantmetwiki.bioinformatics.nl/pathways/PC781","3"
"http://rdf-plantmetwiki.bioinformatics.nl/pathways/PC642","3"
"http://rdf-plantmetwiki.bioinformatics.nl/pathways/PC770","3"
"http://rdf-plantmetwiki.bioinformatics.nl/pathways/PC779","3"
"http://rdf-plantmetwiki.bioinformatics.nl/pathways/PC883","3"
"http://rdf-plantmetwiki.bioinformatics.nl/pathways/PC574","3"
"http://rdf-plantmetwiki.bioinformatics.nl/pathways/PC680","2"
"http://rdf-plantmetwiki.bioinformatics.nl/pathways/PC813","2"
"http://rdf-plantmetwiki.bioinformatics.nl/pathways/PC1090","2"
"http://rdf-plantmetwiki.bioinformatics.nl/pathways/PC1129","2"
"http://rdf-plantmetwiki.bioinformatics.nl/pathways/PC1006","2"
"http://rdf-plantmetwiki.bioinformatics.nl/pathways/PC1055","2"
"http://rdf-plantmetwiki.bioinformatics.nl/pathways/PC112","2"
"http://rdf-plantmetwiki.bioinformatics.nl/pathways/PC912","2"
"http://rdf-plantmetwiki.bioinformatics.nl/pathways/PC419","2"
"http://rdf-plantmetwiki.bioinformatics.nl/pathways/PC1079","2"
"http://rdf-plantmetwiki.bioinformatics.nl/pathways/PC281","2"
"http://rdf-plantmetwiki.bioinformatics.nl/pathways/PC1083","2"
"http://rdf-plantmetwiki.bioinformatics.nl/pathways/PC824","2"
"http://rdf-plantmetwiki.bioinformatics.nl/pathways/PC755","2"
"http://rdf-plantmetwiki.bioinformatics.nl/pathways/PC403","2"
"http://rdf-plantmetwiki.bioinformatics.nl/pathways/PC829","2"
"http://rdf-plantmetwiki.bioinformatics.nl/pathways/PC603","2"
"http://rdf-plantmetwiki.bioinformatics.nl/pathways/PC1070","2"
"http://rdf-plantmetwiki.bioinformatics.nl/pathways/PC843","2"
"http://rdf-plantmetwiki.bioinformatics.nl/pathways/PC710","2"
"http://rdf-plantmetwiki.bioinformatics.nl/pathways/PC605","2"
"http://rdf-plantmetwiki.bioinformatics.nl/pathways/PC334","2"
"http://rdf-plantmetwiki.bioinformatics.nl/pathways/PC543","2"
"http://rdf-plantmetwiki.bioinformatics.nl/pathways/PC285","2"
"http://rdf-plantmetwiki.bioinformatics.nl/pathways/PC970","2"
"http://rdf-plantmetwiki.bioinformatics.nl/pathways/PC459","2"
"http://rdf-plantmetwiki.bioinformatics.nl/pathways/PC641","2"
"http://rdf-plantmetwiki.bioinformatics.nl/pathways/PC308","2"
"http://rdf-plantmetwiki.bioinformatics.nl/pathways/PC179","2"
"http://rdf-plantmetwiki.bioinformatics.nl/pathways/PC82","2"
"http://rdf-plantmetwiki.bioinformatics.nl/pathways/PC87","2"
"http://rdf-plantmetwiki.bioinformatics.nl/pathways/PC662","2"
"http://rdf-plantmetwiki.bioinformatics.nl/pathways/PC646","2"
"http://rdf-plantmetwiki.bioinformatics.nl/pathways/PC248","2"
"http://rdf-plantmetwiki.bioinformatics.nl/pathways/PC996","2"
"http://rdf-plantmetwiki.bioinformatics.nl/pathways/PC214","2"
"http://rdf-plantmetwiki.bioinformatics.nl/pathways/PC1052","2"
"http://rdf-plantmetwiki.bioinformatics.nl/pathways/PC640","2"
"http://rdf-plantmetwiki.bioinformatics.nl/pathways/PC830","2"
"http://rdf-plantmetwiki.bioinformatics.nl/pathways/PC727","2"
"http://rdf-plantmetwiki.bioinformatics.nl/pathways/PC1026","2"
"http://rdf-plantmetwiki.bioinformatics.nl/pathways/PC865","2"
"http://rdf-plantmetwiki.bioinformatics.nl/pathways/PC273","2"
"http://rdf-plantmetwiki.bioinformatics.nl/pathways/PC722","2"
"http://rdf-plantmetwiki.bioinformatics.nl/pathways/PC468","2"
"http://rdf-plantmetwiki.bioinformatics.nl/pathways/PC325","2"
"http://rdf-plantmetwiki.bioinformatics.nl/pathways/PC416","2"
"http://rdf-plantmetwiki.bioinformatics.nl/pathways/PC1059","2"
"http://rdf-plantmetwiki.bioinformatics.nl/pathways/PC373","2"
"http://rdf-plantmetwiki.bioinformatics.nl/pathways/PC869","2"
"http://rdf-plantmetwiki.bioinformatics.nl/pathways/PC734","2"
"http://rdf-plantmetwiki.bioinformatics.nl/pathways/PC322","2"
"http://rdf-plantmetwiki.bioinformatics.nl/pathways/PC45","2"
"http://rdf-plantmetwiki.bioinformatics.nl/pathways/PC370","2"
"http://rdf-plantmetwiki.bioinformatics.nl/pathways/PC613","2"
"http://rdf-plantmetwiki.bioinformatics.nl/pathways/PC19","2"
"http://rdf-plantmetwiki.bioinformatics.nl/pathways/PC236","2"
"http://rdf-plantmetwiki.bioinformatics.nl/pathways/PC1062","2"
"http://rdf-plantmetwiki.bioinformatics.nl/pathways/PC1036","2"
"http://rdf-plantmetwiki.bioinformatics.nl/pathways/PC121","2"
"http://rdf-plantmetwiki.bioinformatics.nl/pathways/PC240","2"
"http://rdf-plantmetwiki.bioinformatics.nl/pathways/PC850","2"
"http://rdf-plantmetwiki.bioinformatics.nl/pathways/PC689","2"
"http://rdf-plantmetwiki.bioinformatics.nl/pathways/PC589","2"
"http://rdf-plantmetwiki.bioinformatics.nl/pathways/PC935","2"
"http://rdf-plantmetwiki.bioinformatics.nl/pathways/PC270","2"
"http://rdf-plantmetwiki.bioinformatics.nl/pathways/PC385","2"
"http://rdf-plantmetwiki.bioinformatics.nl/pathways/PC6","2"
"http://rdf-plantmetwiki.bioinformatics.nl/pathways/PC696","2"
"http://rdf-plantmetwiki.bioinformatics.nl/pathways/PC441","2"
"http://rdf-plantmetwiki.bioinformatics.nl/pathways/PC757","2"
"http://rdf-plantmetwiki.bioinformatics.nl/pathways/PC731","2"
"http://rdf-plantmetwiki.bioinformatics.nl/pathways/PC309","2"
"http://rdf-plantmetwiki.bioinformatics.nl/pathways/PC316","2"
"http://rdf-plantmetwiki.bioinformatics.nl/pathways/PC1156","2"
"http://rdf-plantmetwiki.bioinformatics.nl/pathways/PC245","2"
"http://rdf-plantmetwiki.bioinformatics.nl/pathways/PC250","2"
"http://rdf-plantmetwiki.bioinformatics.nl/pathways/PC989","2"
"http://rdf-plantmetwiki.bioinformatics.nl/pathways/PC128","2"
"http://rdf-plantmetwiki.bioinformatics.nl/pathways/PC784","2"
"http://rdf-plantmetwiki.bioinformatics.nl/pathways/PC383","2"
"http://rdf-plantmetwiki.bioinformatics.nl/pathways/PC8","2"
"http://rdf-plantmetwiki.bioinformatics.nl/pathways/PC876","2"
"http://rdf-plantmetwiki.bioinformatics.nl/pathways/PC434","2"
"http://rdf-plantmetwiki.bioinformatics.nl/pathways/PC663","2"
"http://rdf-plantmetwiki.bioinformatics.nl/pathways/PC329","2"
"http://rdf-plantmetwiki.bioinformatics.nl/pathways/PC220","2"
"http://rdf-plantmetwiki.bioinformatics.nl/pathways/PC711","2"
"http://rdf-plantmetwiki.bioinformatics.nl/pathways/PC595","2"
"http://rdf-plantmetwiki.bioinformatics.nl/pathways/PC842","2"
"http://rdf-plantmetwiki.bioinformatics.nl/pathways/PC758","2"
"http://rdf-plantmetwiki.bioinformatics.nl/pathways/PC205","2"
"http://rdf-plantmetwiki.bioinformatics.nl/pathways/PC315","2"
"http://rdf-plantmetwiki.bioinformatics.nl/pathways/PC17","2"
"http://rdf-plantmetwiki.bioinformatics.nl/pathways/PC116","2"
"http://rdf-plantmetwiki.bioinformatics.nl/pathways/PC311","2"
"http://rdf-plantmetwiki.bioinformatics.nl/pathways/PC215","2"
"http://rdf-plantmetwiki.bioinformatics.nl/pathways/PC473","2"
"http://rdf-plantmetwiki.bioinformatics.nl/pathways/PC37","2"
"http://rdf-plantmetwiki.bioinformatics.nl/pathways/PC1063","2"
"http://rdf-plantmetwiki.bioinformatics.nl/pathways/PC135","2"
"http://rdf-plantmetwiki.bioinformatics.nl/pathways/PC618","2"
"http://rdf-plantmetwiki.bioinformatics.nl/pathways/PC645","2"
"http://rdf-plantmetwiki.bioinformatics.nl/pathways/PC532","2"
"http://rdf-plantmetwiki.bioinformatics.nl/pathways/PC499","2"
"http://rdf-plantmetwiki.bioinformatics.nl/pathways/PC415","2"
"http://rdf-plantmetwiki.bioinformatics.nl/pathways/PC871","2"
"http://rdf-plantmetwiki.bioinformatics.nl/pathways/PC280","2"
"http://rdf-plantmetwiki.bioinformatics.nl/pathways/PC1041","2"
"http://rdf-plantmetwiki.bioinformatics.nl/pathways/PC918","2"
"http://rdf-plantmetwiki.bioinformatics.nl/pathways/PC793","2"
"http://rdf-plantmetwiki.bioinformatics.nl/pathways/PC706","2"
"http://rdf-plantmetwiki.bioinformatics.nl/pathways/PC374","2"
"http://rdf-plantmetwiki.bioinformatics.nl/pathways/PC56","2"
"http://rdf-plantmetwiki.bioinformatics.nl/pathways/PC119","2"
"http://rdf-plantmetwiki.bioinformatics.nl/pathways/PC633","2"
"http://rdf-plantmetwiki.bioinformatics.nl/pathways/PC1064","2"
"http://rdf-plantmetwiki.bioinformatics.nl/pathways/PC1131","2"
"http://rdf-plantmetwiki.bioinformatics.nl/pathways/PC328","2"
"http://rdf-plantmetwiki.bioinformatics.nl/pathways/PC775","2"
"http://rdf-plantmetwiki.bioinformatics.nl/pathways/PC997","2"
"http://rdf-plantmetwiki.bioinformatics.nl/pathways/PC216","2"
"http://rdf-plantmetwiki.bioinformatics.nl/pathways/PC590","2"
"http://rdf-plantmetwiki.bioinformatics.nl/pathways/PC242","2"
"http://rdf-plantmetwiki.bioinformatics.nl/pathways/PC512","2"
"http://rdf-plantmetwiki.bioinformatics.nl/pathways/PC933","2"
"http://rdf-plantmetwiki.bioinformatics.nl/pathways/PC510","2"
"http://rdf-plantmetwiki.bioinformatics.nl/pathways/PC522","2"
"http://rdf-plantmetwiki.bioinformatics.nl/pathways/PC1020","2"
"http://rdf-plantmetwiki.bioinformatics.nl/pathways/PC106","2"
"http://rdf-plantmetwiki.bioinformatics.nl/pathways/PC388","2"
"http://rdf-plantmetwiki.bioinformatics.nl/pathways/PC644","2"
"http://rdf-plantmetwiki.bioinformatics.nl/pathways/PC600","2"
"http://rdf-plantmetwiki.bioinformatics.nl/pathways/PC619","2"
"http://rdf-plantmetwiki.bioinformatics.nl/pathways/PC529","2"
"http://rdf-plantmetwiki.bioinformatics.nl/pathways/PC669","2"
"http://rdf-plantmetwiki.bioinformatics.nl/pathways/PC89","2"
"http://rdf-plantmetwiki.bioinformatics.nl/pathways/PC211","2"
"http://rdf-plantmetwiki.bioinformatics.nl/pathways/PC279","2"
"http://rdf-plantmetwiki.bioinformatics.nl/pathways/PC95","2"
"http://rdf-plantmetwiki.bioinformatics.nl/pathways/PC504","2"
"http://rdf-plantmetwiki.bioinformatics.nl/pathways/PC293","2"
"http://rdf-plantmetwiki.bioinformatics.nl/pathways/PC421","2"
"http://rdf-plantmetwiki.bioinformatics.nl/pathways/PC445","2"
"http://rdf-plantmetwiki.bioinformatics.nl/pathways/PC93","2"
"http://rdf-plantmetwiki.bioinformatics.nl/pathways/PC916","2"
"http://rdf-plantmetwiki.bioinformatics.nl/pathways/PC498","2"
"http://rdf-plantmetwiki.bioinformatics.nl/pathways/PC224","2"
"http://rdf-plantmetwiki.bioinformatics.nl/pathways/PC376","2"
"http://rdf-plantmetwiki.bioinformatics.nl/pathways/PC191","2"
"http://rdf-plantmetwiki.bioinformatics.nl/pathways/PC455","2"
"http://rdf-plantmetwiki.bioinformatics.nl/pathways/PC526","2"
"http://rdf-plantmetwiki.bioinformatics.nl/pathways/PC691","2"
"http://rdf-plantmetwiki.bioinformatics.nl/pathways/PC834","2"
"http://rdf-plantmetwiki.bioinformatics.nl/pathways/PC176","2"
"http://rdf-plantmetwiki.bioinformatics.nl/pathways/PC310","2"
"http://rdf-plantmetwiki.bioinformatics.nl/pathways/PC318","2"
"http://rdf-plantmetwiki.bioinformatics.nl/pathways/PC627","2"
"http://rdf-plantmetwiki.bioinformatics.nl/pathways/PC636","2"
"http://rdf-plantmetwiki.bioinformatics.nl/pathways/PC677","2"
"http://rdf-plantmetwiki.bioinformatics.nl/pathways/PC951","2"
"http://rdf-plantmetwiki.bioinformatics.nl/pathways/PC7","2"
"http://rdf-plantmetwiki.bioinformatics.nl/pathways/PC451","2"
"http://rdf-plantmetwiki.bioinformatics.nl/pathways/PC547","2"
"http://rdf-plantmetwiki.bioinformatics.nl/pathways/PC827","2"
"http://rdf-plantmetwiki.bioinformatics.nl/pathways/PC2","2"
"http://rdf-plantmetwiki.bioinformatics.nl/pathways/PC792","2"
"http://rdf-plantmetwiki.bioinformatics.nl/pathways/PC814","2"
"http://rdf-plantmetwiki.bioinformatics.nl/pathways/PC693","2"
"http://rdf-plantmetwiki.bioinformatics.nl/pathways/PC1162","2"
"http://rdf-plantmetwiki.bioinformatics.nl/pathways/PC848","2"
"http://rdf-plantmetwiki.bioinformatics.nl/pathways/PC892","2"
"http://rdf-plantmetwiki.bioinformatics.nl/pathways/PC972","2"
"http://rdf-plantmetwiki.bioinformatics.nl/pathways/PC130","2"
"http://rdf-plantmetwiki.bioinformatics.nl/pathways/PC866","2"
"http://rdf-plantmetwiki.bioinformatics.nl/pathways/PC483","2"
"http://rdf-plantmetwiki.bioinformatics.nl/pathways/PC1153","2"
"http://rdf-plantmetwiki.bioinformatics.nl/pathways/PC745","2"
"http://rdf-plantmetwiki.bioinformatics.nl/pathways/PC493","2"
"http://rdf-plantmetwiki.bioinformatics.nl/pathways/PC51","2"
"http://rdf-plantmetwiki.bioinformatics.nl/pathways/PC447","2"
"http://rdf-plantmetwiki.bioinformatics.nl/pathways/PC496","2"
"http://rdf-plantmetwiki.bioinformatics.nl/pathways/PC435","2"
"http://rdf-plantmetwiki.bioinformatics.nl/pathways/PC774","2"
"http://rdf-plantmetwiki.bioinformatics.nl/pathways/PC479","2"
"http://rdf-plantmetwiki.bioinformatics.nl/pathways/PC110","2"
"http://rdf-plantmetwiki.bioinformatics.nl/pathways/PC142","2"
"http://rdf-plantmetwiki.bioinformatics.nl/pathways/PC48","2"
"http://rdf-plantmetwiki.bioinformatics.nl/pathways/PC1075","2"
"http://rdf-plantmetwiki.bioinformatics.nl/pathways/PC66","2"
"http://rdf-plantmetwiki.bioinformatics.nl/pathways/PC1149","2"
"http://rdf-plantmetwiki.bioinformatics.nl/pathways/PC766","2"
"http://rdf-plantmetwiki.bioinformatics.nl/pathways/PC397","2"
"http://rdf-plantmetwiki.bioinformatics.nl/pathways/PC670","2"
"http://rdf-plantmetwiki.bioinformatics.nl/pathways/PC351","2"
"http://rdf-plantmetwiki.bioinformatics.nl/pathways/PC412","2"
"http://rdf-plantmetwiki.bioinformatics.nl/pathways/PC407","2"
"http://rdf-plantmetwiki.bioinformatics.nl/pathways/PC276","2"
"http://rdf-plantmetwiki.bioinformatics.nl/pathways/PC658","2"
"http://rdf-plantmetwiki.bioinformatics.nl/pathways/PC192","2"
"http://rdf-plantmetwiki.bioinformatics.nl/pathways/PC795","2"
"http://rdf-plantmetwiki.bioinformatics.nl/pathways/PC626","2"
"http://rdf-plantmetwiki.bioinformatics.nl/pathways/PC615","2"
"http://rdf-plantmetwiki.bioinformatics.nl/pathways/PC1110","2"
"http://rdf-plantmetwiki.bioinformatics.nl/pathways/PC288","2"
"http://rdf-plantmetwiki.bioinformatics.nl/pathways/PC327","2"
"http://rdf-plantmetwiki.bioinformatics.nl/pathways/PC1015","2"
"http://rdf-plantmetwiki.bioinformatics.nl/pathways/PC819","2"
"http://rdf-plantmetwiki.bioinformatics.nl/pathways/PC630","2"
"http://rdf-plantmetwiki.bioinformatics.nl/pathways/PC604","2"
"http://rdf-plantmetwiki.bioinformatics.nl/pathways/PC228","2"
"http://rdf-plantmetwiki.bioinformatics.nl/pathways/PC1027","2"
"http://rdf-plantmetwiki.bioinformatics.nl/pathways/PC1106","2"
"http://rdf-plantmetwiki.bioinformatics.nl/pathways/PC497","2"
"http://rdf-plantmetwiki.bioinformatics.nl/pathways/PC638","2"
"http://rdf-plantmetwiki.bioinformatics.nl/pathways/PC449","2"
"http://rdf-plantmetwiki.bioinformatics.nl/pathways/PC855","2"
"http://rdf-plantmetwiki.bioinformatics.nl/pathways/PC26","2"
"http://rdf-plantmetwiki.bioinformatics.nl/pathways/PC480","2"
"http://rdf-plantmetwiki.bioinformatics.nl/pathways/PC923","2"
"http://rdf-plantmetwiki.bioinformatics.nl/pathways/PC709","2"
"http://rdf-plantmetwiki.bioinformatics.nl/pathways/PC345","2"
"http://rdf-plantmetwiki.bioinformatics.nl/pathways/PC100","2"
"http://rdf-plantmetwiki.bioinformatics.nl/pathways/PC181","2"
"http://rdf-plantmetwiki.bioinformatics.nl/pathways/PC213","2"
"http://rdf-plantmetwiki.bioinformatics.nl/pathways/PC30","2"
"http://rdf-plantmetwiki.bioinformatics.nl/pathways/PC676","2"
"http://rdf-plantmetwiki.bioinformatics.nl/pathways/PC336","2"
"http://rdf-plantmetwiki.bioinformatics.nl/pathways/PC371","2"
"http://rdf-plantmetwiki.bioinformatics.nl/pathways/PC903","2"
"http://rdf-plantmetwiki.bioinformatics.nl/pathways/PC1142","2"
"http://rdf-plantmetwiki.bioinformatics.nl/pathways/PC647","2"
"http://rdf-plantmetwiki.bioinformatics.nl/pathways/PC197","2"
"http://rdf-plantmetwiki.bioinformatics.nl/pathways/PC1085","2"
"http://rdf-plantmetwiki.bioinformatics.nl/pathways/PC833","2"
"http://rdf-plantmetwiki.bioinformatics.nl/pathways/PC1032","2"
"http://rdf-plantmetwiki.bioinformatics.nl/pathways/PC1099","2"
"http://rdf-plantmetwiki.bioinformatics.nl/pathways/PC413","2"
"http://rdf-plantmetwiki.bioinformatics.nl/pathways/PC363","2"
"http://rdf-plantmetwiki.bioinformatics.nl/pathways/PC1076","2"
"http://rdf-plantmetwiki.bioinformatics.nl/pathways/PC180","2"
"http://rdf-plantmetwiki.bioinformatics.nl/pathways/PC637","1"
"http://rdf-plantmetwiki.bioinformatics.nl/pathways/RC302","1"
"http://rdf-plantmetwiki.bioinformatics.nl/pathways/RC183","1"
"http://rdf-plantmetwiki.bioinformatics.nl/pathways/RC926","1"
"http://rdf-plantmetwiki.bioinformatics.nl/pathways/PC1042","1"
"http://rdf-plantmetwiki.bioinformatics.nl/pathways/RC1167","1"
"http://rdf-plantmetwiki.bioinformatics.nl/pathways/RC783","1"
"http://rdf-plantmetwiki.bioinformatics.nl/pathways/PC152","1"
"http://rdf-plantmetwiki.bioinformatics.nl/pathways/RC368","1"
"http://rdf-plantmetwiki.bioinformatics.nl/pathways/RC109","1"
"http://rdf-plantmetwiki.bioinformatics.nl/pathways/RC87","1"
"http://rdf-plantmetwiki.bioinformatics.nl/pathways/RC177","1"
"http://rdf-plantmetwiki.bioinformatics.nl/pathways/RC405","1"
"http://rdf-plantmetwiki.bioinformatics.nl/pathways/RC621","1"
"http://rdf-plantmetwiki.bioinformatics.nl/pathways/PC506","1"
"http://rdf-plantmetwiki.bioinformatics.nl/pathways/RC18","1"
"http://rdf-plantmetwiki.bioinformatics.nl/pathways/PC688","1"
"http://rdf-plantmetwiki.bioinformatics.nl/pathways/RC170","1"
"http://rdf-plantmetwiki.bioinformatics.nl/pathways/PC260","1"
"http://rdf-plantmetwiki.bioinformatics.nl/pathways/RC735","1"
"http://rdf-plantmetwiki.bioinformatics.nl/pathways/RC933","1"
"http://rdf-plantmetwiki.bioinformatics.nl/pathways/PC199","1"
"http://rdf-plantmetwiki.bioinformatics.nl/pathways/PC467","1"
"http://rdf-plantmetwiki.bioinformatics.nl/pathways/RC917","1"
"http://rdf-plantmetwiki.bioinformatics.nl/pathways/PC111","1"
"http://rdf-plantmetwiki.bioinformatics.nl/pathways/RC867","1"
"http://rdf-plantmetwiki.bioinformatics.nl/pathways/RC1244","1"
"http://rdf-plantmetwiki.bioinformatics.nl/pathways/RC779","1"
"http://rdf-plantmetwiki.bioinformatics.nl/pathways/RC804","1"
"http://rdf-plantmetwiki.bioinformatics.nl/pathways/RC776","1"
"http://rdf-plantmetwiki.bioinformatics.nl/pathways/RC363","1"
"http://rdf-plantmetwiki.bioinformatics.nl/pathways/PC581","1"
"http://rdf-plantmetwiki.bioinformatics.nl/pathways/RC1176","1"
"http://rdf-plantmetwiki.bioinformatics.nl/pathways/RC430","1"
"http://rdf-plantmetwiki.bioinformatics.nl/pathways/RC1264","1"
"http://rdf-plantmetwiki.bioinformatics.nl/pathways/PC686","1"
"http://rdf-plantmetwiki.bioinformatics.nl/pathways/RC397","1"
"http://rdf-plantmetwiki.bioinformatics.nl/pathways/RC335","1"
"http://rdf-plantmetwiki.bioinformatics.nl/pathways/RC299","1"
"http://rdf-plantmetwiki.bioinformatics.nl/pathways/RC597","1"
"http://rdf-plantmetwiki.bioinformatics.nl/pathways/RC889","1"
"http://rdf-plantmetwiki.bioinformatics.nl/pathways/RC464","1"
"http://rdf-plantmetwiki.bioinformatics.nl/pathways/PC476","1"
"http://rdf-plantmetwiki.bioinformatics.nl/pathways/RC520","1"
"http://rdf-plantmetwiki.bioinformatics.nl/pathways/RC1127","1"
"http://rdf-plantmetwiki.bioinformatics.nl/pathways/RC849","1"
"http://rdf-plantmetwiki.bioinformatics.nl/pathways/RC313","1"
"http://rdf-plantmetwiki.bioinformatics.nl/pathways/RC276","1"
"http://rdf-plantmetwiki.bioinformatics.nl/pathways/RC51","1"
"http://rdf-plantmetwiki.bioinformatics.nl/pathways/RC213","1"
"http://rdf-plantmetwiki.bioinformatics.nl/pathways/RC807","1"
"http://rdf-plantmetwiki.bioinformatics.nl/pathways/RC212","1"
"http://rdf-plantmetwiki.bioinformatics.nl/pathways/RC790","1"
"http://rdf-plantmetwiki.bioinformatics.nl/pathways/RC240","1"
"http://rdf-plantmetwiki.bioinformatics.nl/pathways/PC437","1"
"http://rdf-plantmetwiki.bioinformatics.nl/pathways/PC703","1"
"http://rdf-plantmetwiki.bioinformatics.nl/pathways/PC1127","1"
"http://rdf-plantmetwiki.bioinformatics.nl/pathways/RC601","1"
"http://rdf-plantmetwiki.bioinformatics.nl/pathways/PC716","1"
"http://rdf-plantmetwiki.bioinformatics.nl/pathways/RC552","1"
"http://rdf-plantmetwiki.bioinformatics.nl/pathways/RC173","1"
"http://rdf-plantmetwiki.bioinformatics.nl/pathways/RC370","1"
"http://rdf-plantmetwiki.bioinformatics.nl/pathways/RC1183","1"
"http://rdf-plantmetwiki.bioinformatics.nl/pathways/PC118","1"
"http://rdf-plantmetwiki.bioinformatics.nl/pathways/RC571","1"
"http://rdf-plantmetwiki.bioinformatics.nl/pathways/RC651","1"
"http://rdf-plantmetwiki.bioinformatics.nl/pathways/RC298","1"
"http://rdf-plantmetwiki.bioinformatics.nl/pathways/RC799","1"
"http://rdf-plantmetwiki.bioinformatics.nl/pathways/RC679","1"
"http://rdf-plantmetwiki.bioinformatics.nl/pathways/RC852","1"
"http://rdf-plantmetwiki.bioinformatics.nl/pathways/RC1115","1"
"http://rdf-plantmetwiki.bioinformatics.nl/pathways/RC906","1"
"http://rdf-plantmetwiki.bioinformatics.nl/pathways/PC175","1"
"http://rdf-plantmetwiki.bioinformatics.nl/pathways/PC838","1"
"http://rdf-plantmetwiki.bioinformatics.nl/pathways/RC831","1"
"http://rdf-plantmetwiki.bioinformatics.nl/pathways/PC999","1"
"http://rdf-plantmetwiki.bioinformatics.nl/pathways/RC973","1"
"http://rdf-plantmetwiki.bioinformatics.nl/pathways/RC248","1"
"http://rdf-plantmetwiki.bioinformatics.nl/pathways/RC382","1"
"http://rdf-plantmetwiki.bioinformatics.nl/pathways/RC389","1"
"http://rdf-plantmetwiki.bioinformatics.nl/pathways/RC606","1"
"http://rdf-plantmetwiki.bioinformatics.nl/pathways/RC591","1"
"http://rdf-plantmetwiki.bioinformatics.nl/pathways/RC304","1"
"http://rdf-plantmetwiki.bioinformatics.nl/pathways/RC210","1"
"http://rdf-plantmetwiki.bioinformatics.nl/pathways/PC225","1"
"http://rdf-plantmetwiki.bioinformatics.nl/pathways/RC375","1"
"http://rdf-plantmetwiki.bioinformatics.nl/pathways/RC893","1"
"http://rdf-plantmetwiki.bioinformatics.nl/pathways/RC827","1"
"http://rdf-plantmetwiki.bioinformatics.nl/pathways/RC697","1"
"http://rdf-plantmetwiki.bioinformatics.nl/pathways/RC648","1"
"http://rdf-plantmetwiki.bioinformatics.nl/pathways/RC1153","1"
"http://rdf-plantmetwiki.bioinformatics.nl/pathways/PC10","1"
"http://rdf-plantmetwiki.bioinformatics.nl/pathways/RC683","1"
"http://rdf-plantmetwiki.bioinformatics.nl/pathways/RC8","1"
"http://rdf-plantmetwiki.bioinformatics.nl/pathways/RC1021","1"
"http://rdf-plantmetwiki.bioinformatics.nl/pathways/RC536","1"
"http://rdf-plantmetwiki.bioinformatics.nl/pathways/RC1017","1"
"http://rdf-plantmetwiki.bioinformatics.nl/pathways/RC976","1"
"http://rdf-plantmetwiki.bioinformatics.nl/pathways/PC614","1"
"http://rdf-plantmetwiki.bioinformatics.nl/pathways/RC103","1"
"http://rdf-plantmetwiki.bioinformatics.nl/pathways/RC1116","1"
"http://rdf-plantmetwiki.bioinformatics.nl/pathways/RC1278","1"
"http://rdf-plantmetwiki.bioinformatics.nl/pathways/RC669","1"
"http://rdf-plantmetwiki.bioinformatics.nl/pathways/RC151","1"
"http://rdf-plantmetwiki.bioinformatics.nl/pathways/RC1234","1"
"http://rdf-plantmetwiki.bioinformatics.nl/pathways/RC1053","1"
"http://rdf-plantmetwiki.bioinformatics.nl/pathways/RC1031","1"
"http://rdf-plantmetwiki.bioinformatics.nl/pathways/PC861","1"
"http://rdf-plantmetwiki.bioinformatics.nl/pathways/PC982","1"
"http://rdf-plantmetwiki.bioinformatics.nl/pathways/PC679","1"
"http://rdf-plantmetwiki.bioinformatics.nl/pathways/RC1027","1"
"http://rdf-plantmetwiki.bioinformatics.nl/pathways/RC146","1"
"http://rdf-plantmetwiki.bioinformatics.nl/pathways/RC33","1"
"http://rdf-plantmetwiki.bioinformatics.nl/pathways/RC442","1"
"http://rdf-plantmetwiki.bioinformatics.nl/pathways/RC96","1"
"http://rdf-plantmetwiki.bioinformatics.nl/pathways/RC40","1"
"http://rdf-plantmetwiki.bioinformatics.nl/pathways/RC1058","1"
"http://rdf-plantmetwiki.bioinformatics.nl/pathways/RC322","1"
"http://rdf-plantmetwiki.bioinformatics.nl/pathways/RC662","1"
"http://rdf-plantmetwiki.bioinformatics.nl/pathways/RC1185","1"
"http://rdf-plantmetwiki.bioinformatics.nl/pathways/RC253","1"
"http://rdf-plantmetwiki.bioinformatics.nl/pathways/RC948","1"
"http://rdf-plantmetwiki.bioinformatics.nl/pathways/RC1038","1"
"http://rdf-plantmetwiki.bioinformatics.nl/pathways/RC558","1"
"http://rdf-plantmetwiki.bioinformatics.nl/pathways/RC944","1"
"http://rdf-plantmetwiki.bioinformatics.nl/pathways/RC88","1"
"http://rdf-plantmetwiki.bioinformatics.nl/pathways/RC407","1"
"http://rdf-plantmetwiki.bioinformatics.nl/pathways/RC1285","1"
"http://rdf-plantmetwiki.bioinformatics.nl/pathways/PC1002","1"
"http://rdf-plantmetwiki.bioinformatics.nl/pathways/RC892","1"
"http://rdf-plantmetwiki.bioinformatics.nl/pathways/RC394","1"
"http://rdf-plantmetwiki.bioinformatics.nl/pathways/RC31","1"
"http://rdf-plantmetwiki.bioinformatics.nl/pathways/RC219","1"
"http://rdf-plantmetwiki.bioinformatics.nl/pathways/PC847","1"
"http://rdf-plantmetwiki.bioinformatics.nl/pathways/RC737","1"
"http://rdf-plantmetwiki.bioinformatics.nl/pathways/RC351","1"
"http://rdf-plantmetwiki.bioinformatics.nl/pathways/PC380","1"
"http://rdf-plantmetwiki.bioinformatics.nl/pathways/RC881","1"
"http://rdf-plantmetwiki.bioinformatics.nl/pathways/RC1068","1"
"http://rdf-plantmetwiki.bioinformatics.nl/pathways/RC47","1"
"http://rdf-plantmetwiki.bioinformatics.nl/pathways/RC959","1"
"http://rdf-plantmetwiki.bioinformatics.nl/pathways/RC999","1"
"http://rdf-plantmetwiki.bioinformatics.nl/pathways/RC215","1"
"http://rdf-plantmetwiki.bioinformatics.nl/pathways/PC21","1"
"http://rdf-plantmetwiki.bioinformatics.nl/pathways/PC362","1"
"http://rdf-plantmetwiki.bioinformatics.nl/pathways/PC525","1"
"http://rdf-plantmetwiki.bioinformatics.nl/pathways/RC817","1"
"http://rdf-plantmetwiki.bioinformatics.nl/pathways/RC154","1"
"http://rdf-plantmetwiki.bioinformatics.nl/pathways/RC839","1"
"http://rdf-plantmetwiki.bioinformatics.nl/pathways/PC900","1"
"http://rdf-plantmetwiki.bioinformatics.nl/pathways/RC527","1"
"http://rdf-plantmetwiki.bioinformatics.nl/pathways/RC4","1"
"http://rdf-plantmetwiki.bioinformatics.nl/pathways/RC1121","1"
"http://rdf-plantmetwiki.bioinformatics.nl/pathways/PC444","1"
"http://rdf-plantmetwiki.bioinformatics.nl/pathways/RC14","1"
"http://rdf-plantmetwiki.bioinformatics.nl/pathways/PC541","1"
"http://rdf-plantmetwiki.bioinformatics.nl/pathways/RC687","1"
"http://rdf-plantmetwiki.bioinformatics.nl/pathways/RC815","1"
"http://rdf-plantmetwiki.bioinformatics.nl/pathways/RC1081","1"
"http://rdf-plantmetwiki.bioinformatics.nl/pathways/RC439","1"
"http://rdf-plantmetwiki.bioinformatics.nl/pathways/RC600","1"
"http://rdf-plantmetwiki.bioinformatics.nl/pathways/RC429","1"
"http://rdf-plantmetwiki.bioinformatics.nl/pathways/PC25","1"
"http://rdf-plantmetwiki.bioinformatics.nl/pathways/RC846","1"
"http://rdf-plantmetwiki.bioinformatics.nl/pathways/RC314","1"
"http://rdf-plantmetwiki.bioinformatics.nl/pathways/RC396","1"
"http://rdf-plantmetwiki.bioinformatics.nl/pathways/RC418","1"
"http://rdf-plantmetwiki.bioinformatics.nl/pathways/PC826","1"
"http://rdf-plantmetwiki.bioinformatics.nl/pathways/RC1009","1"
"http://rdf-plantmetwiki.bioinformatics.nl/pathways/RC590","1"
"http://rdf-plantmetwiki.bioinformatics.nl/pathways/PC354","1"
"http://rdf-plantmetwiki.bioinformatics.nl/pathways/PC548","1"
"http://rdf-plantmetwiki.bioinformatics.nl/pathways/RC1050","1"
"http://rdf-plantmetwiki.bioinformatics.nl/pathways/RC286","1"
"http://rdf-plantmetwiki.bioinformatics.nl/pathways/RC645","1"
"http://rdf-plantmetwiki.bioinformatics.nl/pathways/RC487","1"
"http://rdf-plantmetwiki.bioinformatics.nl/pathways/RC1224","1"
"http://rdf-plantmetwiki.bioinformatics.nl/pathways/RC231","1"
"http://rdf-plantmetwiki.bioinformatics.nl/pathways/RC684","1"
"http://rdf-plantmetwiki.bioinformatics.nl/pathways/RC2","1"
"http://rdf-plantmetwiki.bioinformatics.nl/pathways/RC1085","1"
"http://rdf-plantmetwiki.bioinformatics.nl/pathways/RC1067","1"
"http://rdf-plantmetwiki.bioinformatics.nl/pathways/RC782","1"
"http://rdf-plantmetwiki.bioinformatics.nl/pathways/RC1103","1"
"http://rdf-plantmetwiki.bioinformatics.nl/pathways/RC1148","1"
"http://rdf-plantmetwiki.bioinformatics.nl/pathways/RC1172","1"
"http://rdf-plantmetwiki.bioinformatics.nl/pathways/RC676","1"
"http://rdf-plantmetwiki.bioinformatics.nl/pathways/PC907","1"
"http://rdf-plantmetwiki.bioinformatics.nl/pathways/RC150","1"
"http://rdf-plantmetwiki.bioinformatics.nl/pathways/RC1095","1"
"http://rdf-plantmetwiki.bioinformatics.nl/pathways/PC185","1"
"http://rdf-plantmetwiki.bioinformatics.nl/pathways/PC700","1"
"http://rdf-plantmetwiki.bioinformatics.nl/pathways/RC576","1"
"http://rdf-plantmetwiki.bioinformatics.nl/pathways/RC138","1"
"http://rdf-plantmetwiki.bioinformatics.nl/pathways/RC945","1"
"http://rdf-plantmetwiki.bioinformatics.nl/pathways/RC258","1"
"http://rdf-plantmetwiki.bioinformatics.nl/pathways/RC147","1"
"http://rdf-plantmetwiki.bioinformatics.nl/pathways/RC1073","1"
"http://rdf-plantmetwiki.bioinformatics.nl/pathways/RC754","1"
"http://rdf-plantmetwiki.bioinformatics.nl/pathways/RC977","1"
"http://rdf-plantmetwiki.bioinformatics.nl/pathways/RC559","1"
"http://rdf-plantmetwiki.bioinformatics.nl/pathways/PC469","1"
"http://rdf-plantmetwiki.bioinformatics.nl/pathways/RC696","1"
"http://rdf-plantmetwiki.bioinformatics.nl/pathways/RC468","1"
"http://rdf-plantmetwiki.bioinformatics.nl/pathways/RC259","1"
"http://rdf-plantmetwiki.bioinformatics.nl/pathways/RC307","1"
"http://rdf-plantmetwiki.bioinformatics.nl/pathways/RC331","1"
"http://rdf-plantmetwiki.bioinformatics.nl/pathways/PC740","1"
"http://rdf-plantmetwiki.bioinformatics.nl/pathways/RC37","1"
"http://rdf-plantmetwiki.bioinformatics.nl/pathways/RC460","1"
"http://rdf-plantmetwiki.bioinformatics.nl/pathways/RC416","1"
"http://rdf-plantmetwiki.bioinformatics.nl/pathways/RC968","1"
"http://rdf-plantmetwiki.bioinformatics.nl/pathways/RC1034","1"
"http://rdf-plantmetwiki.bioinformatics.nl/pathways/RC256","1"
"http://rdf-plantmetwiki.bioinformatics.nl/pathways/RC165","1"
"http://rdf-plantmetwiki.bioinformatics.nl/pathways/PC940","1"
"http://rdf-plantmetwiki.bioinformatics.nl/pathways/RC1199","1"
"http://rdf-plantmetwiki.bioinformatics.nl/pathways/PC1030","1"
"http://rdf-plantmetwiki.bioinformatics.nl/pathways/PC750","1"
"http://rdf-plantmetwiki.bioinformatics.nl/pathways/RC296","1"
"http://rdf-plantmetwiki.bioinformatics.nl/pathways/RC84","1"
"http://rdf-plantmetwiki.bioinformatics.nl/pathways/PC701","1"
"http://rdf-plantmetwiki.bioinformatics.nl/pathways/PC299","1"
"http://rdf-plantmetwiki.bioinformatics.nl/pathways/PC569","1"
"http://rdf-plantmetwiki.bioinformatics.nl/pathways/PC61","1"
"http://rdf-plantmetwiki.bioinformatics.nl/pathways/RC803","1"
"http://rdf-plantmetwiki.bioinformatics.nl/pathways/RC406","1"
"http://rdf-plantmetwiki.bioinformatics.nl/pathways/PC275","1"
"http://rdf-plantmetwiki.bioinformatics.nl/pathways/RC148","1"
"http://rdf-plantmetwiki.bioinformatics.nl/pathways/PC1095","1"
"http://rdf-plantmetwiki.bioinformatics.nl/pathways/RC781","1"
"http://rdf-plantmetwiki.bioinformatics.nl/pathways/RC472","1"
"http://rdf-plantmetwiki.bioinformatics.nl/pathways/RC922","1"
"http://rdf-plantmetwiki.bioinformatics.nl/pathways/PC77","1"
"http://rdf-plantmetwiki.bioinformatics.nl/pathways/RC1200","1"
"http://rdf-plantmetwiki.bioinformatics.nl/pathways/PC9","1"
"http://rdf-plantmetwiki.bioinformatics.nl/pathways/RC857","1"
"http://rdf-plantmetwiki.bioinformatics.nl/pathways/PC244","1"
"http://rdf-plantmetwiki.bioinformatics.nl/pathways/PC120","1"
"http://rdf-plantmetwiki.bioinformatics.nl/pathways/RC390","1"
"http://rdf-plantmetwiki.bioinformatics.nl/pathways/PC173","1"
"http://rdf-plantmetwiki.bioinformatics.nl/pathways/RC525","1"
"http://rdf-plantmetwiki.bioinformatics.nl/pathways/RC935","1"
"http://rdf-plantmetwiki.bioinformatics.nl/pathways/RC232","1"
"http://rdf-plantmetwiki.bioinformatics.nl/pathways/RC493","1"
"http://rdf-plantmetwiki.bioinformatics.nl/pathways/RC1206","1"
"http://rdf-plantmetwiki.bioinformatics.nl/pathways/RC1018","1"
"http://rdf-plantmetwiki.bioinformatics.nl/pathways/RC484","1"
"http://rdf-plantmetwiki.bioinformatics.nl/pathways/PC1037","1"
"http://rdf-plantmetwiki.bioinformatics.nl/pathways/RC563","1"
"http://rdf-plantmetwiki.bioinformatics.nl/pathways/RC641","1"
"http://rdf-plantmetwiki.bioinformatics.nl/pathways/PC768","1"
"http://rdf-plantmetwiki.bioinformatics.nl/pathways/RC111","1"
"http://rdf-plantmetwiki.bioinformatics.nl/pathways/RC1110","1"
"http://rdf-plantmetwiki.bioinformatics.nl/pathways/PC417","1"
"http://rdf-plantmetwiki.bioinformatics.nl/pathways/RC297","1"
"http://rdf-plantmetwiki.bioinformatics.nl/pathways/PC196","1"
"http://rdf-plantmetwiki.bioinformatics.nl/pathways/RC420","1"
"http://rdf-plantmetwiki.bioinformatics.nl/pathways/RC771","1"
"http://rdf-plantmetwiki.bioinformatics.nl/pathways/RC545","1"
"http://rdf-plantmetwiki.bioinformatics.nl/pathways/RC1023","1"
"http://rdf-plantmetwiki.bioinformatics.nl/pathways/RC164","1"
"http://rdf-plantmetwiki.bioinformatics.nl/pathways/RC675","1"
"http://rdf-plantmetwiki.bioinformatics.nl/pathways/RC1197","1"
"http://rdf-plantmetwiki.bioinformatics.nl/pathways/PC763","1"
"http://rdf-plantmetwiki.bioinformatics.nl/pathways/RC714","1"
"http://rdf-plantmetwiki.bioinformatics.nl/pathways/RC755","1"
"http://rdf-plantmetwiki.bioinformatics.nl/pathways/PC151","1"
"http://rdf-plantmetwiki.bioinformatics.nl/pathways/RC1251","1"
"http://rdf-plantmetwiki.bioinformatics.nl/pathways/RC376","1"
"http://rdf-plantmetwiki.bioinformatics.nl/pathways/PC1071","1"
"http://rdf-plantmetwiki.bioinformatics.nl/pathways/PC291","1"
"http://rdf-plantmetwiki.bioinformatics.nl/pathways/RC94","1"
"http://rdf-plantmetwiki.bioinformatics.nl/pathways/RC1012","1"
"http://rdf-plantmetwiki.bioinformatics.nl/pathways/RC28","1"
"http://rdf-plantmetwiki.bioinformatics.nl/pathways/RC167","1"
"http://rdf-plantmetwiki.bioinformatics.nl/pathways/PC319","1"
"http://rdf-plantmetwiki.bioinformatics.nl/pathways/RC435","1"
"http://rdf-plantmetwiki.bioinformatics.nl/pathways/PC853","1"
"http://rdf-plantmetwiki.bioinformatics.nl/pathways/PC887","1"
"http://rdf-plantmetwiki.bioinformatics.nl/pathways/RC532","1"
"http://rdf-plantmetwiki.bioinformatics.nl/pathways/RC1134","1"
"http://rdf-plantmetwiki.bioinformatics.nl/pathways/RC288","1"
"http://rdf-plantmetwiki.bioinformatics.nl/pathways/RC1178","1"
"http://rdf-plantmetwiki.bioinformatics.nl/pathways/PC390","1"
"http://rdf-plantmetwiki.bioinformatics.nl/pathways/PC1018","1"
"http://rdf-plantmetwiki.bioinformatics.nl/pathways/RC353","1"
"http://rdf-plantmetwiki.bioinformatics.nl/pathways/RC1267","1"
"http://rdf-plantmetwiki.bioinformatics.nl/pathways/RC824","1"
"http://rdf-plantmetwiki.bioinformatics.nl/pathways/RC603","1"
"http://rdf-plantmetwiki.bioinformatics.nl/pathways/PC702","1"
"http://rdf-plantmetwiki.bioinformatics.nl/pathways/PC167","1"
"http://rdf-plantmetwiki.bioinformatics.nl/pathways/PC1061","1"
"http://rdf-plantmetwiki.bioinformatics.nl/pathways/RC39","1"
"http://rdf-plantmetwiki.bioinformatics.nl/pathways/RC202","1"
"http://rdf-plantmetwiki.bioinformatics.nl/pathways/RC961","1"
"http://rdf-plantmetwiki.bioinformatics.nl/pathways/RC631","1"
"http://rdf-plantmetwiki.bioinformatics.nl/pathways/PC800","1"
"http://rdf-plantmetwiki.bioinformatics.nl/pathways/RC117","1"
"http://rdf-plantmetwiki.bioinformatics.nl/pathways/RC853","1"
"http://rdf-plantmetwiki.bioinformatics.nl/pathways/PC331","1"
"http://rdf-plantmetwiki.bioinformatics.nl/pathways/PC98","1"
"http://rdf-plantmetwiki.bioinformatics.nl/pathways/RC909","1"
"http://rdf-plantmetwiki.bioinformatics.nl/pathways/RC741","1"
"http://rdf-plantmetwiki.bioinformatics.nl/pathways/RC554","1"
"http://rdf-plantmetwiki.bioinformatics.nl/pathways/RC486","1"
"http://rdf-plantmetwiki.bioinformatics.nl/pathways/RC29","1"
"http://rdf-plantmetwiki.bioinformatics.nl/pathways/PC302","1"
"http://rdf-plantmetwiki.bioinformatics.nl/pathways/RC102","1"
"http://rdf-plantmetwiki.bioinformatics.nl/pathways/RC145","1"
"http://rdf-plantmetwiki.bioinformatics.nl/pathways/RC1092","1"
"http://rdf-plantmetwiki.bioinformatics.nl/pathways/RC294","1"
"http://rdf-plantmetwiki.bioinformatics.nl/pathways/RC1248","1"
"http://rdf-plantmetwiki.bioinformatics.nl/pathways/RC21","1"
"http://rdf-plantmetwiki.bioinformatics.nl/pathways/RC797","1"
"http://rdf-plantmetwiki.bioinformatics.nl/pathways/RC411","1"
"http://rdf-plantmetwiki.bioinformatics.nl/pathways/RC45","1"
"http://rdf-plantmetwiki.bioinformatics.nl/pathways/RC239","1"
"http://rdf-plantmetwiki.bioinformatics.nl/pathways/PC818","1"
"http://rdf-plantmetwiki.bioinformatics.nl/pathways/RC344","1"
"http://rdf-plantmetwiki.bioinformatics.nl/pathways/RC515","1"
"http://rdf-plantmetwiki.bioinformatics.nl/pathways/RC887","1"
"http://rdf-plantmetwiki.bioinformatics.nl/pathways/RC403","1"
"http://rdf-plantmetwiki.bioinformatics.nl/pathways/PC186","1"
"http://rdf-plantmetwiki.bioinformatics.nl/pathways/RC966","1"
"http://rdf-plantmetwiki.bioinformatics.nl/pathways/PC352","1"
"http://rdf-plantmetwiki.bioinformatics.nl/pathways/RC480","1"
"http://rdf-plantmetwiki.bioinformatics.nl/pathways/PC1","1"
"http://rdf-plantmetwiki.bioinformatics.nl/pathways/PC306","1"
"http://rdf-plantmetwiki.bioinformatics.nl/pathways/PC263","1"
"http://rdf-plantmetwiki.bioinformatics.nl/pathways/PC992","1"
"http://rdf-plantmetwiki.bioinformatics.nl/pathways/RC1123","1"
"http://rdf-plantmetwiki.bioinformatics.nl/pathways/RC189","1"
"http://rdf-plantmetwiki.bioinformatics.nl/pathways/PC565","1"
"http://rdf-plantmetwiki.bioinformatics.nl/pathways/RC149","1"
"http://rdf-plantmetwiki.bioinformatics.nl/pathways/RC477","1"
"http://rdf-plantmetwiki.bioinformatics.nl/pathways/RC882","1"
"http://rdf-plantmetwiki.bioinformatics.nl/pathways/RC542","1"
"http://rdf-plantmetwiki.bioinformatics.nl/pathways/RC1142","1"
"http://rdf-plantmetwiki.bioinformatics.nl/pathways/PC338","1"
"http://rdf-plantmetwiki.bioinformatics.nl/pathways/RC921","1"
"http://rdf-plantmetwiki.bioinformatics.nl/pathways/RC918","1"
"http://rdf-plantmetwiki.bioinformatics.nl/pathways/RC7","1"
"http://rdf-plantmetwiki.bioinformatics.nl/pathways/PC776","1"
"http://rdf-plantmetwiki.bioinformatics.nl/pathways/RC537","1"
"http://rdf-plantmetwiki.bioinformatics.nl/pathways/RC1254","1"
"http://rdf-plantmetwiki.bioinformatics.nl/pathways/RC1138","1"
"http://rdf-plantmetwiki.bioinformatics.nl/pathways/RC883","1"
"http://rdf-plantmetwiki.bioinformatics.nl/pathways/PC132","1"
"http://rdf-plantmetwiki.bioinformatics.nl/pathways/PC617","1"
"http://rdf-plantmetwiki.bioinformatics.nl/pathways/RC92","1"
"http://rdf-plantmetwiki.bioinformatics.nl/pathways/RC610","1"
"http://rdf-plantmetwiki.bioinformatics.nl/pathways/RC374","1"
"http://rdf-plantmetwiki.bioinformatics.nl/pathways/RC226","1"
"http://rdf-plantmetwiki.bioinformatics.nl/pathways/RC1049","1"
"http://rdf-plantmetwiki.bioinformatics.nl/pathways/PC742","1"
"http://rdf-plantmetwiki.bioinformatics.nl/pathways/PC108","1"
"http://rdf-plantmetwiki.bioinformatics.nl/pathways/RC522","1"
"http://rdf-plantmetwiki.bioinformatics.nl/pathways/RC254","1"
"http://rdf-plantmetwiki.bioinformatics.nl/pathways/RC1140","1"
"http://rdf-plantmetwiki.bioinformatics.nl/pathways/RC280","1"
"http://rdf-plantmetwiki.bioinformatics.nl/pathways/PC628","1"
"http://rdf-plantmetwiki.bioinformatics.nl/pathways/RC965","1"
"http://rdf-plantmetwiki.bioinformatics.nl/pathways/PC977","1"
"http://rdf-plantmetwiki.bioinformatics.nl/pathways/RC671","1"
"http://rdf-plantmetwiki.bioinformatics.nl/pathways/RC774","1"
"http://rdf-plantmetwiki.bioinformatics.nl/pathways/RC1007","1"
"http://rdf-plantmetwiki.bioinformatics.nl/pathways/RC1161","1"
"http://rdf-plantmetwiki.bioinformatics.nl/pathways/PC878","1"
"http://rdf-plantmetwiki.bioinformatics.nl/pathways/PC423","1"
"http://rdf-plantmetwiki.bioinformatics.nl/pathways/PC1048","1"
"http://rdf-plantmetwiki.bioinformatics.nl/pathways/RC1036","1"
"http://rdf-plantmetwiki.bioinformatics.nl/pathways/RC598","1"
"http://rdf-plantmetwiki.bioinformatics.nl/pathways/RC1300","1"
"http://rdf-plantmetwiki.bioinformatics.nl/pathways/PC536","1"
"http://rdf-plantmetwiki.bioinformatics.nl/pathways/RC1237","1"
"http://rdf-plantmetwiki.bioinformatics.nl/pathways/PC488","1"
"http://rdf-plantmetwiki.bioinformatics.nl/pathways/RC618","1"
"http://rdf-plantmetwiki.bioinformatics.nl/pathways/RC325","1"
"http://rdf-plantmetwiki.bioinformatics.nl/pathways/RC897","1"
"http://rdf-plantmetwiki.bioinformatics.nl/pathways/RC859","1"
"http://rdf-plantmetwiki.bioinformatics.nl/pathways/RC217","1"
"http://rdf-plantmetwiki.bioinformatics.nl/pathways/RC1035","1"
"http://rdf-plantmetwiki.bioinformatics.nl/pathways/RC786","1"
"http://rdf-plantmetwiki.bioinformatics.nl/pathways/PC210","1"
"http://rdf-plantmetwiki.bioinformatics.nl/pathways/RC1211","1"
"http://rdf-plantmetwiki.bioinformatics.nl/pathways/RC646","1"
"http://rdf-plantmetwiki.bioinformatics.nl/pathways/RC991","1"
"http://rdf-plantmetwiki.bioinformatics.nl/pathways/RC15","1"
"http://rdf-plantmetwiki.bioinformatics.nl/pathways/RC1274","1"
"http://rdf-plantmetwiki.bioinformatics.nl/pathways/RC13","1"
"http://rdf-plantmetwiki.bioinformatics.nl/pathways/RC62","1"
"http://rdf-plantmetwiki.bioinformatics.nl/pathways/RC305","1"
"http://rdf-plantmetwiki.bioinformatics.nl/pathways/PC1093","1"
"http://rdf-plantmetwiki.bioinformatics.nl/pathways/RC1169","1"
"http://rdf-plantmetwiki.bioinformatics.nl/pathways/PC983","1"
"http://rdf-plantmetwiki.bioinformatics.nl/pathways/PC15","1"
"http://rdf-plantmetwiki.bioinformatics.nl/pathways/RC17","1"
"http://rdf-plantmetwiki.bioinformatics.nl/pathways/RC1271","1"
"http://rdf-plantmetwiki.bioinformatics.nl/pathways/PC917","1"
"http://rdf-plantmetwiki.bioinformatics.nl/pathways/RC1063","1"
"http://rdf-plantmetwiki.bioinformatics.nl/pathways/RC450","1"
"http://rdf-plantmetwiki.bioinformatics.nl/pathways/RC596","1"
"http://rdf-plantmetwiki.bioinformatics.nl/pathways/RC785","1"
"http://rdf-plantmetwiki.bioinformatics.nl/pathways/RC718","1"
"http://rdf-plantmetwiki.bioinformatics.nl/pathways/RC509","1"
"http://rdf-plantmetwiki.bioinformatics.nl/pathways/RC886","1"
"http://rdf-plantmetwiki.bioinformatics.nl/pathways/RC553","1"
"http://rdf-plantmetwiki.bioinformatics.nl/pathways/PC530","1"
"http://rdf-plantmetwiki.bioinformatics.nl/pathways/PC1118","1"
"http://rdf-plantmetwiki.bioinformatics.nl/pathways/RC100","1"
"http://rdf-plantmetwiki.bioinformatics.nl/pathways/RC634","1"
"http://rdf-plantmetwiki.bioinformatics.nl/pathways/RC620","1"
"http://rdf-plantmetwiki.bioinformatics.nl/pathways/RC203","1"
"http://rdf-plantmetwiki.bioinformatics.nl/pathways/RC179","1"
"http://rdf-plantmetwiki.bioinformatics.nl/pathways/RC1011","1"
"http://rdf-plantmetwiki.bioinformatics.nl/pathways/PC948","1"
"http://rdf-plantmetwiki.bioinformatics.nl/pathways/RC612","1"
"http://rdf-plantmetwiki.bioinformatics.nl/pathways/RC1259","1"
"http://rdf-plantmetwiki.bioinformatics.nl/pathways/RC969","1"
"http://rdf-plantmetwiki.bioinformatics.nl/pathways/RC809","1"
"http://rdf-plantmetwiki.bioinformatics.nl/pathways/RC228","1"
"http://rdf-plantmetwiki.bioinformatics.nl/pathways/RC1168","1"
"http://rdf-plantmetwiki.bioinformatics.nl/pathways/RC1222","1"
"http://rdf-plantmetwiki.bioinformatics.nl/pathways/RC303","1"
"http://rdf-plantmetwiki.bioinformatics.nl/pathways/RC1091","1"
"http://rdf-plantmetwiki.bioinformatics.nl/pathways/RC1079","1"
"http://rdf-plantmetwiki.bioinformatics.nl/pathways/RC780","1"
"http://rdf-plantmetwiki.bioinformatics.nl/pathways/RC633","1"
"http://rdf-plantmetwiki.bioinformatics.nl/pathways/RC673","1"
"http://rdf-plantmetwiki.bioinformatics.nl/pathways/RC1182","1"
"http://rdf-plantmetwiki.bioinformatics.nl/pathways/RC711","1"
"http://rdf-plantmetwiki.bioinformatics.nl/pathways/PC654","1"
"http://rdf-plantmetwiki.bioinformatics.nl/pathways/RC1111","1"
"http://rdf-plantmetwiki.bioinformatics.nl/pathways/PC312","1"
"http://rdf-plantmetwiki.bioinformatics.nl/pathways/RC1165","1"
"http://rdf-plantmetwiki.bioinformatics.nl/pathways/RC410","1"
"http://rdf-plantmetwiki.bioinformatics.nl/pathways/PC443","1"
"http://rdf-plantmetwiki.bioinformatics.nl/pathways/RC58","1"
"http://rdf-plantmetwiki.bioinformatics.nl/pathways/PC587","1"
"http://rdf-plantmetwiki.bioinformatics.nl/pathways/RC191","1"
"http://rdf-plantmetwiki.bioinformatics.nl/pathways/PC816","1"
"http://rdf-plantmetwiki.bioinformatics.nl/pathways/RC371","1"
"http://rdf-plantmetwiki.bioinformatics.nl/pathways/RC761","1"
"http://rdf-plantmetwiki.bioinformatics.nl/pathways/PC616","1"
"http://rdf-plantmetwiki.bioinformatics.nl/pathways/RC974","1"
"http://rdf-plantmetwiki.bioinformatics.nl/pathways/RC207","1"
"http://rdf-plantmetwiki.bioinformatics.nl/pathways/RC365","1"
"http://rdf-plantmetwiki.bioinformatics.nl/pathways/RC1088","1"
"http://rdf-plantmetwiki.bioinformatics.nl/pathways/RC1164","1"
"http://rdf-plantmetwiki.bioinformatics.nl/pathways/RC1093","1"
"http://rdf-plantmetwiki.bioinformatics.nl/pathways/RC1210","1"
"http://rdf-plantmetwiki.bioinformatics.nl/pathways/RC483","1"
"http://rdf-plantmetwiki.bioinformatics.nl/pathways/RC61","1"
"http://rdf-plantmetwiki.bioinformatics.nl/pathways/PC1050","1"
"http://rdf-plantmetwiki.bioinformatics.nl/pathways/PC1116","1"
"http://rdf-plantmetwiki.bioinformatics.nl/pathways/RC949","1"
"http://rdf-plantmetwiki.bioinformatics.nl/pathways/RC708","1"
"http://rdf-plantmetwiki.bioinformatics.nl/pathways/PC492","1"
"http://rdf-plantmetwiki.bioinformatics.nl/pathways/PC313","1"
"http://rdf-plantmetwiki.bioinformatics.nl/pathways/RC1032","1"
"http://rdf-plantmetwiki.bioinformatics.nl/pathways/RC445","1"
"http://rdf-plantmetwiki.bioinformatics.nl/pathways/RC557","1"
"http://rdf-plantmetwiki.bioinformatics.nl/pathways/RC614","1"
"http://rdf-plantmetwiki.bioinformatics.nl/pathways/RC19","1"
"http://rdf-plantmetwiki.bioinformatics.nl/pathways/RC617","1"
"http://rdf-plantmetwiki.bioinformatics.nl/pathways/RC997","1"
"http://rdf-plantmetwiki.bioinformatics.nl/pathways/RC1145","1"
"http://rdf-plantmetwiki.bioinformatics.nl/pathways/RC575","1"
"http://rdf-plantmetwiki.bioinformatics.nl/pathways/RC695","1"
"http://rdf-plantmetwiki.bioinformatics.nl/pathways/RC252","1"
"http://rdf-plantmetwiki.bioinformatics.nl/pathways/RC650","1"
"http://rdf-plantmetwiki.bioinformatics.nl/pathways/RC760","1"
"http://rdf-plantmetwiki.bioinformatics.nl/pathways/RC391","1"
"http://rdf-plantmetwiki.bioinformatics.nl/pathways/RC27","1"
"http://rdf-plantmetwiki.bioinformatics.nl/pathways/PC859","1"
"http://rdf-plantmetwiki.bioinformatics.nl/pathways/PC747","1"
"http://rdf-plantmetwiki.bioinformatics.nl/pathways/RC444","1"
"http://rdf-plantmetwiki.bioinformatics.nl/pathways/RC317","1"
"http://rdf-plantmetwiki.bioinformatics.nl/pathways/PC925","1"
"http://rdf-plantmetwiki.bioinformatics.nl/pathways/RC1150","1"
"http://rdf-plantmetwiki.bioinformatics.nl/pathways/RC427","1"
"http://rdf-plantmetwiki.bioinformatics.nl/pathways/RC1056","1"
"http://rdf-plantmetwiki.bioinformatics.nl/pathways/RC341","1"
"http://rdf-plantmetwiki.bioinformatics.nl/pathways/PC535","1"
"http://rdf-plantmetwiki.bioinformatics.nl/pathways/RC237","1"
"http://rdf-plantmetwiki.bioinformatics.nl/pathways/RC869","1"
"http://rdf-plantmetwiki.bioinformatics.nl/pathways/RC793","1"
"http://rdf-plantmetwiki.bioinformatics.nl/pathways/RC1236","1"
"http://rdf-plantmetwiki.bioinformatics.nl/pathways/RC518","1"
"http://rdf-plantmetwiki.bioinformatics.nl/pathways/RC246","1"
"http://rdf-plantmetwiki.bioinformatics.nl/pathways/RC870","1"
"http://rdf-plantmetwiki.bioinformatics.nl/pathways/RC400","1"
"http://rdf-plantmetwiki.bioinformatics.nl/pathways/RC862","1"
"http://rdf-plantmetwiki.bioinformatics.nl/pathways/RC544","1"
"http://rdf-plantmetwiki.bioinformatics.nl/pathways/RC1232","1"
"http://rdf-plantmetwiki.bioinformatics.nl/pathways/RC312","1"
"http://rdf-plantmetwiki.bioinformatics.nl/pathways/RC453","1"
"http://rdf-plantmetwiki.bioinformatics.nl/pathways/RC742","1"
"http://rdf-plantmetwiki.bioinformatics.nl/pathways/PC557","1"
"http://rdf-plantmetwiki.bioinformatics.nl/pathways/RC1108","1"
"http://rdf-plantmetwiki.bioinformatics.nl/pathways/PC1068","1"
"http://rdf-plantmetwiki.bioinformatics.nl/pathways/RC274","1"
"http://rdf-plantmetwiki.bioinformatics.nl/pathways/RC979","1"
"http://rdf-plantmetwiki.bioinformatics.nl/pathways/PC406","1"
"http://rdf-plantmetwiki.bioinformatics.nl/pathways/PC368","1"
"http://rdf-plantmetwiki.bioinformatics.nl/pathways/PC1140","1"
"http://rdf-plantmetwiki.bioinformatics.nl/pathways/RC636","1"
"http://rdf-plantmetwiki.bioinformatics.nl/pathways/RC1198","1"
"http://rdf-plantmetwiki.bioinformatics.nl/pathways/RC1087","1"
"http://rdf-plantmetwiki.bioinformatics.nl/pathways/RC333","1"
"http://rdf-plantmetwiki.bioinformatics.nl/pathways/RC471","1"
"http://rdf-plantmetwiki.bioinformatics.nl/pathways/RC1025","1"
"http://rdf-plantmetwiki.bioinformatics.nl/pathways/RC1080","1"
"http://rdf-plantmetwiki.bioinformatics.nl/pathways/RC257","1"
"http://rdf-plantmetwiki.bioinformatics.nl/pathways/RC1005","1"
"http://rdf-plantmetwiki.bioinformatics.nl/pathways/RC1089","1"
"http://rdf-plantmetwiki.bioinformatics.nl/pathways/PC481","1"
"http://rdf-plantmetwiki.bioinformatics.nl/pathways/RC352","1"
"http://rdf-plantmetwiki.bioinformatics.nl/pathways/RC1225","1"
"http://rdf-plantmetwiki.bioinformatics.nl/pathways/RC858","1"
"http://rdf-plantmetwiki.bioinformatics.nl/pathways/RC225","1"
"http://rdf-plantmetwiki.bioinformatics.nl/pathways/PC154","1"
"http://rdf-plantmetwiki.bioinformatics.nl/pathways/RC434","1"
"http://rdf-plantmetwiki.bioinformatics.nl/pathways/PC1078","1"
"http://rdf-plantmetwiki.bioinformatics.nl/pathways/PC201","1"
"http://rdf-plantmetwiki.bioinformatics.nl/pathways/RC765","1"
"http://rdf-plantmetwiki.bioinformatics.nl/pathways/RC929","1"
"http://rdf-plantmetwiki.bioinformatics.nl/pathways/RC941","1"
"http://rdf-plantmetwiki.bioinformatics.nl/pathways/RC1227","1"
"http://rdf-plantmetwiki.bioinformatics.nl/pathways/PC769","1"
"http://rdf-plantmetwiki.bioinformatics.nl/pathways/RC1162","1"
"http://rdf-plantmetwiki.bioinformatics.nl/pathways/RC580","1"
"http://rdf-plantmetwiki.bioinformatics.nl/pathways/RC940","1"
"http://rdf-plantmetwiki.bioinformatics.nl/pathways/RC306","1"
"http://rdf-plantmetwiki.bioinformatics.nl/pathways/PC295","1"
"http://rdf-plantmetwiki.bioinformatics.nl/pathways/PC221","1"
"http://rdf-plantmetwiki.bioinformatics.nl/pathways/PC937","1"
"http://rdf-plantmetwiki.bioinformatics.nl/pathways/RC710","1"
"http://rdf-plantmetwiki.bioinformatics.nl/pathways/RC1112","1"
"http://rdf-plantmetwiki.bioinformatics.nl/pathways/RC3","1"
"http://rdf-plantmetwiki.bioinformatics.nl/pathways/PC71","1"
"http://rdf-plantmetwiki.bioinformatics.nl/pathways/RC243","1"
"http://rdf-plantmetwiki.bioinformatics.nl/pathways/RC1291","1"
"http://rdf-plantmetwiki.bioinformatics.nl/pathways/RC79","1"
"http://rdf-plantmetwiki.bioinformatics.nl/pathways/PC268","1"
"http://rdf-plantmetwiki.bioinformatics.nl/pathways/PC404","1"
"http://rdf-plantmetwiki.bioinformatics.nl/pathways/RC1204","1"
"http://rdf-plantmetwiki.bioinformatics.nl/pathways/PC607","1"
"http://rdf-plantmetwiki.bioinformatics.nl/pathways/PC33","1"
"http://rdf-plantmetwiki.bioinformatics.nl/pathways/PC50","1"
"http://rdf-plantmetwiki.bioinformatics.nl/pathways/RC579","1"
"http://rdf-plantmetwiki.bioinformatics.nl/pathways/RC24","1"
"http://rdf-plantmetwiki.bioinformatics.nl/pathways/PC572","1"
"http://rdf-plantmetwiki.bioinformatics.nl/pathways/PC1017","1"
"http://rdf-plantmetwiki.bioinformatics.nl/pathways/PC764","1"
"http://rdf-plantmetwiki.bioinformatics.nl/pathways/RC725","1"
"http://rdf-plantmetwiki.bioinformatics.nl/pathways/RC42","1"
"http://rdf-plantmetwiki.bioinformatics.nl/pathways/RC474","1"
"http://rdf-plantmetwiki.bioinformatics.nl/pathways/RC913","1"
"http://rdf-plantmetwiki.bioinformatics.nl/pathways/PC698","1"
"http://rdf-plantmetwiki.bioinformatics.nl/pathways/PC786","1"
"http://rdf-plantmetwiki.bioinformatics.nl/pathways/RC142","1"
"http://rdf-plantmetwiki.bioinformatics.nl/pathways/RC1132","1"
"http://rdf-plantmetwiki.bioinformatics.nl/pathways/PC773","1"
"http://rdf-plantmetwiki.bioinformatics.nl/pathways/PC83","1"
"http://rdf-plantmetwiki.bioinformatics.nl/pathways/PC386","1"
"http://rdf-plantmetwiki.bioinformatics.nl/pathways/RC632","1"
"http://rdf-plantmetwiki.bioinformatics.nl/pathways/RC702","1"
"http://rdf-plantmetwiki.bioinformatics.nl/pathways/RC1171","1"
"http://rdf-plantmetwiki.bioinformatics.nl/pathways/RC738","1"
"http://rdf-plantmetwiki.bioinformatics.nl/pathways/RC908","1"
"http://rdf-plantmetwiki.bioinformatics.nl/pathways/RC424","1"
"http://rdf-plantmetwiki.bioinformatics.nl/pathways/RC952","1"
"http://rdf-plantmetwiki.bioinformatics.nl/pathways/RC402","1"
"http://rdf-plantmetwiki.bioinformatics.nl/pathways/RC907","1"
"http://rdf-plantmetwiki.bioinformatics.nl/pathways/RC517","1"
"http://rdf-plantmetwiki.bioinformatics.nl/pathways/RC496","1"
"http://rdf-plantmetwiki.bioinformatics.nl/pathways/RC943","1"
"http://rdf-plantmetwiki.bioinformatics.nl/pathways/RC1170","1"
"http://rdf-plantmetwiki.bioinformatics.nl/pathways/RC425","1"
"http://rdf-plantmetwiki.bioinformatics.nl/pathways/RC1096","1"
"http://rdf-plantmetwiki.bioinformatics.nl/pathways/RC561","1"
"http://rdf-plantmetwiki.bioinformatics.nl/pathways/RC499","1"
"http://rdf-plantmetwiki.bioinformatics.nl/pathways/RC731","1"
"http://rdf-plantmetwiki.bioinformatics.nl/pathways/RC980","1"
"http://rdf-plantmetwiki.bioinformatics.nl/pathways/RC693","1"
"http://rdf-plantmetwiki.bioinformatics.nl/pathways/RC871","1"
"http://rdf-plantmetwiki.bioinformatics.nl/pathways/RC99","1"
"http://rdf-plantmetwiki.bioinformatics.nl/pathways/RC847","1"
"http://rdf-plantmetwiki.bioinformatics.nl/pathways/RC481","1"
"http://rdf-plantmetwiki.bioinformatics.nl/pathways/RC674","1"
"http://rdf-plantmetwiki.bioinformatics.nl/pathways/RC829","1"
"http://rdf-plantmetwiki.bioinformatics.nl/pathways/PC956","1"
"http://rdf-plantmetwiki.bioinformatics.nl/pathways/RC221","1"
"http://rdf-plantmetwiki.bioinformatics.nl/pathways/PC393","1"
"http://rdf-plantmetwiki.bioinformatics.nl/pathways/RC188","1"
"http://rdf-plantmetwiki.bioinformatics.nl/pathways/RC745","1"
"http://rdf-plantmetwiki.bioinformatics.nl/pathways/RC199","1"
"http://rdf-plantmetwiki.bioinformatics.nl/pathways/PC207","1"
"http://rdf-plantmetwiki.bioinformatics.nl/pathways/PC559","1"
"http://rdf-plantmetwiki.bioinformatics.nl/pathways/RC414","1"
"http://rdf-plantmetwiki.bioinformatics.nl/pathways/RC582","1"
"http://rdf-plantmetwiki.bioinformatics.nl/pathways/RC770","1"
"http://rdf-plantmetwiki.bioinformatics.nl/pathways/PC660","1"
"http://rdf-plantmetwiki.bioinformatics.nl/pathways/RC872","1"
"http://rdf-plantmetwiki.bioinformatics.nl/pathways/RC498","1"
"http://rdf-plantmetwiki.bioinformatics.nl/pathways/RC1039","1"
"http://rdf-plantmetwiki.bioinformatics.nl/pathways/PC748","1"
"http://rdf-plantmetwiki.bioinformatics.nl/pathways/RC197","1"
"http://rdf-plantmetwiki.bioinformatics.nl/pathways/PC756","1"
"http://rdf-plantmetwiki.bioinformatics.nl/pathways/PC761","1"
"http://rdf-plantmetwiki.bioinformatics.nl/pathways/RC1082","1"
"http://rdf-plantmetwiki.bioinformatics.nl/pathways/RC1270","1"
"http://rdf-plantmetwiki.bioinformatics.nl/pathways/RC38","1"
"http://rdf-plantmetwiki.bioinformatics.nl/pathways/RC744","1"
"http://rdf-plantmetwiki.bioinformatics.nl/pathways/RC1102","1"
"http://rdf-plantmetwiki.bioinformatics.nl/pathways/PC346","1"
"http://rdf-plantmetwiki.bioinformatics.nl/pathways/PC668","1"
"http://rdf-plantmetwiki.bioinformatics.nl/pathways/RC789","1"
"http://rdf-plantmetwiki.bioinformatics.nl/pathways/PC864","1"
"http://rdf-plantmetwiki.bioinformatics.nl/pathways/RC1194","1"
"http://rdf-plantmetwiki.bioinformatics.nl/pathways/RC131","1"
"http://rdf-plantmetwiki.bioinformatics.nl/pathways/PC860","1"
"http://rdf-plantmetwiki.bioinformatics.nl/pathways/RC1126","1"
"http://rdf-plantmetwiki.bioinformatics.nl/pathways/PC1124","1"
"http://rdf-plantmetwiki.bioinformatics.nl/pathways/RC983","1"
"http://rdf-plantmetwiki.bioinformatics.nl/pathways/RC680","1"
"http://rdf-plantmetwiki.bioinformatics.nl/pathways/RC310","1"
"http://rdf-plantmetwiki.bioinformatics.nl/pathways/RC855","1"
"http://rdf-plantmetwiki.bioinformatics.nl/pathways/PC854","1"
"http://rdf-plantmetwiki.bioinformatics.nl/pathways/RC885","1"
"http://rdf-plantmetwiki.bioinformatics.nl/pathways/PC564","1"
"http://rdf-plantmetwiki.bioinformatics.nl/pathways/RC236","1"
"http://rdf-plantmetwiki.bioinformatics.nl/pathways/RC535","1"
"http://rdf-plantmetwiki.bioinformatics.nl/pathways/RC1061","1"
"http://rdf-plantmetwiki.bioinformatics.nl/pathways/PC804","1"
"http://rdf-plantmetwiki.bioinformatics.nl/pathways/PC991","1"
"http://rdf-plantmetwiki.bioinformatics.nl/pathways/RC915","1"
"http://rdf-plantmetwiki.bioinformatics.nl/pathways/RC1107","1"
"http://rdf-plantmetwiki.bioinformatics.nl/pathways/PC28","1"
"http://rdf-plantmetwiki.bioinformatics.nl/pathways/RC521","1"
"http://rdf-plantmetwiki.bioinformatics.nl/pathways/PC113","1"
"http://rdf-plantmetwiki.bioinformatics.nl/pathways/PC238","1"
"http://rdf-plantmetwiki.bioinformatics.nl/pathways/PC391","1"
"http://rdf-plantmetwiki.bioinformatics.nl/pathways/RC812","1"
"http://rdf-plantmetwiki.bioinformatics.nl/pathways/PC96","1"
"http://rdf-plantmetwiki.bioinformatics.nl/pathways/RC565","1"
"http://rdf-plantmetwiki.bioinformatics.nl/pathways/RC1002","1"
"http://rdf-plantmetwiki.bioinformatics.nl/pathways/RC1019","1"
"http://rdf-plantmetwiki.bioinformatics.nl/pathways/RC5","1"
"http://rdf-plantmetwiki.bioinformatics.nl/pathways/RC834","1"
"http://rdf-plantmetwiki.bioinformatics.nl/pathways/RC408","1"
"http://rdf-plantmetwiki.bioinformatics.nl/pathways/RC1045","1"
"http://rdf-plantmetwiki.bioinformatics.nl/pathways/PC259","1"
"http://rdf-plantmetwiki.bioinformatics.nl/pathways/RC34","1"
"http://rdf-plantmetwiki.bioinformatics.nl/pathways/RC647","1"
"http://rdf-plantmetwiki.bioinformatics.nl/pathways/PC209","1"
"http://rdf-plantmetwiki.bioinformatics.nl/pathways/RC1040","1"
"http://rdf-plantmetwiki.bioinformatics.nl/pathways/PC874","1"
"http://rdf-plantmetwiki.bioinformatics.nl/pathways/RC691","1"
"http://rdf-plantmetwiki.bioinformatics.nl/pathways/RC343","1"
"http://rdf-plantmetwiki.bioinformatics.nl/pathways/RC902","1"
"http://rdf-plantmetwiki.bioinformatics.nl/pathways/RC1190","1"
"http://rdf-plantmetwiki.bioinformatics.nl/pathways/RC951","1"
"http://rdf-plantmetwiki.bioinformatics.nl/pathways/RC144","1"
"http://rdf-plantmetwiki.bioinformatics.nl/pathways/PC927","1"
"http://rdf-plantmetwiki.bioinformatics.nl/pathways/PC984","1"
"http://rdf-plantmetwiki.bioinformatics.nl/pathways/PC885","1"
"http://rdf-plantmetwiki.bioinformatics.nl/pathways/RC1163","1"
"http://rdf-plantmetwiki.bioinformatics.nl/pathways/PC538","1"
"http://rdf-plantmetwiki.bioinformatics.nl/pathways/RC901","1"
"http://rdf-plantmetwiki.bioinformatics.nl/pathways/RC538","1"
"http://rdf-plantmetwiki.bioinformatics.nl/pathways/PC12","1"
"http://rdf-plantmetwiki.bioinformatics.nl/pathways/RC900","1"
"http://rdf-plantmetwiki.bioinformatics.nl/pathways/RC1151","1"
"http://rdf-plantmetwiki.bioinformatics.nl/pathways/RC526","1"
"http://rdf-plantmetwiki.bioinformatics.nl/pathways/RC990","1"
"http://rdf-plantmetwiki.bioinformatics.nl/pathways/PC896","1"
"http://rdf-plantmetwiki.bioinformatics.nl/pathways/RC1277","1"
"http://rdf-plantmetwiki.bioinformatics.nl/pathways/RC200","1"
"http://rdf-plantmetwiki.bioinformatics.nl/pathways/RC273","1"
"http://rdf-plantmetwiki.bioinformatics.nl/pathways/RC1136","1"
"http://rdf-plantmetwiki.bioinformatics.nl/pathways/RC1235","1"
"http://rdf-plantmetwiki.bioinformatics.nl/pathways/PC1058","1"
"http://rdf-plantmetwiki.bioinformatics.nl/pathways/RC216","1"
"http://rdf-plantmetwiki.bioinformatics.nl/pathways/RC465","1"
"http://rdf-plantmetwiki.bioinformatics.nl/pathways/RC574","1"
"http://rdf-plantmetwiki.bioinformatics.nl/pathways/RC282","1"
"http://rdf-plantmetwiki.bioinformatics.nl/pathways/RC356","1"
"http://rdf-plantmetwiki.bioinformatics.nl/pathways/RC953","1"
"http://rdf-plantmetwiki.bioinformatics.nl/pathways/PC611","1"
"http://rdf-plantmetwiki.bioinformatics.nl/pathways/RC808","1"
"http://rdf-plantmetwiki.bioinformatics.nl/pathways/PC193","1"
"http://rdf-plantmetwiki.bioinformatics.nl/pathways/PC27","1"
"http://rdf-plantmetwiki.bioinformatics.nl/pathways/PC964","1"
"http://rdf-plantmetwiki.bioinformatics.nl/pathways/RC896","1"
"http://rdf-plantmetwiki.bioinformatics.nl/pathways/RC795","1"
"http://rdf-plantmetwiki.bioinformatics.nl/pathways/RC388","1"
"http://rdf-plantmetwiki.bioinformatics.nl/pathways/PC788","1"
"http://rdf-plantmetwiki.bioinformatics.nl/pathways/RC927","1"
"http://rdf-plantmetwiki.bioinformatics.nl/pathways/RC660","1"
"http://rdf-plantmetwiki.bioinformatics.nl/pathways/RC611","1"
"http://rdf-plantmetwiki.bioinformatics.nl/pathways/RC661","1"
"http://rdf-plantmetwiki.bioinformatics.nl/pathways/RC764","1"
"http://rdf-plantmetwiki.bioinformatics.nl/pathways/PC591","1"
"http://rdf-plantmetwiki.bioinformatics.nl/pathways/RC510","1"
"http://rdf-plantmetwiki.bioinformatics.nl/pathways/RC71","1"
"http://rdf-plantmetwiki.bioinformatics.nl/pathways/RC724","1"
"http://rdf-plantmetwiki.bioinformatics.nl/pathways/RC1166","1"
"http://rdf-plantmetwiki.bioinformatics.nl/pathways/RC773","1"
"http://rdf-plantmetwiki.bioinformatics.nl/pathways/RC722","1"
"http://rdf-plantmetwiki.bioinformatics.nl/pathways/RC581","1"
"http://rdf-plantmetwiki.bioinformatics.nl/pathways/PC726","1"
"http://rdf-plantmetwiki.bioinformatics.nl/pathways/RC129","1"
"http://rdf-plantmetwiki.bioinformatics.nl/pathways/RC508","1"
"http://rdf-plantmetwiki.bioinformatics.nl/pathways/PC1053","1"
"http://rdf-plantmetwiki.bioinformatics.nl/pathways/RC342","1"
"http://rdf-plantmetwiki.bioinformatics.nl/pathways/RC534","1"
"http://rdf-plantmetwiki.bioinformatics.nl/pathways/PC1051","1"
"http://rdf-plantmetwiki.bioinformatics.nl/pathways/RC1076","1"
"http://rdf-plantmetwiki.bioinformatics.nl/pathways/RC360","1"
"http://rdf-plantmetwiki.bioinformatics.nl/pathways/PC946","1"
"http://rdf-plantmetwiki.bioinformatics.nl/pathways/RC319","1"
"http://rdf-plantmetwiki.bioinformatics.nl/pathways/RC967","1"
"http://rdf-plantmetwiki.bioinformatics.nl/pathways/PC495","1"
"http://rdf-plantmetwiki.bioinformatics.nl/pathways/RC694","1"
"http://rdf-plantmetwiki.bioinformatics.nl/pathways/RC924","1"
"http://rdf-plantmetwiki.bioinformatics.nl/pathways/RC954","1"
"http://rdf-plantmetwiki.bioinformatics.nl/pathways/RC794","1"
"http://rdf-plantmetwiki.bioinformatics.nl/pathways/RC380","1"
"http://rdf-plantmetwiki.bioinformatics.nl/pathways/RC720","1"
"http://rdf-plantmetwiki.bioinformatics.nl/pathways/RC762","1"
"http://rdf-plantmetwiki.bioinformatics.nl/pathways/RC6","1"
"http://rdf-plantmetwiki.bioinformatics.nl/pathways/PC537","1"
"http://rdf-plantmetwiki.bioinformatics.nl/pathways/RC269","1"
"http://rdf-plantmetwiki.bioinformatics.nl/pathways/RC106","1"
"http://rdf-plantmetwiki.bioinformatics.nl/pathways/PC375","1"
"http://rdf-plantmetwiki.bioinformatics.nl/pathways/PC67","1"
"http://rdf-plantmetwiki.bioinformatics.nl/pathways/PC1137","1"
"http://rdf-plantmetwiki.bioinformatics.nl/pathways/RC196","1"
"http://rdf-plantmetwiki.bioinformatics.nl/pathways/RC366","1"
"http://rdf-plantmetwiki.bioinformatics.nl/pathways/RC455","1"
"http://rdf-plantmetwiki.bioinformatics.nl/pathways/PC661","1"
"http://rdf-plantmetwiki.bioinformatics.nl/pathways/PC379","1"
"http://rdf-plantmetwiki.bioinformatics.nl/pathways/PC80","1"
"http://rdf-plantmetwiki.bioinformatics.nl/pathways/RC556","1"
"http://rdf-plantmetwiki.bioinformatics.nl/pathways/PC300","1"
"http://rdf-plantmetwiki.bioinformatics.nl/pathways/RC903","1"
"http://rdf-plantmetwiki.bioinformatics.nl/pathways/PC629","1"
"http://rdf-plantmetwiki.bioinformatics.nl/pathways/PC1057","1"
"http://rdf-plantmetwiki.bioinformatics.nl/pathways/RC301","1"
"http://rdf-plantmetwiki.bioinformatics.nl/pathways/RC1220","1"
"http://rdf-plantmetwiki.bioinformatics.nl/pathways/RC875","1"
"http://rdf-plantmetwiki.bioinformatics.nl/pathways/RC854","1"
"http://rdf-plantmetwiki.bioinformatics.nl/pathways/PC555","1"
"http://rdf-plantmetwiki.bioinformatics.nl/pathways/RC502","1"
"http://rdf-plantmetwiki.bioinformatics.nl/pathways/PC953","1"
"http://rdf-plantmetwiki.bioinformatics.nl/pathways/RC1272","1"
"http://rdf-plantmetwiki.bioinformatics.nl/pathways/PC502","1"
"http://rdf-plantmetwiki.bioinformatics.nl/pathways/PC571","1"
"http://rdf-plantmetwiki.bioinformatics.nl/pathways/RC995","1"
"http://rdf-plantmetwiki.bioinformatics.nl/pathways/PC1084","1"
"http://rdf-plantmetwiki.bioinformatics.nl/pathways/RC1037","1"
"http://rdf-plantmetwiki.bioinformatics.nl/pathways/PC509","1"
"http://rdf-plantmetwiki.bioinformatics.nl/pathways/PC1008","1"
"http://rdf-plantmetwiki.bioinformatics.nl/pathways/RC569","1"
"http://rdf-plantmetwiki.bioinformatics.nl/pathways/RC1072","1"
"http://rdf-plantmetwiki.bioinformatics.nl/pathways/PC798","1"
"http://rdf-plantmetwiki.bioinformatics.nl/pathways/RC245","1"
"http://rdf-plantmetwiki.bioinformatics.nl/pathways/RC1084","1"
"http://rdf-plantmetwiki.bioinformatics.nl/pathways/RC63","1"
"http://rdf-plantmetwiki.bioinformatics.nl/pathways/RC1141","1"
"http://rdf-plantmetwiki.bioinformatics.nl/pathways/RC1282","1"
"http://rdf-plantmetwiki.bioinformatics.nl/pathways/RC873","1"
"http://rdf-plantmetwiki.bioinformatics.nl/pathways/RC318","1"
"http://rdf-plantmetwiki.bioinformatics.nl/pathways/PC1107","1"
"http://rdf-plantmetwiki.bioinformatics.nl/pathways/RC1086","1"
"http://rdf-plantmetwiki.bioinformatics.nl/pathways/PC32","1"
"http://rdf-plantmetwiki.bioinformatics.nl/pathways/RC652","1"
"http://rdf-plantmetwiki.bioinformatics.nl/pathways/RC936","1"
"http://rdf-plantmetwiki.bioinformatics.nl/pathways/RC385","1"
"http://rdf-plantmetwiki.bioinformatics.nl/pathways/RC1189","1"
"http://rdf-plantmetwiki.bioinformatics.nl/pathways/PC165","1"
"http://rdf-plantmetwiki.bioinformatics.nl/pathways/RC772","1"
"http://rdf-plantmetwiki.bioinformatics.nl/pathways/RC201","1"
"http://rdf-plantmetwiki.bioinformatics.nl/pathways/RC916","1"
"http://rdf-plantmetwiki.bioinformatics.nl/pathways/RC211","1"
"http://rdf-plantmetwiki.bioinformatics.nl/pathways/PC1039","1"
"http://rdf-plantmetwiki.bioinformatics.nl/pathways/RC970","1"
"http://rdf-plantmetwiki.bioinformatics.nl/pathways/PC234","1"
"http://rdf-plantmetwiki.bioinformatics.nl/pathways/RC840","1"
"http://rdf-plantmetwiki.bioinformatics.nl/pathways/RC1252","1"
"http://rdf-plantmetwiki.bioinformatics.nl/pathways/RC354","1"
"http://rdf-plantmetwiki.bioinformatics.nl/pathways/RC516","1"
"http://rdf-plantmetwiki.bioinformatics.nl/pathways/RC1281","1"
"http://rdf-plantmetwiki.bioinformatics.nl/pathways/RC567","1"
"http://rdf-plantmetwiki.bioinformatics.nl/pathways/PC739","1"
"http://rdf-plantmetwiki.bioinformatics.nl/pathways/RC672","1"
"http://rdf-plantmetwiki.bioinformatics.nl/pathways/PC728","1"
"http://rdf-plantmetwiki.bioinformatics.nl/pathways/PC822","1"
"http://rdf-plantmetwiki.bioinformatics.nl/pathways/RC1288","1"
"http://rdf-plantmetwiki.bioinformatics.nl/pathways/RC361","1"
"http://rdf-plantmetwiki.bioinformatics.nl/pathways/RC1160","1"
"http://rdf-plantmetwiki.bioinformatics.nl/pathways/RC315","1"
"http://rdf-plantmetwiki.bioinformatics.nl/pathways/PC778","1"
"http://rdf-plantmetwiki.bioinformatics.nl/pathways/RC169","1"
"http://rdf-plantmetwiki.bioinformatics.nl/pathways/PC840","1"
"http://rdf-plantmetwiki.bioinformatics.nl/pathways/PC1066","1"
"http://rdf-plantmetwiki.bioinformatics.nl/pathways/PC1000","1"
"http://rdf-plantmetwiki.bioinformatics.nl/pathways/RC784","1"
"http://rdf-plantmetwiki.bioinformatics.nl/pathways/PC808","1"
"http://rdf-plantmetwiki.bioinformatics.nl/pathways/PC599","1"
"http://rdf-plantmetwiki.bioinformatics.nl/pathways/RC163","1"
"http://rdf-plantmetwiki.bioinformatics.nl/pathways/RC637","1"
"http://rdf-plantmetwiki.bioinformatics.nl/pathways/PC936","1"
"http://rdf-plantmetwiki.bioinformatics.nl/pathways/RC1114","1"
"http://rdf-plantmetwiki.bioinformatics.nl/pathways/RC615","1"
"http://rdf-plantmetwiki.bioinformatics.nl/pathways/RC767","1"
"http://rdf-plantmetwiki.bioinformatics.nl/pathways/RC1029","1"
"http://rdf-plantmetwiki.bioinformatics.nl/pathways/RC555","1"
"http://rdf-plantmetwiki.bioinformatics.nl/pathways/RC727","1"
"http://rdf-plantmetwiki.bioinformatics.nl/pathways/RC263","1"
"http://rdf-plantmetwiki.bioinformatics.nl/pathways/RC1175","1"
"http://rdf-plantmetwiki.bioinformatics.nl/pathways/PC524","1"
"http://rdf-plantmetwiki.bioinformatics.nl/pathways/RC791","1"
"http://rdf-plantmetwiki.bioinformatics.nl/pathways/RC700","1"
"http://rdf-plantmetwiki.bioinformatics.nl/pathways/RC1223","1"
"http://rdf-plantmetwiki.bioinformatics.nl/pathways/RC369","1"
"http://rdf-plantmetwiki.bioinformatics.nl/pathways/PC145","1"
"http://rdf-plantmetwiki.bioinformatics.nl/pathways/RC802","1"
"http://rdf-plantmetwiki.bioinformatics.nl/pathways/RC275","1"
"http://rdf-plantmetwiki.bioinformatics.nl/pathways/PC1087","1"
"http://rdf-plantmetwiki.bioinformatics.nl/pathways/PC783","1"
"http://rdf-plantmetwiki.bioinformatics.nl/pathways/PC902","1"
"http://rdf-plantmetwiki.bioinformatics.nl/pathways/RC82","1"
"http://rdf-plantmetwiki.bioinformatics.nl/pathways/PC1086","1"
"http://rdf-plantmetwiki.bioinformatics.nl/pathways/RC749","1"
"http://rdf-plantmetwiki.bioinformatics.nl/pathways/PC862","1"
"http://rdf-plantmetwiki.bioinformatics.nl/pathways/RC566","1"
"http://rdf-plantmetwiki.bioinformatics.nl/pathways/RC1218","1"
"http://rdf-plantmetwiki.bioinformatics.nl/pathways/RC227","1"
"http://rdf-plantmetwiki.bioinformatics.nl/pathways/PC212","1"
"http://rdf-plantmetwiki.bioinformatics.nl/pathways/RC704","1"
"http://rdf-plantmetwiki.bioinformatics.nl/pathways/PC732","1"
"http://rdf-plantmetwiki.bioinformatics.nl/pathways/PC1081","1"
"http://rdf-plantmetwiki.bioinformatics.nl/pathways/RC161","1"
"http://rdf-plantmetwiki.bioinformatics.nl/pathways/RC851","1"
"http://rdf-plantmetwiki.bioinformatics.nl/pathways/PC579","1"
"http://rdf-plantmetwiki.bioinformatics.nl/pathways/PC910","1"
"http://rdf-plantmetwiki.bioinformatics.nl/pathways/RC387","1"
"http://rdf-plantmetwiki.bioinformatics.nl/pathways/RC1117","1"
"http://rdf-plantmetwiki.bioinformatics.nl/pathways/RC942","1"
"http://rdf-plantmetwiki.bioinformatics.nl/pathways/RC1129","1"
"http://rdf-plantmetwiki.bioinformatics.nl/pathways/RC939","1"
"http://rdf-plantmetwiki.bioinformatics.nl/pathways/PC394","1"
"http://rdf-plantmetwiki.bioinformatics.nl/pathways/RC604","1"
"http://rdf-plantmetwiki.bioinformatics.nl/pathways/RC895","1"
"http://rdf-plantmetwiki.bioinformatics.nl/pathways/PC1114","1"
"http://rdf-plantmetwiki.bioinformatics.nl/pathways/PC1122","1"
"http://rdf-plantmetwiki.bioinformatics.nl/pathways/RC328","1"
"http://rdf-plantmetwiki.bioinformatics.nl/pathways/PC690","1"
"http://rdf-plantmetwiki.bioinformatics.nl/pathways/PC928","1"
"http://rdf-plantmetwiki.bioinformatics.nl/pathways/RC1296","1"
"http://rdf-plantmetwiki.bioinformatics.nl/pathways/RC613","1"
"http://rdf-plantmetwiki.bioinformatics.nl/pathways/RC568","1"
"http://rdf-plantmetwiki.bioinformatics.nl/pathways/RC187","1"
"http://rdf-plantmetwiki.bioinformatics.nl/pathways/PC102","1"
"http://rdf-plantmetwiki.bioinformatics.nl/pathways/PC879","1"
"http://rdf-plantmetwiki.bioinformatics.nl/pathways/RC438","1"
"http://rdf-plantmetwiki.bioinformatics.nl/pathways/PC806","1"
"http://rdf-plantmetwiki.bioinformatics.nl/pathways/PC922","1"
"http://rdf-plantmetwiki.bioinformatics.nl/pathways/RC279","1"
"http://rdf-plantmetwiki.bioinformatics.nl/pathways/PC129","1"
"http://rdf-plantmetwiki.bioinformatics.nl/pathways/RC665","1"
"http://rdf-plantmetwiki.bioinformatics.nl/pathways/PC791","1"
"http://rdf-plantmetwiki.bioinformatics.nl/pathways/RC1006","1"
"http://rdf-plantmetwiki.bioinformatics.nl/pathways/PC817","1"
"http://rdf-plantmetwiki.bioinformatics.nl/pathways/PC239","1"
"http://rdf-plantmetwiki.bioinformatics.nl/pathways/PC232","1"
"http://rdf-plantmetwiki.bioinformatics.nl/pathways/PC461","1"
"http://rdf-plantmetwiki.bioinformatics.nl/pathways/RC743","1"
"http://rdf-plantmetwiki.bioinformatics.nl/pathways/PC296","1"
"http://rdf-plantmetwiki.bioinformatics.nl/pathways/PC995","1"
"http://rdf-plantmetwiki.bioinformatics.nl/pathways/RC667","1"
"http://rdf-plantmetwiki.bioinformatics.nl/pathways/RC1229","1"
"http://rdf-plantmetwiki.bioinformatics.nl/pathways/RC800","1"
"http://rdf-plantmetwiki.bioinformatics.nl/pathways/RC283","1"
"http://rdf-plantmetwiki.bioinformatics.nl/pathways/RC1266","1"
"http://rdf-plantmetwiki.bioinformatics.nl/pathways/RC190","1"
"http://rdf-plantmetwiki.bioinformatics.nl/pathways/RC866","1"
"http://rdf-plantmetwiki.bioinformatics.nl/pathways/RC958","1"
"http://rdf-plantmetwiki.bioinformatics.nl/pathways/RC359","1"
"http://rdf-plantmetwiki.bioinformatics.nl/pathways/RC1028","1"
"http://rdf-plantmetwiki.bioinformatics.nl/pathways/RC457","1"
"http://rdf-plantmetwiki.bioinformatics.nl/pathways/PC141","1"
"http://rdf-plantmetwiki.bioinformatics.nl/pathways/RC479","1"
"http://rdf-plantmetwiki.bioinformatics.nl/pathways/RC1104","1"
"http://rdf-plantmetwiki.bioinformatics.nl/pathways/RC707","1"
"http://rdf-plantmetwiki.bioinformatics.nl/pathways/RC736","1"
"http://rdf-plantmetwiki.bioinformatics.nl/pathways/RC413","1"
"http://rdf-plantmetwiki.bioinformatics.nl/pathways/RC814","1"
"http://rdf-plantmetwiki.bioinformatics.nl/pathways/RC11","1"
"http://rdf-plantmetwiki.bioinformatics.nl/pathways/RC884","1"
"http://rdf-plantmetwiki.bioinformatics.nl/pathways/RC97","1"
"http://rdf-plantmetwiki.bioinformatics.nl/pathways/RC1202","1"
"http://rdf-plantmetwiki.bioinformatics.nl/pathways/RC1180","1"
"http://rdf-plantmetwiki.bioinformatics.nl/pathways/RC271","1"
"http://rdf-plantmetwiki.bioinformatics.nl/pathways/RC1094","1"
"http://rdf-plantmetwiki.bioinformatics.nl/pathways/RC746","1"
"http://rdf-plantmetwiki.bioinformatics.nl/pathways/RC1275","1"
"http://rdf-plantmetwiki.bioinformatics.nl/pathways/RC830","1"
"http://rdf-plantmetwiki.bioinformatics.nl/pathways/RC533","1"
"http://rdf-plantmetwiki.bioinformatics.nl/pathways/RC383","1"
"http://rdf-plantmetwiki.bioinformatics.nl/pathways/PC41","1"
"http://rdf-plantmetwiki.bioinformatics.nl/pathways/RC1265","1"
"http://rdf-plantmetwiki.bioinformatics.nl/pathways/RC125","1"
"http://rdf-plantmetwiki.bioinformatics.nl/pathways/RC162","1"
"http://rdf-plantmetwiki.bioinformatics.nl/pathways/PC656","1"
"http://rdf-plantmetwiki.bioinformatics.nl/pathways/PC753","1"
"http://rdf-plantmetwiki.bioinformatics.nl/pathways/RC209","1"
"http://rdf-plantmetwiki.bioinformatics.nl/pathways/RC583","1"
"http://rdf-plantmetwiki.bioinformatics.nl/pathways/RC128","1"
"http://rdf-plantmetwiki.bioinformatics.nl/pathways/PC256","1"
"http://rdf-plantmetwiki.bioinformatics.nl/pathways/RC1118","1"
"http://rdf-plantmetwiki.bioinformatics.nl/pathways/RC1155","1"
"http://rdf-plantmetwiki.bioinformatics.nl/pathways/PC414","1"
"http://rdf-plantmetwiki.bioinformatics.nl/pathways/RC101","1"
"http://rdf-plantmetwiki.bioinformatics.nl/pathways/PC844","1"
"http://rdf-plantmetwiki.bioinformatics.nl/pathways/PC1121","1"
"http://rdf-plantmetwiki.bioinformatics.nl/pathways/PC1103","1"
"http://rdf-plantmetwiki.bioinformatics.nl/pathways/PC867","1"
"http://rdf-plantmetwiki.bioinformatics.nl/pathways/PC839","1"
"http://rdf-plantmetwiki.bioinformatics.nl/pathways/PC938","1"
"http://rdf-plantmetwiki.bioinformatics.nl/pathways/PC915","1"
"http://rdf-plantmetwiki.bioinformatics.nl/pathways/RC1276","1"
"http://rdf-plantmetwiki.bioinformatics.nl/pathways/RC404","1"
"http://rdf-plantmetwiki.bioinformatics.nl/pathways/PC947","1"
"http://rdf-plantmetwiki.bioinformatics.nl/pathways/RC628","1"
"http://rdf-plantmetwiki.bioinformatics.nl/pathways/PC156","1"
"http://rdf-plantmetwiki.bioinformatics.nl/pathways/RC293","1"
"http://rdf-plantmetwiki.bioinformatics.nl/pathways/RC821","1"
"http://rdf-plantmetwiki.bioinformatics.nl/pathways/RC626","1"
"http://rdf-plantmetwiki.bioinformatics.nl/pathways/RC698","1"
"http://rdf-plantmetwiki.bioinformatics.nl/pathways/RC78","1"
"http://rdf-plantmetwiki.bioinformatics.nl/pathways/RC1238","1"
"http://rdf-plantmetwiki.bioinformatics.nl/pathways/RC1043","1"
"http://rdf-plantmetwiki.bioinformatics.nl/pathways/RC530","1"
"http://rdf-plantmetwiki.bioinformatics.nl/pathways/RC60","1"
"http://rdf-plantmetwiki.bioinformatics.nl/pathways/PC243","1"
"http://rdf-plantmetwiki.bioinformatics.nl/pathways/RC186","1"
"http://rdf-plantmetwiki.bioinformatics.nl/pathways/RC1154","1"
"http://rdf-plantmetwiki.bioinformatics.nl/pathways/RC1287","1"
"http://rdf-plantmetwiki.bioinformatics.nl/pathways/PC901","1"
"http://rdf-plantmetwiki.bioinformatics.nl/pathways/PC1043","1"
"http://rdf-plantmetwiki.bioinformatics.nl/pathways/RC585","1"
"http://rdf-plantmetwiki.bioinformatics.nl/pathways/RC123","1"
"http://rdf-plantmetwiki.bioinformatics.nl/pathways/RC1184","1"
"http://rdf-plantmetwiki.bioinformatics.nl/pathways/RC1047","1"
"http://rdf-plantmetwiki.bioinformatics.nl/pathways/RC364","1"
"http://rdf-plantmetwiki.bioinformatics.nl/pathways/PC227","1"
"http://rdf-plantmetwiki.bioinformatics.nl/pathways/PC863","1"
"http://rdf-plantmetwiki.bioinformatics.nl/pathways/RC158","1"
"http://rdf-plantmetwiki.bioinformatics.nl/pathways/RC635","1"
"http://rdf-plantmetwiki.bioinformatics.nl/pathways/RC730","1"
"http://rdf-plantmetwiki.bioinformatics.nl/pathways/RC1196","1"
"http://rdf-plantmetwiki.bioinformatics.nl/pathways/RC1156","1"
"http://rdf-plantmetwiki.bioinformatics.nl/pathways/RC70","1"
"http://rdf-plantmetwiki.bioinformatics.nl/pathways/PC72","1"
"http://rdf-plantmetwiki.bioinformatics.nl/pathways/RC729","1"
"http://rdf-plantmetwiki.bioinformatics.nl/pathways/PC960","1"
"http://rdf-plantmetwiki.bioinformatics.nl/pathways/RC955","1"
"http://rdf-plantmetwiki.bioinformatics.nl/pathways/PC751","1"
"http://rdf-plantmetwiki.bioinformatics.nl/pathways/PC1139","1"
"http://rdf-plantmetwiki.bioinformatics.nl/pathways/RC584","1"
"http://rdf-plantmetwiki.bioinformatics.nl/pathways/PC297","1"
"http://rdf-plantmetwiki.bioinformatics.nl/pathways/RC985","1"
"http://rdf-plantmetwiki.bioinformatics.nl/pathways/RC316","1"
"http://rdf-plantmetwiki.bioinformatics.nl/pathways/RC705","1"
"http://rdf-plantmetwiki.bioinformatics.nl/pathways/RC1205","1"
"http://rdf-plantmetwiki.bioinformatics.nl/pathways/RC54","1"
"http://rdf-plantmetwiki.bioinformatics.nl/pathways/RC1243","1"
"http://rdf-plantmetwiki.bioinformatics.nl/pathways/RC135","1"
"http://rdf-plantmetwiki.bioinformatics.nl/pathways/RC1193","1"
"http://rdf-plantmetwiki.bioinformatics.nl/pathways/RC311","1"
"http://rdf-plantmetwiki.bioinformatics.nl/pathways/RC270","1"
"http://rdf-plantmetwiki.bioinformatics.nl/pathways/RC504","1"
"http://rdf-plantmetwiki.bioinformatics.nl/pathways/RC432","1"
"http://rdf-plantmetwiki.bioinformatics.nl/pathways/RC957","1"
"http://rdf-plantmetwiki.bioinformatics.nl/pathways/RC788","1"
"http://rdf-plantmetwiki.bioinformatics.nl/pathways/RC1122","1"
"http://rdf-plantmetwiki.bioinformatics.nl/pathways/RC192","1"
"http://rdf-plantmetwiki.bioinformatics.nl/pathways/PC38","1"
"http://rdf-plantmetwiki.bioinformatics.nl/pathways/RC572","1"
"http://rdf-plantmetwiki.bioinformatics.nl/pathways/RC1290","1"
"http://rdf-plantmetwiki.bioinformatics.nl/pathways/RC65","1"
"http://rdf-plantmetwiki.bioinformatics.nl/pathways/PC620","1"
"http://rdf-plantmetwiki.bioinformatics.nl/pathways/RC157","1"
"http://rdf-plantmetwiki.bioinformatics.nl/pathways/RC505","1"
"http://rdf-plantmetwiki.bioinformatics.nl/pathways/PC767","1"
"http://rdf-plantmetwiki.bioinformatics.nl/pathways/RC68","1"
"http://rdf-plantmetwiki.bioinformatics.nl/pathways/RC1130","1"
"http://rdf-plantmetwiki.bioinformatics.nl/pathways/RC888","1"
"http://rdf-plantmetwiki.bioinformatics.nl/pathways/RC860","1"
"http://rdf-plantmetwiki.bioinformatics.nl/pathways/RC77","1"
"http://rdf-plantmetwiki.bioinformatics.nl/pathways/RC451","1"
"http://rdf-plantmetwiki.bioinformatics.nl/pathways/RC1239","1"
"http://rdf-plantmetwiki.bioinformatics.nl/pathways/RC22","1"
"http://rdf-plantmetwiki.bioinformatics.nl/pathways/RC1139","1"
"http://rdf-plantmetwiki.bioinformatics.nl/pathways/PC126","1"
"http://rdf-plantmetwiki.bioinformatics.nl/pathways/RC448","1"
"http://rdf-plantmetwiki.bioinformatics.nl/pathways/RC122","1"
"http://rdf-plantmetwiki.bioinformatics.nl/pathways/RC531","1"
"http://rdf-plantmetwiki.bioinformatics.nl/pathways/RC104","1"
"http://rdf-plantmetwiki.bioinformatics.nl/pathways/RC133","1"
"http://rdf-plantmetwiki.bioinformatics.nl/pathways/PC104","1"
"http://rdf-plantmetwiki.bioinformatics.nl/pathways/PC593","1"
"http://rdf-plantmetwiki.bioinformatics.nl/pathways/RC1214","1"
"http://rdf-plantmetwiki.bioinformatics.nl/pathways/PC687","1"
"http://rdf-plantmetwiki.bioinformatics.nl/pathways/RC828","1"
"http://rdf-plantmetwiki.bioinformatics.nl/pathways/RC91","1"
"http://rdf-plantmetwiki.bioinformatics.nl/pathways/RC986","1"
"http://rdf-plantmetwiki.bioinformatics.nl/pathways/PC484","1"
"http://rdf-plantmetwiki.bioinformatics.nl/pathways/RC327","1"
"http://rdf-plantmetwiki.bioinformatics.nl/pathways/RC52","1"
"http://rdf-plantmetwiki.bioinformatics.nl/pathways/PC147","1"
"http://rdf-plantmetwiki.bioinformatics.nl/pathways/RC75","1"
"http://rdf-plantmetwiki.bioinformatics.nl/pathways/PC968","1"
"http://rdf-plantmetwiki.bioinformatics.nl/pathways/RC919","1"
"http://rdf-plantmetwiki.bioinformatics.nl/pathways/RC57","1"
"http://rdf-plantmetwiki.bioinformatics.nl/pathways/RC822","1"
"http://rdf-plantmetwiki.bioinformatics.nl/pathways/RC1157","1"
"http://rdf-plantmetwiki.bioinformatics.nl/pathways/PC470","1"
"http://rdf-plantmetwiki.bioinformatics.nl/pathways/PC909","1"
"http://rdf-plantmetwiki.bioinformatics.nl/pathways/PC550","1"
"http://rdf-plantmetwiki.bioinformatics.nl/pathways/RC334","1"
"http://rdf-plantmetwiki.bioinformatics.nl/pathways/RC1060","1"
"http://rdf-plantmetwiki.bioinformatics.nl/pathways/RC876","1"
"http://rdf-plantmetwiki.bioinformatics.nl/pathways/RC653","1"
"http://rdf-plantmetwiki.bioinformatics.nl/pathways/RC627","1"
"http://rdf-plantmetwiki.bioinformatics.nl/pathways/RC160","1"
"http://rdf-plantmetwiki.bioinformatics.nl/pathways/RC156","1"
"http://rdf-plantmetwiki.bioinformatics.nl/pathways/RC699","1"
"http://rdf-plantmetwiki.bioinformatics.nl/pathways/PC1024","1"
"http://rdf-plantmetwiki.bioinformatics.nl/pathways/RC586","1"
"http://rdf-plantmetwiki.bioinformatics.nl/pathways/PC930","1"
"http://rdf-plantmetwiki.bioinformatics.nl/pathways/RC623","1"
"http://rdf-plantmetwiki.bioinformatics.nl/pathways/PC490","1"
"http://rdf-plantmetwiki.bioinformatics.nl/pathways/RC1100","1"
"http://rdf-plantmetwiki.bioinformatics.nl/pathways/PC904","1"
"http://rdf-plantmetwiki.bioinformatics.nl/pathways/RC644","1"
"http://rdf-plantmetwiki.bioinformatics.nl/pathways/PC932","1"
"http://rdf-plantmetwiki.bioinformatics.nl/pathways/RC1057","1"
"http://rdf-plantmetwiki.bioinformatics.nl/pathways/RC105","1"
"http://rdf-plantmetwiki.bioinformatics.nl/pathways/RC1090","1"
"http://rdf-plantmetwiki.bioinformatics.nl/pathways/RC1226","1"
"http://rdf-plantmetwiki.bioinformatics.nl/pathways/RC843","1"
"http://rdf-plantmetwiki.bioinformatics.nl/pathways/RC540","1"
"http://rdf-plantmetwiki.bioinformatics.nl/pathways/PC881","1"
"http://rdf-plantmetwiki.bioinformatics.nl/pathways/RC549","1"
"http://rdf-plantmetwiki.bioinformatics.nl/pathways/RC492","1"
"http://rdf-plantmetwiki.bioinformatics.nl/pathways/RC778","1"
"http://rdf-plantmetwiki.bioinformatics.nl/pathways/PC231","1"
"http://rdf-plantmetwiki.bioinformatics.nl/pathways/RC1292","1"
"http://rdf-plantmetwiki.bioinformatics.nl/pathways/RC218","1"
"http://rdf-plantmetwiki.bioinformatics.nl/pathways/RC229","1"
"http://rdf-plantmetwiki.bioinformatics.nl/pathways/RC787","1"
"http://rdf-plantmetwiki.bioinformatics.nl/pathways/RC184","1"
"http://rdf-plantmetwiki.bioinformatics.nl/pathways/RC48","1"
"http://rdf-plantmetwiki.bioinformatics.nl/pathways/RC152","1"
"http://rdf-plantmetwiki.bioinformatics.nl/pathways/RC1042","1"
"http://rdf-plantmetwiki.bioinformatics.nl/pathways/RC267","1"
"http://rdf-plantmetwiki.bioinformatics.nl/pathways/RC50","1"
"http://rdf-plantmetwiki.bioinformatics.nl/pathways/RC841","1"
"http://rdf-plantmetwiki.bioinformatics.nl/pathways/PC965","1"
"http://rdf-plantmetwiki.bioinformatics.nl/pathways/RC670","1"
"http://rdf-plantmetwiki.bioinformatics.nl/pathways/RC717","1"
"http://rdf-plantmetwiki.bioinformatics.nl/pathways/RC329","1"
"http://rdf-plantmetwiki.bioinformatics.nl/pathways/RC295","1"
"http://rdf-plantmetwiki.bioinformatics.nl/pathways/RC685","1"
"http://rdf-plantmetwiki.bioinformatics.nl/pathways/PC911","1"
"http://rdf-plantmetwiki.bioinformatics.nl/pathways/RC46","1"
"http://rdf-plantmetwiki.bioinformatics.nl/pathways/RC73","1"
"http://rdf-plantmetwiki.bioinformatics.nl/pathways/PC931","1"
"http://rdf-plantmetwiki.bioinformatics.nl/pathways/PC1077","1"
"http://rdf-plantmetwiki.bioinformatics.nl/pathways/RC112","1"
"http://rdf-plantmetwiki.bioinformatics.nl/pathways/PC131","1"
"http://rdf-plantmetwiki.bioinformatics.nl/pathways/RC1143","1"
"http://rdf-plantmetwiki.bioinformatics.nl/pathways/RC728","1"
"http://rdf-plantmetwiki.bioinformatics.nl/pathways/RC1159","1"
"http://rdf-plantmetwiki.bioinformatics.nl/pathways/PC985","1"
"http://rdf-plantmetwiki.bioinformatics.nl/pathways/RC1074","1"
"http://rdf-plantmetwiki.bioinformatics.nl/pathways/RC777","1"
"http://rdf-plantmetwiki.bioinformatics.nl/pathways/RC649","1"
"http://rdf-plantmetwiki.bioinformatics.nl/pathways/RC358","1"
"http://rdf-plantmetwiki.bioinformatics.nl/pathways/PC694","1"
"http://rdf-plantmetwiki.bioinformatics.nl/pathways/RC877","1"
"http://rdf-plantmetwiki.bioinformatics.nl/pathways/PC877","1"
"http://rdf-plantmetwiki.bioinformatics.nl/pathways/RC874","1"
"http://rdf-plantmetwiki.bioinformatics.nl/pathways/RC1051","1"
"http://rdf-plantmetwiki.bioinformatics.nl/pathways/PC713","1"
"http://rdf-plantmetwiki.bioinformatics.nl/pathways/RC93","1"
"http://rdf-plantmetwiki.bioinformatics.nl/pathways/RC998","1"
"http://rdf-plantmetwiki.bioinformatics.nl/pathways/RC677","1"
"http://rdf-plantmetwiki.bioinformatics.nl/pathways/RC928","1"
"http://rdf-plantmetwiki.bioinformatics.nl/pathways/RC1001","1"
"http://rdf-plantmetwiki.bioinformatics.nl/pathways/RC1075","1"
"http://rdf-plantmetwiki.bioinformatics.nl/pathways/PC1049","1"
"http://rdf-plantmetwiki.bioinformatics.nl/pathways/RC1293","1"
"http://rdf-plantmetwiki.bioinformatics.nl/pathways/PC161","1"
"http://rdf-plantmetwiki.bioinformatics.nl/pathways/RC836","1"
"http://rdf-plantmetwiki.bioinformatics.nl/pathways/RC879","1"
"http://rdf-plantmetwiki.bioinformatics.nl/pathways/RC739","1"
"http://rdf-plantmetwiki.bioinformatics.nl/pathways/RC577","1"
"http://rdf-plantmetwiki.bioinformatics.nl/pathways/RC898","1"
"http://rdf-plantmetwiki.bioinformatics.nl/pathways/RC401","1"
"http://rdf-plantmetwiki.bioinformatics.nl/pathways/PC410","1"
"http://rdf-plantmetwiki.bioinformatics.nl/pathways/PC122","1"
"http://rdf-plantmetwiki.bioinformatics.nl/pathways/RC141","1"
"http://rdf-plantmetwiki.bioinformatics.nl/pathways/RC181","1"
"http://rdf-plantmetwiki.bioinformatics.nl/pathways/RC1195","1"
"http://rdf-plantmetwiki.bioinformatics.nl/pathways/RC182","1"
"http://rdf-plantmetwiki.bioinformatics.nl/pathways/PC178","1"
"http://rdf-plantmetwiki.bioinformatics.nl/pathways/RC880","1"
"http://rdf-plantmetwiki.bioinformatics.nl/pathways/RC362","1"
"http://rdf-plantmetwiki.bioinformatics.nl/pathways/PC1038","1"
"http://rdf-plantmetwiki.bioinformatics.nl/pathways/RC818","1"
"http://rdf-plantmetwiki.bioinformatics.nl/pathways/RC309","1"
"http://rdf-plantmetwiki.bioinformatics.nl/pathways/RC589","1"
"http://rdf-plantmetwiki.bioinformatics.nl/pathways/PC320","1"
"http://rdf-plantmetwiki.bioinformatics.nl/pathways/RC265","1"
"http://rdf-plantmetwiki.bioinformatics.nl/pathways/PC1108","1"
"http://rdf-plantmetwiki.bioinformatics.nl/pathways/PC491","1"
"http://rdf-plantmetwiki.bioinformatics.nl/pathways/RC1231","1"
"http://rdf-plantmetwiki.bioinformatics.nl/pathways/RC1263","1"
"http://rdf-plantmetwiki.bioinformatics.nl/pathways/RC447","1"
"http://rdf-plantmetwiki.bioinformatics.nl/pathways/RC459","1"
"http://rdf-plantmetwiki.bioinformatics.nl/pathways/RC10","1"
"http://rdf-plantmetwiki.bioinformatics.nl/pathways/RC820","1"
"http://rdf-plantmetwiki.bioinformatics.nl/pathways/PC378","1"
"http://rdf-plantmetwiki.bioinformatics.nl/pathways/RC975","1"
"http://rdf-plantmetwiki.bioinformatics.nl/pathways/RC292","1"
"http://rdf-plantmetwiki.bioinformatics.nl/pathways/RC456","1"
"http://rdf-plantmetwiki.bioinformatics.nl/pathways/RC734","1"
"http://rdf-plantmetwiki.bioinformatics.nl/pathways/PC729","1"
"http://rdf-plantmetwiki.bioinformatics.nl/pathways/RC482","1"
"http://rdf-plantmetwiki.bioinformatics.nl/pathways/RC1201","1"
"http://rdf-plantmetwiki.bioinformatics.nl/pathways/RC605","1"
"http://rdf-plantmetwiki.bioinformatics.nl/pathways/RC512","1"
"http://rdf-plantmetwiki.bioinformatics.nl/pathways/PC921","1"
"http://rdf-plantmetwiki.bioinformatics.nl/pathways/RC1261","1"
"http://rdf-plantmetwiki.bioinformatics.nl/pathways/PC59","1"
"http://rdf-plantmetwiki.bioinformatics.nl/pathways/RC666","1"
"http://rdf-plantmetwiki.bioinformatics.nl/pathways/RC740","1"
"http://rdf-plantmetwiki.bioinformatics.nl/pathways/PC586","1"
"http://rdf-plantmetwiki.bioinformatics.nl/pathways/RC1179","1"
"http://rdf-plantmetwiki.bioinformatics.nl/pathways/RC664","1"
"http://rdf-plantmetwiki.bioinformatics.nl/pathways/RC1249","1"
"http://rdf-plantmetwiki.bioinformatics.nl/pathways/RC1052","1"
"http://rdf-plantmetwiki.bioinformatics.nl/pathways/RC573","1"
"http://rdf-plantmetwiki.bioinformatics.nl/pathways/PC841","1"
"http://rdf-plantmetwiki.bioinformatics.nl/pathways/RC113","1"
"http://rdf-plantmetwiki.bioinformatics.nl/pathways/RC1221","1"
"http://rdf-plantmetwiki.bioinformatics.nl/pathways/RC458","1"
"http://rdf-plantmetwiki.bioinformatics.nl/pathways/RC395","1"
"http://rdf-plantmetwiki.bioinformatics.nl/pathways/PC1157","1"
"http://rdf-plantmetwiki.bioinformatics.nl/pathways/RC214","1"
"http://rdf-plantmetwiki.bioinformatics.nl/pathways/RC960","1"
"http://rdf-plantmetwiki.bioinformatics.nl/pathways/RC713","1"
"http://rdf-plantmetwiki.bioinformatics.nl/pathways/PC955","1"
"http://rdf-plantmetwiki.bioinformatics.nl/pathways/RC242","1"
"http://rdf-plantmetwiki.bioinformatics.nl/pathways/PC1019","1"
"http://rdf-plantmetwiki.bioinformatics.nl/pathways/PC845","1"
"http://rdf-plantmetwiki.bioinformatics.nl/pathways/PC149","1"
"http://rdf-plantmetwiki.bioinformatics.nl/pathways/RC224","1"
"http://rdf-plantmetwiki.bioinformatics.nl/pathways/PC612","1"
"http://rdf-plantmetwiki.bioinformatics.nl/pathways/PC511","1"
"http://rdf-plantmetwiki.bioinformatics.nl/pathways/RC658","1"
"http://rdf-plantmetwiki.bioinformatics.nl/pathways/RC1097","1"
"http://rdf-plantmetwiki.bioinformatics.nl/pathways/RC198","1"
"http://rdf-plantmetwiki.bioinformatics.nl/pathways/PC109","1"
"http://rdf-plantmetwiki.bioinformatics.nl/pathways/PC554","1"
"http://rdf-plantmetwiki.bioinformatics.nl/pathways/RC1273","1"
"http://rdf-plantmetwiki.bioinformatics.nl/pathways/RC350","1"
"http://rdf-plantmetwiki.bioinformatics.nl/pathways/PC799","1"
"http://rdf-plantmetwiki.bioinformatics.nl/pathways/RC630","1"
"http://rdf-plantmetwiki.bioinformatics.nl/pathways/RC1015","1"
"http://rdf-plantmetwiki.bioinformatics.nl/pathways/PC1029","1"
"http://rdf-plantmetwiki.bioinformatics.nl/pathways/RC1241","1"
"http://rdf-plantmetwiki.bioinformatics.nl/pathways/RC769","1"
"http://rdf-plantmetwiki.bioinformatics.nl/pathways/RC43","1"
"http://rdf-plantmetwiki.bioinformatics.nl/pathways/RC732","1"
"http://rdf-plantmetwiki.bioinformatics.nl/pathways/RC848","1"
"http://rdf-plantmetwiki.bioinformatics.nl/pathways/PC226","1"
"http://rdf-plantmetwiki.bioinformatics.nl/pathways/RC1004","1"
"http://rdf-plantmetwiki.bioinformatics.nl/pathways/PC697","1"
"http://rdf-plantmetwiki.bioinformatics.nl/pathways/PC420","1"
"http://rdf-plantmetwiki.bioinformatics.nl/pathways/PC994","1"
"http://rdf-plantmetwiki.bioinformatics.nl/pathways/RC1207","1"
"http://rdf-plantmetwiki.bioinformatics.nl/pathways/RC825","1"
"http://rdf-plantmetwiki.bioinformatics.nl/pathways/RC1173","1"
"http://rdf-plantmetwiki.bioinformatics.nl/pathways/RC159","1"
"http://rdf-plantmetwiki.bioinformatics.nl/pathways/RC72","1"
"http://rdf-plantmetwiki.bioinformatics.nl/pathways/RC220","1"
"http://rdf-plantmetwiki.bioinformatics.nl/pathways/RC766","1"
"http://rdf-plantmetwiki.bioinformatics.nl/pathways/PC622","1"
"http://rdf-plantmetwiki.bioinformatics.nl/pathways/RC441","1"
"http://rdf-plantmetwiki.bioinformatics.nl/pathways/RC1016","1"
"http://rdf-plantmetwiki.bioinformatics.nl/pathways/RC1000","1"
"http://rdf-plantmetwiki.bioinformatics.nl/pathways/PC14","1"
"http://rdf-plantmetwiki.bioinformatics.nl/pathways/PC805","1"
"http://rdf-plantmetwiki.bioinformatics.nl/pathways/RC619","1"
"http://rdf-plantmetwiki.bioinformatics.nl/pathways/RC76","1"
"http://rdf-plantmetwiki.bioinformatics.nl/pathways/PC402","1"
"http://rdf-plantmetwiki.bioinformatics.nl/pathways/RC723","1"
"http://rdf-plantmetwiki.bioinformatics.nl/pathways/RC1033","1"
"http://rdf-plantmetwiki.bioinformatics.nl/pathways/RC656","1"
"http://rdf-plantmetwiki.bioinformatics.nl/pathways/RC449","1"
"http://rdf-plantmetwiki.bioinformatics.nl/pathways/RC925","1"
"http://rdf-plantmetwiki.bioinformatics.nl/pathways/RC528","1"
"http://rdf-plantmetwiki.bioinformatics.nl/pathways/RC80","1"
"http://rdf-plantmetwiki.bioinformatics.nl/pathways/PC704","1"
"http://rdf-plantmetwiki.bioinformatics.nl/pathways/RC792","1"
"http://rdf-plantmetwiki.bioinformatics.nl/pathways/RC616","1"
"http://rdf-plantmetwiki.bioinformatics.nl/pathways/RC49","1"
"http://rdf-plantmetwiki.bioinformatics.nl/pathways/RC1064","1"
"http://rdf-plantmetwiki.bioinformatics.nl/pathways/RC118","1"
"http://rdf-plantmetwiki.bioinformatics.nl/pathways/RC86","1"
"http://rdf-plantmetwiki.bioinformatics.nl/pathways/RC89","1"
"http://rdf-plantmetwiki.bioinformatics.nl/pathways/PC998","1"
"http://rdf-plantmetwiki.bioinformatics.nl/pathways/PC934","1"
"http://rdf-plantmetwiki.bioinformatics.nl/pathways/PC941","1"
"http://rdf-plantmetwiki.bioinformatics.nl/pathways/RC709","1"
"http://rdf-plantmetwiki.bioinformatics.nl/pathways/RC1188","1"
"http://rdf-plantmetwiki.bioinformatics.nl/pathways/RC682","1"
"http://rdf-plantmetwiki.bioinformatics.nl/pathways/PC382","1"
"http://rdf-plantmetwiki.bioinformatics.nl/pathways/RC339","1"
"http://rdf-plantmetwiki.bioinformatics.nl/pathways/PC815","1"
"http://rdf-plantmetwiki.bioinformatics.nl/pathways/RC950","1"
"http://rdf-plantmetwiki.bioinformatics.nl/pathways/RC1","1"
"http://rdf-plantmetwiki.bioinformatics.nl/pathways/RC513","1"
"http://rdf-plantmetwiki.bioinformatics.nl/pathways/PC733","1"
"http://rdf-plantmetwiki.bioinformatics.nl/pathways/RC547","1"
"http://rdf-plantmetwiki.bioinformatics.nl/pathways/PC542","1"
"http://rdf-plantmetwiki.bioinformatics.nl/pathways/RC392","1"
"http://rdf-plantmetwiki.bioinformatics.nl/pathways/RC608","1"
"http://rdf-plantmetwiki.bioinformatics.nl/pathways/PC324","1"
"http://rdf-plantmetwiki.bioinformatics.nl/pathways/RC379","1"
"http://rdf-plantmetwiki.bioinformatics.nl/pathways/RC23","1"
"http://rdf-plantmetwiki.bioinformatics.nl/pathways/PC508","1"
"http://rdf-plantmetwiki.bioinformatics.nl/pathways/RC1066","1"
"http://rdf-plantmetwiki.bioinformatics.nl/pathways/RC681","1"
"http://rdf-plantmetwiki.bioinformatics.nl/pathways/RC415","1"
"http://rdf-plantmetwiki.bioinformatics.nl/pathways/RC587","1"
"http://rdf-plantmetwiki.bioinformatics.nl/pathways/RC756","1"
"http://rdf-plantmetwiki.bioinformatics.nl/pathways/PC534","1"
"http://rdf-plantmetwiki.bioinformatics.nl/pathways/RC9","1"
"http://rdf-plantmetwiki.bioinformatics.nl/pathways/PC939","1"
"http://rdf-plantmetwiki.bioinformatics.nl/pathways/RC511","1"
"http://rdf-plantmetwiki.bioinformatics.nl/pathways/RC1077","1"
"http://rdf-plantmetwiki.bioinformatics.nl/pathways/RC378","1"
"http://rdf-plantmetwiki.bioinformatics.nl/pathways/RC1083","1"
"http://rdf-plantmetwiki.bioinformatics.nl/pathways/PC1128","1"
"http://rdf-plantmetwiki.bioinformatics.nl/pathways/RC32","1"
"http://rdf-plantmetwiki.bioinformatics.nl/pathways/PC138","1"
"http://rdf-plantmetwiki.bioinformatics.nl/pathways/RC1240","1"
"http://rdf-plantmetwiki.bioinformatics.nl/pathways/RC878","1"
"http://rdf-plantmetwiki.bioinformatics.nl/pathways/RC810","1"
"http://rdf-plantmetwiki.bioinformatics.nl/pathways/PC544","1"
"http://rdf-plantmetwiki.bioinformatics.nl/pathways/RC185","1"
"http://rdf-plantmetwiki.bioinformatics.nl/pathways/RC323","1"
"http://rdf-plantmetwiki.bioinformatics.nl/pathways/RC930","1"
"http://rdf-plantmetwiki.bioinformatics.nl/pathways/PC396","1"
"http://rdf-plantmetwiki.bioinformatics.nl/pathways/PC724","1"
"http://rdf-plantmetwiki.bioinformatics.nl/pathways/RC956","1"
"http://rdf-plantmetwiki.bioinformatics.nl/pathways/RC74","1"
"http://rdf-plantmetwiki.bioinformatics.nl/pathways/RC136","1"
"http://rdf-plantmetwiki.bioinformatics.nl/pathways/RC1124","1"
"http://rdf-plantmetwiki.bioinformatics.nl/pathways/RC844","1"
"http://rdf-plantmetwiki.bioinformatics.nl/pathways/RC172","1"
"http://rdf-plantmetwiki.bioinformatics.nl/pathways/RC1174","1"
"http://rdf-plantmetwiki.bioinformatics.nl/pathways/PC5","1"
"http://rdf-plantmetwiki.bioinformatics.nl/pathways/RC66","1"
"http://rdf-plantmetwiki.bioinformatics.nl/pathways/RC1262","1"
"http://rdf-plantmetwiki.bioinformatics.nl/pathways/RC1191","1"
"http://rdf-plantmetwiki.bioinformatics.nl/pathways/RC703","1"
"http://rdf-plantmetwiki.bioinformatics.nl/pathways/RC426","1"
"http://rdf-plantmetwiki.bioinformatics.nl/pathways/RC478","1"
"http://rdf-plantmetwiki.bioinformatics.nl/pathways/PC188","1"
"http://rdf-plantmetwiki.bioinformatics.nl/pathways/RC384","1"
"http://rdf-plantmetwiki.bioinformatics.nl/pathways/PC837","1"
"http://rdf-plantmetwiki.bioinformatics.nl/pathways/RC716","1"
"http://rdf-plantmetwiki.bioinformatics.nl/pathways/PC35","1"
"http://rdf-plantmetwiki.bioinformatics.nl/pathways/PC929","1"
"http://rdf-plantmetwiki.bioinformatics.nl/pathways/RC495","1"
"http://rdf-plantmetwiki.bioinformatics.nl/pathways/PC1147","1"
"http://rdf-plantmetwiki.bioinformatics.nl/pathways/PC967","1"
"http://rdf-plantmetwiki.bioinformatics.nl/pathways/PC945","1"
"http://rdf-plantmetwiki.bioinformatics.nl/pathways/RC607","1"
"http://rdf-plantmetwiki.bioinformatics.nl/pathways/RC1256","1"
"http://rdf-plantmetwiki.bioinformatics.nl/pathways/RC1133","1"
"http://rdf-plantmetwiki.bioinformatics.nl/pathways/RC931","1"
"http://rdf-plantmetwiki.bioinformatics.nl/pathways/RC796","1"
"http://rdf-plantmetwiki.bioinformatics.nl/pathways/RC1294","1"
"http://rdf-plantmetwiki.bioinformatics.nl/pathways/RC1070","1"
"http://rdf-plantmetwiki.bioinformatics.nl/pathways/PC952","1"
"http://rdf-plantmetwiki.bioinformatics.nl/pathways/RC562","1"
"http://rdf-plantmetwiki.bioinformatics.nl/pathways/RC912","1"
"http://rdf-plantmetwiki.bioinformatics.nl/pathways/RC1030","1"
"http://rdf-plantmetwiki.bioinformatics.nl/pathways/PC429","1"
"http://rdf-plantmetwiki.bioinformatics.nl/pathways/RC285","1"
"http://rdf-plantmetwiki.bioinformatics.nl/pathways/RC1215","1"
"http://rdf-plantmetwiki.bioinformatics.nl/pathways/RC272","1"
"http://rdf-plantmetwiki.bioinformatics.nl/pathways/RC16","1"
"http://rdf-plantmetwiki.bioinformatics.nl/pathways/RC1105","1"
"http://rdf-plantmetwiki.bioinformatics.nl/pathways/RC127","1"
"http://rdf-plantmetwiki.bioinformatics.nl/pathways/RC657","1"
"http://rdf-plantmetwiki.bioinformatics.nl/pathways/RC642","1"
"http://rdf-plantmetwiki.bioinformatics.nl/pathways/RC55","1"
"http://rdf-plantmetwiki.bioinformatics.nl/pathways/PC832","1"
"http://rdf-plantmetwiki.bioinformatics.nl/pathways/RC541","1"
"http://rdf-plantmetwiki.bioinformatics.nl/pathways/RC1013","1"
"http://rdf-plantmetwiki.bioinformatics.nl/pathways/RC155","1"
"http://rdf-plantmetwiki.bioinformatics.nl/pathways/RC95","1"
"http://rdf-plantmetwiki.bioinformatics.nl/pathways/PC974","1"
"http://rdf-plantmetwiki.bioinformatics.nl/pathways/PC961","1"
"http://rdf-plantmetwiki.bioinformatics.nl/pathways/RC174","1"
"http://rdf-plantmetwiki.bioinformatics.nl/pathways/PC90","1"
"http://rdf-plantmetwiki.bioinformatics.nl/pathways/RC592","1"
"http://rdf-plantmetwiki.bioinformatics.nl/pathways/RC899","1"
"http://rdf-plantmetwiki.bioinformatics.nl/pathways/PC954","1"
"http://rdf-plantmetwiki.bioinformatics.nl/pathways/RC222","1"
"http://rdf-plantmetwiki.bioinformatics.nl/pathways/RC85","1"
"http://rdf-plantmetwiki.bioinformatics.nl/pathways/PC518","1"
"http://rdf-plantmetwiki.bioinformatics.nl/pathways/PC913","1"
"http://rdf-plantmetwiki.bioinformatics.nl/pathways/RC1255","1"
"http://rdf-plantmetwiki.bioinformatics.nl/pathways/RC206","1"
"http://rdf-plantmetwiki.bioinformatics.nl/pathways/RC993","1"
"http://rdf-plantmetwiki.bioinformatics.nl/pathways/RC137","1"
"http://rdf-plantmetwiki.bioinformatics.nl/pathways/RC519","1"
"http://rdf-plantmetwiki.bioinformatics.nl/pathways/RC110","1"
"http://rdf-plantmetwiki.bioinformatics.nl/pathways/RC638","1"
"http://rdf-plantmetwiki.bioinformatics.nl/pathways/RC1260","1"
"http://rdf-plantmetwiki.bioinformatics.nl/pathways/PC570","1"
"http://rdf-plantmetwiki.bioinformatics.nl/pathways/PC1011","1"
"http://rdf-plantmetwiki.bioinformatics.nl/pathways/RC330","1"
"http://rdf-plantmetwiki.bioinformatics.nl/pathways/PC588","1"
"http://rdf-plantmetwiki.bioinformatics.nl/pathways/PC888","1"
"http://rdf-plantmetwiki.bioinformatics.nl/pathways/RC622","1"
"http://rdf-plantmetwiki.bioinformatics.nl/pathways/PC908","1"
"http://rdf-plantmetwiki.bioinformatics.nl/pathways/RC588","1"
"http://rdf-plantmetwiki.bioinformatics.nl/pathways/PC262","1"
"http://rdf-plantmetwiki.bioinformatics.nl/pathways/RC409","1"
"http://rdf-plantmetwiki.bioinformatics.nl/pathways/RC412","1"
"http://rdf-plantmetwiki.bioinformatics.nl/pathways/RC377","1"
"http://rdf-plantmetwiki.bioinformatics.nl/pathways/RC393","1"
"http://rdf-plantmetwiki.bioinformatics.nl/pathways/RC119","1"
"http://rdf-plantmetwiki.bioinformatics.nl/pathways/RC1203","1"
"http://rdf-plantmetwiki.bioinformatics.nl/pathways/RC733","1"
"http://rdf-plantmetwiki.bioinformatics.nl/pathways/RC120","1"
"http://rdf-plantmetwiki.bioinformatics.nl/pathways/RC1020","1"
"http://rdf-plantmetwiki.bioinformatics.nl/pathways/RC629","1"
"http://rdf-plantmetwiki.bioinformatics.nl/pathways/RC44","1"
"http://rdf-plantmetwiki.bioinformatics.nl/pathways/PC172","1"
"http://rdf-plantmetwiki.bioinformatics.nl/pathways/PC46","1"
"http://rdf-plantmetwiki.bioinformatics.nl/pathways/RC506","1"
"http://rdf-plantmetwiki.bioinformatics.nl/pathways/RC1152","1"
"http://rdf-plantmetwiki.bioinformatics.nl/pathways/RC108","1"
"http://rdf-plantmetwiki.bioinformatics.nl/pathways/RC476","1"
"http://rdf-plantmetwiki.bioinformatics.nl/pathways/RC624","1"
"http://rdf-plantmetwiki.bioinformatics.nl/pathways/RC326","1"
"http://rdf-plantmetwiki.bioinformatics.nl/pathways/RC811","1"
"http://rdf-plantmetwiki.bioinformatics.nl/pathways/RC489","1"
"http://rdf-plantmetwiki.bioinformatics.nl/pathways/PC1073","1"
"http://rdf-plantmetwiki.bioinformatics.nl/pathways/PC307","1"
"http://rdf-plantmetwiki.bioinformatics.nl/pathways/RC124","1"
"http://rdf-plantmetwiki.bioinformatics.nl/pathways/RC247","1"
"http://rdf-plantmetwiki.bioinformatics.nl/pathways/RC35","1"
"http://rdf-plantmetwiki.bioinformatics.nl/pathways/RC1247","1"
"http://rdf-plantmetwiki.bioinformatics.nl/pathways/RC972","1"
"http://rdf-plantmetwiki.bioinformatics.nl/pathways/PC777","1"
"http://rdf-plantmetwiki.bioinformatics.nl/pathways/RC946","1"
"http://rdf-plantmetwiki.bioinformatics.nl/pathways/RC719","1"
"http://rdf-plantmetwiki.bioinformatics.nl/pathways/RC861","1"
"http://rdf-plantmetwiki.bioinformatics.nl/pathways/PC1023","1"
"http://rdf-plantmetwiki.bioinformatics.nl/pathways/RC290","1"
"http://rdf-plantmetwiki.bioinformatics.nl/pathways/RC996","1"
"http://rdf-plantmetwiki.bioinformatics.nl/pathways/PC487","1"
"http://rdf-plantmetwiki.bioinformatics.nl/pathways/PC462","1"
"http://rdf-plantmetwiki.bioinformatics.nl/pathways/PC446","1"
"http://rdf-plantmetwiki.bioinformatics.nl/pathways/PC675","1"
"http://rdf-plantmetwiki.bioinformatics.nl/pathways/RC349","1"
"http://rdf-plantmetwiki.bioinformatics.nl/pathways/RC470","1"
"http://rdf-plantmetwiki.bioinformatics.nl/pathways/RC230","1"
"http://rdf-plantmetwiki.bioinformatics.nl/pathways/RC503","1"
"http://rdf-plantmetwiki.bioinformatics.nl/pathways/RC1144","1"
"http://rdf-plantmetwiki.bioinformatics.nl/pathways/RC289","1"
"http://rdf-plantmetwiki.bioinformatics.nl/pathways/PC1010","1"
"http://rdf-plantmetwiki.bioinformatics.nl/pathways/RC1253","1"
"http://rdf-plantmetwiki.bioinformatics.nl/pathways/RC758","1"
"http://rdf-plantmetwiki.bioinformatics.nl/pathways/RC372","1"
"http://rdf-plantmetwiki.bioinformatics.nl/pathways/RC548","1"
"http://rdf-plantmetwiki.bioinformatics.nl/pathways/RC373","1"
"http://rdf-plantmetwiki.bioinformatics.nl/pathways/RC978","1"
"http://rdf-plantmetwiki.bioinformatics.nl/pathways/RC1284","1"
"http://rdf-plantmetwiki.bioinformatics.nl/pathways/PC341","1"
"http://rdf-plantmetwiki.bioinformatics.nl/pathways/PC155","1"
"http://rdf-plantmetwiki.bioinformatics.nl/pathways/RC114","1"
"http://rdf-plantmetwiki.bioinformatics.nl/pathways/RC835","1"
"http://rdf-plantmetwiki.bioinformatics.nl/pathways/RC1135","1"
"http://rdf-plantmetwiki.bioinformatics.nl/pathways/RC1233","1"
"http://rdf-plantmetwiki.bioinformatics.nl/pathways/RC321","1"
"http://rdf-plantmetwiki.bioinformatics.nl/pathways/PC601","1"
"http://rdf-plantmetwiki.bioinformatics.nl/pathways/PC1044","1"
"http://rdf-plantmetwiki.bioinformatics.nl/pathways/RC833","1"
"http://rdf-plantmetwiki.bioinformatics.nl/pathways/PC144","1"
"http://rdf-plantmetwiki.bioinformatics.nl/pathways/PC597","1"
"http://rdf-plantmetwiki.bioinformatics.nl/pathways/PC1054","1"
"http://rdf-plantmetwiki.bioinformatics.nl/pathways/RC250","1"
"http://rdf-plantmetwiki.bioinformatics.nl/pathways/RC466","1"
"http://rdf-plantmetwiki.bioinformatics.nl/pathways/RC1217","1"
"http://rdf-plantmetwiki.bioinformatics.nl/pathways/RC262","1"
"http://rdf-plantmetwiki.bioinformatics.nl/pathways/PC75","1"
"http://rdf-plantmetwiki.bioinformatics.nl/pathways/RC984","1"
"http://rdf-plantmetwiki.bioinformatics.nl/pathways/RC90","1"
"http://rdf-plantmetwiki.bioinformatics.nl/pathways/PC387","1"
"http://rdf-plantmetwiki.bioinformatics.nl/pathways/RC1181","1"
"http://rdf-plantmetwiki.bioinformatics.nl/pathways/RC433","1"
"http://rdf-plantmetwiki.bioinformatics.nl/pathways/RC208","1"
"http://rdf-plantmetwiki.bioinformatics.nl/pathways/RC419","1"
"http://rdf-plantmetwiki.bioinformatics.nl/pathways/PC966","1"
"http://rdf-plantmetwiki.bioinformatics.nl/pathways/PC820","1"
"http://rdf-plantmetwiki.bioinformatics.nl/pathways/RC338","1"
"http://rdf-plantmetwiki.bioinformatics.nl/pathways/RC837","1"
"http://rdf-plantmetwiki.bioinformatics.nl/pathways/RC806","1"
"http://rdf-plantmetwiki.bioinformatics.nl/pathways/RC982","1"
"http://rdf-plantmetwiki.bioinformatics.nl/pathways/RC701","1"
"http://rdf-plantmetwiki.bioinformatics.nl/pathways/PC314","1"
"http://rdf-plantmetwiki.bioinformatics.nl/pathways/RC932","1"
"http://rdf-plantmetwiki.bioinformatics.nl/pathways/RC281","1"
"http://rdf-plantmetwiki.bioinformatics.nl/pathways/RC277","1"
"http://rdf-plantmetwiki.bioinformatics.nl/pathways/PC608","1"
"http://rdf-plantmetwiki.bioinformatics.nl/pathways/PC1035","1"
"http://rdf-plantmetwiki.bioinformatics.nl/pathways/PC681","1"
"http://rdf-plantmetwiki.bioinformatics.nl/pathways/PC1119","1"
"http://rdf-plantmetwiki.bioinformatics.nl/pathways/RC971","1"
"http://rdf-plantmetwiki.bioinformatics.nl/pathways/PC1158","1"
"http://rdf-plantmetwiki.bioinformatics.nl/pathways/PC303","1"
"http://rdf-plantmetwiki.bioinformatics.nl/pathways/RC593","1"
"http://rdf-plantmetwiki.bioinformatics.nl/pathways/PC976","1"
"http://rdf-plantmetwiki.bioinformatics.nl/pathways/RC417","1"
"http://rdf-plantmetwiki.bioinformatics.nl/pathways/RC1119","1"
"http://rdf-plantmetwiki.bioinformatics.nl/pathways/RC801","1"
"http://rdf-plantmetwiki.bioinformatics.nl/pathways/PC789","1"
"http://rdf-plantmetwiki.bioinformatics.nl/pathways/RC759","1"
"http://rdf-plantmetwiki.bioinformatics.nl/pathways/PC200","1"
"http://rdf-plantmetwiki.bioinformatics.nl/pathways/PC1130","1"
"http://rdf-plantmetwiki.bioinformatics.nl/pathways/RC938","1"
"http://rdf-plantmetwiki.bioinformatics.nl/pathways/PC566","1"
"http://rdf-plantmetwiki.bioinformatics.nl/pathways/RC443","1"
"http://rdf-plantmetwiki.bioinformatics.nl/pathways/RC757","1"
"http://rdf-plantmetwiki.bioinformatics.nl/pathways/PC183","1"
"http://rdf-plantmetwiki.bioinformatics.nl/pathways/RC1213","1"
"http://rdf-plantmetwiki.bioinformatics.nl/pathways/RC501","1"
"http://rdf-plantmetwiki.bioinformatics.nl/pathways/RC992","1"
"http://rdf-plantmetwiki.bioinformatics.nl/pathways/PC699","1"
"http://rdf-plantmetwiki.bioinformatics.nl/pathways/RC1289","1"
"http://rdf-plantmetwiki.bioinformatics.nl/pathways/RC490","1"
"http://rdf-plantmetwiki.bioinformatics.nl/pathways/PC251","1"
"http://rdf-plantmetwiki.bioinformatics.nl/pathways/RC437","1"
"http://rdf-plantmetwiki.bioinformatics.nl/pathways/RC278","1"
"http://rdf-plantmetwiki.bioinformatics.nl/pathways/RC337","1"
"http://rdf-plantmetwiki.bioinformatics.nl/pathways/RC863","1"
"http://rdf-plantmetwiki.bioinformatics.nl/pathways/RC12","1"
"http://rdf-plantmetwiki.bioinformatics.nl/pathways/PC1101","1"
"http://rdf-plantmetwiki.bioinformatics.nl/pathways/PC1113","1"
"http://rdf-plantmetwiki.bioinformatics.nl/pathways/PC103","1"
"http://rdf-plantmetwiki.bioinformatics.nl/pathways/RC261","1"
"http://rdf-plantmetwiki.bioinformatics.nl/pathways/PC198","1"
"http://rdf-plantmetwiki.bioinformatics.nl/pathways/RC712","1"
"http://rdf-plantmetwiki.bioinformatics.nl/pathways/PC655","1"
"http://rdf-plantmetwiki.bioinformatics.nl/pathways/RC1109","1"
"http://rdf-plantmetwiki.bioinformatics.nl/pathways/RC1297","1"
"http://rdf-plantmetwiki.bioinformatics.nl/pathways/RC963","1"
"http://rdf-plantmetwiki.bioinformatics.nl/pathways/PC440","1"
"http://rdf-plantmetwiki.bioinformatics.nl/pathways/RC964","1"
"http://rdf-plantmetwiki.bioinformatics.nl/pathways/PC411","1"
"http://rdf-plantmetwiki.bioinformatics.nl/pathways/RC421","1"
"http://rdf-plantmetwiki.bioinformatics.nl/pathways/RC1299","1"
"http://rdf-plantmetwiki.bioinformatics.nl/pathways/PC585","1"
"http://rdf-plantmetwiki.bioinformatics.nl/pathways/RC838","1"
"http://rdf-plantmetwiki.bioinformatics.nl/pathways/RC494","1"
"http://rdf-plantmetwiki.bioinformatics.nl/pathways/RC431","1"
"http://rdf-plantmetwiki.bioinformatics.nl/pathways/RC1128","1"
"http://rdf-plantmetwiki.bioinformatics.nl/pathways/RC609","1"
"http://rdf-plantmetwiki.bioinformatics.nl/pathways/RC205","1"
"http://rdf-plantmetwiki.bioinformatics.nl/pathways/PC1141","1"
"http://rdf-plantmetwiki.bioinformatics.nl/pathways/RC507","1"
"http://rdf-plantmetwiki.bioinformatics.nl/pathways/RC868","1"
"http://rdf-plantmetwiki.bioinformatics.nl/pathways/RC1024","1"
"http://rdf-plantmetwiki.bioinformatics.nl/pathways/RC751","1"
"http://rdf-plantmetwiki.bioinformatics.nl/pathways/PC365","1"
"http://rdf-plantmetwiki.bioinformatics.nl/pathways/PC298","1"
"http://rdf-plantmetwiki.bioinformatics.nl/pathways/RC721","1"
"http://rdf-plantmetwiki.bioinformatics.nl/pathways/RC168","1"
"http://rdf-plantmetwiki.bioinformatics.nl/pathways/RC1113","1"
"http://rdf-plantmetwiki.bioinformatics.nl/pathways/RC134","1"
"http://rdf-plantmetwiki.bioinformatics.nl/pathways/RC823","1"
"http://rdf-plantmetwiki.bioinformatics.nl/pathways/RC446","1"
"http://rdf-plantmetwiki.bioinformatics.nl/pathways/RC469","1"
"http://rdf-plantmetwiki.bioinformatics.nl/pathways/RC842","1"
"http://rdf-plantmetwiki.bioinformatics.nl/pathways/RC989","1"
"http://rdf-plantmetwiki.bioinformatics.nl/pathways/RC25","1"
"http://rdf-plantmetwiki.bioinformatics.nl/pathways/PC653","1"
"http://rdf-plantmetwiki.bioinformatics.nl/pathways/PC68","1"
"http://rdf-plantmetwiki.bioinformatics.nl/pathways/RC1246","1"
"http://rdf-plantmetwiki.bioinformatics.nl/pathways/RC423","1"
"http://rdf-plantmetwiki.bioinformatics.nl/pathways/RC1209","1"
"http://rdf-plantmetwiki.bioinformatics.nl/pathways/RC904","1"
"http://rdf-plantmetwiki.bioinformatics.nl/pathways/RC689","1"
"http://rdf-plantmetwiki.bioinformatics.nl/pathways/RC594","1"
"http://rdf-plantmetwiki.bioinformatics.nl/pathways/RC1137","1"
"http://rdf-plantmetwiki.bioinformatics.nl/pathways/RC1280","1"
"http://rdf-plantmetwiki.bioinformatics.nl/pathways/PC218","1"
"http://rdf-plantmetwiki.bioinformatics.nl/pathways/RC551","1"
"http://rdf-plantmetwiki.bioinformatics.nl/pathways/RC654","1"
"http://rdf-plantmetwiki.bioinformatics.nl/pathways/RC1055","1"
"http://rdf-plantmetwiki.bioinformatics.nl/pathways/PC333","1"
"http://rdf-plantmetwiki.bioinformatics.nl/pathways/RC832","1"
"http://rdf-plantmetwiki.bioinformatics.nl/pathways/RC491","1"
"http://rdf-plantmetwiki.bioinformatics.nl/pathways/RC750","1"
"http://rdf-plantmetwiki.bioinformatics.nl/pathways/RC115","1"
"http://rdf-plantmetwiki.bioinformatics.nl/pathways/RC1149","1"
"http://rdf-plantmetwiki.bioinformatics.nl/pathways/PC170","1"
"http://rdf-plantmetwiki.bioinformatics.nl/pathways/RC987","1"
"http://rdf-plantmetwiki.bioinformatics.nl/pathways/RC1230","1"
"http://rdf-plantmetwiki.bioinformatics.nl/pathways/RC1044","1"
"http://rdf-plantmetwiki.bioinformatics.nl/pathways/RC140","1"
"http://rdf-plantmetwiki.bioinformatics.nl/pathways/RC1046","1"
"http://rdf-plantmetwiki.bioinformatics.nl/pathways/RC139","1"
"http://rdf-plantmetwiki.bioinformatics.nl/pathways/PC556","1"
"http://rdf-plantmetwiki.bioinformatics.nl/pathways/RC911","1"
"http://rdf-plantmetwiki.bioinformatics.nl/pathways/RC1026","1"
"http://rdf-plantmetwiki.bioinformatics.nl/pathways/RC690","1"
"http://rdf-plantmetwiki.bioinformatics.nl/pathways/PC625","1"
"http://rdf-plantmetwiki.bioinformatics.nl/pathways/RC798","1"
"http://rdf-plantmetwiki.bioinformatics.nl/pathways/RC539","1"
"http://rdf-plantmetwiki.bioinformatics.nl/pathways/RC194","1"
"http://rdf-plantmetwiki.bioinformatics.nl/pathways/RC340","1"
"http://rdf-plantmetwiki.bioinformatics.nl/pathways/RC595","1"
"http://rdf-plantmetwiki.bioinformatics.nl/pathways/PC650","1"
"http://rdf-plantmetwiki.bioinformatics.nl/pathways/RC53","1"
"http://rdf-plantmetwiki.bioinformatics.nl/pathways/RC914","1"
"http://rdf-plantmetwiki.bioinformatics.nl/pathways/RC462","1"
"http://rdf-plantmetwiki.bioinformatics.nl/pathways/RC602","1"
"http://rdf-plantmetwiki.bioinformatics.nl/pathways/PC821","1"
"http://rdf-plantmetwiki.bioinformatics.nl/pathways/RC1283","1"
"http://rdf-plantmetwiki.bioinformatics.nl/pathways/PC47","1"
"http://rdf-plantmetwiki.bioinformatics.nl/pathways/RC175","1"
"http://rdf-plantmetwiki.bioinformatics.nl/pathways/RC497","1"
"http://rdf-plantmetwiki.bioinformatics.nl/pathways/RC195","1"
"http://rdf-plantmetwiki.bioinformatics.nl/pathways/RC850","1"
"http://rdf-plantmetwiki.bioinformatics.nl/pathways/RC891","1"
"http://rdf-plantmetwiki.bioinformatics.nl/pathways/RC1065","1"
"http://rdf-plantmetwiki.bioinformatics.nl/pathways/PC305","1"
"http://rdf-plantmetwiki.bioinformatics.nl/pathways/RC1269","1"
"http://rdf-plantmetwiki.bioinformatics.nl/pathways/RC890","1"
"http://rdf-plantmetwiki.bioinformatics.nl/pathways/RC668","1"
"http://rdf-plantmetwiki.bioinformatics.nl/pathways/RC1106","1"
"http://rdf-plantmetwiki.bioinformatics.nl/pathways/RC1048","1"
"http://rdf-plantmetwiki.bioinformatics.nl/pathways/RC659","1"
"http://rdf-plantmetwiki.bioinformatics.nl/pathways/PC127","1"
"http://rdf-plantmetwiki.bioinformatics.nl/pathways/RC81","1"
"http://rdf-plantmetwiki.bioinformatics.nl/pathways/RC1054","1"
"http://rdf-plantmetwiki.bioinformatics.nl/pathways/PC741","1"
"http://rdf-plantmetwiki.bioinformatics.nl/pathways/RC1301","1"
"http://rdf-plantmetwiki.bioinformatics.nl/pathways/RC570","1"
"http://rdf-plantmetwiki.bioinformatics.nl/pathways/PC1145","1"
"http://rdf-plantmetwiki.bioinformatics.nl/pathways/PC92","1"
"http://rdf-plantmetwiki.bioinformatics.nl/pathways/PC1040","1"
"http://rdf-plantmetwiki.bioinformatics.nl/pathways/RC1216","1"
"http://rdf-plantmetwiki.bioinformatics.nl/pathways/RC1177","1"
"http://rdf-plantmetwiki.bioinformatics.nl/pathways/PC428","1"
"http://rdf-plantmetwiki.bioinformatics.nl/pathways/RC223","1"
"http://rdf-plantmetwiki.bioinformatics.nl/pathways/RC856","1"
"http://rdf-plantmetwiki.bioinformatics.nl/pathways/RC488","1"
"http://rdf-plantmetwiki.bioinformatics.nl/pathways/RC260","1"
"http://rdf-plantmetwiki.bioinformatics.nl/pathways/RC171","1"
"http://rdf-plantmetwiki.bioinformatics.nl/pathways/PC472","1"
"http://rdf-plantmetwiki.bioinformatics.nl/pathways/RC461","1"
"http://rdf-plantmetwiki.bioinformatics.nl/pathways/RC1125","1"
"http://rdf-plantmetwiki.bioinformatics.nl/pathways/PC765","1"
"http://rdf-plantmetwiki.bioinformatics.nl/pathways/PC1014","1"
"http://rdf-plantmetwiki.bioinformatics.nl/pathways/PC342","1"
"http://rdf-plantmetwiki.bioinformatics.nl/pathways/PC290","1"
"http://rdf-plantmetwiki.bioinformatics.nl/pathways/RC947","1"
"http://rdf-plantmetwiki.bioinformatics.nl/pathways/RC59","1"
"http://rdf-plantmetwiki.bioinformatics.nl/pathways/RC121","1"
"http://rdf-plantmetwiki.bioinformatics.nl/pathways/RC1146","1"
"http://rdf-plantmetwiki.bioinformatics.nl/pathways/RC1250","1"
"http://rdf-plantmetwiki.bioinformatics.nl/pathways/PC148","1"
"http://rdf-plantmetwiki.bioinformatics.nl/pathways/RC864","1"
"http://rdf-plantmetwiki.bioinformatics.nl/pathways/RC345","1"
"http://rdf-plantmetwiki.bioinformatics.nl/pathways/PC57","1"
"http://rdf-plantmetwiki.bioinformatics.nl/pathways/RC26","1"
"http://rdf-plantmetwiki.bioinformatics.nl/pathways/RC266","1"
"http://rdf-plantmetwiki.bioinformatics.nl/pathways/RC320","1"
"http://rdf-plantmetwiki.bioinformatics.nl/pathways/PC424","1"
"http://rdf-plantmetwiki.bioinformatics.nl/pathways/PC692","1"
"http://rdf-plantmetwiki.bioinformatics.nl/pathways/RC67","1"
"http://rdf-plantmetwiki.bioinformatics.nl/pathways/PC343","1"
"http://rdf-plantmetwiki.bioinformatics.nl/pathways/RC1078","1"
"http://rdf-plantmetwiki.bioinformatics.nl/pathways/PC501","1"
"http://rdf-plantmetwiki.bioinformatics.nl/pathways/RC655","1"
"http://rdf-plantmetwiki.bioinformatics.nl/pathways/RC287","1"
"http://rdf-plantmetwiki.bioinformatics.nl/pathways/RC937","1"
"http://rdf-plantmetwiki.bioinformatics.nl/pathways/PC22","1"
"http://rdf-plantmetwiki.bioinformatics.nl/pathways/RC1208","1"
"http://rdf-plantmetwiki.bioinformatics.nl/pathways/RC69","1"
"http://rdf-plantmetwiki.bioinformatics.nl/pathways/RC578","1"
"http://rdf-plantmetwiki.bioinformatics.nl/pathways/RC826","1"
"http://rdf-plantmetwiki.bioinformatics.nl/pathways/RC934","1"
"http://rdf-plantmetwiki.bioinformatics.nl/pathways/PC657","1"
"http://rdf-plantmetwiki.bioinformatics.nl/pathways/RC367","1"
"http://rdf-plantmetwiki.bioinformatics.nl/pathways/RC1186","1"
"http://rdf-plantmetwiki.bioinformatics.nl/pathways/RC1298","1"
"http://rdf-plantmetwiki.bioinformatics.nl/pathways/PC1150","1"
"http://rdf-plantmetwiki.bioinformatics.nl/pathways/RC241","1"
"http://rdf-plantmetwiki.bioinformatics.nl/pathways/RC768","1"
"http://rdf-plantmetwiki.bioinformatics.nl/pathways/RC56","1"
"http://rdf-plantmetwiki.bioinformatics.nl/pathways/RC132","1"
"http://rdf-plantmetwiki.bioinformatics.nl/pathways/PC513","1"
"http://rdf-plantmetwiki.bioinformatics.nl/pathways/PC217","1"
"http://rdf-plantmetwiki.bioinformatics.nl/pathways/RC1245","1"
"http://rdf-plantmetwiki.bioinformatics.nl/pathways/RC748","1"
"http://rdf-plantmetwiki.bioinformatics.nl/pathways/RC923","1"
"http://rdf-plantmetwiki.bioinformatics.nl/pathways/RC905","1"
"http://rdf-plantmetwiki.bioinformatics.nl/pathways/RC255","1"
"http://rdf-plantmetwiki.bioinformatics.nl/pathways/RC1008","1"
"http://rdf-plantmetwiki.bioinformatics.nl/pathways/RC1279","1"
"http://rdf-plantmetwiki.bioinformatics.nl/pathways/RC1258","1"
"http://rdf-plantmetwiki.bioinformatics.nl/pathways/RC473","1"
"http://rdf-plantmetwiki.bioinformatics.nl/pathways/PC117","1"
"http://rdf-plantmetwiki.bioinformatics.nl/pathways/RC324","1"
"http://rdf-plantmetwiki.bioinformatics.nl/pathways/RC805","1"
"http://rdf-plantmetwiki.bioinformatics.nl/pathways/RC386","1"
"http://rdf-plantmetwiki.bioinformatics.nl/pathways/PC105","1"
"http://rdf-plantmetwiki.bioinformatics.nl/pathways/PC527","1"
"http://rdf-plantmetwiki.bioinformatics.nl/pathways/RC663","1"
"http://rdf-plantmetwiki.bioinformatics.nl/pathways/RC1212","1"
"http://rdf-plantmetwiki.bioinformatics.nl/pathways/RC1062","1"
"http://rdf-plantmetwiki.bioinformatics.nl/pathways/PC219","1"
"http://rdf-plantmetwiki.bioinformatics.nl/pathways/RC686","1"
"http://rdf-plantmetwiki.bioinformatics.nl/pathways/RC543","1"
"http://rdf-plantmetwiki.bioinformatics.nl/pathways/PC1094","1"
"http://rdf-plantmetwiki.bioinformatics.nl/pathways/RC625","1"
"http://rdf-plantmetwiki.bioinformatics.nl/pathways/RC1003","1"
"http://rdf-plantmetwiki.bioinformatics.nl/pathways/RC98","1"
"http://rdf-plantmetwiki.bioinformatics.nl/pathways/RC291","1"
"http://rdf-plantmetwiki.bioinformatics.nl/pathways/RC467","1"
"http://rdf-plantmetwiki.bioinformatics.nl/pathways/RC524","1"
"http://rdf-plantmetwiki.bioinformatics.nl/pathways/RC1071","1"
"http://rdf-plantmetwiki.bioinformatics.nl/pathways/RC264","1"
"http://rdf-plantmetwiki.bioinformatics.nl/pathways/PC78","1"
"http://rdf-plantmetwiki.bioinformatics.nl/pathways/PC583","1"
"http://rdf-plantmetwiki.bioinformatics.nl/pathways/PC957","1"
"http://rdf-plantmetwiki.bioinformatics.nl/pathways/RC1187","1"
"http://rdf-plantmetwiki.bioinformatics.nl/pathways/RC475","1"
"http://rdf-plantmetwiki.bioinformatics.nl/pathways/RC1131","1"
"http://rdf-plantmetwiki.bioinformatics.nl/pathways/RC308","1"
"http://rdf-plantmetwiki.bioinformatics.nl/pathways/PC573","1"
"http://rdf-plantmetwiki.bioinformatics.nl/pathways/RC244","1"
"http://rdf-plantmetwiki.bioinformatics.nl/pathways/RC514","1"
"http://rdf-plantmetwiki.bioinformatics.nl/pathways/RC1059","1"
"http://rdf-plantmetwiki.bioinformatics.nl/pathways/RC1099","1"
"http://rdf-plantmetwiki.bioinformatics.nl/pathways/RC1120","1"
"http://rdf-plantmetwiki.bioinformatics.nl/pathways/RC204","1"
"http://rdf-plantmetwiki.bioinformatics.nl/pathways/PC735","1"
"http://rdf-plantmetwiki.bioinformatics.nl/pathways/RC41","1"
"http://rdf-plantmetwiki.bioinformatics.nl/pathways/RC1101","1"
"http://rdf-plantmetwiki.bioinformatics.nl/pathways/RC981","1"
"http://rdf-plantmetwiki.bioinformatics.nl/pathways/RC599","1"
"http://rdf-plantmetwiki.bioinformatics.nl/pathways/PC521","1"
"http://rdf-plantmetwiki.bioinformatics.nl/pathways/PC494","1"
"http://rdf-plantmetwiki.bioinformatics.nl/pathways/RC234","1"
"http://rdf-plantmetwiki.bioinformatics.nl/pathways/RC1257","1"
"http://rdf-plantmetwiki.bioinformatics.nl/pathways/PC1146","1"
"http://rdf-plantmetwiki.bioinformatics.nl/pathways/RC1158","1"
"http://rdf-plantmetwiki.bioinformatics.nl/pathways/RC268","1"
"http://rdf-plantmetwiki.bioinformatics.nl/pathways/RC726","1"
"http://rdf-plantmetwiki.bioinformatics.nl/pathways/RC153","1"
"http://rdf-plantmetwiki.bioinformatics.nl/pathways/RC398","1"
"http://rdf-plantmetwiki.bioinformatics.nl/pathways/RC336","1"
"http://rdf-plantmetwiki.bioinformatics.nl/pathways/RC130","1"
"http://rdf-plantmetwiki.bioinformatics.nl/pathways/RC1242","1"
"http://rdf-plantmetwiki.bioinformatics.nl/pathways/PC1123","1"
"http://rdf-plantmetwiki.bioinformatics.nl/pathways/RC399","1"
"http://rdf-plantmetwiki.bioinformatics.nl/pathways/PC13","1"
"http://rdf-plantmetwiki.bioinformatics.nl/pathways/RC20","1"
"http://rdf-plantmetwiki.bioinformatics.nl/pathways/PC531","1"
"http://rdf-plantmetwiki.bioinformatics.nl/pathways/PC360","1"
"http://rdf-plantmetwiki.bioinformatics.nl/pathways/RC126","1"
"http://rdf-plantmetwiki.bioinformatics.nl/pathways/RC36","1"
"http://rdf-plantmetwiki.bioinformatics.nl/pathways/PC1091","1"
"http://rdf-plantmetwiki.bioinformatics.nl/pathways/RC752","1"
"http://rdf-plantmetwiki.bioinformatics.nl/pathways/RC463","1"
"http://rdf-plantmetwiki.bioinformatics.nl/pathways/RC332","1"
"http://rdf-plantmetwiki.bioinformatics.nl/pathways/RC816","1"
"http://rdf-plantmetwiki.bioinformatics.nl/pathways/RC436","1"
"http://rdf-plantmetwiki.bioinformatics.nl/pathways/RC640","1"
"http://rdf-plantmetwiki.bioinformatics.nl/pathways/PC356","1"
"http://rdf-plantmetwiki.bioinformatics.nl/pathways/PC540","1"
"http://rdf-plantmetwiki.bioinformatics.nl/pathways/RC347","1"
"http://rdf-plantmetwiki.bioinformatics.nl/pathways/RC1041","1"
"http://rdf-plantmetwiki.bioinformatics.nl/pathways/RC193","1"
"http://rdf-plantmetwiki.bioinformatics.nl/pathways/PC162","1"
"http://rdf-plantmetwiki.bioinformatics.nl/pathways/RC251","1"
"http://rdf-plantmetwiki.bioinformatics.nl/pathways/PC361","1"
"http://rdf-plantmetwiki.bioinformatics.nl/pathways/RC1147","1"
"http://rdf-plantmetwiki.bioinformatics.nl/pathways/RC775","1"
"http://rdf-plantmetwiki.bioinformatics.nl/pathways/RC500","1"
"http://rdf-plantmetwiki.bioinformatics.nl/pathways/RC523","1"
"http://rdf-plantmetwiki.bioinformatics.nl/pathways/PC347","1"
"http://rdf-plantmetwiki.bioinformatics.nl/pathways/PC432","1"
"http://rdf-plantmetwiki.bioinformatics.nl/pathways/PC266","1"
"http://rdf-plantmetwiki.bioinformatics.nl/pathways/RC454","1"
"http://rdf-plantmetwiki.bioinformatics.nl/pathways/RC747","1"
"http://rdf-plantmetwiki.bioinformatics.nl/pathways/RC546","1"
"http://rdf-plantmetwiki.bioinformatics.nl/pathways/RC233","1"
"http://rdf-plantmetwiki.bioinformatics.nl/pathways/RC894","1"
"http://rdf-plantmetwiki.bioinformatics.nl/pathways/PC143","1"
"http://rdf-plantmetwiki.bioinformatics.nl/pathways/RC422","1"
"http://rdf-plantmetwiki.bioinformatics.nl/pathways/RC1010","1"
"http://rdf-plantmetwiki.bioinformatics.nl/pathways/PC174","1"
"http://rdf-plantmetwiki.bioinformatics.nl/pathways/PC1151","1"
"http://rdf-plantmetwiki.bioinformatics.nl/pathways/RC176","1"
"http://rdf-plantmetwiki.bioinformatics.nl/pathways/RC920","1"
"http://rdf-plantmetwiki.bioinformatics.nl/pathways/RC819","1"
"http://rdf-plantmetwiki.bioinformatics.nl/pathways/PC433","1"
"http://rdf-plantmetwiki.bioinformatics.nl/pathways/RC346","1"
"http://rdf-plantmetwiki.bioinformatics.nl/pathways/RC643","1"
"http://rdf-plantmetwiki.bioinformatics.nl/pathways/PC282","1"
"http://rdf-plantmetwiki.bioinformatics.nl/pathways/PC609","1"
"http://rdf-plantmetwiki.bioinformatics.nl/pathways/RC678","1"
"http://rdf-plantmetwiki.bioinformatics.nl/pathways/RC452","1"
"http://rdf-plantmetwiki.bioinformatics.nl/pathways/RC249","1"
"http://rdf-plantmetwiki.bioinformatics.nl/pathways/RC1295","1"
"http://rdf-plantmetwiki.bioinformatics.nl/pathways/RC166","1"
"http://rdf-plantmetwiki.bioinformatics.nl/pathways/RC440","1"
"http://rdf-plantmetwiki.bioinformatics.nl/pathways/RC1192","1"
"http://rdf-plantmetwiki.bioinformatics.nl/pathways/RC560","1"
"http://rdf-plantmetwiki.bioinformatics.nl/pathways/PC1005","1"
"http://rdf-plantmetwiki.bioinformatics.nl/pathways/PC568","1"
"http://rdf-plantmetwiki.bioinformatics.nl/pathways/RC1228","1"
"http://rdf-plantmetwiki.bioinformatics.nl/pathways/RC235","1"
"http://rdf-plantmetwiki.bioinformatics.nl/pathways/RC357","1"
"http://rdf-plantmetwiki.bioinformatics.nl/pathways/RC763","1"
"http://rdf-plantmetwiki.bioinformatics.nl/pathways/RC692","1"
"http://rdf-plantmetwiki.bioinformatics.nl/pathways/PC1022","1"
"http://rdf-plantmetwiki.bioinformatics.nl/pathways/PC682","1"
"http://rdf-plantmetwiki.bioinformatics.nl/pathways/RC988","1"
"http://rdf-plantmetwiki.bioinformatics.nl/pathways/RC300","1"
"http://rdf-plantmetwiki.bioinformatics.nl/pathways/PC438","1"
"http://rdf-plantmetwiki.bioinformatics.nl/pathways/RC564","1"
"http://rdf-plantmetwiki.bioinformatics.nl/pathways/RC180","1"
"http://rdf-plantmetwiki.bioinformatics.nl/pathways/RC143","1"
"http://rdf-plantmetwiki.bioinformatics.nl/pathways/RC116","1"
"http://rdf-plantmetwiki.bioinformatics.nl/pathways/RC1219","1"
"http://rdf-plantmetwiki.bioinformatics.nl/pathways/RC845","1"
"http://rdf-plantmetwiki.bioinformatics.nl/pathways/PC252","1"
"http://rdf-plantmetwiki.bioinformatics.nl/pathways/RC1069","1"
"http://rdf-plantmetwiki.bioinformatics.nl/pathways/RC688","1"
"http://rdf-plantmetwiki.bioinformatics.nl/pathways/PC157","1"
"http://rdf-plantmetwiki.bioinformatics.nl/pathways/PC171","1"
"http://rdf-plantmetwiki.bioinformatics.nl/pathways/PC1161","1"
"http://rdf-plantmetwiki.bioinformatics.nl/pathways/PC246","1"
"http://rdf-plantmetwiki.bioinformatics.nl/pathways/RC30","1"
"http://rdf-plantmetwiki.bioinformatics.nl/pathways/RC1286","1"
"http://rdf-plantmetwiki.bioinformatics.nl/pathways/RC428","1"
"http://rdf-plantmetwiki.bioinformatics.nl/pathways/RC1014","1"
"http://rdf-plantmetwiki.bioinformatics.nl/pathways/RC813","1"
"http://rdf-plantmetwiki.bioinformatics.nl/pathways/PC88","1"
"http://rdf-plantmetwiki.bioinformatics.nl/pathways/PC980","1"
"http://rdf-plantmetwiki.bioinformatics.nl/pathways/PC760","1"
"http://rdf-plantmetwiki.bioinformatics.nl/pathways/RC348","1"
"http://rdf-plantmetwiki.bioinformatics.nl/pathways/RC238","1"
"http://rdf-plantmetwiki.bioinformatics.nl/pathways/RC355","1"
"http://rdf-plantmetwiki.bioinformatics.nl/pathways/RC962","1"
"http://rdf-plantmetwiki.bioinformatics.nl/pathways/RC529","1"
"http://rdf-plantmetwiki.bioinformatics.nl/pathways/RC639","1"
"http://rdf-plantmetwiki.bioinformatics.nl/pathways/PC659","1"
"http://rdf-plantmetwiki.bioinformatics.nl/pathways/PC969","1"
"http://rdf-plantmetwiki.bioinformatics.nl/pathways/RC284","1"
"http://rdf-plantmetwiki.bioinformatics.nl/pathways/RC64","1"
"http://rdf-plantmetwiki.bioinformatics.nl/pathways/RC83","1"
"http://rdf-plantmetwiki.bioinformatics.nl/pathways/RC1268","1"
"http://rdf-plantmetwiki.bioinformatics.nl/pathways/PC264","1"
"http://rdf-plantmetwiki.bioinformatics.nl/pathways/RC1022","1"
"http://rdf-plantmetwiki.bioinformatics.nl/pathways/RC1098","1"
"http://rdf-plantmetwiki.bioinformatics.nl/pathways/PC265","1"
"http://rdf-plantmetwiki.bioinformatics.nl/pathways/PC18","1"
"http://rdf-plantmetwiki.bioinformatics.nl/pathways/RC550","1"
"http://rdf-plantmetwiki.bioinformatics.nl/pathways/RC910","1"
"http://rdf-plantmetwiki.bioinformatics.nl/pathways/PC981","1"
"http://rdf-plantmetwiki.bioinformatics.nl/pathways/RC381","1"
"http://rdf-plantmetwiki.bioinformatics.nl/pathways/RC865","1"
"http://rdf-plantmetwiki.bioinformatics.nl/pathways/RC753","1"
"http://rdf-plantmetwiki.bioinformatics.nl/pathways/PC580","1"
"http://rdf-plantmetwiki.bioinformatics.nl/pathways/RC485","1"
"http://rdf-plantmetwiki.bioinformatics.nl/pathways/RC706","1"
"http://rdf-plantmetwiki.bioinformatics.nl/pathways/RC107","1"
"http://rdf-plantmetwiki.bioinformatics.nl/pathways/PC86","1"
"http://rdf-plantmetwiki.bioinformatics.nl/pathways/RC178","1"
"http://rdf-plantmetwiki.bioinformatics.nl/pathways/RC994","1"
"http://rdf-plantmetwiki.bioinformatics.nl/pathways/RC715","1"
"http://rdf-plantmetwiki.bioinformatics.nl/pathways/PC91","1"
