pwID,count
http://rdf-plantmetwiki.bioinformatics.nl/pathways/RC19_r17.0.0_20260605-171052,2
http://rdf-plantmetwiki.bioinformatics.nl/pathways/PC164_r17.0.0_20260605-171052,44
http://rdf-plantmetwiki.bioinformatics.nl/pathways/PC1033_r17.0.0_20260605-171052,2
http://rdf-plantmetwiki.bioinformatics.nl/pathways/PC851_r17.0.0_20260605-171052,4
http://rdf-plantmetwiki.bioinformatics.nl/pathways/RC1129_r17.0.0_20260605-171052,3
http://rdf-plantmetwiki.bioinformatics.nl/pathways/PC127_r17.0.0_20260605-171052,2
http://rdf-plantmetwiki.bioinformatics.nl/pathways/PC783_r17.0.0_20260605-171052,6
http://rdf-plantmetwiki.bioinformatics.nl/pathways/PC809_r17.0.0_20260605-171052,13
http://rdf-plantmetwiki.bioinformatics.nl/pathways/PC163_r17.0.0_20260605-171052,38
http://rdf-plantmetwiki.bioinformatics.nl/pathways/PC595_r17.0.0_20260605-171052,4
http://rdf-plantmetwiki.bioinformatics.nl/pathways/RC765_r17.0.0_20260605-171052,2
http://rdf-plantmetwiki.bioinformatics.nl/pathways/PC819_r17.0.0_20260605-171052,9
http://rdf-plantmetwiki.bioinformatics.nl/pathways/RC1038_r17.0.0_20260605-171052,2
http://rdf-plantmetwiki.bioinformatics.nl/pathways/PC95_r17.0.0_20260605-171052,3
http://rdf-plantmetwiki.bioinformatics.nl/pathways/PC631_r17.0.0_20260605-171052,1
http://rdf-plantmetwiki.bioinformatics.nl/pathways/PC996_r17.0.0_20260605-171052,3
http://rdf-plantmetwiki.bioinformatics.nl/pathways/PC285_r17.0.0_20260605-171052,1
http://rdf-plantmetwiki.bioinformatics.nl/pathways/RC826_r17.0.0_20260605-171052,1
http://rdf-plantmetwiki.bioinformatics.nl/pathways/PC73_r17.0.0_20260605-171052,5
http://rdf-plantmetwiki.bioinformatics.nl/pathways/RC516_r17.0.0_20260605-171052,1
http://rdf-plantmetwiki.bioinformatics.nl/pathways/RC784_r17.0.0_20260605-171052,1
http://rdf-plantmetwiki.bioinformatics.nl/pathways/PC393_r17.0.0_20260605-171052,3
http://rdf-plantmetwiki.bioinformatics.nl/pathways/PC979_r17.0.0_20260605-171052,6
http://rdf-plantmetwiki.bioinformatics.nl/pathways/RC81_r17.0.0_20260605-171052,26
http://rdf-plantmetwiki.bioinformatics.nl/pathways/RC667_r17.0.0_20260605-171052,1
http://rdf-plantmetwiki.bioinformatics.nl/pathways/PC632_r17.0.0_20260605-171052,8
http://rdf-plantmetwiki.bioinformatics.nl/pathways/PC429_r17.0.0_20260605-171052,1
http://rdf-plantmetwiki.bioinformatics.nl/pathways/RC1014_r17.0.0_20260605-171052,2
http://rdf-plantmetwiki.bioinformatics.nl/pathways/RC474_r17.0.0_20260605-171052,1
http://rdf-plantmetwiki.bioinformatics.nl/pathways/RC970_r17.0.0_20260605-171052,2
http://rdf-plantmetwiki.bioinformatics.nl/pathways/PC669_r17.0.0_20260605-171052,5
http://rdf-plantmetwiki.bioinformatics.nl/pathways/PC58_r17.0.0_20260605-171052,1
http://rdf-plantmetwiki.bioinformatics.nl/pathways/PC480_r17.0.0_20260605-171052,2
http://rdf-plantmetwiki.bioinformatics.nl/pathways/PC490_r17.0.0_20260605-171052,6
http://rdf-plantmetwiki.bioinformatics.nl/pathways/RC437_r17.0.0_20260605-171052,1
http://rdf-plantmetwiki.bioinformatics.nl/pathways/PC134_r17.0.0_20260605-171052,2
http://rdf-plantmetwiki.bioinformatics.nl/pathways/PC411_r17.0.0_20260605-171052,2
http://rdf-plantmetwiki.bioinformatics.nl/pathways/RC1277_r17.0.0_20260605-171052,1
http://rdf-plantmetwiki.bioinformatics.nl/pathways/PC1112_r17.0.0_20260605-171052,2
http://rdf-plantmetwiki.bioinformatics.nl/pathways/PC448_r17.0.0_20260605-171052,29
http://rdf-plantmetwiki.bioinformatics.nl/pathways/RC404_r17.0.0_20260605-171052,2
http://rdf-plantmetwiki.bioinformatics.nl/pathways/PC589_r17.0.0_20260605-171052,3
http://rdf-plantmetwiki.bioinformatics.nl/pathways/PC1149_r17.0.0_20260605-171052,2
http://rdf-plantmetwiki.bioinformatics.nl/pathways/PC242_r17.0.0_20260605-171052,5
http://rdf-plantmetwiki.bioinformatics.nl/pathways/PC624_r17.0.0_20260605-171052,1
http://rdf-plantmetwiki.bioinformatics.nl/pathways/RC1270_r17.0.0_20260605-171052,1
http://rdf-plantmetwiki.bioinformatics.nl/pathways/RC1280_r17.0.0_20260605-171052,1
http://rdf-plantmetwiki.bioinformatics.nl/pathways/PC279_r17.0.0_20260605-171052,17
http://rdf-plantmetwiki.bioinformatics.nl/pathways/PC1111_r17.0.0_20260605-171052,14
http://rdf-plantmetwiki.bioinformatics.nl/pathways/PC710_r17.0.0_20260605-171052,4
http://rdf-plantmetwiki.bioinformatics.nl/pathways/PC1148_r17.0.0_20260605-171052,2
http://rdf-plantmetwiki.bioinformatics.nl/pathways/PC747_r17.0.0_20260605-171052,7
http://rdf-plantmetwiki.bioinformatics.nl/pathways/PC106_r17.0.0_20260605-171052,4
http://rdf-plantmetwiki.bioinformatics.nl/pathways/PC986_r17.0.0_20260605-171052,5
http://rdf-plantmetwiki.bioinformatics.nl/pathways/RC941_r17.0.0_20260605-171052,5
http://rdf-plantmetwiki.bioinformatics.nl/pathways/PC261_r17.0.0_20260605-171052,10
http://rdf-plantmetwiki.bioinformatics.nl/pathways/PC1105_r17.0.0_20260605-171052,6
http://rdf-plantmetwiki.bioinformatics.nl/pathways/RC978_r17.0.0_20260605-171052,7
http://rdf-plantmetwiki.bioinformatics.nl/pathways/PC298_r17.0.0_20260605-171052,9
http://rdf-plantmetwiki.bioinformatics.nl/pathways/PC855_r17.0.0_20260605-171052,30
http://rdf-plantmetwiki.bioinformatics.nl/pathways/RC290_r17.0.0_20260605-171052,1
http://rdf-plantmetwiki.bioinformatics.nl/pathways/PC766_r17.0.0_20260605-171052,13
http://rdf-plantmetwiki.bioinformatics.nl/pathways/RC721_r17.0.0_20260605-171052,1
http://rdf-plantmetwiki.bioinformatics.nl/pathways/RC112_r17.0.0_20260605-171052,2
http://rdf-plantmetwiki.bioinformatics.nl/pathways/PC906_r17.0.0_20260605-171052,1
http://rdf-plantmetwiki.bioinformatics.nl/pathways/PC916_r17.0.0_20260605-171052,7
http://rdf-plantmetwiki.bioinformatics.nl/pathways/RC376_r17.0.0_20260605-171052,1
http://rdf-plantmetwiki.bioinformatics.nl/pathways/RC758_r17.0.0_20260605-171052,3
http://rdf-plantmetwiki.bioinformatics.nl/pathways/PC942_r17.0.0_20260605-171052,8
http://rdf-plantmetwiki.bioinformatics.nl/pathways/PC952_r17.0.0_20260605-171052,4
http://rdf-plantmetwiki.bioinformatics.nl/pathways/RC899_r17.0.0_20260605-171052,1
http://rdf-plantmetwiki.bioinformatics.nl/pathways/RC411_r17.0.0_20260605-171052,1
http://rdf-plantmetwiki.bioinformatics.nl/pathways/PC596_r17.0.0_20260605-171052,1
http://rdf-plantmetwiki.bioinformatics.nl/pathways/PC874_r17.0.0_20260605-171052,1
http://rdf-plantmetwiki.bioinformatics.nl/pathways/PC605_r17.0.0_20260605-171052,5
http://rdf-plantmetwiki.bioinformatics.nl/pathways/RC934_r17.0.0_20260605-171052,3
http://rdf-plantmetwiki.bioinformatics.nl/pathways/PC527_r17.0.0_20260605-171052,3
http://rdf-plantmetwiki.bioinformatics.nl/pathways/PC90_r17.0.0_20260605-171052,49
http://rdf-plantmetwiki.bioinformatics.nl/pathways/RC1050_r17.0.0_20260605-171052,1
http://rdf-plantmetwiki.bioinformatics.nl/pathways/RC50_r17.0.0_20260605-171052,1
http://rdf-plantmetwiki.bioinformatics.nl/pathways/PC33_r17.0.0_20260605-171052,27
http://rdf-plantmetwiki.bioinformatics.nl/pathways/PC563_r17.0.0_20260605-171052,1
http://rdf-plantmetwiki.bioinformatics.nl/pathways/RC51_r17.0.0_20260605-171052,1
http://rdf-plantmetwiki.bioinformatics.nl/pathways/RC739_r17.0.0_20260605-171052,1
http://rdf-plantmetwiki.bioinformatics.nl/pathways/PC704_r17.0.0_20260605-171052,60
http://rdf-plantmetwiki.bioinformatics.nl/pathways/PC376_r17.0.0_20260605-171052,4
http://rdf-plantmetwiki.bioinformatics.nl/pathways/RC775_r17.0.0_20260605-171052,1
http://rdf-plantmetwiki.bioinformatics.nl/pathways/PC1077_r17.0.0_20260605-171052,3
http://rdf-plantmetwiki.bioinformatics.nl/pathways/RC1172_r17.0.0_20260605-171052,2
http://rdf-plantmetwiki.bioinformatics.nl/pathways/PC526_r17.0.0_20260605-171052,6
http://rdf-plantmetwiki.bioinformatics.nl/pathways/RC369_r17.0.0_20260605-171052,2
http://rdf-plantmetwiki.bioinformatics.nl/pathways/PC180_r17.0.0_20260605-171052,17
http://rdf-plantmetwiki.bioinformatics.nl/pathways/PC562_r17.0.0_20260605-171052,11
http://rdf-plantmetwiki.bioinformatics.nl/pathways/RC607_r17.0.0_20260605-171052,1
http://rdf-plantmetwiki.bioinformatics.nl/pathways/PC484_r17.0.0_20260605-171052,22
http://rdf-plantmetwiki.bioinformatics.nl/pathways/PC216_r17.0.0_20260605-171052,9
http://rdf-plantmetwiki.bioinformatics.nl/pathways/PC138_r17.0.0_20260605-171052,14
http://rdf-plantmetwiki.bioinformatics.nl/pathways/PC723_r17.0.0_20260605-171052,8
http://rdf-plantmetwiki.bioinformatics.nl/pathways/PC377_r17.0.0_20260605-171052,22
http://rdf-plantmetwiki.bioinformatics.nl/pathways/PC174_r17.0.0_20260605-171052,3
http://rdf-plantmetwiki.bioinformatics.nl/pathways/PC75_r17.0.0_20260605-171052,1
http://rdf-plantmetwiki.bioinformatics.nl/pathways/PC412_r17.0.0_20260605-171052,3
http://rdf-plantmetwiki.bioinformatics.nl/pathways/RC36_r17.0.0_20260605-171052,2
http://rdf-plantmetwiki.bioinformatics.nl/pathways/RC1227_r17.0.0_20260605-171052,2
http://rdf-plantmetwiki.bioinformatics.nl/pathways/PC881_r17.0.0_20260605-171052,3
http://rdf-plantmetwiki.bioinformatics.nl/pathways/PC235_r17.0.0_20260605-171052,3
http://rdf-plantmetwiki.bioinformatics.nl/pathways/PC157_r17.0.0_20260605-171052,6
http://rdf-plantmetwiki.bioinformatics.nl/pathways/RC218_r17.0.0_20260605-171052,1
http://rdf-plantmetwiki.bioinformatics.nl/pathways/PC193_r17.0.0_20260605-171052,1
http://rdf-plantmetwiki.bioinformatics.nl/pathways/RC1068_r17.0.0_20260605-171052,1
http://rdf-plantmetwiki.bioinformatics.nl/pathways/PC333_r17.0.0_20260605-171052,2
http://rdf-plantmetwiki.bioinformatics.nl/pathways/PC98_r17.0.0_20260605-171052,3
http://rdf-plantmetwiki.bioinformatics.nl/pathways/PC343_r17.0.0_20260605-171052,2
http://rdf-plantmetwiki.bioinformatics.nl/pathways/PC1034_r17.0.0_20260605-171052,2
http://rdf-plantmetwiki.bioinformatics.nl/pathways/PC1044_r17.0.0_20260605-171052,3
http://rdf-plantmetwiki.bioinformatics.nl/pathways/RC1025_r17.0.0_20260605-171052,1
http://rdf-plantmetwiki.bioinformatics.nl/pathways/PC37_r17.0.0_20260605-171052,4
http://rdf-plantmetwiki.bioinformatics.nl/pathways/PC801_r17.0.0_20260605-171052,11
http://rdf-plantmetwiki.bioinformatics.nl/pathways/PC1070_r17.0.0_20260605-171052,5
http://rdf-plantmetwiki.bioinformatics.nl/pathways/PC455_r17.0.0_20260605-171052,3
http://rdf-plantmetwiki.bioinformatics.nl/pathways/PC1080_r17.0.0_20260605-171052,7
http://rdf-plantmetwiki.bioinformatics.nl/pathways/PC838_r17.0.0_20260605-171052,22
http://rdf-plantmetwiki.bioinformatics.nl/pathways/PC491_r17.0.0_20260605-171052,31
http://rdf-plantmetwiki.bioinformatics.nl/pathways/PC989_r17.0.0_20260605-171052,15
http://rdf-plantmetwiki.bioinformatics.nl/pathways/PC642_r17.0.0_20260605-171052,1
http://rdf-plantmetwiki.bioinformatics.nl/pathways/RC1024_r17.0.0_20260605-171052,1
http://rdf-plantmetwiki.bioinformatics.nl/pathways/RC687_r17.0.0_20260605-171052,1
http://rdf-plantmetwiki.bioinformatics.nl/pathways/PC679_r17.0.0_20260605-171052,15
http://rdf-plantmetwiki.bioinformatics.nl/pathways/RC722_r17.0.0_20260605-171052,1
http://rdf-plantmetwiki.bioinformatics.nl/pathways/PC59_r17.0.0_20260605-171052,15
http://rdf-plantmetwiki.bioinformatics.nl/pathways/PC1000_r17.0.0_20260605-171052,2
http://rdf-plantmetwiki.bioinformatics.nl/pathways/PC839_r17.0.0_20260605-171052,7
http://rdf-plantmetwiki.bioinformatics.nl/pathways/PC50_r17.0.0_20260605-171052,194
http://rdf-plantmetwiki.bioinformatics.nl/pathways/PC875_r17.0.0_20260605-171052,6
http://rdf-plantmetwiki.bioinformatics.nl/pathways/PC661_r17.0.0_20260605-171052,5
http://rdf-plantmetwiki.bioinformatics.nl/pathways/PC314_r17.0.0_20260605-171052,1
http://rdf-plantmetwiki.bioinformatics.nl/pathways/PC350_r17.0.0_20260605-171052,18
http://rdf-plantmetwiki.bioinformatics.nl/pathways/RC298_r17.0.0_20260605-171052,1
http://rdf-plantmetwiki.bioinformatics.nl/pathways/RC307_r17.0.0_20260605-171052,2
http://rdf-plantmetwiki.bioinformatics.nl/pathways/PC272_r17.0.0_20260605-171052,8
http://rdf-plantmetwiki.bioinformatics.nl/pathways/RC68_r17.0.0_20260605-171052,3
http://rdf-plantmetwiki.bioinformatics.nl/pathways/PC655_r17.0.0_20260605-171052,6
http://rdf-plantmetwiki.bioinformatics.nl/pathways/RC343_r17.0.0_20260605-171052,1
http://rdf-plantmetwiki.bioinformatics.nl/pathways/PC308_r17.0.0_20260605-171052,42
http://rdf-plantmetwiki.bioinformatics.nl/pathways/PC1131_r17.0.0_20260605-171052,18
http://rdf-plantmetwiki.bioinformatics.nl/pathways/PC805_r17.0.0_20260605-171052,5
http://rdf-plantmetwiki.bioinformatics.nl/pathways/PC1141_r17.0.0_20260605-171052,4
http://rdf-plantmetwiki.bioinformatics.nl/pathways/PC449_r17.0.0_20260605-171052,16
http://rdf-plantmetwiki.bioinformatics.nl/pathways/RC800_r17.0.0_20260605-171052,5
http://rdf-plantmetwiki.bioinformatics.nl/pathways/RC156_r17.0.0_20260605-171052,1
http://rdf-plantmetwiki.bioinformatics.nl/pathways/PC120_r17.0.0_20260605-171052,4
http://rdf-plantmetwiki.bioinformatics.nl/pathways/PC459_r17.0.0_20260605-171052,1
http://rdf-plantmetwiki.bioinformatics.nl/pathways/PC130_r17.0.0_20260605-171052,15
http://rdf-plantmetwiki.bioinformatics.nl/pathways/RC1263_r17.0.0_20260605-171052,2
http://rdf-plantmetwiki.bioinformatics.nl/pathways/RC951_r17.0.0_20260605-171052,1
http://rdf-plantmetwiki.bioinformatics.nl/pathways/PC271_r17.0.0_20260605-171052,26
http://rdf-plantmetwiki.bioinformatics.nl/pathways/PC917_r17.0.0_20260605-171052,1
http://rdf-plantmetwiki.bioinformatics.nl/pathways/RC988_r17.0.0_20260605-171052,3
http://rdf-plantmetwiki.bioinformatics.nl/pathways/PC307_r17.0.0_20260605-171052,33
http://rdf-plantmetwiki.bioinformatics.nl/pathways/PC953_r17.0.0_20260605-171052,20
http://rdf-plantmetwiki.bioinformatics.nl/pathways/RC909_r17.0.0_20260605-171052,1
http://rdf-plantmetwiki.bioinformatics.nl/pathways/PC1008_r17.0.0_20260605-171052,8
http://rdf-plantmetwiki.bioinformatics.nl/pathways/RC2_r17.0.0_20260605-171052,1
http://rdf-plantmetwiki.bioinformatics.nl/pathways/PC776_r17.0.0_20260605-171052,1
http://rdf-plantmetwiki.bioinformatics.nl/pathways/RC113_r17.0.0_20260605-171052,1
http://rdf-plantmetwiki.bioinformatics.nl/pathways/PC936_r17.0.0_20260605-171052,1
http://rdf-plantmetwiki.bioinformatics.nl/pathways/RC12_r17.0.0_20260605-171052,1
http://rdf-plantmetwiki.bioinformatics.nl/pathways/PC972_r17.0.0_20260605-171052,8
http://rdf-plantmetwiki.bioinformatics.nl/pathways/PC1027_r17.0.0_20260605-171052,9
http://rdf-plantmetwiki.bioinformatics.nl/pathways/PC625_r17.0.0_20260605-171052,10
http://rdf-plantmetwiki.bioinformatics.nl/pathways/PC777_r17.0.0_20260605-171052,17
http://rdf-plantmetwiki.bioinformatics.nl/pathways/RC1159_r17.0.0_20260605-171052,3
http://rdf-plantmetwiki.bioinformatics.nl/pathways/RC618_r17.0.0_20260605-171052,1
http://rdf-plantmetwiki.bioinformatics.nl/pathways/RC1080_r17.0.0_20260605-171052,2
http://rdf-plantmetwiki.bioinformatics.nl/pathways/PC812_r17.0.0_20260605-171052,72
http://rdf-plantmetwiki.bioinformatics.nl/pathways/PC734_r17.0.0_20260605-171052,3
http://rdf-plantmetwiki.bioinformatics.nl/pathways/RC804_r17.0.0_20260605-171052,2
http://rdf-plantmetwiki.bioinformatics.nl/pathways/PC770_r17.0.0_20260605-171052,5
http://rdf-plantmetwiki.bioinformatics.nl/pathways/PC546_r17.0.0_20260605-171052,2
http://rdf-plantmetwiki.bioinformatics.nl/pathways/PC1_r17.0.0_20260605-171052,2
http://rdf-plantmetwiki.bioinformatics.nl/pathways/PC582_r17.0.0_20260605-171052,27
http://rdf-plantmetwiki.bioinformatics.nl/pathways/PC20_r17.0.0_20260605-171052,8
http://rdf-plantmetwiki.bioinformatics.nl/pathways/PC592_r17.0.0_20260605-171052,12
http://rdf-plantmetwiki.bioinformatics.nl/pathways/PC236_r17.0.0_20260605-171052,11
http://rdf-plantmetwiki.bioinformatics.nl/pathways/PC733_r17.0.0_20260605-171052,2
http://rdf-plantmetwiki.bioinformatics.nl/pathways/PC246_r17.0.0_20260605-171052,16
http://rdf-plantmetwiki.bioinformatics.nl/pathways/RC575_r17.0.0_20260605-171052,1
http://rdf-plantmetwiki.bioinformatics.nl/pathways/PC387_r17.0.0_20260605-171052,1
http://rdf-plantmetwiki.bioinformatics.nl/pathways/RC229_r17.0.0_20260605-171052,2
http://rdf-plantmetwiki.bioinformatics.nl/pathways/PC76_r17.0.0_20260605-171052,3
http://rdf-plantmetwiki.bioinformatics.nl/pathways/PC422_r17.0.0_20260605-171052,10
http://rdf-plantmetwiki.bioinformatics.nl/pathways/RC37_r17.0.0_20260605-171052,2
http://rdf-plantmetwiki.bioinformatics.nl/pathways/RC1237_r17.0.0_20260605-171052,1
http://rdf-plantmetwiki.bioinformatics.nl/pathways/PC891_r17.0.0_20260605-171052,47
http://rdf-plantmetwiki.bioinformatics.nl/pathways/PC167_r17.0.0_20260605-171052,3
http://rdf-plantmetwiki.bioinformatics.nl/pathways/PC405_r17.0.0_20260605-171052,3
http://rdf-plantmetwiki.bioinformatics.nl/pathways/RC1051_r17.0.0_20260605-171052,3
http://rdf-plantmetwiki.bioinformatics.nl/pathways/PC202_r17.0.0_20260605-171052,12
http://rdf-plantmetwiki.bioinformatics.nl/pathways/PC441_r17.0.0_20260605-171052,8
http://rdf-plantmetwiki.bioinformatics.nl/pathways/PC1064_r17.0.0_20260605-171052,10
http://rdf-plantmetwiki.bioinformatics.nl/pathways/RC856_r17.0.0_20260605-171052,1
http://rdf-plantmetwiki.bioinformatics.nl/pathways/PC39_r17.0.0_20260605-171052,10
http://rdf-plantmetwiki.bioinformatics.nl/pathways/RC866_r17.0.0_20260605-171052,1
http://rdf-plantmetwiki.bioinformatics.nl/pathways/RC1274_r17.0.0_20260605-171052,1
http://rdf-plantmetwiki.bioinformatics.nl/pathways/PC10_r17.0.0_20260605-171052,4
http://rdf-plantmetwiki.bioinformatics.nl/pathways/RC892_r17.0.0_20260605-171052,1
http://rdf-plantmetwiki.bioinformatics.nl/pathways/RC1196_r17.0.0_20260605-171052,2
http://rdf-plantmetwiki.bioinformatics.nl/pathways/RC901_r17.0.0_20260605-171052,2
http://rdf-plantmetwiki.bioinformatics.nl/pathways/RC1087_r17.0.0_20260605-171052,3
http://rdf-plantmetwiki.bioinformatics.nl/pathways/RC546_r17.0.0_20260605-171052,1
http://rdf-plantmetwiki.bioinformatics.nl/pathways/PC203_r17.0.0_20260605-171052,23
http://rdf-plantmetwiki.bioinformatics.nl/pathways/RC556_r17.0.0_20260605-171052,12
http://rdf-plantmetwiki.bioinformatics.nl/pathways/RC697_r17.0.0_20260605-171052,1
http://rdf-plantmetwiki.bioinformatics.nl/pathways/PC1063_r17.0.0_20260605-171052,12
http://rdf-plantmetwiki.bioinformatics.nl/pathways/RC1044_r17.0.0_20260605-171052,1
http://rdf-plantmetwiki.bioinformatics.nl/pathways/PC672_r17.0.0_20260605-171052,3
http://rdf-plantmetwiki.bioinformatics.nl/pathways/RC1054_r17.0.0_20260605-171052,1
http://rdf-plantmetwiki.bioinformatics.nl/pathways/RC9_r17.0.0_20260605-171052,1
http://rdf-plantmetwiki.bioinformatics.nl/pathways/PC699_r17.0.0_20260605-171052,9
http://rdf-plantmetwiki.bioinformatics.nl/pathways/PC109_r17.0.0_20260605-171052,8
http://rdf-plantmetwiki.bioinformatics.nl/pathways/PC708_r17.0.0_20260605-171052,3
http://rdf-plantmetwiki.bioinformatics.nl/pathways/RC1195_r17.0.0_20260605-171052,1
http://rdf-plantmetwiki.bioinformatics.nl/pathways/PC1020_r17.0.0_20260605-171052,6
http://rdf-plantmetwiki.bioinformatics.nl/pathways/PC1030_r17.0.0_20260605-171052,4
http://rdf-plantmetwiki.bioinformatics.nl/pathways/RC1230_r17.0.0_20260605-171052,1
http://rdf-plantmetwiki.bioinformatics.nl/pathways/PC51_r17.0.0_20260605-171052,6
http://rdf-plantmetwiki.bioinformatics.nl/pathways/RC477_r17.0.0_20260605-171052,1
http://rdf-plantmetwiki.bioinformatics.nl/pathways/PC885_r17.0.0_20260605-171052,6
http://rdf-plantmetwiki.bioinformatics.nl/pathways/RC167_r17.0.0_20260605-171052,1
http://rdf-plantmetwiki.bioinformatics.nl/pathways/PC628_r17.0.0_20260605-171052,10
http://rdf-plantmetwiki.bioinformatics.nl/pathways/RC405_r17.0.0_20260605-171052,1
http://rdf-plantmetwiki.bioinformatics.nl/pathways/RC673_r17.0.0_20260605-171052,2
http://rdf-plantmetwiki.bioinformatics.nl/pathways/PC282_r17.0.0_20260605-171052,1
http://rdf-plantmetwiki.bioinformatics.nl/pathways/PC665_r17.0.0_20260605-171052,13
http://rdf-plantmetwiki.bioinformatics.nl/pathways/PC868_r17.0.0_20260605-171052,7
http://rdf-plantmetwiki.bioinformatics.nl/pathways/PC520_r17.0.0_20260605-171052,6
http://rdf-plantmetwiki.bioinformatics.nl/pathways/PC825_r17.0.0_20260605-171052,6
http://rdf-plantmetwiki.bioinformatics.nl/pathways/PC557_r17.0.0_20260605-171052,9
http://rdf-plantmetwiki.bioinformatics.nl/pathways/PC479_r17.0.0_20260605-171052,11
http://rdf-plantmetwiki.bioinformatics.nl/pathways/RC896_r17.0.0_20260605-171052,1
http://rdf-plantmetwiki.bioinformatics.nl/pathways/PC36_r17.0.0_20260605-171052,12
http://rdf-plantmetwiki.bioinformatics.nl/pathways/RC54_r17.0.0_20260605-171052,1
http://rdf-plantmetwiki.bioinformatics.nl/pathways/RC981_r17.0.0_20260605-171052,2
http://rdf-plantmetwiki.bioinformatics.nl/pathways/PC300_r17.0.0_20260605-171052,11
http://rdf-plantmetwiki.bioinformatics.nl/pathways/RC362_r17.0.0_20260605-171052,1
http://rdf-plantmetwiki.bioinformatics.nl/pathways/PC1001_r17.0.0_20260605-171052,11
http://rdf-plantmetwiki.bioinformatics.nl/pathways/RC1201_r17.0.0_20260605-171052,1
http://rdf-plantmetwiki.bioinformatics.nl/pathways/PC337_r17.0.0_20260605-171052,12
http://rdf-plantmetwiki.bioinformatics.nl/pathways/RC294_r17.0.0_20260605-171052,1
http://rdf-plantmetwiki.bioinformatics.nl/pathways/PC478_r17.0.0_20260605-171052,2
http://rdf-plantmetwiki.bioinformatics.nl/pathways/PC1038_r17.0.0_20260605-171052,1
http://rdf-plantmetwiki.bioinformatics.nl/pathways/RC1133_r17.0.0_20260605-171052,3
http://rdf-plantmetwiki.bioinformatics.nl/pathways/PC131_r17.0.0_20260605-171052,3
http://rdf-plantmetwiki.bioinformatics.nl/pathways/PC513_r17.0.0_20260605-171052,4
http://rdf-plantmetwiki.bioinformatics.nl/pathways/RC115_r17.0.0_20260605-171052,7
http://rdf-plantmetwiki.bioinformatics.nl/pathways/RC116_r17.0.0_20260605-171052,1
http://rdf-plantmetwiki.bioinformatics.nl/pathways/PC946_r17.0.0_20260605-171052,23
http://rdf-plantmetwiki.bioinformatics.nl/pathways/PC168_r17.0.0_20260605-171052,4
http://rdf-plantmetwiki.bioinformatics.nl/pathways/RC130_r17.0.0_20260605-171052,1
http://rdf-plantmetwiki.bioinformatics.nl/pathways/PC982_r17.0.0_20260605-171052,9
http://rdf-plantmetwiki.bioinformatics.nl/pathways/PC1037_r17.0.0_20260605-171052,3
http://rdf-plantmetwiki.bioinformatics.nl/pathways/RC974_r17.0.0_20260605-171052,3
http://rdf-plantmetwiki.bioinformatics.nl/pathways/PC150_r17.0.0_20260605-171052,12
http://rdf-plantmetwiki.bioinformatics.nl/pathways/PC187_r17.0.0_20260605-171052,16
http://rdf-plantmetwiki.bioinformatics.nl/pathways/PC983_r17.0.0_20260605-171052,1
http://rdf-plantmetwiki.bioinformatics.nl/pathways/PC780_r17.0.0_20260605-171052,4
http://rdf-plantmetwiki.bioinformatics.nl/pathways/RC610_r17.0.0_20260605-171052,1
http://rdf-plantmetwiki.bioinformatics.nl/pathways/PC796_r17.0.0_20260605-171052,3
http://rdf-plantmetwiki.bioinformatics.nl/pathways/PC831_r17.0.0_20260605-171052,3
http://rdf-plantmetwiki.bioinformatics.nl/pathways/PC841_r17.0.0_20260605-171052,2
http://rdf-plantmetwiki.bioinformatics.nl/pathways/RC788_r17.0.0_20260605-171052,1
http://rdf-plantmetwiki.bioinformatics.nl/pathways/RC300_r17.0.0_20260605-171052,1
http://rdf-plantmetwiki.bioinformatics.nl/pathways/PC485_r17.0.0_20260605-171052,2
http://rdf-plantmetwiki.bioinformatics.nl/pathways/PC763_r17.0.0_20260605-171052,2
http://rdf-plantmetwiki.bioinformatics.nl/pathways/PC495_r17.0.0_20260605-171052,20
http://rdf-plantmetwiki.bioinformatics.nl/pathways/PC416_r17.0.0_20260605-171052,1
http://rdf-plantmetwiki.bioinformatics.nl/pathways/PC79_r17.0.0_20260605-171052,4
http://rdf-plantmetwiki.bioinformatics.nl/pathways/RC745_r17.0.0_20260605-171052,4
http://rdf-plantmetwiki.bioinformatics.nl/pathways/RC755_r17.0.0_20260605-171052,1
http://rdf-plantmetwiki.bioinformatics.nl/pathways/PC93_r17.0.0_20260605-171052,3
http://rdf-plantmetwiki.bioinformatics.nl/pathways/PC452_r17.0.0_20260605-171052,13
http://rdf-plantmetwiki.bioinformatics.nl/pathways/RC409_r17.0.0_20260605-171052,1
http://rdf-plantmetwiki.bioinformatics.nl/pathways/PC593_r17.0.0_20260605-171052,4
http://rdf-plantmetwiki.bioinformatics.nl/pathways/PC265_r17.0.0_20260605-171052,16
http://rdf-plantmetwiki.bioinformatics.nl/pathways/RC221_r17.0.0_20260605-171052,1
http://rdf-plantmetwiki.bioinformatics.nl/pathways/PC62_r17.0.0_20260605-171052,19
http://rdf-plantmetwiki.bioinformatics.nl/pathways/PC415_r17.0.0_20260605-171052,4
http://rdf-plantmetwiki.bioinformatics.nl/pathways/RC1061_r17.0.0_20260605-171052,3
http://rdf-plantmetwiki.bioinformatics.nl/pathways/PC1116_r17.0.0_20260605-171052,1
http://rdf-plantmetwiki.bioinformatics.nl/pathways/PC451_r17.0.0_20260605-171052,12
http://rdf-plantmetwiki.bioinformatics.nl/pathways/PC373_r17.0.0_20260605-171052,3
http://rdf-plantmetwiki.bioinformatics.nl/pathways/PC1152_r17.0.0_20260605-171052,2
http://rdf-plantmetwiki.bioinformatics.nl/pathways/RC150_r17.0.0_20260605-171052,2
http://rdf-plantmetwiki.bioinformatics.nl/pathways/PC1074_r17.0.0_20260605-171052,2
http://rdf-plantmetwiki.bioinformatics.nl/pathways/PC611_r17.0.0_20260605-171052,1
http://rdf-plantmetwiki.bioinformatics.nl/pathways/PC409_r17.0.0_20260605-171052,13
http://rdf-plantmetwiki.bioinformatics.nl/pathways/PC266_r17.0.0_20260605-171052,1
http://rdf-plantmetwiki.bioinformatics.nl/pathways/PC110_r17.0.0_20260605-171052,13
http://rdf-plantmetwiki.bioinformatics.nl/pathways/PC649_r17.0.0_20260605-171052,11
http://rdf-plantmetwiki.bioinformatics.nl/pathways/RC1205_r17.0.0_20260605-171052,1
http://rdf-plantmetwiki.bioinformatics.nl/pathways/RC604_r17.0.0_20260605-171052,1
http://rdf-plantmetwiki.bioinformatics.nl/pathways/PC301_r17.0.0_20260605-171052,29
http://rdf-plantmetwiki.bioinformatics.nl/pathways/RC259_r17.0.0_20260605-171052,2
http://rdf-plantmetwiki.bioinformatics.nl/pathways/RC1116_r17.0.0_20260605-171052,6
http://rdf-plantmetwiki.bioinformatics.nl/pathways/PC124_r17.0.0_20260605-171052,5
http://rdf-plantmetwiki.bioinformatics.nl/pathways/RC1257_r17.0.0_20260605-171052,1
http://rdf-plantmetwiki.bioinformatics.nl/pathways/RC726_r17.0.0_20260605-171052,1
http://rdf-plantmetwiki.bioinformatics.nl/pathways/PC1093_r17.0.0_20260605-171052,29
http://rdf-plantmetwiki.bioinformatics.nl/pathways/PC910_r17.0.0_20260605-171052,1
http://rdf-plantmetwiki.bioinformatics.nl/pathways/RC1293_r17.0.0_20260605-171052,1
http://rdf-plantmetwiki.bioinformatics.nl/pathways/PC920_r17.0.0_20260605-171052,6
http://rdf-plantmetwiki.bioinformatics.nl/pathways/RC1302_r17.0.0_20260605-171052,1
http://rdf-plantmetwiki.bioinformatics.nl/pathways/RC762_r17.0.0_20260605-171052,1
http://rdf-plantmetwiki.bioinformatics.nl/pathways/PC1129_r17.0.0_20260605-171052,2
http://rdf-plantmetwiki.bioinformatics.nl/pathways/PC947_r17.0.0_20260605-171052,4
http://rdf-plantmetwiki.bioinformatics.nl/pathways/RC1224_r17.0.0_20260605-171052,1
http://rdf-plantmetwiki.bioinformatics.nl/pathways/RC902_r17.0.0_20260605-171052,1
http://rdf-plantmetwiki.bioinformatics.nl/pathways/PC957_r17.0.0_20260605-171052,6
http://rdf-plantmetwiki.bioinformatics.nl/pathways/PC222_r17.0.0_20260605-171052,5
http://rdf-plantmetwiki.bioinformatics.nl/pathways/PC1050_r17.0.0_20260605-171052,10
http://rdf-plantmetwiki.bioinformatics.nl/pathways/PC232_r17.0.0_20260605-171052,2
http://rdf-plantmetwiki.bioinformatics.nl/pathways/PC879_r17.0.0_20260605-171052,2
http://rdf-plantmetwiki.bioinformatics.nl/pathways/PC259_r17.0.0_20260605-171052,18
http://rdf-plantmetwiki.bioinformatics.nl/pathways/PC914_r17.0.0_20260605-171052,2
http://rdf-plantmetwiki.bioinformatics.nl/pathways/RC860_r17.0.0_20260605-171052,1
http://rdf-plantmetwiki.bioinformatics.nl/pathways/PC269_r17.0.0_20260605-171052,9
http://rdf-plantmetwiki.bioinformatics.nl/pathways/PC691_r17.0.0_20260605-171052,12
http://rdf-plantmetwiki.bioinformatics.nl/pathways/RC1055_r17.0.0_20260605-171052,12
http://rdf-plantmetwiki.bioinformatics.nl/pathways/RC761_r17.0.0_20260605-171052,3
http://rdf-plantmetwiki.bioinformatics.nl/pathways/PC727_r17.0.0_20260605-171052,1
http://rdf-plantmetwiki.bioinformatics.nl/pathways/RC683_r17.0.0_20260605-171052,2
http://rdf-plantmetwiki.bioinformatics.nl/pathways/PC380_r17.0.0_20260605-171052,19
http://rdf-plantmetwiki.bioinformatics.nl/pathways/PC878_r17.0.0_20260605-171052,2
http://rdf-plantmetwiki.bioinformatics.nl/pathways/RC719_r17.0.0_20260605-171052,25
http://rdf-plantmetwiki.bioinformatics.nl/pathways/PC530_r17.0.0_20260605-171052,1
http://rdf-plantmetwiki.bioinformatics.nl/pathways/PC913_r17.0.0_20260605-171052,11
http://rdf-plantmetwiki.bioinformatics.nl/pathways/RC576_r17.0.0_20260605-171052,1
http://rdf-plantmetwiki.bioinformatics.nl/pathways/PC835_r17.0.0_20260605-171052,36
http://rdf-plantmetwiki.bioinformatics.nl/pathways/PC567_r17.0.0_20260605-171052,4
http://rdf-plantmetwiki.bioinformatics.nl/pathways/RC611_r17.0.0_20260605-171052,1
http://rdf-plantmetwiki.bioinformatics.nl/pathways/PC489_r17.0.0_20260605-171052,2
http://rdf-plantmetwiki.bioinformatics.nl/pathways/RC1074_r17.0.0_20260605-171052,2
http://rdf-plantmetwiki.bioinformatics.nl/pathways/PC524_r17.0.0_20260605-171052,28
http://rdf-plantmetwiki.bioinformatics.nl/pathways/PC728_r17.0.0_20260605-171052,4
http://rdf-plantmetwiki.bioinformatics.nl/pathways/PC764_r17.0.0_20260605-171052,7
http://rdf-plantmetwiki.bioinformatics.nl/pathways/PC54_r17.0.0_20260605-171052,5
http://rdf-plantmetwiki.bioinformatics.nl/pathways/PC586_r17.0.0_20260605-171052,2
http://rdf-plantmetwiki.bioinformatics.nl/pathways/PC507_r17.0.0_20260605-171052,11
http://rdf-plantmetwiki.bioinformatics.nl/pathways/PC23_r17.0.0_20260605-171052,8
http://rdf-plantmetwiki.bioinformatics.nl/pathways/PC161_r17.0.0_20260605-171052,4
http://rdf-plantmetwiki.bioinformatics.nl/pathways/RC579_r17.0.0_20260605-171052,3
http://rdf-plantmetwiki.bioinformatics.nl/pathways/PC543_r17.0.0_20260605-171052,1
http://rdf-plantmetwiki.bioinformatics.nl/pathways/RC232_r17.0.0_20260605-171052,3
http://rdf-plantmetwiki.bioinformatics.nl/pathways/PC198_r17.0.0_20260605-171052,2
http://rdf-plantmetwiki.bioinformatics.nl/pathways/PC685_r17.0.0_20260605-171052,2
http://rdf-plantmetwiki.bioinformatics.nl/pathways/RC154_r17.0.0_20260605-171052,1
http://rdf-plantmetwiki.bioinformatics.nl/pathways/PC119_r17.0.0_20260605-171052,4
http://rdf-plantmetwiki.bioinformatics.nl/pathways/PC338_r17.0.0_20260605-171052,3
http://rdf-plantmetwiki.bioinformatics.nl/pathways/PC1057_r17.0.0_20260605-171052,9
http://rdf-plantmetwiki.bioinformatics.nl/pathways/PC348_r17.0.0_20260605-171052,5
http://rdf-plantmetwiki.bioinformatics.nl/pathways/RC1152_r17.0.0_20260605-171052,3
http://rdf-plantmetwiki.bioinformatics.nl/pathways/PC1067_r17.0.0_20260605-171052,2
http://rdf-plantmetwiki.bioinformatics.nl/pathways/PC374_r17.0.0_20260605-171052,1
http://rdf-plantmetwiki.bioinformatics.nl/pathways/PC806_r17.0.0_20260605-171052,10
http://rdf-plantmetwiki.bioinformatics.nl/pathways/PC160_r17.0.0_20260605-171052,4
http://rdf-plantmetwiki.bioinformatics.nl/pathways/PC384_r17.0.0_20260605-171052,7
http://rdf-plantmetwiki.bioinformatics.nl/pathways/PC197_r17.0.0_20260605-171052,28
http://rdf-plantmetwiki.bioinformatics.nl/pathways/PC118_r17.0.0_20260605-171052,35
http://rdf-plantmetwiki.bioinformatics.nl/pathways/PC993_r17.0.0_20260605-171052,5
http://rdf-plantmetwiki.bioinformatics.nl/pathways/RC18_r17.0.0_20260605-171052,1
http://rdf-plantmetwiki.bioinformatics.nl/pathways/PC629_r17.0.0_20260605-171052,12
http://rdf-plantmetwiki.bioinformatics.nl/pathways/PC154_r17.0.0_20260605-171052,31
http://rdf-plantmetwiki.bioinformatics.nl/pathways/RC1029_r17.0.0_20260605-171052,1
http://rdf-plantmetwiki.bioinformatics.nl/pathways/PC950_r17.0.0_20260605-171052,5
http://rdf-plantmetwiki.bioinformatics.nl/pathways/RC34_r17.0.0_20260605-171052,2
http://rdf-plantmetwiki.bioinformatics.nl/pathways/PC1005_r17.0.0_20260605-171052,4
http://rdf-plantmetwiki.bioinformatics.nl/pathways/RC118_r17.0.0_20260605-171052,1
http://rdf-plantmetwiki.bioinformatics.nl/pathways/PC861_r17.0.0_20260605-171052,99
http://rdf-plantmetwiki.bioinformatics.nl/pathways/RC817_r17.0.0_20260605-171052,1
http://rdf-plantmetwiki.bioinformatics.nl/pathways/RC1225_r17.0.0_20260605-171052,1
http://rdf-plantmetwiki.bioinformatics.nl/pathways/PC514_r17.0.0_20260605-171052,6
http://rdf-plantmetwiki.bioinformatics.nl/pathways/RC471_r17.0.0_20260605-171052,1
http://rdf-plantmetwiki.bioinformatics.nl/pathways/PC666_r17.0.0_20260605-171052,58
http://rdf-plantmetwiki.bioinformatics.nl/pathways/RC507_r17.0.0_20260605-171052,1
http://rdf-plantmetwiki.bioinformatics.nl/pathways/PC96_r17.0.0_20260605-171052,13
http://rdf-plantmetwiki.bioinformatics.nl/pathways/RC648_r17.0.0_20260605-171052,1
http://rdf-plantmetwiki.bioinformatics.nl/pathways/PC701_r17.0.0_20260605-171052,3
http://rdf-plantmetwiki.bioinformatics.nl/pathways/PC622_r17.0.0_20260605-171052,23
http://rdf-plantmetwiki.bioinformatics.nl/pathways/PC1024_r17.0.0_20260605-171052,8
http://rdf-plantmetwiki.bioinformatics.nl/pathways/RC684_r17.0.0_20260605-171052,1
http://rdf-plantmetwiki.bioinformatics.nl/pathways/PC1060_r17.0.0_20260605-171052,13
http://rdf-plantmetwiki.bioinformatics.nl/pathways/PC435_r17.0.0_20260605-171052,13
http://rdf-plantmetwiki.bioinformatics.nl/pathways/PC65_r17.0.0_20260605-171052,10
http://rdf-plantmetwiki.bioinformatics.nl/pathways/PC445_r17.0.0_20260605-171052,16
http://rdf-plantmetwiki.bioinformatics.nl/pathways/PC7_r17.0.0_20260605-171052,17
http://rdf-plantmetwiki.bioinformatics.nl/pathways/PC1136_r17.0.0_20260605-171052,4
http://rdf-plantmetwiki.bioinformatics.nl/pathways/PC471_r17.0.0_20260605-171052,4
http://rdf-plantmetwiki.bioinformatics.nl/pathways/PC80_r17.0.0_20260605-171052,17
http://rdf-plantmetwiki.bioinformatics.nl/pathways/RC160_r17.0.0_20260605-171052,1
http://rdf-plantmetwiki.bioinformatics.nl/pathways/PC125_r17.0.0_20260605-171052,3
http://rdf-plantmetwiki.bioinformatics.nl/pathways/PC621_r17.0.0_20260605-171052,11
http://rdf-plantmetwiki.bioinformatics.nl/pathways/PC135_r17.0.0_20260605-171052,6
http://rdf-plantmetwiki.bioinformatics.nl/pathways/PC276_r17.0.0_20260605-171052,2
http://rdf-plantmetwiki.bioinformatics.nl/pathways/PC659_r17.0.0_20260605-171052,6
http://rdf-plantmetwiki.bioinformatics.nl/pathways/PC311_r17.0.0_20260605-171052,1
http://rdf-plantmetwiki.bioinformatics.nl/pathways/PC57_r17.0.0_20260605-171052,20
http://rdf-plantmetwiki.bioinformatics.nl/pathways/RC269_r17.0.0_20260605-171052,1
http://rdf-plantmetwiki.bioinformatics.nl/pathways/PC233_r17.0.0_20260605-171052,8
http://rdf-plantmetwiki.bioinformatics.nl/pathways/RC304_r17.0.0_20260605-171052,1
http://rdf-plantmetwiki.bioinformatics.nl/pathways/PC1102_r17.0.0_20260605-171052,14
http://rdf-plantmetwiki.bioinformatics.nl/pathways/PC295_r17.0.0_20260605-171052,6
http://rdf-plantmetwiki.bioinformatics.nl/pathways/RC465_r17.0.0_20260605-171052,1
http://rdf-plantmetwiki.bioinformatics.nl/pathways/PC940_r17.0.0_20260605-171052,10
http://rdf-plantmetwiki.bioinformatics.nl/pathways/PC1139_r17.0.0_20260605-171052,25
http://rdf-plantmetwiki.bioinformatics.nl/pathways/PC977_r17.0.0_20260605-171052,29
http://rdf-plantmetwiki.bioinformatics.nl/pathways/PC330_r17.0.0_20260605-171052,1
http://rdf-plantmetwiki.bioinformatics.nl/pathways/PC1031_r17.0.0_20260605-171052,7
http://rdf-plantmetwiki.bioinformatics.nl/pathways/PC252_r17.0.0_20260605-171052,2
http://rdf-plantmetwiki.bioinformatics.nl/pathways/RC323_r17.0.0_20260605-171052,1
http://rdf-plantmetwiki.bioinformatics.nl/pathways/PC289_r17.0.0_20260605-171052,20
http://rdf-plantmetwiki.bioinformatics.nl/pathways/RC245_r17.0.0_20260605-171052,1
http://rdf-plantmetwiki.bioinformatics.nl/pathways/PC439_r17.0.0_20260605-171052,44
http://rdf-plantmetwiki.bioinformatics.nl/pathways/RC1085_r17.0.0_20260605-171052,3
http://rdf-plantmetwiki.bioinformatics.nl/pathways/PC976_r17.0.0_20260605-171052,2
http://rdf-plantmetwiki.bioinformatics.nl/pathways/PC113_r17.0.0_20260605-171052,46
http://rdf-plantmetwiki.bioinformatics.nl/pathways/PC898_r17.0.0_20260605-171052,27
http://rdf-plantmetwiki.bioinformatics.nl/pathways/PC907_r17.0.0_20260605-171052,12
http://rdf-plantmetwiki.bioinformatics.nl/pathways/PC129_r17.0.0_20260605-171052,1
http://rdf-plantmetwiki.bioinformatics.nl/pathways/PC550_r17.0.0_20260605-171052,4
http://rdf-plantmetwiki.bioinformatics.nl/pathways/PC933_r17.0.0_20260605-171052,4
http://rdf-plantmetwiki.bioinformatics.nl/pathways/PC560_r17.0.0_20260605-171052,11
http://rdf-plantmetwiki.bioinformatics.nl/pathways/PC943_r17.0.0_20260605-171052,7
http://rdf-plantmetwiki.bioinformatics.nl/pathways/RC621_r17.0.0_20260605-171052,2
http://rdf-plantmetwiki.bioinformatics.nl/pathways/PC587_r17.0.0_20260605-171052,2
http://rdf-plantmetwiki.bioinformatics.nl/pathways/RC543_r17.0.0_20260605-171052,2
http://rdf-plantmetwiki.bioinformatics.nl/pathways/RC925_r17.0.0_20260605-171052,4
http://rdf-plantmetwiki.bioinformatics.nl/pathways/PC738_r17.0.0_20260605-171052,2
http://rdf-plantmetwiki.bioinformatics.nl/pathways/PC774_r17.0.0_20260605-171052,1
http://rdf-plantmetwiki.bioinformatics.nl/pathways/RC72_r17.0.0_20260605-171052,1
http://rdf-plantmetwiki.bioinformatics.nl/pathways/RC401_r17.0.0_20260605-171052,1
http://rdf-plantmetwiki.bioinformatics.nl/pathways/RC1241_r17.0.0_20260605-171052,1
http://rdf-plantmetwiki.bioinformatics.nl/pathways/PC517_r17.0.0_20260605-171052,6
http://rdf-plantmetwiki.bioinformatics.nl/pathways/RC562_r17.0.0_20260605-171052,1
http://rdf-plantmetwiki.bioinformatics.nl/pathways/PC171_r17.0.0_20260605-171052,9
http://rdf-plantmetwiki.bioinformatics.nl/pathways/PC553_r17.0.0_20260605-171052,5
http://rdf-plantmetwiki.bioinformatics.nl/pathways/PC757_r17.0.0_20260605-171052,5
http://rdf-plantmetwiki.bioinformatics.nl/pathways/RC216_r17.0.0_20260605-171052,1
http://rdf-plantmetwiki.bioinformatics.nl/pathways/RC599_r17.0.0_20260605-171052,3
http://rdf-plantmetwiki.bioinformatics.nl/pathways/PC207_r17.0.0_20260605-171052,9
http://rdf-plantmetwiki.bioinformatics.nl/pathways/PC40_r17.0.0_20260605-171052,8
http://rdf-plantmetwiki.bioinformatics.nl/pathways/RC252_r17.0.0_20260605-171052,1
http://rdf-plantmetwiki.bioinformatics.nl/pathways/PC793_r17.0.0_20260605-171052,3
http://rdf-plantmetwiki.bioinformatics.nl/pathways/RC749_r17.0.0_20260605-171052,1
http://rdf-plantmetwiki.bioinformatics.nl/pathways/PC446_r17.0.0_20260605-171052,63
http://rdf-plantmetwiki.bioinformatics.nl/pathways/RC402_r17.0.0_20260605-171052,1
http://rdf-plantmetwiki.bioinformatics.nl/pathways/PC368_r17.0.0_20260605-171052,7
http://rdf-plantmetwiki.bioinformatics.nl/pathways/PC1087_r17.0.0_20260605-171052,3
http://rdf-plantmetwiki.bioinformatics.nl/pathways/PC403_r17.0.0_20260605-171052,6
http://rdf-plantmetwiki.bioinformatics.nl/pathways/PC190_r17.0.0_20260605-171052,39
http://rdf-plantmetwiki.bioinformatics.nl/pathways/PC554_r17.0.0_20260605-171052,15
http://rdf-plantmetwiki.bioinformatics.nl/pathways/PC226_r17.0.0_20260605-171052,3
http://rdf-plantmetwiki.bioinformatics.nl/pathways/RC183_r17.0.0_20260605-171052,1
http://rdf-plantmetwiki.bioinformatics.nl/pathways/PC148_r17.0.0_20260605-171052,15
http://rdf-plantmetwiki.bioinformatics.nl/pathways/PC367_r17.0.0_20260605-171052,3
http://rdf-plantmetwiki.bioinformatics.nl/pathways/RC209_r17.0.0_20260605-171052,2
http://rdf-plantmetwiki.bioinformatics.nl/pathways/PC1068_r17.0.0_20260605-171052,6
http://rdf-plantmetwiki.bioinformatics.nl/pathways/RC1049_r17.0.0_20260605-171052,4
http://rdf-plantmetwiki.bioinformatics.nl/pathways/PC184_r17.0.0_20260605-171052,26
http://rdf-plantmetwiki.bioinformatics.nl/pathways/PC402_r17.0.0_20260605-171052,34
http://rdf-plantmetwiki.bioinformatics.nl/pathways/RC1059_r17.0.0_20260605-171052,4
http://rdf-plantmetwiki.bioinformatics.nl/pathways/PC1103_r17.0.0_20260605-171052,12
http://rdf-plantmetwiki.bioinformatics.nl/pathways/PC334_r17.0.0_20260605-171052,3
http://rdf-plantmetwiki.bioinformatics.nl/pathways/PC1025_r17.0.0_20260605-171052,19
http://rdf-plantmetwiki.bioinformatics.nl/pathways/PC871_r17.0.0_20260605-171052,8
http://rdf-plantmetwiki.bioinformatics.nl/pathways/PC1035_r17.0.0_20260605-171052,12
http://rdf-plantmetwiki.bioinformatics.nl/pathways/RC827_r17.0.0_20260605-171052,3
http://rdf-plantmetwiki.bioinformatics.nl/pathways/RC863_r17.0.0_20260605-171052,1
http://rdf-plantmetwiki.bioinformatics.nl/pathways/RC517_r17.0.0_20260605-171052,1
http://rdf-plantmetwiki.bioinformatics.nl/pathways/PC97_r17.0.0_20260605-171052,14
http://rdf-plantmetwiki.bioinformatics.nl/pathways/PC633_r17.0.0_20260605-171052,25
http://rdf-plantmetwiki.bioinformatics.nl/pathways/RC1218_r17.0.0_20260605-171052,1
http://rdf-plantmetwiki.bioinformatics.nl/pathways/RC1015_r17.0.0_20260605-171052,1
http://rdf-plantmetwiki.bioinformatics.nl/pathways/PC872_r17.0.0_20260605-171052,4
http://rdf-plantmetwiki.bioinformatics.nl/pathways/PC66_r17.0.0_20260605-171052,1
http://rdf-plantmetwiki.bioinformatics.nl/pathways/RC1254_r17.0.0_20260605-171052,1
http://rdf-plantmetwiki.bioinformatics.nl/pathways/PC465_r17.0.0_20260605-171052,23
http://rdf-plantmetwiki.bioinformatics.nl/pathways/PC82_r17.0.0_20260605-171052,4
http://rdf-plantmetwiki.bioinformatics.nl/pathways/PC720_r17.0.0_20260605-171052,2
http://rdf-plantmetwiki.bioinformatics.nl/pathways/PC500_r17.0.0_20260605-171052,11
http://rdf-plantmetwiki.bioinformatics.nl/pathways/PC730_r17.0.0_20260605-171052,2
http://rdf-plantmetwiki.bioinformatics.nl/pathways/PC652_r17.0.0_20260605-171052,9
http://rdf-plantmetwiki.bioinformatics.nl/pathways/RC712_r17.0.0_20260605-171052,1
http://rdf-plantmetwiki.bioinformatics.nl/pathways/PC305_r17.0.0_20260605-171052,1
http://rdf-plantmetwiki.bioinformatics.nl/pathways/PC689_r17.0.0_20260605-171052,7
http://rdf-plantmetwiki.bioinformatics.nl/pathways/RC634_r17.0.0_20260605-171052,1
http://rdf-plantmetwiki.bioinformatics.nl/pathways/PC829_r17.0.0_20260605-171052,2
http://rdf-plantmetwiki.bioinformatics.nl/pathways/PC341_r17.0.0_20260605-171052,1
http://rdf-plantmetwiki.bioinformatics.nl/pathways/RC299_r17.0.0_20260605-171052,1
http://rdf-plantmetwiki.bioinformatics.nl/pathways/PC482_r17.0.0_20260605-171052,12
http://rdf-plantmetwiki.bioinformatics.nl/pathways/RC680_r17.0.0_20260605-171052,2
http://rdf-plantmetwiki.bioinformatics.nl/pathways/PC865_r17.0.0_20260605-171052,1
http://rdf-plantmetwiki.bioinformatics.nl/pathways/RC324_r17.0.0_20260605-171052,1
http://rdf-plantmetwiki.bioinformatics.nl/pathways/PC518_r17.0.0_20260605-171052,3
http://rdf-plantmetwiki.bioinformatics.nl/pathways/PC1122_r17.0.0_20260605-171052,2
http://rdf-plantmetwiki.bioinformatics.nl/pathways/PC29_r17.0.0_20260605-171052,5
http://rdf-plantmetwiki.bioinformatics.nl/pathways/PC304_r17.0.0_20260605-171052,5
http://rdf-plantmetwiki.bioinformatics.nl/pathways/RC475_r17.0.0_20260605-171052,1
http://rdf-plantmetwiki.bioinformatics.nl/pathways/PC1159_r17.0.0_20260605-171052,11
http://rdf-plantmetwiki.bioinformatics.nl/pathways/PC987_r17.0.0_20260605-171052,24
http://rdf-plantmetwiki.bioinformatics.nl/pathways/PC340_r17.0.0_20260605-171052,14
http://rdf-plantmetwiki.bioinformatics.nl/pathways/PC262_r17.0.0_20260605-171052,1
http://rdf-plantmetwiki.bioinformatics.nl/pathways/PC1041_r17.0.0_20260605-171052,2
http://rdf-plantmetwiki.bioinformatics.nl/pathways/PC299_r17.0.0_20260605-171052,4
http://rdf-plantmetwiki.bioinformatics.nl/pathways/RC255_r17.0.0_20260605-171052,1
http://rdf-plantmetwiki.bioinformatics.nl/pathways/RC1095_r17.0.0_20260605-171052,4
http://rdf-plantmetwiki.bioinformatics.nl/pathways/RC494_r17.0.0_20260605-171052,1
http://rdf-plantmetwiki.bioinformatics.nl/pathways/RC961_r17.0.0_20260605-171052,1
http://rdf-plantmetwiki.bioinformatics.nl/pathways/PC927_r17.0.0_20260605-171052,8
http://rdf-plantmetwiki.bioinformatics.nl/pathways/PC580_r17.0.0_20260605-171052,2
http://rdf-plantmetwiki.bioinformatics.nl/pathways/PC963_r17.0.0_20260605-171052,2
http://rdf-plantmetwiki.bioinformatics.nl/pathways/PC616_r17.0.0_20260605-171052,43
http://rdf-plantmetwiki.bioinformatics.nl/pathways/PC836_r17.0.0_20260605-171052,5
http://rdf-plantmetwiki.bioinformatics.nl/pathways/PC1018_r17.0.0_20260605-171052,2
http://rdf-plantmetwiki.bioinformatics.nl/pathways/RC1113_r17.0.0_20260605-171052,2
http://rdf-plantmetwiki.bioinformatics.nl/pathways/PC846_r17.0.0_20260605-171052,5
http://rdf-plantmetwiki.bioinformatics.nl/pathways/PC121_r17.0.0_20260605-171052,3
http://rdf-plantmetwiki.bioinformatics.nl/pathways/PC768_r17.0.0_20260605-171052,5
http://rdf-plantmetwiki.bioinformatics.nl/pathways/RC828_r17.0.0_20260605-171052,2
http://rdf-plantmetwiki.bioinformatics.nl/pathways/RC1290_r17.0.0_20260605-171052,8
http://rdf-plantmetwiki.bioinformatics.nl/pathways/PC803_r17.0.0_20260605-171052,16
http://rdf-plantmetwiki.bioinformatics.nl/pathways/RC75_r17.0.0_20260605-171052,1
http://rdf-plantmetwiki.bioinformatics.nl/pathways/PC944_r17.0.0_20260605-171052,1
http://rdf-plantmetwiki.bioinformatics.nl/pathways/PC725_r17.0.0_20260605-171052,3
http://rdf-plantmetwiki.bioinformatics.nl/pathways/PC615_r17.0.0_20260605-171052,2
http://rdf-plantmetwiki.bioinformatics.nl/pathways/RC572_r17.0.0_20260605-171052,3
http://rdf-plantmetwiki.bioinformatics.nl/pathways/PC537_r17.0.0_20260605-171052,9
http://rdf-plantmetwiki.bioinformatics.nl/pathways/PC980_r17.0.0_20260605-171052,4
http://rdf-plantmetwiki.bioinformatics.nl/pathways/PC26_r17.0.0_20260605-171052,3
http://rdf-plantmetwiki.bioinformatics.nl/pathways/RC226_r17.0.0_20260605-171052,9
http://rdf-plantmetwiki.bioinformatics.nl/pathways/PC767_r17.0.0_20260605-171052,10
http://rdf-plantmetwiki.bioinformatics.nl/pathways/PC191_r17.0.0_20260605-171052,7
http://rdf-plantmetwiki.bioinformatics.nl/pathways/RC608_r17.0.0_20260605-171052,1
http://rdf-plantmetwiki.bioinformatics.nl/pathways/PC573_r17.0.0_20260605-171052,52
http://rdf-plantmetwiki.bioinformatics.nl/pathways/PC41_r17.0.0_20260605-171052,6
http://rdf-plantmetwiki.bioinformatics.nl/pathways/RC262_r17.0.0_20260605-171052,2
http://rdf-plantmetwiki.bioinformatics.nl/pathways/PC802_r17.0.0_20260605-171052,5
http://rdf-plantmetwiki.bioinformatics.nl/pathways/PC227_r17.0.0_20260605-171052,4
http://rdf-plantmetwiki.bioinformatics.nl/pathways/PC456_r17.0.0_20260605-171052,6
http://rdf-plantmetwiki.bioinformatics.nl/pathways/RC500_r17.0.0_20260605-171052,1
http://rdf-plantmetwiki.bioinformatics.nl/pathways/PC378_r17.0.0_20260605-171052,12
http://rdf-plantmetwiki.bioinformatics.nl/pathways/PC760_r17.0.0_20260605-171052,10
http://rdf-plantmetwiki.bioinformatics.nl/pathways/PC413_r17.0.0_20260605-171052,8
http://rdf-plantmetwiki.bioinformatics.nl/pathways/RC609_r17.0.0_20260605-171052,3
http://rdf-plantmetwiki.bioinformatics.nl/pathways/RC281_r17.0.0_20260605-171052,1
http://rdf-plantmetwiki.bioinformatics.nl/pathways/PC475_r17.0.0_20260605-171052,2
http://rdf-plantmetwiki.bioinformatics.nl/pathways/RC421_r17.0.0_20260605-171052,1
http://rdf-plantmetwiki.bioinformatics.nl/pathways/RC1120_r17.0.0_20260605-171052,2
http://rdf-plantmetwiki.bioinformatics.nl/pathways/RC202_r17.0.0_20260605-171052,2
http://rdf-plantmetwiki.bioinformatics.nl/pathways/PC397_r17.0.0_20260605-171052,1
http://rdf-plantmetwiki.bioinformatics.nl/pathways/RC1042_r17.0.0_20260605-171052,2
http://rdf-plantmetwiki.bioinformatics.nl/pathways/RC239_r17.0.0_20260605-171052,1
http://rdf-plantmetwiki.bioinformatics.nl/pathways/PC1098_r17.0.0_20260605-171052,3
http://rdf-plantmetwiki.bioinformatics.nl/pathways/PC432_r17.0.0_20260605-171052,10
http://rdf-plantmetwiki.bioinformatics.nl/pathways/PC354_r17.0.0_20260605-171052,7
http://rdf-plantmetwiki.bioinformatics.nl/pathways/PC1133_r17.0.0_20260605-171052,1
http://rdf-plantmetwiki.bioinformatics.nl/pathways/RC1229_r17.0.0_20260605-171052,3
http://rdf-plantmetwiki.bioinformatics.nl/pathways/PC583_r17.0.0_20260605-171052,3
http://rdf-plantmetwiki.bioinformatics.nl/pathways/PC1055_r17.0.0_20260605-171052,1
http://rdf-plantmetwiki.bioinformatics.nl/pathways/PC237_r17.0.0_20260605-171052,6
http://rdf-plantmetwiki.bioinformatics.nl/pathways/PC619_r17.0.0_20260605-171052,7
http://rdf-plantmetwiki.bioinformatics.nl/pathways/PC696_r17.0.0_20260605-171052,31
http://rdf-plantmetwiki.bioinformatics.nl/pathways/RC21_r17.0.0_20260605-171052,22
http://rdf-plantmetwiki.bioinformatics.nl/pathways/PC1097_r17.0.0_20260605-171052,2
http://rdf-plantmetwiki.bioinformatics.nl/pathways/PC273_r17.0.0_20260605-171052,1
http://rdf-plantmetwiki.bioinformatics.nl/pathways/RC1078_r17.0.0_20260605-171052,6
http://rdf-plantmetwiki.bioinformatics.nl/pathways/RC766_r17.0.0_20260605-171052,1
http://rdf-plantmetwiki.bioinformatics.nl/pathways/PC1132_r17.0.0_20260605-171052,9
http://rdf-plantmetwiki.bioinformatics.nl/pathways/PC99_r17.0.0_20260605-171052,20
http://rdf-plantmetwiki.bioinformatics.nl/pathways/RC688_r17.0.0_20260605-171052,1
http://rdf-plantmetwiki.bioinformatics.nl/pathways/PC1054_r17.0.0_20260605-171052,12
http://rdf-plantmetwiki.bioinformatics.nl/pathways/PC653_r17.0.0_20260605-171052,3
http://rdf-plantmetwiki.bioinformatics.nl/pathways/PC882_r17.0.0_20260605-171052,7
http://rdf-plantmetwiki.bioinformatics.nl/pathways/RC723_r17.0.0_20260605-171052,2
http://rdf-plantmetwiki.bioinformatics.nl/pathways/PC1090_r17.0.0_20260605-171052,29
http://rdf-plantmetwiki.bioinformatics.nl/pathways/PC68_r17.0.0_20260605-171052,58
http://rdf-plantmetwiki.bioinformatics.nl/pathways/PC918_r17.0.0_20260605-171052,4
http://rdf-plantmetwiki.bioinformatics.nl/pathways/PC194_r17.0.0_20260605-171052,42
http://rdf-plantmetwiki.bioinformatics.nl/pathways/PC750_r17.0.0_20260605-171052,3
http://rdf-plantmetwiki.bioinformatics.nl/pathways/PC900_r17.0.0_20260605-171052,65
http://rdf-plantmetwiki.bioinformatics.nl/pathways/RC360_r17.0.0_20260605-171052,1
http://rdf-plantmetwiki.bioinformatics.nl/pathways/RC742_r17.0.0_20260605-171052,1
http://rdf-plantmetwiki.bioinformatics.nl/pathways/PC937_r17.0.0_20260605-171052,14
http://rdf-plantmetwiki.bioinformatics.nl/pathways/RC883_r17.0.0_20260605-171052,1
http://rdf-plantmetwiki.bioinformatics.nl/pathways/RC664_r17.0.0_20260605-171052,3
http://rdf-plantmetwiki.bioinformatics.nl/pathways/PC859_r17.0.0_20260605-171052,14
http://rdf-plantmetwiki.bioinformatics.nl/pathways/RC537_r17.0.0_20260605-171052,1
http://rdf-plantmetwiki.bioinformatics.nl/pathways/PC590_r17.0.0_20260605-171052,21
http://rdf-plantmetwiki.bioinformatics.nl/pathways/RC6_r17.0.0_20260605-171052,1
http://rdf-plantmetwiki.bioinformatics.nl/pathways/RC919_r17.0.0_20260605-171052,1
http://rdf-plantmetwiki.bioinformatics.nl/pathways/RC547_r17.0.0_20260605-171052,1
http://rdf-plantmetwiki.bioinformatics.nl/pathways/PC511_r17.0.0_20260605-171052,13
http://rdf-plantmetwiki.bioinformatics.nl/pathways/PC895_r17.0.0_20260605-171052,7
http://rdf-plantmetwiki.bioinformatics.nl/pathways/RC583_r17.0.0_20260605-171052,3
http://rdf-plantmetwiki.bioinformatics.nl/pathways/PC324_r17.0.0_20260605-171052,11
http://rdf-plantmetwiki.bioinformatics.nl/pathways/PC548_r17.0.0_20260605-171052,6
http://rdf-plantmetwiki.bioinformatics.nl/pathways/RC396_r17.0.0_20260605-171052,5
http://rdf-plantmetwiki.bioinformatics.nl/pathways/PC360_r17.0.0_20260605-171052,73
http://rdf-plantmetwiki.bioinformatics.nl/pathways/PC69_r17.0.0_20260605-171052,19
http://rdf-plantmetwiki.bioinformatics.nl/pathways/PC370_r17.0.0_20260605-171052,1
http://rdf-plantmetwiki.bioinformatics.nl/pathways/PC1061_r17.0.0_20260605-171052,6
http://rdf-plantmetwiki.bioinformatics.nl/pathways/PC735_r17.0.0_20260605-171052,10
http://rdf-plantmetwiki.bioinformatics.nl/pathways/PC1071_r17.0.0_20260605-171052,1
http://rdf-plantmetwiki.bioinformatics.nl/pathways/PC292_r17.0.0_20260605-171052,1
http://rdf-plantmetwiki.bioinformatics.nl/pathways/PC510_r17.0.0_20260605-171052,4
http://rdf-plantmetwiki.bioinformatics.nl/pathways/RC353_r17.0.0_20260605-171052,2
http://rdf-plantmetwiki.bioinformatics.nl/pathways/PC165_r17.0.0_20260605-171052,3
http://rdf-plantmetwiki.bioinformatics.nl/pathways/PC547_r17.0.0_20260605-171052,3
http://rdf-plantmetwiki.bioinformatics.nl/pathways/RC1193_r17.0.0_20260605-171052,1
http://rdf-plantmetwiki.bioinformatics.nl/pathways/PC328_r17.0.0_20260605-171052,24
http://rdf-plantmetwiki.bioinformatics.nl/pathways/PC469_r17.0.0_20260605-171052,31
http://rdf-plantmetwiki.bioinformatics.nl/pathways/PC200_r17.0.0_20260605-171052,1
http://rdf-plantmetwiki.bioinformatics.nl/pathways/RC158_r17.0.0_20260605-171052,1
http://rdf-plantmetwiki.bioinformatics.nl/pathways/PC122_r17.0.0_20260605-171052,28
http://rdf-plantmetwiki.bioinformatics.nl/pathways/PC159_r17.0.0_20260605-171052,6
http://rdf-plantmetwiki.bioinformatics.nl/pathways/PC309_r17.0.0_20260605-171052,2
http://rdf-plantmetwiki.bioinformatics.nl/pathways/PC1028_r17.0.0_20260605-171052,2
http://rdf-plantmetwiki.bioinformatics.nl/pathways/RC1211_r17.0.0_20260605-171052,1
http://rdf-plantmetwiki.bioinformatics.nl/pathways/PC866_r17.0.0_20260605-171052,3
http://rdf-plantmetwiki.bioinformatics.nl/pathways/PC141_r17.0.0_20260605-171052,7
http://rdf-plantmetwiki.bioinformatics.nl/pathways/PC178_r17.0.0_20260605-171052,4
http://rdf-plantmetwiki.bioinformatics.nl/pathways/RC999_r17.0.0_20260605-171052,1
http://rdf-plantmetwiki.bioinformatics.nl/pathways/PC974_r17.0.0_20260605-171052,2
http://rdf-plantmetwiki.bioinformatics.nl/pathways/PC646_r17.0.0_20260605-171052,10
http://rdf-plantmetwiki.bioinformatics.nl/pathways/RC100_r17.0.0_20260605-171052,1
http://rdf-plantmetwiki.bioinformatics.nl/pathways/PC787_r17.0.0_20260605-171052,14
http://rdf-plantmetwiki.bioinformatics.nl/pathways/PC797_r17.0.0_20260605-171052,1
http://rdf-plantmetwiki.bioinformatics.nl/pathways/RC857_r17.0.0_20260605-171052,1
http://rdf-plantmetwiki.bioinformatics.nl/pathways/PC822_r17.0.0_20260605-171052,4
http://rdf-plantmetwiki.bioinformatics.nl/pathways/PC44_r17.0.0_20260605-171052,33
http://rdf-plantmetwiki.bioinformatics.nl/pathways/RC779_r17.0.0_20260605-171052,1
http://rdf-plantmetwiki.bioinformatics.nl/pathways/PC973_r17.0.0_20260605-171052,1
http://rdf-plantmetwiki.bioinformatics.nl/pathways/PC486_r17.0.0_20260605-171052,1
http://rdf-plantmetwiki.bioinformatics.nl/pathways/PC754_r17.0.0_20260605-171052,1
http://rdf-plantmetwiki.bioinformatics.nl/pathways/PC626_r17.0.0_20260605-171052,3
http://rdf-plantmetwiki.bioinformatics.nl/pathways/PC407_r17.0.0_20260605-171052,9
http://rdf-plantmetwiki.bioinformatics.nl/pathways/PC790_r17.0.0_20260605-171052,5
http://rdf-plantmetwiki.bioinformatics.nl/pathways/RC469_r17.0.0_20260605-171052,1
http://rdf-plantmetwiki.bioinformatics.nl/pathways/RC965_r17.0.0_20260605-171052,1
http://rdf-plantmetwiki.bioinformatics.nl/pathways/PC443_r17.0.0_20260605-171052,1
http://rdf-plantmetwiki.bioinformatics.nl/pathways/RC390_r17.0.0_20260605-171052,1
http://rdf-plantmetwiki.bioinformatics.nl/pathways/PC663_r17.0.0_20260605-171052,4
http://rdf-plantmetwiki.bioinformatics.nl/pathways/PC21_r17.0.0_20260605-171052,18
http://rdf-plantmetwiki.bioinformatics.nl/pathways/PC584_r17.0.0_20260605-171052,9
http://rdf-plantmetwiki.bioinformatics.nl/pathways/PC406_r17.0.0_20260605-171052,2
http://rdf-plantmetwiki.bioinformatics.nl/pathways/RC451_r17.0.0_20260605-171052,1
http://rdf-plantmetwiki.bioinformatics.nl/pathways/PC1107_r17.0.0_20260605-171052,8
http://rdf-plantmetwiki.bioinformatics.nl/pathways/PC442_r17.0.0_20260605-171052,5
http://rdf-plantmetwiki.bioinformatics.nl/pathways/RC1291_r17.0.0_20260605-171052,2
http://rdf-plantmetwiki.bioinformatics.nl/pathways/RC488_r17.0.0_20260605-171052,1
http://rdf-plantmetwiki.bioinformatics.nl/pathways/PC364_r17.0.0_20260605-171052,12
http://rdf-plantmetwiki.bioinformatics.nl/pathways/RC141_r17.0.0_20260605-171052,1
http://rdf-plantmetwiki.bioinformatics.nl/pathways/PC1065_r17.0.0_20260605-171052,21
http://rdf-plantmetwiki.bioinformatics.nl/pathways/PC602_r17.0.0_20260605-171052,29
http://rdf-plantmetwiki.bioinformatics.nl/pathways/RC292_r17.0.0_20260605-171052,1
http://rdf-plantmetwiki.bioinformatics.nl/pathways/PC1100_r17.0.0_20260605-171052,15
http://rdf-plantmetwiki.bioinformatics.nl/pathways/PC257_r17.0.0_20260605-171052,6
http://rdf-plantmetwiki.bioinformatics.nl/pathways/PC63_r17.0.0_20260605-171052,6
http://rdf-plantmetwiki.bioinformatics.nl/pathways/PC293_r17.0.0_20260605-171052,3
http://rdf-plantmetwiki.bioinformatics.nl/pathways/PC1126_r17.0.0_20260605-171052,1
http://rdf-plantmetwiki.bioinformatics.nl/pathways/RC140_r17.0.0_20260605-171052,2
http://rdf-plantmetwiki.bioinformatics.nl/pathways/RC1107_r17.0.0_20260605-171052,2
http://rdf-plantmetwiki.bioinformatics.nl/pathways/PC1162_r17.0.0_20260605-171052,3
http://rdf-plantmetwiki.bioinformatics.nl/pathways/PC761_r17.0.0_20260605-171052,1
http://rdf-plantmetwiki.bioinformatics.nl/pathways/PC1084_r17.0.0_20260605-171052,2
http://rdf-plantmetwiki.bioinformatics.nl/pathways/RC1284_r17.0.0_20260605-171052,1
http://rdf-plantmetwiki.bioinformatics.nl/pathways/PC911_r17.0.0_20260605-171052,68
http://rdf-plantmetwiki.bioinformatics.nl/pathways/RC972_r17.0.0_20260605-171052,2
http://rdf-plantmetwiki.bioinformatics.nl/pathways/PC938_r17.0.0_20260605-171052,10
http://rdf-plantmetwiki.bioinformatics.nl/pathways/PC111_r17.0.0_20260605-171052,11
http://rdf-plantmetwiki.bioinformatics.nl/pathways/PC948_r17.0.0_20260605-171052,3
http://rdf-plantmetwiki.bioinformatics.nl/pathways/PC213_r17.0.0_20260605-171052,3
http://rdf-plantmetwiki.bioinformatics.nl/pathways/PC223_r17.0.0_20260605-171052,6
http://rdf-plantmetwiki.bioinformatics.nl/pathways/PC86_r17.0.0_20260605-171052,9
http://rdf-plantmetwiki.bioinformatics.nl/pathways/RC1089_r17.0.0_20260605-171052,2
http://rdf-plantmetwiki.bioinformatics.nl/pathways/RC285_r17.0.0_20260605-171052,1
http://rdf-plantmetwiki.bioinformatics.nl/pathways/RC92_r17.0.0_20260605-171052,1
http://rdf-plantmetwiki.bioinformatics.nl/pathways/PC905_r17.0.0_20260605-171052,4
http://rdf-plantmetwiki.bioinformatics.nl/pathways/PC682_r17.0.0_20260605-171052,1
http://rdf-plantmetwiki.bioinformatics.nl/pathways/PC335_r17.0.0_20260605-171052,10
http://rdf-plantmetwiki.bioinformatics.nl/pathways/PC718_r17.0.0_20260605-171052,7
http://rdf-plantmetwiki.bioinformatics.nl/pathways/PC371_r17.0.0_20260605-171052,4
http://rdf-plantmetwiki.bioinformatics.nl/pathways/RC991_r17.0.0_20260605-171052,1
http://rdf-plantmetwiki.bioinformatics.nl/pathways/PC869_r17.0.0_20260605-171052,7
http://rdf-plantmetwiki.bioinformatics.nl/pathways/PC521_r17.0.0_20260605-171052,20
http://rdf-plantmetwiki.bioinformatics.nl/pathways/PC904_r17.0.0_20260605-171052,7
http://rdf-plantmetwiki.bioinformatics.nl/pathways/RC949_r17.0.0_20260605-171052,1
http://rdf-plantmetwiki.bioinformatics.nl/pathways/PC558_r17.0.0_20260605-171052,3
http://rdf-plantmetwiki.bioinformatics.nl/pathways/PC47_r17.0.0_20260605-171052,11
http://rdf-plantmetwiki.bioinformatics.nl/pathways/RC1065_r17.0.0_20260605-171052,2
http://rdf-plantmetwiki.bioinformatics.nl/pathways/RC753_r17.0.0_20260605-171052,1
http://rdf-plantmetwiki.bioinformatics.nl/pathways/PC719_r17.0.0_20260605-171052,6
http://rdf-plantmetwiki.bioinformatics.nl/pathways/PC390_r17.0.0_20260605-171052,6
http://rdf-plantmetwiki.bioinformatics.nl/pathways/RC347_r17.0.0_20260605-171052,1
http://rdf-plantmetwiki.bioinformatics.nl/pathways/PC755_r17.0.0_20260605-171052,16
http://rdf-plantmetwiki.bioinformatics.nl/pathways/PC1091_r17.0.0_20260605-171052,10
http://rdf-plantmetwiki.bioinformatics.nl/pathways/PC540_r17.0.0_20260605-171052,2
http://rdf-plantmetwiki.bioinformatics.nl/pathways/RC383_r17.0.0_20260605-171052,1
http://rdf-plantmetwiki.bioinformatics.nl/pathways/RC601_r17.0.0_20260605-171052,1
http://rdf-plantmetwiki.bioinformatics.nl/pathways/PC195_r17.0.0_20260605-171052,6
http://rdf-plantmetwiki.bioinformatics.nl/pathways/RC1222_r17.0.0_20260605-171052,1
http://rdf-plantmetwiki.bioinformatics.nl/pathways/PC577_r17.0.0_20260605-171052,6
http://rdf-plantmetwiki.bioinformatics.nl/pathways/RC533_r17.0.0_20260605-171052,1
http://rdf-plantmetwiki.bioinformatics.nl/pathways/PC499_r17.0.0_20260605-171052,2
http://rdf-plantmetwiki.bioinformatics.nl/pathways/PC230_r17.0.0_20260605-171052,2
http://rdf-plantmetwiki.bioinformatics.nl/pathways/RC55_r17.0.0_20260605-171052,2
http://rdf-plantmetwiki.bioinformatics.nl/pathways/PC152_r17.0.0_20260605-171052,67
http://rdf-plantmetwiki.bioinformatics.nl/pathways/PC534_r17.0.0_20260605-171052,9
http://rdf-plantmetwiki.bioinformatics.nl/pathways/RC213_r17.0.0_20260605-171052,1
http://rdf-plantmetwiki.bioinformatics.nl/pathways/RC70_r17.0.0_20260605-171052,2
http://rdf-plantmetwiki.bioinformatics.nl/pathways/PC189_r17.0.0_20260605-171052,14
http://rdf-plantmetwiki.bioinformatics.nl/pathways/PC1011_r17.0.0_20260605-171052,12
http://rdf-plantmetwiki.bioinformatics.nl/pathways/PC1021_r17.0.0_20260605-171052,7
http://rdf-plantmetwiki.bioinformatics.nl/pathways/PC329_r17.0.0_20260605-171052,2
http://rdf-plantmetwiki.bioinformatics.nl/pathways/RC1221_r17.0.0_20260605-171052,6
http://rdf-plantmetwiki.bioinformatics.nl/pathways/PC1048_r17.0.0_20260605-171052,9
http://rdf-plantmetwiki.bioinformatics.nl/pathways/PC339_r17.0.0_20260605-171052,2
http://rdf-plantmetwiki.bioinformatics.nl/pathways/PC22_r17.0.0_20260605-171052,11
http://rdf-plantmetwiki.bioinformatics.nl/pathways/RC3_r17.0.0_20260605-171052,1
http://rdf-plantmetwiki.bioinformatics.nl/pathways/PC876_r17.0.0_20260605-171052,4
http://rdf-plantmetwiki.bioinformatics.nl/pathways/PC1058_r17.0.0_20260605-171052,4
http://rdf-plantmetwiki.bioinformatics.nl/pathways/RC831_r17.0.0_20260605-171052,2
http://rdf-plantmetwiki.bioinformatics.nl/pathways/PC798_r17.0.0_20260605-171052,5
http://rdf-plantmetwiki.bioinformatics.nl/pathways/RC868_r17.0.0_20260605-171052,1
http://rdf-plantmetwiki.bioinformatics.nl/pathways/PC833_r17.0.0_20260605-171052,2
http://rdf-plantmetwiki.bioinformatics.nl/pathways/PC188_r17.0.0_20260605-171052,5
http://rdf-plantmetwiki.bioinformatics.nl/pathways/PC1156_r17.0.0_20260605-171052,4
http://rdf-plantmetwiki.bioinformatics.nl/pathways/PC984_r17.0.0_20260605-171052,13
http://rdf-plantmetwiki.bioinformatics.nl/pathways/PC816_r17.0.0_20260605-171052,16
http://rdf-plantmetwiki.bioinformatics.nl/pathways/PC46_r17.0.0_20260605-171052,2
http://rdf-plantmetwiki.bioinformatics.nl/pathways/RC887_r17.0.0_20260605-171052,1
http://rdf-plantmetwiki.bioinformatics.nl/pathways/PC852_r17.0.0_20260605-171052,1
http://rdf-plantmetwiki.bioinformatics.nl/pathways/RC1081_r17.0.0_20260605-171052,2
http://rdf-plantmetwiki.bioinformatics.nl/pathways/PC505_r17.0.0_20260605-171052,3
http://rdf-plantmetwiki.bioinformatics.nl/pathways/RC844_r17.0.0_20260605-171052,1
http://rdf-plantmetwiki.bioinformatics.nl/pathways/PC657_r17.0.0_20260605-171052,11
http://rdf-plantmetwiki.bioinformatics.nl/pathways/RC717_r17.0.0_20260605-171052,1
http://rdf-plantmetwiki.bioinformatics.nl/pathways/PC693_r17.0.0_20260605-171052,1
http://rdf-plantmetwiki.bioinformatics.nl/pathways/RC639_r17.0.0_20260605-171052,1
http://rdf-plantmetwiki.bioinformatics.nl/pathways/RC310_r17.0.0_20260605-171052,2
http://rdf-plantmetwiki.bioinformatics.nl/pathways/RC649_r17.0.0_20260605-171052,2
http://rdf-plantmetwiki.bioinformatics.nl/pathways/PC1015_r17.0.0_20260605-171052,7
http://rdf-plantmetwiki.bioinformatics.nl/pathways/PC613_r17.0.0_20260605-171052,25
http://rdf-plantmetwiki.bioinformatics.nl/pathways/PC504_r17.0.0_20260605-171052,100
http://rdf-plantmetwiki.bioinformatics.nl/pathways/RC461_r17.0.0_20260605-171052,2
http://rdf-plantmetwiki.bioinformatics.nl/pathways/PC426_r17.0.0_20260605-171052,16
http://rdf-plantmetwiki.bioinformatics.nl/pathways/PC436_r17.0.0_20260605-171052,7
http://rdf-plantmetwiki.bioinformatics.nl/pathways/PC656_r17.0.0_20260605-171052,1
http://rdf-plantmetwiki.bioinformatics.nl/pathways/PC1127_r17.0.0_20260605-171052,5
http://rdf-plantmetwiki.bioinformatics.nl/pathways/PC462_r17.0.0_20260605-171052,29
http://rdf-plantmetwiki.bioinformatics.nl/pathways/PC1137_r17.0.0_20260605-171052,9
http://rdf-plantmetwiki.bioinformatics.nl/pathways/PC692_r17.0.0_20260605-171052,14
http://rdf-plantmetwiki.bioinformatics.nl/pathways/PC472_r17.0.0_20260605-171052,10
http://rdf-plantmetwiki.bioinformatics.nl/pathways/PC116_r17.0.0_20260605-171052,1
http://rdf-plantmetwiki.bioinformatics.nl/pathways/RC1259_r17.0.0_20260605-171052,2
http://rdf-plantmetwiki.bioinformatics.nl/pathways/PC126_r17.0.0_20260605-171052,1
http://rdf-plantmetwiki.bioinformatics.nl/pathways/PC345_r17.0.0_20260605-171052,38
http://rdf-plantmetwiki.bioinformatics.nl/pathways/PC612_r17.0.0_20260605-171052,2
http://rdf-plantmetwiki.bioinformatics.nl/pathways/RC455_r17.0.0_20260605-171052,1
http://rdf-plantmetwiki.bioinformatics.nl/pathways/PC267_r17.0.0_20260605-171052,33
http://rdf-plantmetwiki.bioinformatics.nl/pathways/PC64_r17.0.0_20260605-171052,1
http://rdf-plantmetwiki.bioinformatics.nl/pathways/PC302_r17.0.0_20260605-171052,19
http://rdf-plantmetwiki.bioinformatics.nl/pathways/RC170_r17.0.0_20260605-171052,2
http://rdf-plantmetwiki.bioinformatics.nl/pathways/PC1094_r17.0.0_20260605-171052,4
http://rdf-plantmetwiki.bioinformatics.nl/pathways/RC966_r17.0.0_20260605-171052,2
http://rdf-plantmetwiki.bioinformatics.nl/pathways/PC931_r17.0.0_20260605-171052,16
http://rdf-plantmetwiki.bioinformatics.nl/pathways/PC112_r17.0.0_20260605-171052,6
http://rdf-plantmetwiki.bioinformatics.nl/pathways/PC286_r17.0.0_20260605-171052,6
http://rdf-plantmetwiki.bioinformatics.nl/pathways/RC357_r17.0.0_20260605-171052,1
http://rdf-plantmetwiki.bioinformatics.nl/pathways/PC321_r17.0.0_20260605-171052,8
http://rdf-plantmetwiki.bioinformatics.nl/pathways/PC968_r17.0.0_20260605-171052,11
http://rdf-plantmetwiki.bioinformatics.nl/pathways/RC1197_r17.0.0_20260605-171052,1
http://rdf-plantmetwiki.bioinformatics.nl/pathways/RC923_r17.0.0_20260605-171052,5
http://rdf-plantmetwiki.bioinformatics.nl/pathways/PC243_r17.0.0_20260605-171052,8
http://rdf-plantmetwiki.bioinformatics.nl/pathways/PC1022_r17.0.0_20260605-171052,30
http://rdf-plantmetwiki.bioinformatics.nl/pathways/RC314_r17.0.0_20260605-171052,1
http://rdf-plantmetwiki.bioinformatics.nl/pathways/RC95_r17.0.0_20260605-171052,1
http://rdf-plantmetwiki.bioinformatics.nl/pathways/RC736_r17.0.0_20260605-171052,11
http://rdf-plantmetwiki.bioinformatics.nl/pathways/PC930_r17.0.0_20260605-171052,2
http://rdf-plantmetwiki.bioinformatics.nl/pathways/RC772_r17.0.0_20260605-171052,2
http://rdf-plantmetwiki.bioinformatics.nl/pathways/PC967_r17.0.0_20260605-171052,18
http://rdf-plantmetwiki.bioinformatics.nl/pathways/RC426_r17.0.0_20260605-171052,1
http://rdf-plantmetwiki.bioinformatics.nl/pathways/PC1130_r17.0.0_20260605-171052,8
http://rdf-plantmetwiki.bioinformatics.nl/pathways/PC61_r17.0.0_20260605-171052,11
http://rdf-plantmetwiki.bioinformatics.nl/pathways/PC889_r17.0.0_20260605-171052,2
http://rdf-plantmetwiki.bioinformatics.nl/pathways/PC899_r17.0.0_20260605-171052,8
http://rdf-plantmetwiki.bioinformatics.nl/pathways/RC577_r17.0.0_20260605-171052,2
http://rdf-plantmetwiki.bioinformatics.nl/pathways/PC541_r17.0.0_20260605-171052,1
http://rdf-plantmetwiki.bioinformatics.nl/pathways/RC959_r17.0.0_20260605-171052,1
http://rdf-plantmetwiki.bioinformatics.nl/pathways/PC924_r17.0.0_20260605-171052,9
http://rdf-plantmetwiki.bioinformatics.nl/pathways/PC771_r17.0.0_20260605-171052,5
http://rdf-plantmetwiki.bioinformatics.nl/pathways/PC551_r17.0.0_20260605-171052,3
http://rdf-plantmetwiki.bioinformatics.nl/pathways/RC1153_r17.0.0_20260605-171052,1
http://rdf-plantmetwiki.bioinformatics.nl/pathways/PC934_r17.0.0_20260605-171052,7
http://rdf-plantmetwiki.bioinformatics.nl/pathways/PC578_r17.0.0_20260605-171052,7
http://rdf-plantmetwiki.bioinformatics.nl/pathways/RC1075_r17.0.0_20260605-171052,1
http://rdf-plantmetwiki.bioinformatics.nl/pathways/RC534_r17.0.0_20260605-171052,2
http://rdf-plantmetwiki.bioinformatics.nl/pathways/PC588_r17.0.0_20260605-171052,2
http://rdf-plantmetwiki.bioinformatics.nl/pathways/PC807_r17.0.0_20260605-171052,14
http://rdf-plantmetwiki.bioinformatics.nl/pathways/PC729_r17.0.0_20260605-171052,25
http://rdf-plantmetwiki.bioinformatics.nl/pathways/PC3_r17.0.0_20260605-171052,14
http://rdf-plantmetwiki.bioinformatics.nl/pathways/PC765_r17.0.0_20260605-171052,5
http://rdf-plantmetwiki.bioinformatics.nl/pathways/PC508_r17.0.0_20260605-171052,2
http://rdf-plantmetwiki.bioinformatics.nl/pathways/RC553_r17.0.0_20260605-171052,9
http://rdf-plantmetwiki.bioinformatics.nl/pathways/PC162_r17.0.0_20260605-171052,20
http://rdf-plantmetwiki.bioinformatics.nl/pathways/PC748_r17.0.0_20260605-171052,9
http://rdf-plantmetwiki.bioinformatics.nl/pathways/PC544_r17.0.0_20260605-171052,3
http://rdf-plantmetwiki.bioinformatics.nl/pathways/RC436_r17.0.0_20260605-171052,2
http://rdf-plantmetwiki.bioinformatics.nl/pathways/PC400_r17.0.0_20260605-171052,5
http://rdf-plantmetwiki.bioinformatics.nl/pathways/PC199_r17.0.0_20260605-171052,3
http://rdf-plantmetwiki.bioinformatics.nl/pathways/PC784_r17.0.0_20260605-171052,3
http://rdf-plantmetwiki.bioinformatics.nl/pathways/RC472_r17.0.0_20260605-171052,1
http://rdf-plantmetwiki.bioinformatics.nl/pathways/RC73_r17.0.0_20260605-171052,4
http://rdf-plantmetwiki.bioinformatics.nl/pathways/PC437_r17.0.0_20260605-171052,18
http://rdf-plantmetwiki.bioinformatics.nl/pathways/RC394_r17.0.0_20260605-171052,1
http://rdf-plantmetwiki.bioinformatics.nl/pathways/PC359_r17.0.0_20260605-171052,16
http://rdf-plantmetwiki.bioinformatics.nl/pathways/PC24_r17.0.0_20260605-171052,3
http://rdf-plantmetwiki.bioinformatics.nl/pathways/PC25_r17.0.0_20260605-171052,5
http://rdf-plantmetwiki.bioinformatics.nl/pathways/RC206_r17.0.0_20260605-171052,1
http://rdf-plantmetwiki.bioinformatics.nl/pathways/PC181_r17.0.0_20260605-171052,5
http://rdf-plantmetwiki.bioinformatics.nl/pathways/RC242_r17.0.0_20260605-171052,1
http://rdf-plantmetwiki.bioinformatics.nl/pathways/PC358_r17.0.0_20260605-171052,22
http://rdf-plantmetwiki.bioinformatics.nl/pathways/RC1_r17.0.0_20260605-171052,1
http://rdf-plantmetwiki.bioinformatics.nl/pathways/RC1232_r17.0.0_20260605-171052,2
http://rdf-plantmetwiki.bioinformatics.nl/pathways/RC20_r17.0.0_20260605-171052,24
http://rdf-plantmetwiki.bioinformatics.nl/pathways/RC429_r17.0.0_20260605-171052,1
http://rdf-plantmetwiki.bioinformatics.nl/pathways/PC1059_r17.0.0_20260605-171052,13
http://rdf-plantmetwiki.bioinformatics.nl/pathways/PC394_r17.0.0_20260605-171052,1
http://rdf-plantmetwiki.bioinformatics.nl/pathways/RC104_r17.0.0_20260605-171052,1
http://rdf-plantmetwiki.bioinformatics.nl/pathways/PC826_r17.0.0_20260605-171052,9
http://rdf-plantmetwiki.bioinformatics.nl/pathways/PC1095_r17.0.0_20260605-171052,1
http://rdf-plantmetwiki.bioinformatics.nl/pathways/PC862_r17.0.0_20260605-171052,2
http://rdf-plantmetwiki.bioinformatics.nl/pathways/PC515_r17.0.0_20260605-171052,8
http://rdf-plantmetwiki.bioinformatics.nl/pathways/RC710_r17.0.0_20260605-171052,2
http://rdf-plantmetwiki.bioinformatics.nl/pathways/PC1078_r17.0.0_20260605-171052,2
http://rdf-plantmetwiki.bioinformatics.nl/pathways/PC970_r17.0.0_20260605-171052,2
http://rdf-plantmetwiki.bioinformatics.nl/pathways/PC1113_r17.0.0_20260605-171052,89
http://rdf-plantmetwiki.bioinformatics.nl/pathways/PC623_r17.0.0_20260605-171052,33
http://rdf-plantmetwiki.bioinformatics.nl/pathways/PC863_r17.0.0_20260605-171052,2
http://rdf-plantmetwiki.bioinformatics.nl/pathways/RC704_r17.0.0_20260605-171052,1
http://rdf-plantmetwiki.bioinformatics.nl/pathways/RC491_r17.0.0_20260605-171052,3
http://rdf-plantmetwiki.bioinformatics.nl/pathways/PC89_r17.0.0_20260605-171052,1
http://rdf-plantmetwiki.bioinformatics.nl/pathways/PC676_r17.0.0_20260605-171052,7
http://rdf-plantmetwiki.bioinformatics.nl/pathways/PC686_r17.0.0_20260605-171052,10
http://rdf-plantmetwiki.bioinformatics.nl/pathways/PC711_r17.0.0_20260605-171052,1
http://rdf-plantmetwiki.bioinformatics.nl/pathways/PC721_r17.0.0_20260605-171052,33
http://rdf-plantmetwiki.bioinformatics.nl/pathways/PC365_r17.0.0_20260605-171052,4
http://rdf-plantmetwiki.bioinformatics.nl/pathways/PC643_r17.0.0_20260605-171052,17
http://rdf-plantmetwiki.bioinformatics.nl/pathways/RC321_r17.0.0_20260605-171052,1
http://rdf-plantmetwiki.bioinformatics.nl/pathways/PC375_r17.0.0_20260605-171052,6
http://rdf-plantmetwiki.bioinformatics.nl/pathways/PC297_r17.0.0_20260605-171052,2
http://rdf-plantmetwiki.bioinformatics.nl/pathways/PC67_r17.0.0_20260605-171052,5
http://rdf-plantmetwiki.bioinformatics.nl/pathways/RC854_r17.0.0_20260605-171052,4
http://rdf-plantmetwiki.bioinformatics.nl/pathways/PC332_r17.0.0_20260605-171052,142
http://rdf-plantmetwiki.bioinformatics.nl/pathways/PC81_r17.0.0_20260605-171052,6
http://rdf-plantmetwiki.bioinformatics.nl/pathways/RC180_r17.0.0_20260605-171052,2
http://rdf-plantmetwiki.bioinformatics.nl/pathways/PC473_r17.0.0_20260605-171052,2
http://rdf-plantmetwiki.bioinformatics.nl/pathways/RC1288_r17.0.0_20260605-171052,1
http://rdf-plantmetwiki.bioinformatics.nl/pathways/RC325_r17.0.0_20260605-171052,2
http://rdf-plantmetwiki.bioinformatics.nl/pathways/PC509_r17.0.0_20260605-171052,8
http://rdf-plantmetwiki.bioinformatics.nl/pathways/PC941_r17.0.0_20260605-171052,2
http://rdf-plantmetwiki.bioinformatics.nl/pathways/RC340_r17.0.0_20260605-171052,1
http://rdf-plantmetwiki.bioinformatics.nl/pathways/PC331_r17.0.0_20260605-171052,6
http://rdf-plantmetwiki.bioinformatics.nl/pathways/PC978_r17.0.0_20260605-171052,19
http://rdf-plantmetwiki.bioinformatics.nl/pathways/PC253_r17.0.0_20260605-171052,13
http://rdf-plantmetwiki.bioinformatics.nl/pathways/PC1032_r17.0.0_20260605-171052,1
http://rdf-plantmetwiki.bioinformatics.nl/pathways/PC28_r17.0.0_20260605-171052,2
http://rdf-plantmetwiki.bioinformatics.nl/pathways/PC492_r17.0.0_20260605-171052,6
http://rdf-plantmetwiki.bioinformatics.nl/pathways/PC146_r17.0.0_20260605-171052,40
http://rdf-plantmetwiki.bioinformatics.nl/pathways/PC528_r17.0.0_20260605-171052,1
http://rdf-plantmetwiki.bioinformatics.nl/pathways/RC1086_r17.0.0_20260605-171052,1
http://rdf-plantmetwiki.bioinformatics.nl/pathways/RC485_r17.0.0_20260605-171052,1
http://rdf-plantmetwiki.bioinformatics.nl/pathways/RC139_r17.0.0_20260605-171052,2
http://rdf-plantmetwiki.bioinformatics.nl/pathways/PC997_r17.0.0_20260605-171052,5
http://rdf-plantmetwiki.bioinformatics.nl/pathways/RC952_r17.0.0_20260605-171052,1
http://rdf-plantmetwiki.bioinformatics.nl/pathways/PC1051_r17.0.0_20260605-171052,25
http://rdf-plantmetwiki.bioinformatics.nl/pathways/PC650_r17.0.0_20260605-171052,6
http://rdf-plantmetwiki.bioinformatics.nl/pathways/PC791_r17.0.0_20260605-171052,14
http://rdf-plantmetwiki.bioinformatics.nl/pathways/RC989_r17.0.0_20260605-171052,4
http://rdf-plantmetwiki.bioinformatics.nl/pathways/PC800_r17.0.0_20260605-171052,3
http://rdf-plantmetwiki.bioinformatics.nl/pathways/RC1183_r17.0.0_20260605-171052,1
http://rdf-plantmetwiki.bioinformatics.nl/pathways/RC861_r17.0.0_20260605-171052,1
http://rdf-plantmetwiki.bioinformatics.nl/pathways/RC1104_r17.0.0_20260605-171052,1
http://rdf-plantmetwiki.bioinformatics.nl/pathways/PC837_r17.0.0_20260605-171052,1
http://rdf-plantmetwiki.bioinformatics.nl/pathways/PC114_r17.0.0_20260605-171052,3
http://rdf-plantmetwiki.bioinformatics.nl/pathways/PC759_r17.0.0_20260605-171052,3
http://rdf-plantmetwiki.bioinformatics.nl/pathways/PC115_r17.0.0_20260605-171052,7
http://rdf-plantmetwiki.bioinformatics.nl/pathways/RC819_r17.0.0_20260605-171052,2
http://rdf-plantmetwiki.bioinformatics.nl/pathways/PC139_r17.0.0_20260605-171052,1
http://rdf-plantmetwiki.bioinformatics.nl/pathways/PC795_r17.0.0_20260605-171052,47
http://rdf-plantmetwiki.bioinformatics.nl/pathways/PC570_r17.0.0_20260605-171052,1
http://rdf-plantmetwiki.bioinformatics.nl/pathways/PC935_r17.0.0_20260605-171052,4
http://rdf-plantmetwiki.bioinformatics.nl/pathways/RC641_r17.0.0_20260605-171052,6
http://rdf-plantmetwiki.bioinformatics.nl/pathways/PC224_r17.0.0_20260605-171052,19
http://rdf-plantmetwiki.bioinformatics.nl/pathways/PC606_r17.0.0_20260605-171052,19
http://rdf-plantmetwiki.bioinformatics.nl/pathways/RC563_r17.0.0_20260605-171052,1
http://rdf-plantmetwiki.bioinformatics.nl/pathways/PC260_r17.0.0_20260605-171052,7
http://rdf-plantmetwiki.bioinformatics.nl/pathways/PC758_r17.0.0_20260605-171052,29
http://rdf-plantmetwiki.bioinformatics.nl/pathways/RC59_r17.0.0_20260605-171052,2
http://rdf-plantmetwiki.bioinformatics.nl/pathways/PC410_r17.0.0_20260605-171052,10
http://rdf-plantmetwiki.bioinformatics.nl/pathways/PC794_r17.0.0_20260605-171052,8
http://rdf-plantmetwiki.bioinformatics.nl/pathways/RC253_r17.0.0_20260605-171052,1
http://rdf-plantmetwiki.bioinformatics.nl/pathways/PC447_r17.0.0_20260605-171052,3
http://rdf-plantmetwiki.bioinformatics.nl/pathways/PC715_r17.0.0_20260605-171052,4
http://rdf-plantmetwiki.bioinformatics.nl/pathways/RC492_r17.0.0_20260605-171052,1
http://rdf-plantmetwiki.bioinformatics.nl/pathways/PC369_r17.0.0_20260605-171052,5
http://rdf-plantmetwiki.bioinformatics.nl/pathways/PC954_r17.0.0_20260605-171052,29
http://rdf-plantmetwiki.bioinformatics.nl/pathways/PC607_r17.0.0_20260605-171052,5
http://rdf-plantmetwiki.bioinformatics.nl/pathways/PC990_r17.0.0_20260605-171052,5
http://rdf-plantmetwiki.bioinformatics.nl/pathways/RC236_r17.0.0_20260605-171052,1
http://rdf-plantmetwiki.bioinformatics.nl/pathways/PC644_r17.0.0_20260605-171052,2
http://rdf-plantmetwiki.bioinformatics.nl/pathways/PC42_r17.0.0_20260605-171052,1
http://rdf-plantmetwiki.bioinformatics.nl/pathways/RC1076_r17.0.0_20260605-171052,1
http://rdf-plantmetwiki.bioinformatics.nl/pathways/RC272_r17.0.0_20260605-171052,8
http://rdf-plantmetwiki.bioinformatics.nl/pathways/PC466_r17.0.0_20260605-171052,4
http://rdf-plantmetwiki.bioinformatics.nl/pathways/RC422_r17.0.0_20260605-171052,2
http://rdf-plantmetwiki.bioinformatics.nl/pathways/PC388_r17.0.0_20260605-171052,2
http://rdf-plantmetwiki.bioinformatics.nl/pathways/PC1089_r17.0.0_20260605-171052,6
http://rdf-plantmetwiki.bioinformatics.nl/pathways/PC423_r17.0.0_20260605-171052,3
http://rdf-plantmetwiki.bioinformatics.nl/pathways/PC564_r17.0.0_20260605-171052,2
http://rdf-plantmetwiki.bioinformatics.nl/pathways/PC1124_r17.0.0_20260605-171052,34
http://rdf-plantmetwiki.bioinformatics.nl/pathways/PC574_r17.0.0_20260605-171052,10
http://rdf-plantmetwiki.bioinformatics.nl/pathways/PC218_r17.0.0_20260605-171052,9
http://rdf-plantmetwiki.bioinformatics.nl/pathways/PC228_r17.0.0_20260605-171052,9
http://rdf-plantmetwiki.bioinformatics.nl/pathways/PC254_r17.0.0_20260605-171052,14
http://rdf-plantmetwiki.bioinformatics.nl/pathways/RC720_r17.0.0_20260605-171052,1
http://rdf-plantmetwiki.bioinformatics.nl/pathways/PC264_r17.0.0_20260605-171052,12
http://rdf-plantmetwiki.bioinformatics.nl/pathways/PC687_r17.0.0_20260605-171052,4
http://rdf-plantmetwiki.bioinformatics.nl/pathways/PC722_r17.0.0_20260605-171052,11
http://rdf-plantmetwiki.bioinformatics.nl/pathways/PC1123_r17.0.0_20260605-171052,7
http://rdf-plantmetwiki.bioinformatics.nl/pathways/PC1045_r17.0.0_20260605-171052,1
http://rdf-plantmetwiki.bioinformatics.nl/pathways/PC873_r17.0.0_20260605-171052,4
http://rdf-plantmetwiki.bioinformatics.nl/pathways/RC714_r17.0.0_20260605-171052,1
http://rdf-plantmetwiki.bioinformatics.nl/pathways/PC909_r17.0.0_20260605-171052,2
http://rdf-plantmetwiki.bioinformatics.nl/pathways/RC22_r17.0.0_20260605-171052,4
http://rdf-plantmetwiki.bioinformatics.nl/pathways/PC705_r17.0.0_20260605-171052,17
http://rdf-plantmetwiki.bioinformatics.nl/pathways/RC106_r17.0.0_20260605-171052,1
http://rdf-plantmetwiki.bioinformatics.nl/pathways/PC741_r17.0.0_20260605-171052,3
http://rdf-plantmetwiki.bioinformatics.nl/pathways/PC395_r17.0.0_20260605-171052,1
http://rdf-plantmetwiki.bioinformatics.nl/pathways/PC892_r17.0.0_20260605-171052,4
http://rdf-plantmetwiki.bioinformatics.nl/pathways/PC928_r17.0.0_20260605-171052,3
http://rdf-plantmetwiki.bioinformatics.nl/pathways/RC388_r17.0.0_20260605-171052,2
http://rdf-plantmetwiki.bioinformatics.nl/pathways/RC884_r17.0.0_20260605-171052,12
http://rdf-plantmetwiki.bioinformatics.nl/pathways/PC84_r17.0.0_20260605-171052,2
http://rdf-plantmetwiki.bioinformatics.nl/pathways/RC528_r17.0.0_20260605-171052,1
http://rdf-plantmetwiki.bioinformatics.nl/pathways/PC581_r17.0.0_20260605-171052,2
http://rdf-plantmetwiki.bioinformatics.nl/pathways/RC538_r17.0.0_20260605-171052,1
http://rdf-plantmetwiki.bioinformatics.nl/pathways/PC502_r17.0.0_20260605-171052,1
http://rdf-plantmetwiki.bioinformatics.nl/pathways/PC539_r17.0.0_20260605-171052,3
http://rdf-plantmetwiki.bioinformatics.nl/pathways/PC315_r17.0.0_20260605-171052,1
http://rdf-plantmetwiki.bioinformatics.nl/pathways/PC325_r17.0.0_20260605-171052,9
http://rdf-plantmetwiki.bioinformatics.nl/pathways/PC680_r17.0.0_20260605-171052,9
http://rdf-plantmetwiki.bioinformatics.nl/pathways/RC387_r17.0.0_20260605-171052,1
http://rdf-plantmetwiki.bioinformatics.nl/pathways/PC1016_r17.0.0_20260605-171052,6
http://rdf-plantmetwiki.bioinformatics.nl/pathways/PC351_r17.0.0_20260605-171052,6
http://rdf-plantmetwiki.bioinformatics.nl/pathways/PC1026_r17.0.0_20260605-171052,62
http://rdf-plantmetwiki.bioinformatics.nl/pathways/PC690_r17.0.0_20260605-171052,1
http://rdf-plantmetwiki.bioinformatics.nl/pathways/PC361_r17.0.0_20260605-171052,17
http://rdf-plantmetwiki.bioinformatics.nl/pathways/RC1226_r17.0.0_20260605-171052,1
http://rdf-plantmetwiki.bioinformatics.nl/pathways/PC1052_r17.0.0_20260605-171052,5
http://rdf-plantmetwiki.bioinformatics.nl/pathways/PC1062_r17.0.0_20260605-171052,2
http://rdf-plantmetwiki.bioinformatics.nl/pathways/PC501_r17.0.0_20260605-171052,31
http://rdf-plantmetwiki.bioinformatics.nl/pathways/RC1148_r17.0.0_20260605-171052,3
http://rdf-plantmetwiki.bioinformatics.nl/pathways/RC344_r17.0.0_20260605-171052,1
http://rdf-plantmetwiki.bioinformatics.nl/pathways/PC156_r17.0.0_20260605-171052,14
http://rdf-plantmetwiki.bioinformatics.nl/pathways/RC1184_r17.0.0_20260605-171052,6
http://rdf-plantmetwiki.bioinformatics.nl/pathways/PC538_r17.0.0_20260605-171052,22
http://rdf-plantmetwiki.bioinformatics.nl/pathways/PC192_r17.0.0_20260605-171052,3
http://rdf-plantmetwiki.bioinformatics.nl/pathways/PC1160_r17.0.0_20260605-171052,66
http://rdf-plantmetwiki.bioinformatics.nl/pathways/RC185_r17.0.0_20260605-171052,2
http://rdf-plantmetwiki.bioinformatics.nl/pathways/PC660_r17.0.0_20260605-171052,7
http://rdf-plantmetwiki.bioinformatics.nl/pathways/PC1019_r17.0.0_20260605-171052,45
http://rdf-plantmetwiki.bioinformatics.nl/pathways/PC175_r17.0.0_20260605-171052,8
http://rdf-plantmetwiki.bioinformatics.nl/pathways/PC820_r17.0.0_20260605-171052,20
http://rdf-plantmetwiki.bioinformatics.nl/pathways/PC210_r17.0.0_20260605-171052,38
http://rdf-plantmetwiki.bioinformatics.nl/pathways/PC857_r17.0.0_20260605-171052,134
http://rdf-plantmetwiki.bioinformatics.nl/pathways/RC168_r17.0.0_20260605-171052,3
http://rdf-plantmetwiki.bioinformatics.nl/pathways/PC132_r17.0.0_20260605-171052,23
http://rdf-plantmetwiki.bioinformatics.nl/pathways/RC1007_r17.0.0_20260605-171052,1
http://rdf-plantmetwiki.bioinformatics.nl/pathways/RC203_r17.0.0_20260605-171052,1
http://rdf-plantmetwiki.bioinformatics.nl/pathways/PC169_r17.0.0_20260605-171052,1
http://rdf-plantmetwiki.bioinformatics.nl/pathways/RC98_r17.0.0_20260605-171052,1
http://rdf-plantmetwiki.bioinformatics.nl/pathways/RC661_r17.0.0_20260605-171052,6
http://rdf-plantmetwiki.bioinformatics.nl/pathways/RC99_r17.0.0_20260605-171052,2
http://rdf-plantmetwiki.bioinformatics.nl/pathways/PC965_r17.0.0_20260605-171052,6
http://rdf-plantmetwiki.bioinformatics.nl/pathways/RC671_r17.0.0_20260605-171052,2
http://rdf-plantmetwiki.bioinformatics.nl/pathways/PC319_r17.0.0_20260605-171052,3
http://rdf-plantmetwiki.bioinformatics.nl/pathways/PC856_r17.0.0_20260605-171052,6
http://rdf-plantmetwiki.bioinformatics.nl/pathways/RC315_r17.0.0_20260605-171052,1
http://rdf-plantmetwiki.bioinformatics.nl/pathways/PC101_r17.0.0_20260605-171052,3
http://rdf-plantmetwiki.bioinformatics.nl/pathways/PC778_r17.0.0_20260605-171052,7
http://rdf-plantmetwiki.bioinformatics.nl/pathways/PC788_r17.0.0_20260605-171052,2
http://rdf-plantmetwiki.bioinformatics.nl/pathways/RC466_r17.0.0_20260605-171052,1
http://rdf-plantmetwiki.bioinformatics.nl/pathways/PC430_r17.0.0_20260605-171052,6
http://rdf-plantmetwiki.bioinformatics.nl/pathways/PC1056_r17.0.0_20260605-171052,24
http://rdf-plantmetwiki.bioinformatics.nl/pathways/PC813_r17.0.0_20260605-171052,5
http://rdf-plantmetwiki.bioinformatics.nl/pathways/PC440_r17.0.0_20260605-171052,3
http://rdf-plantmetwiki.bioinformatics.nl/pathways/PC823_r17.0.0_20260605-171052,1
http://rdf-plantmetwiki.bioinformatics.nl/pathways/RC76_r17.0.0_20260605-171052,1
http://rdf-plantmetwiki.bioinformatics.nl/pathways/PC467_r17.0.0_20260605-171052,25
http://rdf-plantmetwiki.bioinformatics.nl/pathways/PC964_r17.0.0_20260605-171052,4
http://rdf-plantmetwiki.bioinformatics.nl/pathways/PC477_r17.0.0_20260605-171052,21
http://rdf-plantmetwiki.bioinformatics.nl/pathways/RC805_r17.0.0_20260605-171052,2
http://rdf-plantmetwiki.bioinformatics.nl/pathways/PC617_r17.0.0_20260605-171052,14
http://rdf-plantmetwiki.bioinformatics.nl/pathways/PC9_r17.0.0_20260605-171052,14
http://rdf-plantmetwiki.bioinformatics.nl/pathways/RC45_r17.0.0_20260605-171052,2
http://rdf-plantmetwiki.bioinformatics.nl/pathways/PC654_r17.0.0_20260605-171052,15
http://rdf-plantmetwiki.bioinformatics.nl/pathways/RC1121_r17.0.0_20260605-171052,1
http://rdf-plantmetwiki.bioinformatics.nl/pathways/RC520_r17.0.0_20260605-171052,1
http://rdf-plantmetwiki.bioinformatics.nl/pathways/PC398_r17.0.0_20260605-171052,1
http://rdf-plantmetwiki.bioinformatics.nl/pathways/RC442_r17.0.0_20260605-171052,1
http://rdf-plantmetwiki.bioinformatics.nl/pathways/PC1099_r17.0.0_20260605-171052,5
http://rdf-plantmetwiki.bioinformatics.nl/pathways/PC637_r17.0.0_20260605-171052,2
http://rdf-plantmetwiki.bioinformatics.nl/pathways/PC433_r17.0.0_20260605-171052,2
http://rdf-plantmetwiki.bioinformatics.nl/pathways/PC290_r17.0.0_20260605-171052,12
http://rdf-plantmetwiki.bioinformatics.nl/pathways/PC1134_r17.0.0_20260605-171052,48
http://rdf-plantmetwiki.bioinformatics.nl/pathways/PC673_r17.0.0_20260605-171052,4
http://rdf-plantmetwiki.bioinformatics.nl/pathways/RC629_r17.0.0_20260605-171052,1
http://rdf-plantmetwiki.bioinformatics.nl/pathways/PC594_r17.0.0_20260605-171052,3
http://rdf-plantmetwiki.bioinformatics.nl/pathways/PC326_r17.0.0_20260605-171052,2
http://rdf-plantmetwiki.bioinformatics.nl/pathways/PC248_r17.0.0_20260605-171052,7
http://rdf-plantmetwiki.bioinformatics.nl/pathways/RC665_r17.0.0_20260605-171052,2
http://rdf-plantmetwiki.bioinformatics.nl/pathways/RC319_r17.0.0_20260605-171052,1
http://rdf-plantmetwiki.bioinformatics.nl/pathways/PC434_r17.0.0_20260605-171052,5
http://rdf-plantmetwiki.bioinformatics.nl/pathways/RC1249_r17.0.0_20260605-171052,1
http://rdf-plantmetwiki.bioinformatics.nl/pathways/PC247_r17.0.0_20260605-171052,6
http://rdf-plantmetwiki.bioinformatics.nl/pathways/PC893_r17.0.0_20260605-171052,3
http://rdf-plantmetwiki.bioinformatics.nl/pathways/PC902_r17.0.0_20260605-171052,3
http://rdf-plantmetwiki.bioinformatics.nl/pathways/RC1285_r17.0.0_20260605-171052,1
http://rdf-plantmetwiki.bioinformatics.nl/pathways/RC963_r17.0.0_20260605-171052,2
http://rdf-plantmetwiki.bioinformatics.nl/pathways/PC283_r17.0.0_20260605-171052,2
http://rdf-plantmetwiki.bioinformatics.nl/pathways/PC929_r17.0.0_20260605-171052,29
http://rdf-plantmetwiki.bioinformatics.nl/pathways/PC939_r17.0.0_20260605-171052,6
http://rdf-plantmetwiki.bioinformatics.nl/pathways/PC751_r17.0.0_20260605-171052,5
http://rdf-plantmetwiki.bioinformatics.nl/pathways/PC404_r17.0.0_20260605-171052,2
http://rdf-plantmetwiki.bioinformatics.nl/pathways/RC361_r17.0.0_20260605-171052,1
http://rdf-plantmetwiki.bioinformatics.nl/pathways/RC743_r17.0.0_20260605-171052,2
http://rdf-plantmetwiki.bioinformatics.nl/pathways/RC398_r17.0.0_20260605-171052,2
http://rdf-plantmetwiki.bioinformatics.nl/pathways/RC982_r17.0.0_20260605-171052,1
http://rdf-plantmetwiki.bioinformatics.nl/pathways/PC85_r17.0.0_20260605-171052,13
http://rdf-plantmetwiki.bioinformatics.nl/pathways/RC903_r17.0.0_20260605-171052,2
http://rdf-plantmetwiki.bioinformatics.nl/pathways/PC1002_r17.0.0_20260605-171052,43
http://rdf-plantmetwiki.bioinformatics.nl/pathways/PC512_r17.0.0_20260605-171052,14
http://rdf-plantmetwiki.bioinformatics.nl/pathways/RC558_r17.0.0_20260605-171052,1
http://rdf-plantmetwiki.bioinformatics.nl/pathways/PC752_r17.0.0_20260605-171052,1
http://rdf-plantmetwiki.bioinformatics.nl/pathways/PC549_r17.0.0_20260605-171052,11
http://rdf-plantmetwiki.bioinformatics.nl/pathways/RC594_r17.0.0_20260605-171052,2
http://rdf-plantmetwiki.bioinformatics.nl/pathways/PC789_r17.0.0_20260605-171052,1
http://rdf-plantmetwiki.bioinformatics.nl/pathways/PC1110_r17.0.0_20260605-171052,4
http://rdf-plantmetwiki.bioinformatics.nl/pathways/PC70_r17.0.0_20260605-171052,18
http://rdf-plantmetwiki.bioinformatics.nl/pathways/PC5_r17.0.0_20260605-171052,3
http://rdf-plantmetwiki.bioinformatics.nl/pathways/PC60_r17.0.0_20260605-171052,3
http://rdf-plantmetwiki.bioinformatics.nl/pathways/RC780_r17.0.0_20260605-171052,1
http://rdf-plantmetwiki.bioinformatics.nl/pathways/RC1256_r17.0.0_20260605-171052,2
http://rdf-plantmetwiki.bioinformatics.nl/pathways/PC531_r17.0.0_20260605-171052,6
http://rdf-plantmetwiki.bioinformatics.nl/pathways/RC593_r17.0.0_20260605-171052,1
http://rdf-plantmetwiki.bioinformatics.nl/pathways/PC186_r17.0.0_20260605-171052,3
http://rdf-plantmetwiki.bioinformatics.nl/pathways/PC568_r17.0.0_20260605-171052,5
http://rdf-plantmetwiki.bioinformatics.nl/pathways/RC514_r17.0.0_20260605-171052,1
http://rdf-plantmetwiki.bioinformatics.nl/pathways/RC247_r17.0.0_20260605-171052,2
http://rdf-plantmetwiki.bioinformatics.nl/pathways/RC524_r17.0.0_20260605-171052,2
http://rdf-plantmetwiki.bioinformatics.nl/pathways/PC709_r17.0.0_20260605-171052,3
http://rdf-plantmetwiki.bioinformatics.nl/pathways/PC362_r17.0.0_20260605-171052,8
http://rdf-plantmetwiki.bioinformatics.nl/pathways/RC560_r17.0.0_20260605-171052,1
http://rdf-plantmetwiki.bioinformatics.nl/pathways/PC1081_r17.0.0_20260605-171052,3
http://rdf-plantmetwiki.bioinformatics.nl/pathways/PC745_r17.0.0_20260605-171052,1
http://rdf-plantmetwiki.bioinformatics.nl/pathways/RC1177_r17.0.0_20260605-171052,1
http://rdf-plantmetwiki.bioinformatics.nl/pathways/PC399_r17.0.0_20260605-171052,8
http://rdf-plantmetwiki.bioinformatics.nl/pathways/PC830_r17.0.0_20260605-171052,2
http://rdf-plantmetwiki.bioinformatics.nl/pathways/RC355_r17.0.0_20260605-171052,2
http://rdf-plantmetwiki.bioinformatics.nl/pathways/PC185_r17.0.0_20260605-171052,36
http://rdf-plantmetwiki.bioinformatics.nl/pathways/PC220_r17.0.0_20260605-171052,21
http://rdf-plantmetwiki.bioinformatics.nl/pathways/PC867_r17.0.0_20260605-171052,12
http://rdf-plantmetwiki.bioinformatics.nl/pathways/RC266_r17.0.0_20260605-171052,1
http://rdf-plantmetwiki.bioinformatics.nl/pathways/RC822_r17.0.0_20260605-171052,1
http://rdf-plantmetwiki.bioinformatics.nl/pathways/PC142_r17.0.0_20260605-171052,6
http://rdf-plantmetwiki.bioinformatics.nl/pathways/PC179_r17.0.0_20260605-171052,4
http://rdf-plantmetwiki.bioinformatics.nl/pathways/PC381_r17.0.0_20260605-171052,11
http://rdf-plantmetwiki.bioinformatics.nl/pathways/PC1082_r17.0.0_20260605-171052,44
http://rdf-plantmetwiki.bioinformatics.nl/pathways/PC417_r17.0.0_20260605-171052,11
http://rdf-plantmetwiki.bioinformatics.nl/pathways/PC975_r17.0.0_20260605-171052,3
http://rdf-plantmetwiki.bioinformatics.nl/pathways/RC374_r17.0.0_20260605-171052,1
http://rdf-plantmetwiki.bioinformatics.nl/pathways/PC1118_r17.0.0_20260605-171052,39
http://rdf-plantmetwiki.bioinformatics.nl/pathways/RC1213_r17.0.0_20260605-171052,5
http://rdf-plantmetwiki.bioinformatics.nl/pathways/PC886_r17.0.0_20260605-171052,3
http://rdf-plantmetwiki.bioinformatics.nl/pathways/RC40_r17.0.0_20260605-171052,1
http://rdf-plantmetwiki.bioinformatics.nl/pathways/RC841_r17.0.0_20260605-171052,2
http://rdf-plantmetwiki.bioinformatics.nl/pathways/RC496_r17.0.0_20260605-171052,1
http://rdf-plantmetwiki.bioinformatics.nl/pathways/RC878_r17.0.0_20260605-171052,1
http://rdf-plantmetwiki.bioinformatics.nl/pathways/PC716_r17.0.0_20260605-171052,2
http://rdf-plantmetwiki.bioinformatics.nl/pathways/PC994_r17.0.0_20260605-171052,4
http://rdf-plantmetwiki.bioinformatics.nl/pathways/PC726_r17.0.0_20260605-171052,8
http://rdf-plantmetwiki.bioinformatics.nl/pathways/PC1039_r17.0.0_20260605-171052,2
http://rdf-plantmetwiki.bioinformatics.nl/pathways/PC648_r17.0.0_20260605-171052,12
http://rdf-plantmetwiki.bioinformatics.nl/pathways/PC1075_r17.0.0_20260605-171052,12
http://rdf-plantmetwiki.bioinformatics.nl/pathways/RC986_r17.0.0_20260605-171052,1
http://rdf-plantmetwiki.bioinformatics.nl/pathways/PC45_r17.0.0_20260605-171052,3
http://rdf-plantmetwiki.bioinformatics.nl/pathways/PC684_r17.0.0_20260605-171052,2
http://rdf-plantmetwiki.bioinformatics.nl/pathways/PC1085_r17.0.0_20260605-171052,1
http://rdf-plantmetwiki.bioinformatics.nl/pathways/PC824_r17.0.0_20260605-171052,14
http://rdf-plantmetwiki.bioinformatics.nl/pathways/PC496_r17.0.0_20260605-171052,5
http://rdf-plantmetwiki.bioinformatics.nl/pathways/PC860_r17.0.0_20260605-171052,10
http://rdf-plantmetwiki.bioinformatics.nl/pathways/PC14_r17.0.0_20260605-171052,2
http://rdf-plantmetwiki.bioinformatics.nl/pathways/PC647_r17.0.0_20260605-171052,4
http://rdf-plantmetwiki.bioinformatics.nl/pathways/RC1292_r17.0.0_20260605-171052,1
http://rdf-plantmetwiki.bioinformatics.nl/pathways/RC489_r17.0.0_20260605-171052,1
http://rdf-plantmetwiki.bioinformatics.nl/pathways/RC691_r17.0.0_20260605-171052,1
http://rdf-plantmetwiki.bioinformatics.nl/pathways/PC683_r17.0.0_20260605-171052,3
http://rdf-plantmetwiki.bioinformatics.nl/pathways/RC142_r17.0.0_20260605-171052,2
http://rdf-plantmetwiki.bioinformatics.nl/pathways/PC603_r17.0.0_20260605-171052,8
http://rdf-plantmetwiki.bioinformatics.nl/pathways/RC381_r17.0.0_20260605-171052,2
http://rdf-plantmetwiki.bioinformatics.nl/pathways/PC258_r17.0.0_20260605-171052,20
http://rdf-plantmetwiki.bioinformatics.nl/pathways/PC843_r17.0.0_20260605-171052,62
http://rdf-plantmetwiki.bioinformatics.nl/pathways/PC497_r17.0.0_20260605-171052,3
http://rdf-plantmetwiki.bioinformatics.nl/pathways/PC294_r17.0.0_20260605-171052,2
http://rdf-plantmetwiki.bioinformatics.nl/pathways/PC87_r17.0.0_20260605-171052,7
http://rdf-plantmetwiki.bioinformatics.nl/pathways/RC1310_r17.0.0_20260605-171052,2
http://rdf-plantmetwiki.bioinformatics.nl/pathways/PC532_r17.0.0_20260605-171052,2
http://rdf-plantmetwiki.bioinformatics.nl/pathways/RC48_r17.0.0_20260605-171052,1
http://rdf-plantmetwiki.bioinformatics.nl/pathways/PC355_r17.0.0_20260605-171052,14
http://rdf-plantmetwiki.bioinformatics.nl/pathways/RC1000_r17.0.0_20260605-171052,2
http://rdf-plantmetwiki.bioinformatics.nl/pathways/RC957_r17.0.0_20260605-171052,1
http://rdf-plantmetwiki.bioinformatics.nl/pathways/PC277_r17.0.0_20260605-171052,6
http://rdf-plantmetwiki.bioinformatics.nl/pathways/RC348_r17.0.0_20260605-171052,2
http://rdf-plantmetwiki.bioinformatics.nl/pathways/PC312_r17.0.0_20260605-171052,6
http://rdf-plantmetwiki.bioinformatics.nl/pathways/RC1188_r17.0.0_20260605-171052,2
http://rdf-plantmetwiki.bioinformatics.nl/pathways/PC453_r17.0.0_20260605-171052,13
http://rdf-plantmetwiki.bioinformatics.nl/pathways/PC1013_r17.0.0_20260605-171052,3
http://rdf-plantmetwiki.bioinformatics.nl/pathways/PC463_r17.0.0_20260605-171052,18
http://rdf-plantmetwiki.bioinformatics.nl/pathways/PC1154_r17.0.0_20260605-171052,1
http://rdf-plantmetwiki.bioinformatics.nl/pathways/PC48_r17.0.0_20260605-171052,4
http://rdf-plantmetwiki.bioinformatics.nl/pathways/PC117_r17.0.0_20260605-171052,4
http://rdf-plantmetwiki.bioinformatics.nl/pathways/RC956_r17.0.0_20260605-171052,1
http://rdf-plantmetwiki.bioinformatics.nl/pathways/PC49_r17.0.0_20260605-171052,3
http://rdf-plantmetwiki.bioinformatics.nl/pathways/PC921_r17.0.0_20260605-171052,47
http://rdf-plantmetwiki.bioinformatics.nl/pathways/PC143_r17.0.0_20260605-171052,5
http://rdf-plantmetwiki.bioinformatics.nl/pathways/RC1286_r17.0.0_20260605-171052,2
http://rdf-plantmetwiki.bioinformatics.nl/pathways/PC575_r17.0.0_20260605-171052,1
http://rdf-plantmetwiki.bioinformatics.nl/pathways/PC958_r17.0.0_20260605-171052,2
http://rdf-plantmetwiki.bioinformatics.nl/pathways/RC913_r17.0.0_20260605-171052,2
http://rdf-plantmetwiki.bioinformatics.nl/pathways/PC1012_r17.0.0_20260605-171052,6
http://rdf-plantmetwiki.bioinformatics.nl/pathways/PC610_r17.0.0_20260605-171052,7
http://rdf-plantmetwiki.bioinformatics.nl/pathways/PC762_r17.0.0_20260605-171052,27
http://rdf-plantmetwiki.bioinformatics.nl/pathways/RC1144_r17.0.0_20260605-171052,2
http://rdf-plantmetwiki.bioinformatics.nl/pathways/PC799_r17.0.0_20260605-171052,2
http://rdf-plantmetwiki.bioinformatics.nl/pathways/PC1120_r17.0.0_20260605-171052,16
http://rdf-plantmetwiki.bioinformatics.nl/pathways/PC71_r17.0.0_20260605-171052,1
http://rdf-plantmetwiki.bioinformatics.nl/pathways/RC155_r17.0.0_20260605-171052,1
http://rdf-plantmetwiki.bioinformatics.nl/pathways/PC630_r17.0.0_20260605-171052,11
http://rdf-plantmetwiki.bioinformatics.nl/pathways/PC995_r17.0.0_20260605-171052,4
http://rdf-plantmetwiki.bioinformatics.nl/pathways/PC781_r17.0.0_20260605-171052,30
http://rdf-plantmetwiki.bioinformatics.nl/pathways/RC950_r17.0.0_20260605-171052,1
http://rdf-plantmetwiki.bioinformatics.nl/pathways/PC817_r17.0.0_20260605-171052,11
http://rdf-plantmetwiki.bioinformatics.nl/pathways/PC739_r17.0.0_20260605-171052,2
http://rdf-plantmetwiki.bioinformatics.nl/pathways/PC470_r17.0.0_20260605-171052,2
http://rdf-plantmetwiki.bioinformatics.nl/pathways/RC79_r17.0.0_20260605-171052,2
http://rdf-plantmetwiki.bioinformatics.nl/pathways/RC427_r17.0.0_20260605-171052,1
http://rdf-plantmetwiki.bioinformatics.nl/pathways/RC809_r17.0.0_20260605-171052,1
http://rdf-plantmetwiki.bioinformatics.nl/pathways/PC775_r17.0.0_20260605-171052,4
http://rdf-plantmetwiki.bioinformatics.nl/pathways/PC915_r17.0.0_20260605-171052,5
http://rdf-plantmetwiki.bioinformatics.nl/pathways/PC204_r17.0.0_20260605-171052,4
http://rdf-plantmetwiki.bioinformatics.nl/pathways/PC428_r17.0.0_20260605-171052,1
http://rdf-plantmetwiki.bioinformatics.nl/pathways/PC925_r17.0.0_20260605-171052,33
http://rdf-plantmetwiki.bioinformatics.nl/pathways/RC385_r17.0.0_20260605-171052,1
http://rdf-plantmetwiki.bioinformatics.nl/pathways/PC214_r17.0.0_20260605-171052,1
http://rdf-plantmetwiki.bioinformatics.nl/pathways/RC920_r17.0.0_20260605-171052,1
http://rdf-plantmetwiki.bioinformatics.nl/pathways/PC579_r17.0.0_20260605-171052,3
http://rdf-plantmetwiki.bioinformatics.nl/pathways/PC250_r17.0.0_20260605-171052,25
http://rdf-plantmetwiki.bioinformatics.nl/pathways/RC198_r17.0.0_20260605-171052,2
http://rdf-plantmetwiki.bioinformatics.nl/pathways/PC614_r17.0.0_20260605-171052,3
http://rdf-plantmetwiki.bioinformatics.nl/pathways/PC391_r17.0.0_20260605-171052,3
http://rdf-plantmetwiki.bioinformatics.nl/pathways/PC427_r17.0.0_20260605-171052,17
http://rdf-plantmetwiki.bioinformatics.nl/pathways/PC349_r17.0.0_20260605-171052,10
http://rdf-plantmetwiki.bioinformatics.nl/pathways/PC1128_r17.0.0_20260605-171052,2
http://rdf-plantmetwiki.bioinformatics.nl/pathways/RC1223_r17.0.0_20260605-171052,3
http://rdf-plantmetwiki.bioinformatics.nl/pathways/PC104_r17.0.0_20260605-171052,23
http://rdf-plantmetwiki.bioinformatics.nl/pathways/RC41_r17.0.0_20260605-171052,1
http://rdf-plantmetwiki.bioinformatics.nl/pathways/PC896_r17.0.0_20260605-171052,8
http://rdf-plantmetwiki.bioinformatics.nl/pathways/PC1086_r17.0.0_20260605-171052,13
http://rdf-plantmetwiki.bioinformatics.nl/pathways/RC580_r17.0.0_20260605-171052,2
http://rdf-plantmetwiki.bioinformatics.nl/pathways/PC18_r17.0.0_20260605-171052,7
http://rdf-plantmetwiki.bioinformatics.nl/pathways/RC1092_r17.0.0_20260605-171052,1
http://rdf-plantmetwiki.bioinformatics.nl/pathways/PC746_r17.0.0_20260605-171052,8
http://rdf-plantmetwiki.bioinformatics.nl/pathways/PC1147_r17.0.0_20260605-171052,18
http://rdf-plantmetwiki.bioinformatics.nl/pathways/PC897_r17.0.0_20260605-171052,2
http://rdf-plantmetwiki.bioinformatics.nl/pathways/RC1279_r17.0.0_20260605-171052,2
http://rdf-plantmetwiki.bioinformatics.nl/pathways/RC738_r17.0.0_20260605-171052,3
http://rdf-plantmetwiki.bioinformatics.nl/pathways/PC1104_r17.0.0_20260605-171052,16
http://rdf-plantmetwiki.bioinformatics.nl/pathways/PC932_r17.0.0_20260605-171052,8
http://rdf-plantmetwiki.bioinformatics.nl/pathways/PC854_r17.0.0_20260605-171052,1
http://rdf-plantmetwiki.bioinformatics.nl/pathways/PC208_r17.0.0_20260605-171052,12
http://rdf-plantmetwiki.bioinformatics.nl/pathways/RC914_r17.0.0_20260605-171052,2
http://rdf-plantmetwiki.bioinformatics.nl/pathways/RC700_r17.0.0_20260605-171052,1
http://rdf-plantmetwiki.bioinformatics.nl/pathways/PC890_r17.0.0_20260605-171052,2
http://rdf-plantmetwiki.bioinformatics.nl/pathways/PC244_r17.0.0_20260605-171052,2
http://rdf-plantmetwiki.bioinformatics.nl/pathways/PC667_r17.0.0_20260605-171052,3
http://rdf-plantmetwiki.bioinformatics.nl/pathways/PC677_r17.0.0_20260605-171052,26
http://rdf-plantmetwiki.bioinformatics.nl/pathways/PC31_r17.0.0_20260605-171052,2
http://rdf-plantmetwiki.bioinformatics.nl/pathways/PC702_r17.0.0_20260605-171052,3
http://rdf-plantmetwiki.bioinformatics.nl/pathways/PC32_r17.0.0_20260605-171052,8
http://rdf-plantmetwiki.bioinformatics.nl/pathways/PC712_r17.0.0_20260605-171052,9
http://rdf-plantmetwiki.bioinformatics.nl/pathways/PC356_r17.0.0_20260605-171052,140
http://rdf-plantmetwiki.bioinformatics.nl/pathways/PC853_r17.0.0_20260605-171052,2
http://rdf-plantmetwiki.bioinformatics.nl/pathways/RC312_r17.0.0_20260605-171052,1
http://rdf-plantmetwiki.bioinformatics.nl/pathways/PC506_r17.0.0_20260605-171052,37
http://rdf-plantmetwiki.bioinformatics.nl/pathways/RC845_r17.0.0_20260605-171052,8
http://rdf-plantmetwiki.bioinformatics.nl/pathways/PC542_r17.0.0_20260605-171052,14
http://rdf-plantmetwiki.bioinformatics.nl/pathways/RC49_r17.0.0_20260605-171052,1
http://rdf-plantmetwiki.bioinformatics.nl/pathways/PC464_r17.0.0_20260605-171052,1
http://rdf-plantmetwiki.bioinformatics.nl/pathways/RC171_r17.0.0_20260605-171052,1
http://rdf-plantmetwiki.bioinformatics.nl/pathways/RC1010_r17.0.0_20260605-171052,1
http://rdf-plantmetwiki.bioinformatics.nl/pathways/PC287_r17.0.0_20260605-171052,4
http://rdf-plantmetwiki.bioinformatics.nl/pathways/RC331_r17.0.0_20260605-171052,2
http://rdf-plantmetwiki.bioinformatics.nl/pathways/PC525_r17.0.0_20260605-171052,1
http://rdf-plantmetwiki.bioinformatics.nl/pathways/PC322_r17.0.0_20260605-171052,13
http://rdf-plantmetwiki.bioinformatics.nl/pathways/PC17_r17.0.0_20260605-171052,3
http://rdf-plantmetwiki.bioinformatics.nl/pathways/PC1023_r17.0.0_20260605-171052,8
http://rdf-plantmetwiki.bioinformatics.nl/pathways/PC561_r17.0.0_20260605-171052,28
http://rdf-plantmetwiki.bioinformatics.nl/pathways/RC1207_r17.0.0_20260605-171052,1
http://rdf-plantmetwiki.bioinformatics.nl/pathways/RC518_r17.0.0_20260605-171052,2
http://rdf-plantmetwiki.bioinformatics.nl/pathways/PC483_r17.0.0_20260605-171052,35
http://rdf-plantmetwiki.bioinformatics.nl/pathways/PC137_r17.0.0_20260605-171052,7
http://rdf-plantmetwiki.bioinformatics.nl/pathways/PC519_r17.0.0_20260605-171052,3
http://rdf-plantmetwiki.bioinformatics.nl/pathways/PC173_r17.0.0_20260605-171052,27
http://rdf-plantmetwiki.bioinformatics.nl/pathways/RC1315_r17.0.0_20260605-171052,1
http://rdf-plantmetwiki.bioinformatics.nl/pathways/PC1006_r17.0.0_20260605-171052,4
http://rdf-plantmetwiki.bioinformatics.nl/pathways/PC670_r17.0.0_20260605-171052,2
http://rdf-plantmetwiki.bioinformatics.nl/pathways/PC323_r17.0.0_20260605-171052,4
http://rdf-plantmetwiki.bioinformatics.nl/pathways/PC1042_r17.0.0_20260605-171052,18
http://rdf-plantmetwiki.bioinformatics.nl/pathways/PC136_r17.0.0_20260605-171052,4
http://rdf-plantmetwiki.bioinformatics.nl/pathways/PC782_r17.0.0_20260605-171052,3
http://rdf-plantmetwiki.bioinformatics.nl/pathways/RC1164_r17.0.0_20260605-171052,1
http://rdf-plantmetwiki.bioinformatics.nl/pathways/PC792_r17.0.0_20260605-171052,3
http://rdf-plantmetwiki.bioinformatics.nl/pathways/RC1174_r17.0.0_20260605-171052,3
http://rdf-plantmetwiki.bioinformatics.nl/pathways/PC172_r17.0.0_20260605-171052,3
http://rdf-plantmetwiki.bioinformatics.nl/pathways/PC818_r17.0.0_20260605-171052,5
http://rdf-plantmetwiki.bioinformatics.nl/pathways/RC1314_r17.0.0_20260605-171052,3
http://rdf-plantmetwiki.bioinformatics.nl/pathways/RC774_r17.0.0_20260605-171052,1
http://rdf-plantmetwiki.bioinformatics.nl/pathways/PC828_r17.0.0_20260605-171052,15
http://rdf-plantmetwiki.bioinformatics.nl/pathways/PC1140_r17.0.0_20260605-171052,10
http://rdf-plantmetwiki.bioinformatics.nl/pathways/PC1150_r17.0.0_20260605-171052,1
http://rdf-plantmetwiki.bioinformatics.nl/pathways/PC640_r17.0.0_20260605-171052,1
http://rdf-plantmetwiki.bioinformatics.nl/pathways/RC632_r17.0.0_20260605-171052,1
http://rdf-plantmetwiki.bioinformatics.nl/pathways/RC287_r17.0.0_20260605-171052,1
http://rdf-plantmetwiki.bioinformatics.nl/pathways/PC749_r17.0.0_20260605-171052,9
http://rdf-plantmetwiki.bioinformatics.nl/pathways/PC401_r17.0.0_20260605-171052,5
http://rdf-plantmetwiki.bioinformatics.nl/pathways/PC988_r17.0.0_20260605-171052,4
http://rdf-plantmetwiki.bioinformatics.nl/pathways/PC785_r17.0.0_20260605-171052,5
http://rdf-plantmetwiki.bioinformatics.nl/pathways/PC641_r17.0.0_20260605-171052,6
http://rdf-plantmetwiki.bioinformatics.nl/pathways/PC438_r17.0.0_20260605-171052,3
http://rdf-plantmetwiki.bioinformatics.nl/pathways/RC1023_r17.0.0_20260605-171052,1
http://rdf-plantmetwiki.bioinformatics.nl/pathways/RC483_r17.0.0_20260605-171052,2
http://rdf-plantmetwiki.bioinformatics.nl/pathways/PC234_r17.0.0_20260605-171052,5
http://rdf-plantmetwiki.bioinformatics.nl/pathways/PC678_r17.0.0_20260605-171052,4
http://rdf-plantmetwiki.bioinformatics.nl/pathways/PC945_r17.0.0_20260605-171052,5
http://rdf-plantmetwiki.bioinformatics.nl/pathways/RC633_r17.0.0_20260605-171052,4
http://rdf-plantmetwiki.bioinformatics.nl/pathways/PC599_r17.0.0_20260605-171052,4
http://rdf-plantmetwiki.bioinformatics.nl/pathways/PC270_r17.0.0_20260605-171052,5
http://rdf-plantmetwiki.bioinformatics.nl/pathways/RC446_r17.0.0_20260605-171052,1
http://rdf-plantmetwiki.bioinformatics.nl/pathways/PC635_r17.0.0_20260605-171052,3
http://rdf-plantmetwiki.bioinformatics.nl/pathways/PC420_r17.0.0_20260605-171052,67
http://rdf-plantmetwiki.bioinformatics.nl/pathways/PC1121_r17.0.0_20260605-171052,8
http://rdf-plantmetwiki.bioinformatics.nl/pathways/PC457_r17.0.0_20260605-171052,1
http://rdf-plantmetwiki.bioinformatics.nl/pathways/RC136_r17.0.0_20260605-171052,1
http://rdf-plantmetwiki.bioinformatics.nl/pathways/PC598_r17.0.0_20260605-171052,8
http://rdf-plantmetwiki.bioinformatics.nl/pathways/RC1243_r17.0.0_20260605-171052,1
http://rdf-plantmetwiki.bioinformatics.nl/pathways/PC1158_r17.0.0_20260605-171052,3
http://rdf-plantmetwiki.bioinformatics.nl/pathways/PC379_r17.0.0_20260605-171052,30
http://rdf-plantmetwiki.bioinformatics.nl/pathways/PC251_r17.0.0_20260605-171052,16
http://rdf-plantmetwiki.bioinformatics.nl/pathways/RC44_r17.0.0_20260605-171052,2
http://rdf-plantmetwiki.bioinformatics.nl/pathways/PC107_r17.0.0_20260605-171052,8
http://rdf-plantmetwiki.bioinformatics.nl/pathways/RC127_r17.0.0_20260605-171052,1
http://rdf-plantmetwiki.bioinformatics.nl/pathways/PC634_r17.0.0_20260605-171052,35
http://rdf-plantmetwiki.bioinformatics.nl/pathways/RC128_r17.0.0_20260605-171052,6
http://rdf-plantmetwiki.bioinformatics.nl/pathways/RC1066_r17.0.0_20260605-171052,1
http://rdf-plantmetwiki.bioinformatics.nl/pathways/PC1115_r17.0.0_20260605-171052,1
http://rdf-plantmetwiki.bioinformatics.nl/pathways/PC288_r17.0.0_20260605-171052,1
http://rdf-plantmetwiki.bioinformatics.nl/pathways/RC244_r17.0.0_20260605-171052,2
http://rdf-plantmetwiki.bioinformatics.nl/pathways/RC1101_r17.0.0_20260605-171052,4
http://rdf-plantmetwiki.bioinformatics.nl/pathways/PC209_r17.0.0_20260605-171052,14
http://rdf-plantmetwiki.bioinformatics.nl/pathways/PC219_r17.0.0_20260605-171052,8
http://rdf-plantmetwiki.bioinformatics.nl/pathways/PC756_r17.0.0_20260605-171052,2
http://rdf-plantmetwiki.bioinformatics.nl/pathways/PC1157_r17.0.0_20260605-171052,16
http://rdf-plantmetwiki.bioinformatics.nl/pathways/RC711_r17.0.0_20260605-171052,2
http://rdf-plantmetwiki.bioinformatics.nl/pathways/PC1079_r17.0.0_20260605-171052,1
http://rdf-plantmetwiki.bioinformatics.nl/pathways/PC1114_r17.0.0_20260605-171052,5
http://rdf-plantmetwiki.bioinformatics.nl/pathways/RC120_r17.0.0_20260605-171052,1
http://rdf-plantmetwiki.bioinformatics.nl/pathways/PC864_r17.0.0_20260605-171052,6
http://rdf-plantmetwiki.bioinformatics.nl/pathways/PC8_r17.0.0_20260605-171052,1
http://rdf-plantmetwiki.bioinformatics.nl/pathways/RC1139_r17.0.0_20260605-171052,1
http://rdf-plantmetwiki.bioinformatics.nl/pathways/PC697_r17.0.0_20260605-171052,37
http://rdf-plantmetwiki.bioinformatics.nl/pathways/PC34_r17.0.0_20260605-171052,1
http://rdf-plantmetwiki.bioinformatics.nl/pathways/PC951_r17.0.0_20260605-171052,1
http://rdf-plantmetwiki.bioinformatics.nl/pathways/PC732_r17.0.0_20260605-171052,7
http://rdf-plantmetwiki.bioinformatics.nl/pathways/PC961_r17.0.0_20260605-171052,8
http://rdf-plantmetwiki.bioinformatics.nl/pathways/PC604_r17.0.0_20260605-171052,22
http://rdf-plantmetwiki.bioinformatics.nl/pathways/PC386_r17.0.0_20260605-171052,23
http://rdf-plantmetwiki.bioinformatics.nl/pathways/PC883_r17.0.0_20260605-171052,22
http://rdf-plantmetwiki.bioinformatics.nl/pathways/RC561_r17.0.0_20260605-171052,1
http://rdf-plantmetwiki.bioinformatics.nl/pathways/RC943_r17.0.0_20260605-171052,1
http://rdf-plantmetwiki.bioinformatics.nl/pathways/PC536_r17.0.0_20260605-171052,15
http://rdf-plantmetwiki.bioinformatics.nl/pathways/PC919_r17.0.0_20260605-171052,2
http://rdf-plantmetwiki.bioinformatics.nl/pathways/RC598_r17.0.0_20260605-171052,1
http://rdf-plantmetwiki.bioinformatics.nl/pathways/PC572_r17.0.0_20260605-171052,2
http://rdf-plantmetwiki.bioinformatics.nl/pathways/RC519_r17.0.0_20260605-171052,1
http://rdf-plantmetwiki.bioinformatics.nl/pathways/PC713_r17.0.0_20260605-171052,8
http://rdf-plantmetwiki.bioinformatics.nl/pathways/PC385_r17.0.0_20260605-171052,11
http://rdf-plantmetwiki.bioinformatics.nl/pathways/RC555_r17.0.0_20260605-171052,4
http://rdf-plantmetwiki.bioinformatics.nl/pathways/RC341_r17.0.0_20260605-171052,1
http://rdf-plantmetwiki.bioinformatics.nl/pathways/PC74_r17.0.0_20260605-171052,8
http://rdf-plantmetwiki.bioinformatics.nl/pathways/PC306_r17.0.0_20260605-171052,2
http://rdf-plantmetwiki.bioinformatics.nl/pathways/PC535_r17.0.0_20260605-171052,14
http://rdf-plantmetwiki.bioinformatics.nl/pathways/PC1007_r17.0.0_20260605-171052,2
http://rdf-plantmetwiki.bioinformatics.nl/pathways/PC342_r17.0.0_20260605-171052,4
http://rdf-plantmetwiki.bioinformatics.nl/pathways/PC571_r17.0.0_20260605-171052,3
http://rdf-plantmetwiki.bioinformatics.nl/pathways/RC1217_r17.0.0_20260605-171052,1
http://rdf-plantmetwiki.bioinformatics.nl/pathways/PC1043_r17.0.0_20260605-171052,9
http://rdf-plantmetwiki.bioinformatics.nl/pathways/PC493_r17.0.0_20260605-171052,5
http://rdf-plantmetwiki.bioinformatics.nl/pathways/PC225_r17.0.0_20260605-171052,13
http://rdf-plantmetwiki.bioinformatics.nl/pathways/RC270_r17.0.0_20260605-171052,1
http://rdf-plantmetwiki.bioinformatics.nl/pathways/PC147_r17.0.0_20260605-171052,14
http://rdf-plantmetwiki.bioinformatics.nl/pathways/PC529_r17.0.0_20260605-171052,5
http://rdf-plantmetwiki.bioinformatics.nl/pathways/RC724_r17.0.0_20260605-171052,1
http://rdf-plantmetwiki.bioinformatics.nl/pathways/RC760_r17.0.0_20260605-171052,1
http://rdf-plantmetwiki.bioinformatics.nl/pathways/RC191_r17.0.0_20260605-171052,1
http://rdf-plantmetwiki.bioinformatics.nl/pathways/RC846_r17.0.0_20260605-171052,1
http://rdf-plantmetwiki.bioinformatics.nl/pathways/PC166_r17.0.0_20260605-171052,11
http://rdf-plantmetwiki.bioinformatics.nl/pathways/PC811_r17.0.0_20260605-171052,8
http://rdf-plantmetwiki.bioinformatics.nl/pathways/RC237_r17.0.0_20260605-171052,6
http://rdf-plantmetwiki.bioinformatics.nl/pathways/PC848_r17.0.0_20260605-171052,2
http://rdf-plantmetwiki.bioinformatics.nl/pathways/PC201_r17.0.0_20260605-171052,8
http://rdf-plantmetwiki.bioinformatics.nl/pathways/RC159_r17.0.0_20260605-171052,6
http://rdf-plantmetwiki.bioinformatics.nl/pathways/PC123_r17.0.0_20260605-171052,7
http://rdf-plantmetwiki.bioinformatics.nl/pathways/PC352_r17.0.0_20260605-171052,2
http://rdf-plantmetwiki.bioinformatics.nl/pathways/PC999_r17.0.0_20260605-171052,9
http://rdf-plantmetwiki.bioinformatics.nl/pathways/PC1053_r17.0.0_20260605-171052,9
http://rdf-plantmetwiki.bioinformatics.nl/pathways/PC389_r17.0.0_20260605-171052,1
http://rdf-plantmetwiki.bioinformatics.nl/pathways/RC980_r17.0.0_20260605-171052,3
http://rdf-plantmetwiki.bioinformatics.nl/pathways/RC335_r17.0.0_20260605-171052,1
http://rdf-plantmetwiki.bioinformatics.nl/pathways/PC810_r17.0.0_20260605-171052,5
http://rdf-plantmetwiki.bioinformatics.nl/pathways/PC108_r17.0.0_20260605-171052,7
http://rdf-plantmetwiki.bioinformatics.nl/pathways/PC847_r17.0.0_20260605-171052,3
http://rdf-plantmetwiki.bioinformatics.nl/pathways/PC1010_r17.0.0_20260605-171052,6
http://rdf-plantmetwiki.bioinformatics.nl/pathways/PC769_r17.0.0_20260605-171052,33
http://rdf-plantmetwiki.bioinformatics.nl/pathways/PC4_r17.0.0_20260605-171052,3
http://rdf-plantmetwiki.bioinformatics.nl/pathways/PC998_r17.0.0_20260605-171052,25
http://rdf-plantmetwiki.bioinformatics.nl/pathways/PC421_r17.0.0_20260605-171052,6
http://rdf-plantmetwiki.bioinformatics.nl/pathways/RC839_r17.0.0_20260605-171052,4
http://rdf-plantmetwiki.bioinformatics.nl/pathways/PC804_r17.0.0_20260605-171052,1
http://rdf-plantmetwiki.bioinformatics.nl/pathways/PC651_r17.0.0_20260605-171052,2
http://rdf-plantmetwiki.bioinformatics.nl/pathways/RC1033_r17.0.0_20260605-171052,1
http://rdf-plantmetwiki.bioinformatics.nl/pathways/RC493_r17.0.0_20260605-171052,2
http://rdf-plantmetwiki.bioinformatics.nl/pathways/PC458_r17.0.0_20260605-171052,2
http://rdf-plantmetwiki.bioinformatics.nl/pathways/PC955_r17.0.0_20260605-171052,3
http://rdf-plantmetwiki.bioinformatics.nl/pathways/PC688_r17.0.0_20260605-171052,31
http://rdf-plantmetwiki.bioinformatics.nl/pathways/PC100_r17.0.0_20260605-171052,4
http://rdf-plantmetwiki.bioinformatics.nl/pathways/PC608_r17.0.0_20260605-171052,4
http://rdf-plantmetwiki.bioinformatics.nl/pathways/PC645_r17.0.0_20260605-171052,23
http://rdf-plantmetwiki.bioinformatics.nl/pathways/RC511_r17.0.0_20260605-171052,1
http://rdf-plantmetwiki.bioinformatics.nl/pathways/PC706_r17.0.0_20260605-171052,6
http://rdf-plantmetwiki.bioinformatics.nl/pathways/RC433_r17.0.0_20260605-171052,1
http://rdf-plantmetwiki.bioinformatics.nl/pathways/RC662_r17.0.0_20260605-171052,1
http://rdf-plantmetwiki.bioinformatics.nl/pathways/PC627_r17.0.0_20260605-171052,4
http://rdf-plantmetwiki.bioinformatics.nl/pathways/RC46_r17.0.0_20260605-171052,3
http://rdf-plantmetwiki.bioinformatics.nl/pathways/RC316_r17.0.0_20260605-171052,1
http://rdf-plantmetwiki.bioinformatics.nl/pathways/RC699_r17.0.0_20260605-171052,1
http://rdf-plantmetwiki.bioinformatics.nl/pathways/PC664_r17.0.0_20260605-171052,2
http://rdf-plantmetwiki.bioinformatics.nl/pathways/RC352_r17.0.0_20260605-171052,3
http://rdf-plantmetwiki.bioinformatics.nl/pathways/PC317_r17.0.0_20260605-171052,15
http://rdf-plantmetwiki.bioinformatics.nl/pathways/PC814_r17.0.0_20260605-171052,6
http://rdf-plantmetwiki.bioinformatics.nl/pathways/PC239_r17.0.0_20260605-171052,19
http://rdf-plantmetwiki.bioinformatics.nl/pathways/PC12_r17.0.0_20260605-171052,4
http://rdf-plantmetwiki.bioinformatics.nl/pathways/PC468_r17.0.0_20260605-171052,3
http://rdf-plantmetwiki.bioinformatics.nl/pathways/RC1272_r17.0.0_20260605-171052,1
http://rdf-plantmetwiki.bioinformatics.nl/pathways/RC30_r17.0.0_20260605-171052,1
http://rdf-plantmetwiki.bioinformatics.nl/pathways/PC850_r17.0.0_20260605-171052,29
http://rdf-plantmetwiki.bioinformatics.nl/pathways/PC503_r17.0.0_20260605-171052,2
http://rdf-plantmetwiki.bioinformatics.nl/pathways/PC926_r17.0.0_20260605-171052,5
http://rdf-plantmetwiki.bioinformatics.nl/pathways/PC1108_r17.0.0_20260605-171052,5
http://rdf-plantmetwiki.bioinformatics.nl/pathways/PC280_r17.0.0_20260605-171052,2
http://rdf-plantmetwiki.bioinformatics.nl/pathways/RC1308_r17.0.0_20260605-171052,1
http://rdf-plantmetwiki.bioinformatics.nl/pathways/RC997_r17.0.0_20260605-171052,2
http://rdf-plantmetwiki.bioinformatics.nl/pathways/PC1144_r17.0.0_20260605-171052,11
http://rdf-plantmetwiki.bioinformatics.nl/pathways/PC316_r17.0.0_20260605-171052,5
http://rdf-plantmetwiki.bioinformatics.nl/pathways/PC962_r17.0.0_20260605-171052,5
http://rdf-plantmetwiki.bioinformatics.nl/pathways/RC122_r17.0.0_20260605-171052,2
http://rdf-plantmetwiki.bioinformatics.nl/pathways/RC918_r17.0.0_20260605-171052,6
http://rdf-plantmetwiki.bioinformatics.nl/pathways/PC884_r17.0.0_20260605-171052,5
http://rdf-plantmetwiki.bioinformatics.nl/pathways/PC1017_r17.0.0_20260605-171052,6
http://rdf-plantmetwiki.bioinformatics.nl/pathways/PC238_r17.0.0_20260605-171052,6
http://rdf-plantmetwiki.bioinformatics.nl/pathways/RC1112_r17.0.0_20260605-171052,1
http://rdf-plantmetwiki.bioinformatics.nl/pathways/RC954_r17.0.0_20260605-171052,1
http://rdf-plantmetwiki.bioinformatics.nl/pathways/PC274_r17.0.0_20260605-171052,2
http://rdf-plantmetwiki.bioinformatics.nl/pathways/PC91_r17.0.0_20260605-171052,12
http://rdf-plantmetwiki.bioinformatics.nl/pathways/RC1149_r17.0.0_20260605-171052,3
http://rdf-plantmetwiki.bioinformatics.nl/pathways/PC1125_r17.0.0_20260605-171052,22
http://rdf-plantmetwiki.bioinformatics.nl/pathways/PC981_r17.0.0_20260605-171052,12
http://rdf-plantmetwiki.bioinformatics.nl/pathways/RC937_r17.0.0_20260605-171052,1
http://rdf-plantmetwiki.bioinformatics.nl/pathways/RC973_r17.0.0_20260605-171052,1
http://rdf-plantmetwiki.bioinformatics.nl/pathways/PC786_r17.0.0_20260605-171052,7
http://rdf-plantmetwiki.bioinformatics.nl/pathways/RC108_r17.0.0_20260605-171052,4
http://rdf-plantmetwiki.bioinformatics.nl/pathways/RC768_r17.0.0_20260605-171052,1
http://rdf-plantmetwiki.bioinformatics.nl/pathways/PC821_r17.0.0_20260605-171052,5
http://rdf-plantmetwiki.bioinformatics.nl/pathways/PC743_r17.0.0_20260605-171052,33
http://rdf-plantmetwiki.bioinformatics.nl/pathways/PC414_r17.0.0_20260605-171052,9
http://rdf-plantmetwiki.bioinformatics.nl/pathways/RC803_r17.0.0_20260605-171052,2
http://rdf-plantmetwiki.bioinformatics.nl/pathways/RC585_r17.0.0_20260605-171052,1
http://rdf-plantmetwiki.bioinformatics.nl/pathways/PC77_r17.0.0_20260605-171052,1
http://rdf-plantmetwiki.bioinformatics.nl/pathways/PC555_r17.0.0_20260605-171052,4
http://rdf-plantmetwiki.bioinformatics.nl/pathways/PC565_r17.0.0_20260605-171052,4
http://rdf-plantmetwiki.bioinformatics.nl/pathways/RC1276_r17.0.0_20260605-171052,1
http://rdf-plantmetwiki.bioinformatics.nl/pathways/PC591_r17.0.0_20260605-171052,4
http://rdf-plantmetwiki.bioinformatics.nl/pathways/PC600_r17.0.0_20260605-171052,4
http://rdf-plantmetwiki.bioinformatics.nl/pathways/PC245_r17.0.0_20260605-171052,8
http://rdf-plantmetwiki.bioinformatics.nl/pathways/PC255_r17.0.0_20260605-171052,1
http://rdf-plantmetwiki.bioinformatics.nl/pathways/PC522_r17.0.0_20260605-171052,5
http://rdf-plantmetwiki.bioinformatics.nl/pathways/PC742_r17.0.0_20260605-171052,2
http://rdf-plantmetwiki.bioinformatics.nl/pathways/PC396_r17.0.0_20260605-171052,2
http://rdf-plantmetwiki.bioinformatics.nl/pathways/PC177_r17.0.0_20260605-171052,6
http://rdf-plantmetwiki.bioinformatics.nl/pathways/PC779_r17.0.0_20260605-171052,13
http://rdf-plantmetwiki.bioinformatics.nl/pathways/PC559_r17.0.0_20260605-171052,16
http://rdf-plantmetwiki.bioinformatics.nl/pathways/PC431_r17.0.0_20260605-171052,1
http://rdf-plantmetwiki.bioinformatics.nl/pathways/PC1036_r17.0.0_20260605-171052,5
http://rdf-plantmetwiki.bioinformatics.nl/pathways/PC212_r17.0.0_20260605-171052,55
http://rdf-plantmetwiki.bioinformatics.nl/pathways/PC1072_r17.0.0_20260605-171052,3
http://rdf-plantmetwiki.bioinformatics.nl/pathways/PC176_r17.0.0_20260605-171052,18
http://rdf-plantmetwiki.bioinformatics.nl/pathways/RC220_r17.0.0_20260605-171052,1
http://rdf-plantmetwiki.bioinformatics.nl/pathways/PC211_r17.0.0_20260605-171052,25
http://rdf-plantmetwiki.bioinformatics.nl/pathways/PC133_r17.0.0_20260605-171052,2
http://rdf-plantmetwiki.bioinformatics.nl/pathways/PC372_r17.0.0_20260605-171052,8
http://rdf-plantmetwiki.bioinformatics.nl/pathways/PC1073_r17.0.0_20260605-171052,1
http://rdf-plantmetwiki.bioinformatics.nl/pathways/PC408_r17.0.0_20260605-171052,2
http://rdf-plantmetwiki.bioinformatics.nl/pathways/PC840_r17.0.0_20260605-171052,4
http://rdf-plantmetwiki.bioinformatics.nl/pathways/RC365_r17.0.0_20260605-171052,2
http://rdf-plantmetwiki.bioinformatics.nl/pathways/PC1109_r17.0.0_20260605-171052,11
http://rdf-plantmetwiki.bioinformatics.nl/pathways/PC877_r17.0.0_20260605-171052,20
http://rdf-plantmetwiki.bioinformatics.nl/pathways/RC1017_r17.0.0_20260605-171052,1
http://rdf-plantmetwiki.bioinformatics.nl/pathways/RC1240_r17.0.0_20260605-171052,1
http://rdf-plantmetwiki.bioinformatics.nl/pathways/PC52_r17.0.0_20260605-171052,4
http://rdf-plantmetwiki.bioinformatics.nl/pathways/RC1027_r17.0.0_20260605-171052,3
http://rdf-plantmetwiki.bioinformatics.nl/pathways/PC671_r17.0.0_20260605-171052,1
http://rdf-plantmetwiki.bioinformatics.nl/pathways/RC1053_r17.0.0_20260605-171052,1
http://rdf-plantmetwiki.bioinformatics.nl/pathways/PC681_r17.0.0_20260605-171052,15
http://rdf-plantmetwiki.bioinformatics.nl/pathways/RC1063_r17.0.0_20260605-171052,1
http://rdf-plantmetwiki.bioinformatics.nl/pathways/RC741_r17.0.0_20260605-171052,1
http://rdf-plantmetwiki.bioinformatics.nl/pathways/PC707_r17.0.0_20260605-171052,9
http://rdf-plantmetwiki.bioinformatics.nl/pathways/PC985_r17.0.0_20260605-171052,2
http://rdf-plantmetwiki.bioinformatics.nl/pathways/PC717_r17.0.0_20260605-171052,7
http://rdf-plantmetwiki.bioinformatics.nl/pathways/PC102_r17.0.0_20260605-171052,2
http://rdf-plantmetwiki.bioinformatics.nl/pathways/PC103_r17.0.0_20260605-171052,3
http://rdf-plantmetwiki.bioinformatics.nl/pathways/PC639_r17.0.0_20260605-171052,3
http://rdf-plantmetwiki.bioinformatics.nl/pathways/PC858_r17.0.0_20260605-171052,35
http://rdf-plantmetwiki.bioinformatics.nl/pathways/RC69_r17.0.0_20260605-171052,2
http://rdf-plantmetwiki.bioinformatics.nl/pathways/PC1066_r17.0.0_20260605-171052,7
http://rdf-plantmetwiki.bioinformatics.nl/pathways/PC894_r17.0.0_20260605-171052,2
http://rdf-plantmetwiki.bioinformatics.nl/pathways/PC1076_r17.0.0_20260605-171052,6
http://rdf-plantmetwiki.bioinformatics.nl/pathways/PC450_r17.0.0_20260605-171052,11
http://rdf-plantmetwiki.bioinformatics.nl/pathways/PC675_r17.0.0_20260605-171052,125
http://rdf-plantmetwiki.bioinformatics.nl/pathways/RC84_r17.0.0_20260605-171052,1
http://rdf-plantmetwiki.bioinformatics.nl/pathways/PC815_r17.0.0_20260605-171052,5
http://rdf-plantmetwiki.bioinformatics.nl/pathways/PC1151_r17.0.0_20260605-171052,9
http://rdf-plantmetwiki.bioinformatics.nl/pathways/RC176_r17.0.0_20260605-171052,1
http://rdf-plantmetwiki.bioinformatics.nl/pathways/PC140_r17.0.0_20260605-171052,9
http://rdf-plantmetwiki.bioinformatics.nl/pathways/PC638_r17.0.0_20260605-171052,3
http://rdf-plantmetwiki.bioinformatics.nl/pathways/RC682_r17.0.0_20260605-171052,1
http://rdf-plantmetwiki.bioinformatics.nl/pathways/PC291_r17.0.0_20260605-171052,11
http://rdf-plantmetwiki.bioinformatics.nl/pathways/PC674_r17.0.0_20260605-171052,3
http://rdf-plantmetwiki.bioinformatics.nl/pathways/RC336_r17.0.0_20260605-171052,1
http://rdf-plantmetwiki.bioinformatics.nl/pathways/RC718_r17.0.0_20260605-171052,1
http://rdf-plantmetwiki.bioinformatics.nl/pathways/PC249_r17.0.0_20260605-171052,3
http://rdf-plantmetwiki.bioinformatics.nl/pathways/RC869_r17.0.0_20260605-171052,1
http://rdf-plantmetwiki.bioinformatics.nl/pathways/PC834_r17.0.0_20260605-171052,2
http://rdf-plantmetwiki.bioinformatics.nl/pathways/PC488_r17.0.0_20260605-171052,1
http://rdf-plantmetwiki.bioinformatics.nl/pathways/RC904_r17.0.0_20260605-171052,2
http://rdf-plantmetwiki.bioinformatics.nl/pathways/PC15_r17.0.0_20260605-171052,11
http://rdf-plantmetwiki.bioinformatics.nl/pathways/PC870_r17.0.0_20260605-171052,123
http://rdf-plantmetwiki.bioinformatics.nl/pathways/RC559_r17.0.0_20260605-171052,1
http://rdf-plantmetwiki.bioinformatics.nl/pathways/PC523_r17.0.0_20260605-171052,37
http://rdf-plantmetwiki.bioinformatics.nl/pathways/PC956_r17.0.0_20260605-171052,11
http://rdf-plantmetwiki.bioinformatics.nl/pathways/RC480_r17.0.0_20260605-171052,2
http://rdf-plantmetwiki.bioinformatics.nl/pathways/PC30_r17.0.0_20260605-171052,5
http://rdf-plantmetwiki.bioinformatics.nl/pathways/PC346_r17.0.0_20260605-171052,20
http://rdf-plantmetwiki.bioinformatics.nl/pathways/PC992_r17.0.0_20260605-171052,10
http://rdf-plantmetwiki.bioinformatics.nl/pathways/RC1210_r17.0.0_20260605-171052,2
http://rdf-plantmetwiki.bioinformatics.nl/pathways/RC293_r17.0.0_20260605-171052,2
http://rdf-plantmetwiki.bioinformatics.nl/pathways/RC302_r17.0.0_20260605-171052,1
http://rdf-plantmetwiki.bioinformatics.nl/pathways/PC268_r17.0.0_20260605-171052,2
http://rdf-plantmetwiki.bioinformatics.nl/pathways/RC1132_r17.0.0_20260605-171052,2
http://rdf-plantmetwiki.bioinformatics.nl/pathways/PC1047_r17.0.0_20260605-171052,2
http://rdf-plantmetwiki.bioinformatics.nl/pathways/RC329_r17.0.0_20260605-171052,2
http://rdf-plantmetwiki.bioinformatics.nl/pathways/RC1142_r17.0.0_20260605-171052,1
http://rdf-plantmetwiki.bioinformatics.nl/pathways/RC1169_r17.0.0_20260605-171052,1
http://rdf-plantmetwiki.bioinformatics.nl/pathways/PC1004_r17.0.0_20260605-171052,1
http://rdf-plantmetwiki.bioinformatics.nl/pathways/PC444_r17.0.0_20260605-171052,8
http://rdf-plantmetwiki.bioinformatics.nl/pathways/RC10_r17.0.0_20260605-171052,3
http://rdf-plantmetwiki.bioinformatics.nl/pathways/PC454_r17.0.0_20260605-171052,20
http://rdf-plantmetwiki.bioinformatics.nl/pathways/PC1145_r17.0.0_20260605-171052,17
http://rdf-plantmetwiki.bioinformatics.nl/pathways/PC991_r17.0.0_20260605-171052,8
http://rdf-plantmetwiki.bioinformatics.nl/pathways/PC1155_r17.0.0_20260605-171052,22
http://rdf-plantmetwiki.bioinformatics.nl/pathways/PC912_r17.0.0_20260605-171052,21
http://rdf-plantmetwiki.bioinformatics.nl/pathways/PC1046_r17.0.0_20260605-171052,3
http://rdf-plantmetwiki.bioinformatics.nl/pathways/PC566_r17.0.0_20260605-171052,19
http://rdf-plantmetwiki.bioinformatics.nl/pathways/RC983_r17.0.0_20260605-171052,1
http://rdf-plantmetwiki.bioinformatics.nl/pathways/PC144_r17.0.0_20260605-171052,1
http://rdf-plantmetwiki.bioinformatics.nl/pathways/PC949_r17.0.0_20260605-171052,9
http://rdf-plantmetwiki.bioinformatics.nl/pathways/PC1003_r17.0.0_20260605-171052,8
http://rdf-plantmetwiki.bioinformatics.nl/pathways/PC601_r17.0.0_20260605-171052,19
http://rdf-plantmetwiki.bioinformatics.nl/pathways/RC109_r17.0.0_20260605-171052,1
http://rdf-plantmetwiki.bioinformatics.nl/pathways/PC753_r17.0.0_20260605-171052,11
http://rdf-plantmetwiki.bioinformatics.nl/pathways/RC1135_r17.0.0_20260605-171052,1
http://rdf-plantmetwiki.bioinformatics.nl/pathways/RC798_r17.0.0_20260605-171052,1
http://rdf-plantmetwiki.bioinformatics.nl/pathways/PC78_r17.0.0_20260605-171052,4
http://rdf-plantmetwiki.bioinformatics.nl/pathways/PC585_r17.0.0_20260605-171052,14
http://rdf-plantmetwiki.bioinformatics.nl/pathways/PC94_r17.0.0_20260605-171052,2
http://rdf-plantmetwiki.bioinformatics.nl/pathways/RC656_r17.0.0_20260605-171052,1
http://rdf-plantmetwiki.bioinformatics.nl/pathways/PC620_r17.0.0_20260605-171052,8
http://rdf-plantmetwiki.bioinformatics.nl/pathways/RC578_r17.0.0_20260605-171052,1
http://rdf-plantmetwiki.bioinformatics.nl/pathways/PC275_r17.0.0_20260605-171052,10
http://rdf-plantmetwiki.bioinformatics.nl/pathways/PC772_r17.0.0_20260605-171052,9
http://rdf-plantmetwiki.bioinformatics.nl/pathways/RC613_r17.0.0_20260605-171052,1
http://rdf-plantmetwiki.bioinformatics.nl/pathways/RC832_r17.0.0_20260605-171052,1
http://rdf-plantmetwiki.bioinformatics.nl/pathways/PC425_r17.0.0_20260605-171052,12
http://rdf-plantmetwiki.bioinformatics.nl/pathways/PC808_r17.0.0_20260605-171052,1
http://rdf-plantmetwiki.bioinformatics.nl/pathways/RC268_r17.0.0_20260605-171052,1
http://rdf-plantmetwiki.bioinformatics.nl/pathways/PC72_r17.0.0_20260605-171052,21
http://rdf-plantmetwiki.bioinformatics.nl/pathways/RC408_r17.0.0_20260605-171052,1
http://rdf-plantmetwiki.bioinformatics.nl/pathways/PC461_r17.0.0_20260605-171052,6
http://rdf-plantmetwiki.bioinformatics.nl/pathways/RC418_r17.0.0_20260605-171052,1
http://rdf-plantmetwiki.bioinformatics.nl/pathways/PC383_r17.0.0_20260605-171052,1
http://rdf-plantmetwiki.bioinformatics.nl/pathways/RC444_r17.0.0_20260605-171052,1
http://rdf-plantmetwiki.bioinformatics.nl/pathways/RC230_r17.0.0_20260605-171052,3
http://rdf-plantmetwiki.bioinformatics.nl/pathways/RC940_r17.0.0_20260605-171052,1
http://rdf-plantmetwiki.bioinformatics.nl/pathways/RC454_r17.0.0_20260605-171052,1
http://rdf-plantmetwiki.bioinformatics.nl/pathways/PC196_r17.0.0_20260605-171052,1
http://rdf-plantmetwiki.bioinformatics.nl/pathways/PC419_r17.0.0_20260605-171052,2
http://rdf-plantmetwiki.bioinformatics.nl/pathways/PC424_r17.0.0_20260605-171052,3
http://rdf-plantmetwiki.bioinformatics.nl/pathways/RC595_r17.0.0_20260605-171052,1
http://rdf-plantmetwiki.bioinformatics.nl/pathways/RC267_r17.0.0_20260605-171052,1
http://rdf-plantmetwiki.bioinformatics.nl/pathways/PC460_r17.0.0_20260605-171052,4
http://rdf-plantmetwiki.bioinformatics.nl/pathways/PC241_r17.0.0_20260605-171052,36
http://rdf-plantmetwiki.bioinformatics.nl/pathways/PC382_r17.0.0_20260605-171052,13
http://rdf-plantmetwiki.bioinformatics.nl/pathways/PC1161_r17.0.0_20260605-171052,8
http://rdf-plantmetwiki.bioinformatics.nl/pathways/PC1083_r17.0.0_20260605-171052,2
http://rdf-plantmetwiki.bioinformatics.nl/pathways/PC418_r17.0.0_20260605-171052,3
http://rdf-plantmetwiki.bioinformatics.nl/pathways/PC1119_r17.0.0_20260605-171052,17
http://rdf-plantmetwiki.bioinformatics.nl/pathways/RC1250_r17.0.0_20260605-171052,1
http://rdf-plantmetwiki.bioinformatics.nl/pathways/RC1047_r17.0.0_20260605-171052,2
http://rdf-plantmetwiki.bioinformatics.nl/pathways/PC1101_r17.0.0_20260605-171052,11
http://rdf-plantmetwiki.bioinformatics.nl/pathways/PC700_r17.0.0_20260605-171052,1
http://rdf-plantmetwiki.bioinformatics.nl/pathways/PC1138_r17.0.0_20260605-171052,29
http://rdf-plantmetwiki.bioinformatics.nl/pathways/PC737_r17.0.0_20260605-171052,6
http://rdf-plantmetwiki.bioinformatics.nl/pathways/RC1233_r17.0.0_20260605-171052,1
http://rdf-plantmetwiki.bioinformatics.nl/pathways/PC966_r17.0.0_20260605-171052,9
http://rdf-plantmetwiki.bioinformatics.nl/pathways/PC105_r17.0.0_20260605-171052,6
http://rdf-plantmetwiki.bioinformatics.nl/pathways/PC888_r17.0.0_20260605-171052,1
http://rdf-plantmetwiki.bioinformatics.nl/pathways/RC126_r17.0.0_20260605-171052,2
http://rdf-plantmetwiki.bioinformatics.nl/pathways/RC948_r17.0.0_20260605-171052,2
http://rdf-plantmetwiki.bioinformatics.nl/pathways/RC729_r17.0.0_20260605-171052,1
http://rdf-plantmetwiki.bioinformatics.nl/pathways/PC923_r17.0.0_20260605-171052,1
http://rdf-plantmetwiki.bioinformatics.nl/pathways/RC86_r17.0.0_20260605-171052,1
http://rdf-plantmetwiki.bioinformatics.nl/pathways/RC541_r17.0.0_20260605-171052,1
http://rdf-plantmetwiki.bioinformatics.nl/pathways/PC19_r17.0.0_20260605-171052,3
http://rdf-plantmetwiki.bioinformatics.nl/pathways/PC845_r17.0.0_20260605-171052,2
http://rdf-plantmetwiki.bioinformatics.nl/pathways/PC736_r17.0.0_20260605-171052,11
http://rdf-plantmetwiki.bioinformatics.nl/pathways/RC905_r17.0.0_20260605-171052,2
http://rdf-plantmetwiki.bioinformatics.nl/pathways/RC692_r17.0.0_20260605-171052,1
http://rdf-plantmetwiki.bioinformatics.nl/pathways/RC915_r17.0.0_20260605-171052,1
http://rdf-plantmetwiki.bioinformatics.nl/pathways/PC658_r17.0.0_20260605-171052,2
http://rdf-plantmetwiki.bioinformatics.nl/pathways/PC887_r17.0.0_20260605-171052,20
http://rdf-plantmetwiki.bioinformatics.nl/pathways/RC346_r17.0.0_20260605-171052,1
http://rdf-plantmetwiki.bioinformatics.nl/pathways/PC668_r17.0.0_20260605-171052,25
http://rdf-plantmetwiki.bioinformatics.nl/pathways/RC728_r17.0.0_20260605-171052,1
http://rdf-plantmetwiki.bioinformatics.nl/pathways/PC694_r17.0.0_20260605-171052,7
http://rdf-plantmetwiki.bioinformatics.nl/pathways/PC53_r17.0.0_20260605-171052,9
http://rdf-plantmetwiki.bioinformatics.nl/pathways/PC320_r17.0.0_20260605-171052,2
http://rdf-plantmetwiki.bioinformatics.nl/pathways/PC922_r17.0.0_20260605-171052,7
http://rdf-plantmetwiki.bioinformatics.nl/pathways/RC382_r17.0.0_20260605-171052,3
http://rdf-plantmetwiki.bioinformatics.nl/pathways/PC703_r17.0.0_20260605-171052,15
http://rdf-plantmetwiki.bioinformatics.nl/pathways/PC347_r17.0.0_20260605-171052,16
http://rdf-plantmetwiki.bioinformatics.nl/pathways/PC844_r17.0.0_20260605-171052,13
http://rdf-plantmetwiki.bioinformatics.nl/pathways/RC303_r17.0.0_20260605-171052,3
http://rdf-plantmetwiki.bioinformatics.nl/pathways/PC357_r17.0.0_20260605-171052,1
http://rdf-plantmetwiki.bioinformatics.nl/pathways/PC576_r17.0.0_20260605-171052,1
http://rdf-plantmetwiki.bioinformatics.nl/pathways/PC498_r17.0.0_20260605-171052,1
http://rdf-plantmetwiki.bioinformatics.nl/pathways/PC16_r17.0.0_20260605-171052,4
http://rdf-plantmetwiki.bioinformatics.nl/pathways/PC880_r17.0.0_20260605-171052,6
http://rdf-plantmetwiki.bioinformatics.nl/pathways/PC533_r17.0.0_20260605-171052,25
http://rdf-plantmetwiki.bioinformatics.nl/pathways/PC278_r17.0.0_20260605-171052,7
http://rdf-plantmetwiki.bioinformatics.nl/pathways/PC313_r17.0.0_20260605-171052,3
http://rdf-plantmetwiki.bioinformatics.nl/pathways/PC516_r17.0.0_20260605-171052,9
http://rdf-plantmetwiki.bioinformatics.nl/pathways/RC1162_r17.0.0_20260605-171052,3
http://rdf-plantmetwiki.bioinformatics.nl/pathways/PC1014_r17.0.0_20260605-171052,12
http://rdf-plantmetwiki.bioinformatics.nl/pathways/PC170_r17.0.0_20260605-171052,3
http://rdf-plantmetwiki.bioinformatics.nl/pathways/RC1199_r17.0.0_20260605-171052,1
http://rdf-plantmetwiki.bioinformatics.nl/pathways/RC241_r17.0.0_20260605-171052,1
http://rdf-plantmetwiki.bioinformatics.nl/pathways/RC509_r17.0.0_20260605-171052,1
http://rdf-plantmetwiki.bioinformatics.nl/pathways/PC474_r17.0.0_20260605-171052,3
http://rdf-plantmetwiki.bioinformatics.nl/pathways/PC206_r17.0.0_20260605-171052,6
http://rdf-plantmetwiki.bioinformatics.nl/pathways/PC128_r17.0.0_20260605-171052,2
