pwID,title,count
http://rdf-plantmetwiki.bioinformatics.nl/pathways/PC838_r17.0.0_20260520160610,superpathway of fatty acid biosynthesis II (plant),135
http://rdf-plantmetwiki.bioinformatics.nl/pathways/PC50_r17.0.0_20260520160610,superpathway of flavones and derivatives biosynthesis,128
http://rdf-plantmetwiki.bioinformatics.nl/pathways/PC113_r17.0.0_20260520160610,superpathway of C28 brassinosteroid biosynthesis,106
http://rdf-plantmetwiki.bioinformatics.nl/pathways/PC736_r17.0.0_20260520160610,palmitate biosynthesis II (type II fatty acid synthase),100
http://rdf-plantmetwiki.bioinformatics.nl/pathways/PC857_r17.0.0_20260520160610,superpathway of gibberellin biosynthesis,98
http://rdf-plantmetwiki.bioinformatics.nl/pathways/PC533_r17.0.0_20260520160610,superpathway of diterpene resin acids biosynthesis,86
http://rdf-plantmetwiki.bioinformatics.nl/pathways/PC59_r17.0.0_20260520160610,glycolipid desaturation,84
http://rdf-plantmetwiki.bioinformatics.nl/pathways/PC506_r17.0.0_20260520160610,phytosterol biosynthesis (plants),81
http://rdf-plantmetwiki.bioinformatics.nl/pathways/PC427_r17.0.0_20260520160610,Amaryllidacea alkaloids biosynthesis,76
http://rdf-plantmetwiki.bioinformatics.nl/pathways/PC516_r17.0.0_20260520160610,"vindoline, vindorosine and vinblastine biosynthesis",75
http://rdf-plantmetwiki.bioinformatics.nl/pathways/PC465_r17.0.0_20260520160610,superpathway of polymethylated quercetin/quercetagetin glucoside biosynthesis (Chrysosplenium),74
http://rdf-plantmetwiki.bioinformatics.nl/pathways/PC858_r17.0.0_20260520160610,brassinolide biosynthesis I,73
http://rdf-plantmetwiki.bioinformatics.nl/pathways/PC1160_r17.0.0_20260520160610,superpathway of phospholipid biosynthesis II (plants),72
http://rdf-plantmetwiki.bioinformatics.nl/pathways/PC1019_r17.0.0_20260520160610,superpathway of ergosterol biosynthesis II,67
http://rdf-plantmetwiki.bioinformatics.nl/pathways/PC648_r17.0.0_20260520160610,ajmaline and sarpagine biosynthesis,66
http://rdf-plantmetwiki.bioinformatics.nl/pathways/PC956_r17.0.0_20260520160610,superpathway of betalain biosynthesis,65
http://rdf-plantmetwiki.bioinformatics.nl/pathways/PC1016_r17.0.0_20260520160610,"aliphatic glucosinolate biosynthesis, side chain elongation cycle",65
http://rdf-plantmetwiki.bioinformatics.nl/pathways/PC1080_r17.0.0_20260520160610,phospholipid desaturation,63
http://rdf-plantmetwiki.bioinformatics.nl/pathways/PC767_r17.0.0_20260520160610,superpathway of purine nucleotides de novo biosynthesis I,62
http://rdf-plantmetwiki.bioinformatics.nl/pathways/PC426_r17.0.0_20260520160610,superpathway of glycoalkaloid metabolism (Solanaceae),61
http://rdf-plantmetwiki.bioinformatics.nl/pathways/PC561_r17.0.0_20260520160610,brassinolide biosynthesis II,61
http://rdf-plantmetwiki.bioinformatics.nl/pathways/PC706_r17.0.0_20260520160610,hydroxylated fatty acid biosynthesis (plants),61
http://rdf-plantmetwiki.bioinformatics.nl/pathways/PC898_r17.0.0_20260520160610,plant sterol biosynthesis II,60
http://rdf-plantmetwiki.bioinformatics.nl/pathways/PC911_r17.0.0_20260520160610,"superpathway of cytosolic glycolysis (plants), pyruvate dehydrogenase and TCA cycle",59
http://rdf-plantmetwiki.bioinformatics.nl/pathways/PC491_r17.0.0_20260520160610,suberin monomers biosynthesis,58
http://rdf-plantmetwiki.bioinformatics.nl/pathways/PC332_r17.0.0_20260520160610,superpathway of flavones and derivatives biosynthesis,57
http://rdf-plantmetwiki.bioinformatics.nl/pathways/PC346_r17.0.0_20260520160610,superpathway of isoflavonoids (via naringenin),55
http://rdf-plantmetwiki.bioinformatics.nl/pathways/PC590_r17.0.0_20260520160610,Organic Nitrogen Assimilation,55
http://rdf-plantmetwiki.bioinformatics.nl/pathways/PC219_r17.0.0_20260520160610,sporopollenin precursors biosynthesis,55
http://rdf-plantmetwiki.bioinformatics.nl/pathways/PC984_r17.0.0_20260520160610,superpathway of seleno-compound metabolism,53
http://rdf-plantmetwiki.bioinformatics.nl/pathways/PC122_r17.0.0_20260520160610,superpathway of pterocarpan biosynthesis (via formononetin),53
http://rdf-plantmetwiki.bioinformatics.nl/pathways/PC617_r17.0.0_20260520160610,glycerolipid acyl chain desaturation (Chlamydomonas),53
http://rdf-plantmetwiki.bioinformatics.nl/pathways/PC360_r17.0.0_20260520160610,superpathway of anaerobic sucrose degradation,52
http://rdf-plantmetwiki.bioinformatics.nl/pathways/PC449_r17.0.0_20260520160610,very long chain fatty acid biosynthesis II,52
http://rdf-plantmetwiki.bioinformatics.nl/pathways/PC1155_r17.0.0_20260520160610,cholesterol biosynthesis I,51
http://rdf-plantmetwiki.bioinformatics.nl/pathways/PC175_r17.0.0_20260520160610,superpathway of pyrimidine deoxyribonucleotides de novo biosynthesis,49
http://rdf-plantmetwiki.bioinformatics.nl/pathways/PC442_r17.0.0_20260520160610,paclitaxel biosynthesis,49
http://rdf-plantmetwiki.bioinformatics.nl/pathways/PC1090_r17.0.0_20260520160610,jasmonic acid biosynthesis,48
http://rdf-plantmetwiki.bioinformatics.nl/pathways/PC791_r17.0.0_20260520160610,polymethylated quercetin glucoside biosynthesis II-quercetagetin series (Chrysosplenium),48
http://rdf-plantmetwiki.bioinformatics.nl/pathways/PC380_r17.0.0_20260520160610,superpathway of bitter acids biosynthesis,48
http://rdf-plantmetwiki.bioinformatics.nl/pathways/PC1125_r17.0.0_20260520160610,ginsenosides biosynthesis,48
http://rdf-plantmetwiki.bioinformatics.nl/pathways/PC887_r17.0.0_20260520160610,polymethylated myricetin biosynthesis (tomato),48
http://rdf-plantmetwiki.bioinformatics.nl/pathways/PC693_r17.0.0_20260520160610,protein N-glycosylation initial phase (eukaryotic),48
http://rdf-plantmetwiki.bioinformatics.nl/pathways/PC843_r17.0.0_20260520160610,secologanin and strictosidine biosynthesis,47
http://rdf-plantmetwiki.bioinformatics.nl/pathways/PC582_r17.0.0_20260520160610,sanguinarine and macarpine biosynthesis,47
http://rdf-plantmetwiki.bioinformatics.nl/pathways/PC1103_r17.0.0_20260520160610,superpathway of Allium flavor precursors,45
http://rdf-plantmetwiki.bioinformatics.nl/pathways/PC365_r17.0.0_20260520160610,cardenolide glucosides biosynthesis,45
http://rdf-plantmetwiki.bioinformatics.nl/pathways/PC504_r17.0.0_20260520160610,monolignol biosynthesis,45
http://rdf-plantmetwiki.bioinformatics.nl/pathways/PC409_r17.0.0_20260520160610,morphine biosynthesis,44
http://rdf-plantmetwiki.bioinformatics.nl/pathways/PC953_r17.0.0_20260520160610,superpathway of hyoscyamine (atropine) and scopolamine biosynthesis,44
http://rdf-plantmetwiki.bioinformatics.nl/pathways/PC1134_r17.0.0_20260520160610,superpathway of carotenoid biosynthesis in plants,44
http://rdf-plantmetwiki.bioinformatics.nl/pathways/PC601_r17.0.0_20260520160610,tetrahydrofolate biosynthesis II,43
http://rdf-plantmetwiki.bioinformatics.nl/pathways/PC722_r17.0.0_20260520160610,glucosinolate biosynthesis from tryptophan,43
http://rdf-plantmetwiki.bioinformatics.nl/pathways/PC220_r17.0.0_20260520160610,"cholesterol biosynthesis (plants, early side-chain reductase)",43
http://rdf-plantmetwiki.bioinformatics.nl/pathways/PC69_r17.0.0_20260520160610,superpathway of branched chain amino acid biosynthesis,42
http://rdf-plantmetwiki.bioinformatics.nl/pathways/PC1051_r17.0.0_20260520160610,superpathway of formononetin derivative biosynthesis,42
http://rdf-plantmetwiki.bioinformatics.nl/pathways/PC1144_r17.0.0_20260520160610,glucosinolate biosynthesis from dihomomethionine,42
http://rdf-plantmetwiki.bioinformatics.nl/pathways/PC1159_r17.0.0_20260520160610,α-tomatine biosynthesis,42
http://rdf-plantmetwiki.bioinformatics.nl/pathways/PC185_r17.0.0_20260520160610,superpathway of acylsucrose biosynthesis (cultivated tomato),42
http://rdf-plantmetwiki.bioinformatics.nl/pathways/PC340_r17.0.0_20260520160610,cutin biosynthesis,42
http://rdf-plantmetwiki.bioinformatics.nl/pathways/PC666_r17.0.0_20260520160610,gibberellin inactivation I (2β-hydroxylation),41
http://rdf-plantmetwiki.bioinformatics.nl/pathways/PC921_r17.0.0_20260520160610,superpathway of lipoxygenase,40
http://rdf-plantmetwiki.bioinformatics.nl/pathways/PC264_r17.0.0_20260520160610,superpathway of coenzyme A biosynthesis II (plants),40
http://rdf-plantmetwiki.bioinformatics.nl/pathways/PC21_r17.0.0_20260520160610,superpathway of purines degradation in plants,39
http://rdf-plantmetwiki.bioinformatics.nl/pathways/PC604_r17.0.0_20260520160610,"superpathway of L-lysine, L-threonine and L-methionine biosynthesis II",39
http://rdf-plantmetwiki.bioinformatics.nl/pathways/PC721_r17.0.0_20260520160610,superpathway of phylloquinol biosynthesis,39
http://rdf-plantmetwiki.bioinformatics.nl/pathways/PC203_r17.0.0_20260520160610,sphingolipid biosynthesis (plants),38
http://rdf-plantmetwiki.bioinformatics.nl/pathways/PC301_r17.0.0_20260520160610,superpathway of linamarin and lotaustralin biosynthesis,38
http://rdf-plantmetwiki.bioinformatics.nl/pathways/PC1082_r17.0.0_20260520160610,flavonoid di-C-glucosylation,38
http://rdf-plantmetwiki.bioinformatics.nl/pathways/PC118_r17.0.0_20260520160610,"2,4,6-trinitrotoluene degradation",38
http://rdf-plantmetwiki.bioinformatics.nl/pathways/PC379_r17.0.0_20260520160610,superpathway of rosmarinic acid biosynthesis,38
http://rdf-plantmetwiki.bioinformatics.nl/pathways/PC146_r17.0.0_20260520160610,superpathway of indole-3-acetate conjugate biosynthesis,38
http://rdf-plantmetwiki.bioinformatics.nl/pathways/PC779_r17.0.0_20260520160610,superpathway of benzoxazinoid glucosides biosynthesis,38
http://rdf-plantmetwiki.bioinformatics.nl/pathways/PC883_r17.0.0_20260520160610,reductive TCA cycle I,38
http://rdf-plantmetwiki.bioinformatics.nl/pathways/PC1048_r17.0.0_20260520160610,glucosinolate biosynthesis from homomethionine,37
http://rdf-plantmetwiki.bioinformatics.nl/pathways/PC355_r17.0.0_20260520160610,superpathway of pterocarpan biosynthesis (via daidzein),36
http://rdf-plantmetwiki.bioinformatics.nl/pathways/PC585_r17.0.0_20260520160610,superpathway of L-citrulline metabolism,36
http://rdf-plantmetwiki.bioinformatics.nl/pathways/PC925_r17.0.0_20260520160610,coumarins biosynthesis (engineered),36
http://rdf-plantmetwiki.bioinformatics.nl/pathways/PC194_r17.0.0_20260520160610,superpathway of glyoxylate cycle and fatty acid degradation,36
http://rdf-plantmetwiki.bioinformatics.nl/pathways/PC1028_r17.0.0_20260520160610,crotonyl-CoA/ethylmalonyl-CoA/hydroxybutyryl-CoA cycle (engineered),36
http://rdf-plantmetwiki.bioinformatics.nl/pathways/PC769_r17.0.0_20260520160610,menthol biosynthesis,36
http://rdf-plantmetwiki.bioinformatics.nl/pathways/PC733_r17.0.0_20260520160610,superpathway of pyrimidine deoxyribonucleotides de novo biosynthesis (E. coli),36
http://rdf-plantmetwiki.bioinformatics.nl/pathways/PC212_r17.0.0_20260520160610,gluconeogenesis I,35
http://rdf-plantmetwiki.bioinformatics.nl/pathways/PC1002_r17.0.0_20260520160610,"C4 photosynthetic carbon assimilation cycle, PEPCK type",35
http://rdf-plantmetwiki.bioinformatics.nl/pathways/PC164_r17.0.0_20260520160610,flavonoid biosynthesis (in equisetum),35
http://rdf-plantmetwiki.bioinformatics.nl/pathways/PC645_r17.0.0_20260520160610,superpathway of L-isoleucine biosynthesis I,34
http://rdf-plantmetwiki.bioinformatics.nl/pathways/PC148_r17.0.0_20260520160610,superpathway of nicotine biosynthesis,34
http://rdf-plantmetwiki.bioinformatics.nl/pathways/PC1022_r17.0.0_20260520160610,simplecoumarins biosynthesis,33
http://rdf-plantmetwiki.bioinformatics.nl/pathways/PC68_r17.0.0_20260520160610,glycyrrhetinate biosynthesis,33
http://rdf-plantmetwiki.bioinformatics.nl/pathways/PC33_r17.0.0_20260520160610,superpathway of choline biosynthesis,33
http://rdf-plantmetwiki.bioinformatics.nl/pathways/PC248_r17.0.0_20260520160610,linear furanocoumarin biosynthesis,33
http://rdf-plantmetwiki.bioinformatics.nl/pathways/PC176_r17.0.0_20260520160610,noscapine biosynthesis,33
http://rdf-plantmetwiki.bioinformatics.nl/pathways/PC620_r17.0.0_20260520160610,tropane alkaloids biosynthesis,33
http://rdf-plantmetwiki.bioinformatics.nl/pathways/PC67_r17.0.0_20260520160610,L-arginine biosynthesis II (acetyl cycle),32
http://rdf-plantmetwiki.bioinformatics.nl/pathways/PC615_r17.0.0_20260520160610,camalexin biosynthesis,32
http://rdf-plantmetwiki.bioinformatics.nl/pathways/PC924_r17.0.0_20260520160610,indole-3-acetate biosynthesis II,32
http://rdf-plantmetwiki.bioinformatics.nl/pathways/PC335_r17.0.0_20260520160610,NAD salvage (plants),32
http://rdf-plantmetwiki.bioinformatics.nl/pathways/PC1101_r17.0.0_20260520160610,pyrimidine ribonucleotides interconversion,32
http://rdf-plantmetwiki.bioinformatics.nl/pathways/PC358_r17.0.0_20260520160610,Calvin-Benson-Bassham cycle,32
http://rdf-plantmetwiki.bioinformatics.nl/pathways/PC816_r17.0.0_20260520160610,isoflavonoid biosynthesis II,32
http://rdf-plantmetwiki.bioinformatics.nl/pathways/PC308_r17.0.0_20260520160610,glycolysis I (from glucose 6-phosphate),32
http://rdf-plantmetwiki.bioinformatics.nl/pathways/PC351_r17.0.0_20260520160610,"phytocassanes biosynthesis, shared reactions",31
http://rdf-plantmetwiki.bioinformatics.nl/pathways/PC634_r17.0.0_20260520160610,taxadiene biosynthesis (engineered),31
http://rdf-plantmetwiki.bioinformatics.nl/pathways/PC523_r17.0.0_20260520160610,superpathway of scopolin and esculin biosynthesis,31
http://rdf-plantmetwiki.bioinformatics.nl/pathways/PC75_r17.0.0_20260520160610,ergosterol biosynthesis II,31
http://rdf-plantmetwiki.bioinformatics.nl/pathways/PC913_r17.0.0_20260520160610,glucosinolate biosynthesis from phenylalanine,31
http://rdf-plantmetwiki.bioinformatics.nl/pathways/PC1014_r17.0.0_20260520160610,folate transformations II (plants),31
http://rdf-plantmetwiki.bioinformatics.nl/pathways/PC947_r17.0.0_20260520160610,digitoxigenin biosynthesis,31
http://rdf-plantmetwiki.bioinformatics.nl/pathways/PC241_r17.0.0_20260520160610,superpathway of avenacin A biosynthesis,30
http://rdf-plantmetwiki.bioinformatics.nl/pathways/PC292_r17.0.0_20260520160610,ephedrine biosynthesis,30
http://rdf-plantmetwiki.bioinformatics.nl/pathways/PC847_r17.0.0_20260520160610,cannabinoid biosynthesis,30
http://rdf-plantmetwiki.bioinformatics.nl/pathways/PC729_r17.0.0_20260520160610,curcuminoid biosynthesis,30
http://rdf-plantmetwiki.bioinformatics.nl/pathways/PC467_r17.0.0_20260520160610,superpathway of lipid-dependent phytate biosynthesis,30
http://rdf-plantmetwiki.bioinformatics.nl/pathways/PC675_r17.0.0_20260520160610,quercetin glycoside biosynthesis (Arabidopsis),30
http://rdf-plantmetwiki.bioinformatics.nl/pathways/PC345_r17.0.0_20260520160610,TCA cycle variation V (plant),30
http://rdf-plantmetwiki.bioinformatics.nl/pathways/PC654_r17.0.0_20260520160610,superpathway of hydrolyzable tannin biosynthesis,30
http://rdf-plantmetwiki.bioinformatics.nl/pathways/PC413_r17.0.0_20260520160610,lysine degradation II,30
http://rdf-plantmetwiki.bioinformatics.nl/pathways/PC90_r17.0.0_20260520160610,"C4 photosynthetic carbon assimilation cycle, NAD-ME type",30
http://rdf-plantmetwiki.bioinformatics.nl/pathways/PC44_r17.0.0_20260520160610,phenylpropanoids methylation (ice plant),30
http://rdf-plantmetwiki.bioinformatics.nl/pathways/PC53_r17.0.0_20260520160610,glucosinolate biosynthesis from trihomomethionine,30
http://rdf-plantmetwiki.bioinformatics.nl/pathways/PC451_r17.0.0_20260520160610,"astaxanthin biosynthesis (bacteria, fungi, algae)",30
http://rdf-plantmetwiki.bioinformatics.nl/pathways/PC190_r17.0.0_20260520160610,glycolysis II (from fructose 6-phosphate),29
http://rdf-plantmetwiki.bioinformatics.nl/pathways/PC869_r17.0.0_20260520160610,solasodine and soladulcidine biosynthesis,29
http://rdf-plantmetwiki.bioinformatics.nl/pathways/PC705_r17.0.0_20260520160610,superpathway of fermentation (Chlamydomonas reinhardtii),29
http://rdf-plantmetwiki.bioinformatics.nl/pathways/PC916_r17.0.0_20260520160610,superpathway of tetrahydroxyxanthone biosynthesis,29
http://rdf-plantmetwiki.bioinformatics.nl/pathways/PC743_r17.0.0_20260520160610,superpathway of geranylgeranyl pyrophosphate biosynthesis II (via MEP),29
http://rdf-plantmetwiki.bioinformatics.nl/pathways/PC739_r17.0.0_20260520160610,zymosterol biosynthesis,29
http://rdf-plantmetwiki.bioinformatics.nl/pathways/PC625_r17.0.0_20260520160610,superpathway of tetrahydrofolate biosynthesis,28
http://rdf-plantmetwiki.bioinformatics.nl/pathways/PC496_r17.0.0_20260520160610,botryococcenes and methylated squalene biosynthesis,28
http://rdf-plantmetwiki.bioinformatics.nl/pathways/PC132_r17.0.0_20260520160610,detoxification of reactive carbonyls in chloroplasts,28
http://rdf-plantmetwiki.bioinformatics.nl/pathways/PC1113_r17.0.0_20260520160610,superpathway of oleoresin turpentine biosynthesis,28
http://rdf-plantmetwiki.bioinformatics.nl/pathways/PC696_r17.0.0_20260520160610,indole-3-acetate inactivation VIII,28
http://rdf-plantmetwiki.bioinformatics.nl/pathways/PC227_r17.0.0_20260520160610,α-solanine/α-chaconine biosynthesis,28
http://rdf-plantmetwiki.bioinformatics.nl/pathways/PC1104_r17.0.0_20260520160610,quercetin sulfate biosynthesis,28
http://rdf-plantmetwiki.bioinformatics.nl/pathways/PC31_r17.0.0_20260520160610,matairesinol biosynthesis,28
http://rdf-plantmetwiki.bioinformatics.nl/pathways/PC762_r17.0.0_20260520160610,rosmarinic acid biosynthesis I,28
http://rdf-plantmetwiki.bioinformatics.nl/pathways/PC997_r17.0.0_20260520160610,L-arginine biosynthesis I (via L-ornithine),28
http://rdf-plantmetwiki.bioinformatics.nl/pathways/PC891_r17.0.0_20260520160610,superpathway of sucrose and starch metabolism I (non-photosynthetic tissue),28
http://rdf-plantmetwiki.bioinformatics.nl/pathways/PC154_r17.0.0_20260520160610,phytate degradation I,28
http://rdf-plantmetwiki.bioinformatics.nl/pathways/PC778_r17.0.0_20260520160610,indole glucosinolate activation (intact plant cell),28
http://rdf-plantmetwiki.bioinformatics.nl/pathways/PC824_r17.0.0_20260520160610,purine nucleotides degradation I (plants),27
http://rdf-plantmetwiki.bioinformatics.nl/pathways/PC277_r17.0.0_20260520160610,superpathway of pyrimidine ribonucleotides de novo biosynthesis,27
http://rdf-plantmetwiki.bioinformatics.nl/pathways/PC777_r17.0.0_20260520160610,kaempferol glycoside biosynthesis (Arabidopsis),27
http://rdf-plantmetwiki.bioinformatics.nl/pathways/PC562_r17.0.0_20260520160610,superpathway of isoleucine and valine biosynthesis,27
http://rdf-plantmetwiki.bioinformatics.nl/pathways/PC130_r17.0.0_20260520160610,L-methionine salvage cycle I (bacteria and plants),27
http://rdf-plantmetwiki.bioinformatics.nl/pathways/PC99_r17.0.0_20260520160610,flavonol biosynthesis,27
http://rdf-plantmetwiki.bioinformatics.nl/pathways/PC749_r17.0.0_20260520160610,photorespiration I,27
http://rdf-plantmetwiki.bioinformatics.nl/pathways/PC233_r17.0.0_20260520160610,glucosinolate biosynthesis from tetrahomomethionine,27
http://rdf-plantmetwiki.bioinformatics.nl/pathways/PC760_r17.0.0_20260520160610,Inorganic Nitrogen Assimilation,27
http://rdf-plantmetwiki.bioinformatics.nl/pathways/PC187_r17.0.0_20260520160610,superpathway of anthocyanin biosynthesis (from pelargonidin 3-O-glucoside),27
http://rdf-plantmetwiki.bioinformatics.nl/pathways/PC163_r17.0.0_20260520160610,glycolysis IV,27
http://rdf-plantmetwiki.bioinformatics.nl/pathways/PC414_r17.0.0_20260520160610,glucosinolate biosynthesis from pentahomomethionine,27
http://rdf-plantmetwiki.bioinformatics.nl/pathways/PC602_r17.0.0_20260520160610,costunolide biosynthesis,27
http://rdf-plantmetwiki.bioinformatics.nl/pathways/PC672_r17.0.0_20260520160610,phenylpropanoid volatiles glycoconjugation (tomato),27
http://rdf-plantmetwiki.bioinformatics.nl/pathways/PC623_r17.0.0_20260520160610,kauralexin biosynthesis,27
http://rdf-plantmetwiki.bioinformatics.nl/pathways/PC162_r17.0.0_20260520160610,trans-zeatin biosynthesis,27
http://rdf-plantmetwiki.bioinformatics.nl/pathways/PC166_r17.0.0_20260520160610,superpathway of pyrimidine ribonucleosides salvage,27
http://rdf-plantmetwiki.bioinformatics.nl/pathways/PC477_r17.0.0_20260520160610,salvigenin biosynthesis,27
http://rdf-plantmetwiki.bioinformatics.nl/pathways/PC1026_r17.0.0_20260520160610,eupatolitin 3-O-glucoside biosynthesis,27
http://rdf-plantmetwiki.bioinformatics.nl/pathways/PC7_r17.0.0_20260520160610,"3,8-divinyl-chlorophyllide a biosynthesis I (aerobic, light-dependent)",27
http://rdf-plantmetwiki.bioinformatics.nl/pathways/PC450_r17.0.0_20260520160610,glucosinolate biosynthesis from hexahomomethionine,27
http://rdf-plantmetwiki.bioinformatics.nl/pathways/PC120_r17.0.0_20260520160610,lysine degradation III,26
http://rdf-plantmetwiki.bioinformatics.nl/pathways/PC727_r17.0.0_20260520160610,justicidin B biosynthesis,26
http://rdf-plantmetwiki.bioinformatics.nl/pathways/PC245_r17.0.0_20260520160610,steviol glucoside biosynthesis (rebaudioside A biosynthesis),26
http://rdf-plantmetwiki.bioinformatics.nl/pathways/PC616_r17.0.0_20260520160610,diterpene phytoalexins precursors biosynthesis,26
http://rdf-plantmetwiki.bioinformatics.nl/pathways/PC766_r17.0.0_20260520160610,methylerythritol phosphate pathway II,26
http://rdf-plantmetwiki.bioinformatics.nl/pathways/PC817_r17.0.0_20260520160610,nicotine biosynthesis,26
http://rdf-plantmetwiki.bioinformatics.nl/pathways/PC825_r17.0.0_20260520160610,flavin biosynthesis I (bacteria and plants),26
http://rdf-plantmetwiki.bioinformatics.nl/pathways/PC844_r17.0.0_20260520160610,(S)-reticuline biosynthesis I,26
http://rdf-plantmetwiki.bioinformatics.nl/pathways/PC674_r17.0.0_20260520160610,indole glucosinolate activation (herbivore attack),26
http://rdf-plantmetwiki.bioinformatics.nl/pathways/PC225_r17.0.0_20260520160610,Rubisco shunt,26
http://rdf-plantmetwiki.bioinformatics.nl/pathways/PC652_r17.0.0_20260520160610,polymethylated quercetin glucoside biosynthesis I-quercetin series (Chrysosplenium),26
http://rdf-plantmetwiki.bioinformatics.nl/pathways/PC918_r17.0.0_20260520160610,isovitexin glycosides biosynthesis,25
http://rdf-plantmetwiki.bioinformatics.nl/pathways/PC207_r17.0.0_20260520160610,L-histidine biosynthesis,25
http://rdf-plantmetwiki.bioinformatics.nl/pathways/PC835_r17.0.0_20260520160610,superpathway of geranylgeranylpyrophosphate biosynthesis I (via mevalonate),25
http://rdf-plantmetwiki.bioinformatics.nl/pathways/PC268_r17.0.0_20260520160610,hypoglycin biosynthesis,25
http://rdf-plantmetwiki.bioinformatics.nl/pathways/PC289_r17.0.0_20260520160610,L-methionine salvage cycle II (plants),25
http://rdf-plantmetwiki.bioinformatics.nl/pathways/PC239_r17.0.0_20260520160610,superpathway of heme b biosynthesis from glutamate,25
http://rdf-plantmetwiki.bioinformatics.nl/pathways/PC430_r17.0.0_20260520160610,ornithine-citrulline shuttle,25
http://rdf-plantmetwiki.bioinformatics.nl/pathways/PC119_r17.0.0_20260520160610,hispidol and hispidol 4'-O-β-D-glucoside biosynthesis,25
http://rdf-plantmetwiki.bioinformatics.nl/pathways/PC61_r17.0.0_20260520160610,isoprene biosynthesis I,25
http://rdf-plantmetwiki.bioinformatics.nl/pathways/PC557_r17.0.0_20260520160610,NAD de novo biosynthesis II (from tryptophan),25
http://rdf-plantmetwiki.bioinformatics.nl/pathways/PC234_r17.0.0_20260520160610,saponin biosynthesis IV,25
http://rdf-plantmetwiki.bioinformatics.nl/pathways/PC814_r17.0.0_20260520160610,artemisinin and arteannuin B biosynthesis,25
http://rdf-plantmetwiki.bioinformatics.nl/pathways/PC1086_r17.0.0_20260520160610,"benzoate biosynthesis I (CoA-dependent, β-oxidative)",25
http://rdf-plantmetwiki.bioinformatics.nl/pathways/PC500_r17.0.0_20260520160610,carotenoid cleavage,25
http://rdf-plantmetwiki.bioinformatics.nl/pathways/PC1011_r17.0.0_20260520160610,poly-hydroxy fatty acids biosynthesis,25
http://rdf-plantmetwiki.bioinformatics.nl/pathways/PC1124_r17.0.0_20260520160610,gibberellin biosynthesis III (early C-13 hydroxylation),25
http://rdf-plantmetwiki.bioinformatics.nl/pathways/PC16_r17.0.0_20260520160610,papaverine biosynthesis,24
http://rdf-plantmetwiki.bioinformatics.nl/pathways/PC483_r17.0.0_20260520160610,"gibberellin biosynthesis I (non C-3, non C-13 hydroxylation)",24
http://rdf-plantmetwiki.bioinformatics.nl/pathways/PC1025_r17.0.0_20260520160610,chelerythrine biosynthesis,24
http://rdf-plantmetwiki.bioinformatics.nl/pathways/PC908_r17.0.0_20260520160610,ubiquinol-10 biosynthesis (late decarboxylation),24
http://rdf-plantmetwiki.bioinformatics.nl/pathways/PC275_r17.0.0_20260520160610,superpathway of pantothenate and coenzymeA biosynthesis,24
http://rdf-plantmetwiki.bioinformatics.nl/pathways/PC250_r17.0.0_20260520160610,nitrogen remobilization from senescing leaves,24
http://rdf-plantmetwiki.bioinformatics.nl/pathways/PC441_r17.0.0_20260520160610,curcumin glucoside biosynthesis,24
http://rdf-plantmetwiki.bioinformatics.nl/pathways/PC1060_r17.0.0_20260520160610,superpathway of anthocyanin biosynthesis (from delphinidin 3-O-glucoside),24
http://rdf-plantmetwiki.bioinformatics.nl/pathways/PC272_r17.0.0_20260520160610,superpathway of thiamine pyrophosphate biosynthesis III (eukaryotes),24
http://rdf-plantmetwiki.bioinformatics.nl/pathways/PC764_r17.0.0_20260520160610,superpathway of jasmonoyl-amino acid conjugates biosynthesis,24
http://rdf-plantmetwiki.bioinformatics.nl/pathways/PC977_r17.0.0_20260520160610,TCA cycle II (plants and fungi),24
http://rdf-plantmetwiki.bioinformatics.nl/pathways/PC949_r17.0.0_20260520160610,pyridoxal 5'-phosphate salvage II (plants),24
http://rdf-plantmetwiki.bioinformatics.nl/pathways/PC495_r17.0.0_20260520160610,superpathway of 1D-myo-inositol hexakisphosphate biosynthesis (plants),24
http://rdf-plantmetwiki.bioinformatics.nl/pathways/PC1042_r17.0.0_20260520160610,anthocyanidin acylglucoside and acylsambubioside biosynthesis,23
http://rdf-plantmetwiki.bioinformatics.nl/pathways/PC639_r17.0.0_20260520160610,alliin metabolism,23
http://rdf-plantmetwiki.bioinformatics.nl/pathways/PC184_r17.0.0_20260520160610,traumatin and (Z)-3-hexen-1-yl acetate biosynthesis,23
http://rdf-plantmetwiki.bioinformatics.nl/pathways/PC123_r17.0.0_20260520160610,L-valine degradation I,23
http://rdf-plantmetwiki.bioinformatics.nl/pathways/PC478_r17.0.0_20260520160610,γ-coniciene and coniine biosynthesis,23
http://rdf-plantmetwiki.bioinformatics.nl/pathways/PC111_r17.0.0_20260520160610,aurone biosynthesis,23
http://rdf-plantmetwiki.bioinformatics.nl/pathways/PC1139_r17.0.0_20260520160610,polymethylated quercetin biosynthesis,23
http://rdf-plantmetwiki.bioinformatics.nl/pathways/PC312_r17.0.0_20260520160610,sorgoleone biosynthesis,23
http://rdf-plantmetwiki.bioinformatics.nl/pathways/PC573_r17.0.0_20260520160610,superpathway of gibberellin GA₁₂ biosynthesis,23
http://rdf-plantmetwiki.bioinformatics.nl/pathways/PC967_r17.0.0_20260520160610,glutathione-mediated detoxification II,23
http://rdf-plantmetwiki.bioinformatics.nl/pathways/PC265_r17.0.0_20260520160610,luteolin biosynthesis,23
http://rdf-plantmetwiki.bioinformatics.nl/pathways/PC199_r17.0.0_20260520160610,arabidopyrone biosynthesis,23
http://rdf-plantmetwiki.bioinformatics.nl/pathways/PC744_r17.0.0_20260520160610,trichloroethene degradation,23
http://rdf-plantmetwiki.bioinformatics.nl/pathways/PC524_r17.0.0_20260520160610,sucrose biosynthesis I (from photosynthesis),23
http://rdf-plantmetwiki.bioinformatics.nl/pathways/PC628_r17.0.0_20260520160610,methylerythritol phosphate pathway I,23
http://rdf-plantmetwiki.bioinformatics.nl/pathways/PC692_r17.0.0_20260520160610,proanthocyanidins biosynthesis from flavanols,23
http://rdf-plantmetwiki.bioinformatics.nl/pathways/PC660_r17.0.0_20260520160610,prunasin and amygdalin biosynthesis,22
http://rdf-plantmetwiki.bioinformatics.nl/pathways/PC538_r17.0.0_20260520160610,anthocyanidin modification (Arabidopsis),22
http://rdf-plantmetwiki.bioinformatics.nl/pathways/PC474_r17.0.0_20260520160610,sesquiterpenoid phytoalexins biosynthesis,22
http://rdf-plantmetwiki.bioinformatics.nl/pathways/PC255_r17.0.0_20260520160610,ubiquinol-9 biosynthesis (late decarboxylation),22
http://rdf-plantmetwiki.bioinformatics.nl/pathways/PC998_r17.0.0_20260520160610,soybean saponin I biosynthesis,22
http://rdf-plantmetwiki.bioinformatics.nl/pathways/PC833_r17.0.0_20260520160610,pyrimidine deoxyribonucleotides de novo biosynthesis I,22
http://rdf-plantmetwiki.bioinformatics.nl/pathways/PC1032_r17.0.0_20260520160610,saponin biosynthesis II,21
http://rdf-plantmetwiki.bioinformatics.nl/pathways/PC423_r17.0.0_20260520160610,salicortin biosynthesis,21
http://rdf-plantmetwiki.bioinformatics.nl/pathways/PC297_r17.0.0_20260520160610,4-hydroxyindole-3-carbonyl nitrile biosynthesis,21
http://rdf-plantmetwiki.bioinformatics.nl/pathways/PC1035_r17.0.0_20260520160610,L-lysine biosynthesis VI,21
http://rdf-plantmetwiki.bioinformatics.nl/pathways/PC697_r17.0.0_20260520160610,esculetin modification,21
http://rdf-plantmetwiki.bioinformatics.nl/pathways/PC961_r17.0.0_20260520160610,spermidine hydroxycinnamic acid conjugates biosynthesis,21
http://rdf-plantmetwiki.bioinformatics.nl/pathways/PC795_r17.0.0_20260520160610,chlorogenic acid biosynthesis I,21
http://rdf-plantmetwiki.bioinformatics.nl/pathways/PC85_r17.0.0_20260520160610,cytokinins 7-N-glucoside biosynthesis,21
http://rdf-plantmetwiki.bioinformatics.nl/pathways/PC259_r17.0.0_20260520160610,astaxanthin biosynthesis (flowering plants),21
http://rdf-plantmetwiki.bioinformatics.nl/pathways/PC40_r17.0.0_20260520160610,emetine biosynthesis,21
http://rdf-plantmetwiki.bioinformatics.nl/pathways/PC595_r17.0.0_20260520160610,UTP and CTP dephosphorylation I,21
http://rdf-plantmetwiki.bioinformatics.nl/pathways/PC362_r17.0.0_20260520160610,superpathway of pyrimidine deoxyribonucleoside salvage,21
http://rdf-plantmetwiki.bioinformatics.nl/pathways/PC224_r17.0.0_20260520160610,"lipid-dependent phytate biosynthesis II (via Ins(1,3,4)P₃)",21
http://rdf-plantmetwiki.bioinformatics.nl/pathways/PC907_r17.0.0_20260520160610,L-citrulline biosynthesis,21
http://rdf-plantmetwiki.bioinformatics.nl/pathways/PC542_r17.0.0_20260520160610,isoprene biosynthesis II (engineered),21
http://rdf-plantmetwiki.bioinformatics.nl/pathways/PC189_r17.0.0_20260520160610,NAD de novo biosynthesis I,21
http://rdf-plantmetwiki.bioinformatics.nl/pathways/PC436_r17.0.0_20260520160610,jasmonoyl-amino acid conjugates biosynthesis I,20
http://rdf-plantmetwiki.bioinformatics.nl/pathways/PC1132_r17.0.0_20260520160610,hyperforin and adhyperforin biosynthesis,20
http://rdf-plantmetwiki.bioinformatics.nl/pathways/PC812_r17.0.0_20260520160610,monoterpene biosynthesis,20
http://rdf-plantmetwiki.bioinformatics.nl/pathways/PC901_r17.0.0_20260520160610,robustaquinone biosynthesis,20
http://rdf-plantmetwiki.bioinformatics.nl/pathways/PC1110_r17.0.0_20260520160610,5-aminoimidazole ribonucleotide biosynthesis I,20
http://rdf-plantmetwiki.bioinformatics.nl/pathways/PC206_r17.0.0_20260520160610,"arachidonate biosynthesis I (6-desaturase, lower eukaryotes)",20
http://rdf-plantmetwiki.bioinformatics.nl/pathways/PC276_r17.0.0_20260520160610,furaneol and mesifurane biosynthesis,20
http://rdf-plantmetwiki.bioinformatics.nl/pathways/PC401_r17.0.0_20260520160610,icosapentaenoate biosynthesis I (lower eukaryotes),20
http://rdf-plantmetwiki.bioinformatics.nl/pathways/PC912_r17.0.0_20260520160610,gibberellin A₁₂ biosynthesis,20
http://rdf-plantmetwiki.bioinformatics.nl/pathways/PC469_r17.0.0_20260520160610,zealexin biosynthesis,20
http://rdf-plantmetwiki.bioinformatics.nl/pathways/PC104_r17.0.0_20260520160610,superpathway of anthocyanin biosynthesis (from cyanidin and cyanidin 3-O-glucoside),20
http://rdf-plantmetwiki.bioinformatics.nl/pathways/PC39_r17.0.0_20260520160610,starch degradation II,20
http://rdf-plantmetwiki.bioinformatics.nl/pathways/PC807_r17.0.0_20260520160610,chlorophyll cycle,20
http://rdf-plantmetwiki.bioinformatics.nl/pathways/PC385_r17.0.0_20260520160610,(-)-maackiain biosynthesis,19
http://rdf-plantmetwiki.bioinformatics.nl/pathways/PC261_r17.0.0_20260520160610,pentose phosphate pathway,19
http://rdf-plantmetwiki.bioinformatics.nl/pathways/PC677_r17.0.0_20260520160610,avenacin A-1 biosynthesis,19
http://rdf-plantmetwiki.bioinformatics.nl/pathways/PC549_r17.0.0_20260520160610,adenosine nucleotides degradation I,19
http://rdf-plantmetwiki.bioinformatics.nl/pathways/PC435_r17.0.0_20260520160610,linamarin biosynthesis,19
http://rdf-plantmetwiki.bioinformatics.nl/pathways/PC218_r17.0.0_20260520160610,taxiphyllin biosynthesis,19
http://rdf-plantmetwiki.bioinformatics.nl/pathways/PC1120_r17.0.0_20260520160610,"C4 photosynthetic carbon assimilation cycle, NADP-ME type",19
http://rdf-plantmetwiki.bioinformatics.nl/pathways/PC934_r17.0.0_20260520160610,superpathway of photosynthetic hydrogen production,19
http://rdf-plantmetwiki.bioinformatics.nl/pathways/PC1059_r17.0.0_20260520160610,mevalonate pathway I (eukaryotes and bacteria),19
http://rdf-plantmetwiki.bioinformatics.nl/pathways/PC978_r17.0.0_20260520160610,superpathway of polyamine biosynthesis II,19
http://rdf-plantmetwiki.bioinformatics.nl/pathways/PC695_r17.0.0_20260520160610,stearate biosynthesis II (bacteria and plants),19
http://rdf-plantmetwiki.bioinformatics.nl/pathways/PC520_r17.0.0_20260520160610,hyperxanthone E biosynthesis,19
http://rdf-plantmetwiki.bioinformatics.nl/pathways/PC933_r17.0.0_20260520160610,molybdopterin biosynthesis,19
http://rdf-plantmetwiki.bioinformatics.nl/pathways/PC819_r17.0.0_20260520160610,dhurrin biosynthesis,19
http://rdf-plantmetwiki.bioinformatics.nl/pathways/PC629_r17.0.0_20260520160610,capsaicin biosynthesis,19
http://rdf-plantmetwiki.bioinformatics.nl/pathways/PC1128_r17.0.0_20260520160610,petroselinate biosynthesis,19
http://rdf-plantmetwiki.bioinformatics.nl/pathways/PC559_r17.0.0_20260520160610,lotaustralin biosynthesis,19
http://rdf-plantmetwiki.bioinformatics.nl/pathways/PC536_r17.0.0_20260520160610,superpathway of glandular trichomes produced diterpenoids (tobacco),19
http://rdf-plantmetwiki.bioinformatics.nl/pathways/PC482_r17.0.0_20260520160610,1D-myo-inositol hexakisphosphate biosynthesis III (Spirodela polyrrhiza),19
http://rdf-plantmetwiki.bioinformatics.nl/pathways/PC849_r17.0.0_20260520160610,cocaine biosynthesis,19
http://rdf-plantmetwiki.bioinformatics.nl/pathways/PC463_r17.0.0_20260520160610,vitamin E biosynthesis (tocopherols),18
http://rdf-plantmetwiki.bioinformatics.nl/pathways/PC884_r17.0.0_20260520160610,γ-glutamyl cycle (plant pathway),18
http://rdf-plantmetwiki.bioinformatics.nl/pathways/PC364_r17.0.0_20260520160610,cytokinins 9-N-glucoside biosynthesis,18
http://rdf-plantmetwiki.bioinformatics.nl/pathways/PC979_r17.0.0_20260520160610,brassinosteroids inactivation,18
http://rdf-plantmetwiki.bioinformatics.nl/pathways/PC472_r17.0.0_20260520160610,L-Nδ-acetylornithine biosynthesis,18
http://rdf-plantmetwiki.bioinformatics.nl/pathways/PC952_r17.0.0_20260520160610,UMP biosynthesis I,18
http://rdf-plantmetwiki.bioinformatics.nl/pathways/PC663_r17.0.0_20260520160610,betacyanin biosynthesis,18
http://rdf-plantmetwiki.bioinformatics.nl/pathways/PC899_r17.0.0_20260520160610,superpathway of allantoin degradation in plants,18
http://rdf-plantmetwiki.bioinformatics.nl/pathways/PC27_r17.0.0_20260520160610,heliocides biosynthesis,18
http://rdf-plantmetwiki.bioinformatics.nl/pathways/PC802_r17.0.0_20260520160610,propanethial S-oxide biosynthesis,18
http://rdf-plantmetwiki.bioinformatics.nl/pathways/PC939_r17.0.0_20260520160610,jasmonoyl-L-isoleucine inactivation,18
http://rdf-plantmetwiki.bioinformatics.nl/pathways/PC51_r17.0.0_20260520160610,momilactone A biosynthesis,18
http://rdf-plantmetwiki.bioinformatics.nl/pathways/PC1147_r17.0.0_20260520160610,superpathway of L-threonine biosynthesis,18
http://rdf-plantmetwiki.bioinformatics.nl/pathways/PC511_r17.0.0_20260520160610,cyanidin diglucoside biosynthesis (acyl-glucose dependent),18
http://rdf-plantmetwiki.bioinformatics.nl/pathways/PC746_r17.0.0_20260520160610,chlorophyll a biosynthesis II,18
http://rdf-plantmetwiki.bioinformatics.nl/pathways/PC110_r17.0.0_20260520160610,abietic acid biosynthesis,18
http://rdf-plantmetwiki.bioinformatics.nl/pathways/PC1049_r17.0.0_20260520160610,docosahexaenoate biosynthesis I (lower eukaryotes),18
http://rdf-plantmetwiki.bioinformatics.nl/pathways/PC1151_r17.0.0_20260520160610,pyridoxal 5'-phosphate salvage I,18
http://rdf-plantmetwiki.bioinformatics.nl/pathways/PC195_r17.0.0_20260520160610,γ-glutamyl cycle,18
http://rdf-plantmetwiki.bioinformatics.nl/pathways/PC592_r17.0.0_20260520160610,indole-3-acetate inactivation VIII,18
http://rdf-plantmetwiki.bioinformatics.nl/pathways/PC266_r17.0.0_20260520160610,L-lysine degradation I,17
http://rdf-plantmetwiki.bioinformatics.nl/pathways/PC356_r17.0.0_20260520160610,quercetin glucoside biosynthesis (Allium),17
http://rdf-plantmetwiki.bioinformatics.nl/pathways/PC649_r17.0.0_20260520160610,phenylethanol biosynthesis,17
http://rdf-plantmetwiki.bioinformatics.nl/pathways/PC633_r17.0.0_20260520160610,sucrose biosynthesis II,17
http://rdf-plantmetwiki.bioinformatics.nl/pathways/PC755_r17.0.0_20260520160610,6-gingerol analog biosynthesis (engineered),17
http://rdf-plantmetwiki.bioinformatics.nl/pathways/PC147_r17.0.0_20260520160610,syringetin biosynthesis,17
http://rdf-plantmetwiki.bioinformatics.nl/pathways/PC296_r17.0.0_20260520160610,abscisic acid biosynthesis shunt,17
http://rdf-plantmetwiki.bioinformatics.nl/pathways/PC378_r17.0.0_20260520160610,dehydroabietic acid biosynthesis,17
http://rdf-plantmetwiki.bioinformatics.nl/pathways/PC131_r17.0.0_20260520160610,colchicine biosynthesis,17
http://rdf-plantmetwiki.bioinformatics.nl/pathways/PC369_r17.0.0_20260520160610,nevadensin biosynthesis,17
http://rdf-plantmetwiki.bioinformatics.nl/pathways/PC341_r17.0.0_20260520160610,pyrimidine deoxyribonucleotides de novo biosynthesis II,17
http://rdf-plantmetwiki.bioinformatics.nl/pathways/PC415_r17.0.0_20260520160610,gossypol biosynthesis,17
http://rdf-plantmetwiki.bioinformatics.nl/pathways/PC171_r17.0.0_20260520160610,leucodelphinidin biosynthesis,17
http://rdf-plantmetwiki.bioinformatics.nl/pathways/PC619_r17.0.0_20260520160610,chorismate biosynthesis I,17
http://rdf-plantmetwiki.bioinformatics.nl/pathways/PC447_r17.0.0_20260520160610,coumestrol biosynthesis,17
http://rdf-plantmetwiki.bioinformatics.nl/pathways/PC808_r17.0.0_20260520160610,fatty acid elongation--saturated,17
http://rdf-plantmetwiki.bioinformatics.nl/pathways/PC32_r17.0.0_20260520160610,gibberellin biosynthesis II (early C-3 hydroxylation),17
http://rdf-plantmetwiki.bioinformatics.nl/pathways/PC337_r17.0.0_20260520160610,flavonol acylglucoside biosynthesis I-kaempferol derivatives,17
http://rdf-plantmetwiki.bioinformatics.nl/pathways/PC228_r17.0.0_20260520160610,DIBOA-glucoside biosynthesis,17
http://rdf-plantmetwiki.bioinformatics.nl/pathways/PC713_r17.0.0_20260520160610,acylated cyanidin galactoside biosynthesis,17
http://rdf-plantmetwiki.bioinformatics.nl/pathways/PC687_r17.0.0_20260520160610,heme degradation I,17
http://rdf-plantmetwiki.bioinformatics.nl/pathways/PC1107_r17.0.0_20260520160610,hydroxycinnamic acid serotonin amides biosynthesis,17
http://rdf-plantmetwiki.bioinformatics.nl/pathways/PC598_r17.0.0_20260520160610,L-leucine biosynthesis,16
http://rdf-plantmetwiki.bioinformatics.nl/pathways/PC70_r17.0.0_20260520160610,vitamin E biosynthesis (tocotrienols),16
http://rdf-plantmetwiki.bioinformatics.nl/pathways/PC890_r17.0.0_20260520160610,juniperonate biosynthesis,16
http://rdf-plantmetwiki.bioinformatics.nl/pathways/PC839_r17.0.0_20260520160610,stigma estolide biosynthesis,16
http://rdf-plantmetwiki.bioinformatics.nl/pathways/PC288_r17.0.0_20260520160610,selenate reduction,16
http://rdf-plantmetwiki.bioinformatics.nl/pathways/PC488_r17.0.0_20260520160610,juvenile hormone III biosynthesis I,16
http://rdf-plantmetwiki.bioinformatics.nl/pathways/PC347_r17.0.0_20260520160610,starch biosynthesis,16
http://rdf-plantmetwiki.bioinformatics.nl/pathways/PC453_r17.0.0_20260520160610,glucosinolate activation,16
http://rdf-plantmetwiki.bioinformatics.nl/pathways/PC964_r17.0.0_20260520160610,tetrahydroxyxanthone biosynthesis (from 3-hydroxybenzoate),16
http://rdf-plantmetwiki.bioinformatics.nl/pathways/PC550_r17.0.0_20260520160610,L-isoleucine degradation I,16
http://rdf-plantmetwiki.bioinformatics.nl/pathways/PC704_r17.0.0_20260520160610,oleoresin monoterpene volatiles biosynthesis,16
http://rdf-plantmetwiki.bioinformatics.nl/pathways/PC97_r17.0.0_20260520160610,methyl ketone biosynthesis (engineered),16
http://rdf-plantmetwiki.bioinformatics.nl/pathways/PC201_r17.0.0_20260520160610,NAD(P)/NADPH interconversion,16
http://rdf-plantmetwiki.bioinformatics.nl/pathways/PC560_r17.0.0_20260520160610,pelargonidin conjugates biosynthesis,16
http://rdf-plantmetwiki.bioinformatics.nl/pathways/PC244_r17.0.0_20260520160610,ureide biosynthesis,16
http://rdf-plantmetwiki.bioinformatics.nl/pathways/PC535_r17.0.0_20260520160610,choline biosynthesis I,16
http://rdf-plantmetwiki.bioinformatics.nl/pathways/PC73_r17.0.0_20260520160610,adlupulone and adhumulone biosynthesis,16
http://rdf-plantmetwiki.bioinformatics.nl/pathways/PC622_r17.0.0_20260520160610,superpathway of acylsucrose biosynthesis (wild tomato),16
http://rdf-plantmetwiki.bioinformatics.nl/pathways/PC17_r17.0.0_20260520160610,chlorophyll a degradation I,16
http://rdf-plantmetwiki.bioinformatics.nl/pathways/PC9_r17.0.0_20260520160610,palmatine biosynthesis,16
http://rdf-plantmetwiki.bioinformatics.nl/pathways/PC895_r17.0.0_20260520160610,jasmonoyl-amino acid conjugates biosynthesis II,16
http://rdf-plantmetwiki.bioinformatics.nl/pathways/PC878_r17.0.0_20260520160610,alkane oxidation,16
http://rdf-plantmetwiki.bioinformatics.nl/pathways/PC1039_r17.0.0_20260520160610,phenylphenalenone biosynthesis,16
http://rdf-plantmetwiki.bioinformatics.nl/pathways/PC1070_r17.0.0_20260520160610,L-isoleucine biosynthesis I (from threonine),16
http://rdf-plantmetwiki.bioinformatics.nl/pathways/PC403_r17.0.0_20260520160610,(-)-glycinol biosynthesis,16
http://rdf-plantmetwiki.bioinformatics.nl/pathways/PC730_r17.0.0_20260520160610,sciadonate biosynthesis,16
http://rdf-plantmetwiki.bioinformatics.nl/pathways/PC1068_r17.0.0_20260520160610,L-leucine degradation I,16
http://rdf-plantmetwiki.bioinformatics.nl/pathways/PC96_r17.0.0_20260520160610,phytate degradation II,16
http://rdf-plantmetwiki.bioinformatics.nl/pathways/PC314_r17.0.0_20260520160610,β-alanine biosynthesis II,16
http://rdf-plantmetwiki.bioinformatics.nl/pathways/PC336_r17.0.0_20260520160610,lipid IVA biosynthesis (E. coli),16
http://rdf-plantmetwiki.bioinformatics.nl/pathways/PC1116_r17.0.0_20260520160610,pyrethrin I biosynthesis,16
http://rdf-plantmetwiki.bioinformatics.nl/pathways/PC828_r17.0.0_20260520160610,tricin biosynthesis,16
http://rdf-plantmetwiki.bioinformatics.nl/pathways/PC481_r17.0.0_20260520160610,cis-vaccenate biosynthesis,16
http://rdf-plantmetwiki.bioinformatics.nl/pathways/PC18_r17.0.0_20260520160610,lupulone and humulone biosynthesis,16
http://rdf-plantmetwiki.bioinformatics.nl/pathways/PC278_r17.0.0_20260520160610,colupulone and cohumulone biosynthesis,16
http://rdf-plantmetwiki.bioinformatics.nl/pathways/PC359_r17.0.0_20260520160610,"1D-myo-inositol hexakisphosphate biosynthesis V (from Ins(1,3,4)P3)",15
http://rdf-plantmetwiki.bioinformatics.nl/pathways/PC1000_r17.0.0_20260520160610,2-methylketone biosynthesis,15
http://rdf-plantmetwiki.bioinformatics.nl/pathways/PC1161_r17.0.0_20260520160610,"1D-myo-inositol hexakisphosphate biosynthesis I (from Ins(1,4,5)P3)",15
http://rdf-plantmetwiki.bioinformatics.nl/pathways/PC1100_r17.0.0_20260520160610,cytokinins degradation,15
http://rdf-plantmetwiki.bioinformatics.nl/pathways/PC555_r17.0.0_20260520160610,ppGpp metabolism,15
http://rdf-plantmetwiki.bioinformatics.nl/pathways/PC1136_r17.0.0_20260520160610,cuticular wax biosynthesis,15
http://rdf-plantmetwiki.bioinformatics.nl/pathways/PC454_r17.0.0_20260520160610,leucopelargonidin and leucocyanidin biosynthesis,15
http://rdf-plantmetwiki.bioinformatics.nl/pathways/PC603_r17.0.0_20260520160610,urea cycle,15
http://rdf-plantmetwiki.bioinformatics.nl/pathways/PC1050_r17.0.0_20260520160610,carnosate bioynthesis,15
http://rdf-plantmetwiki.bioinformatics.nl/pathways/PC989_r17.0.0_20260520160610,phospholipases,15
http://rdf-plantmetwiki.bioinformatics.nl/pathways/PC105_r17.0.0_20260520160610,sesaminol glucoside biosynthesis,15
http://rdf-plantmetwiki.bioinformatics.nl/pathways/PC738_r17.0.0_20260520160610,(+)-pisatin biosynthesis,15
http://rdf-plantmetwiki.bioinformatics.nl/pathways/PC801_r17.0.0_20260520160610,phosphatidylglycerol biosynthesis I,15
http://rdf-plantmetwiki.bioinformatics.nl/pathways/PC328_r17.0.0_20260520160610,diacylglycerol and triacylglycerol biosynthesis,15
http://rdf-plantmetwiki.bioinformatics.nl/pathways/PC1150_r17.0.0_20260520160610,salicin biosynthesis,15
http://rdf-plantmetwiki.bioinformatics.nl/pathways/PC445_r17.0.0_20260520160610,L-tryptophan biosynthesis,15
http://rdf-plantmetwiki.bioinformatics.nl/pathways/PC512_r17.0.0_20260520160610,"1,4-dihydroxy-2-naphthoate biosynthesis II (plants)",15
http://rdf-plantmetwiki.bioinformatics.nl/pathways/PC1118_r17.0.0_20260520160610,flavonoid biosynthesis,15
http://rdf-plantmetwiki.bioinformatics.nl/pathways/PC784_r17.0.0_20260520160610,crocetin esters biosynthesis,15
http://rdf-plantmetwiki.bioinformatics.nl/pathways/PC377_r17.0.0_20260520160610,phosphatidylglycerol biosynthesis II,15
http://rdf-plantmetwiki.bioinformatics.nl/pathways/PC144_r17.0.0_20260520160610,biotin biosynthesis from 8-amino-7-oxononanoate I,15
http://rdf-plantmetwiki.bioinformatics.nl/pathways/PC1058_r17.0.0_20260520160610,sesamin biosynthesis,15
http://rdf-plantmetwiki.bioinformatics.nl/pathways/PC946_r17.0.0_20260520160610,stachyose degradation,15
http://rdf-plantmetwiki.bioinformatics.nl/pathways/PC569_r17.0.0_20260520160610,aloin biosynthesis,15
http://rdf-plantmetwiki.bioinformatics.nl/pathways/PC804_r17.0.0_20260520160610,"D-myo-inositol (1,4,5)-trisphosphate biosynthesis",15
http://rdf-plantmetwiki.bioinformatics.nl/pathways/PC942_r17.0.0_20260520160610,tetrapyrrole biosynthesis I (from glutamate),15
http://rdf-plantmetwiki.bioinformatics.nl/pathways/PC1076_r17.0.0_20260520160610,oryzalexin D and E biosynthesis,15
http://rdf-plantmetwiki.bioinformatics.nl/pathways/PC299_r17.0.0_20260520160610,lycopadiene biosynthesis,15
http://rdf-plantmetwiki.bioinformatics.nl/pathways/PC735_r17.0.0_20260520160610,isopimaric acid biosynthesis,15
http://rdf-plantmetwiki.bioinformatics.nl/pathways/PC1064_r17.0.0_20260520160610,levopimaric acid biosynthesis,15
http://rdf-plantmetwiki.bioinformatics.nl/pathways/PC382_r17.0.0_20260520160610,"2-carboxy-1,4-naphthoquinol biosynthesis",15
http://rdf-plantmetwiki.bioinformatics.nl/pathways/PC15_r17.0.0_20260520160610,folate polyglutamylation,15
http://rdf-plantmetwiki.bioinformatics.nl/pathways/PC303_r17.0.0_20260520160610,olivetol biosynthesis,15
http://rdf-plantmetwiki.bioinformatics.nl/pathways/PC1005_r17.0.0_20260520160610,L-homomethionine biosynthesis,15
http://rdf-plantmetwiki.bioinformatics.nl/pathways/PC420_r17.0.0_20260520160610,flavonol acylglucoside biosynthesis III-quercetin derivatives,15
http://rdf-plantmetwiki.bioinformatics.nl/pathways/PC1063_r17.0.0_20260520160610,triacylsucrose biosynthesis (Solanum),14
http://rdf-plantmetwiki.bioinformatics.nl/pathways/PC584_r17.0.0_20260520160610,"phosphatidate metabolism, as a signaling molecule",14
http://rdf-plantmetwiki.bioinformatics.nl/pathways/PC372_r17.0.0_20260520160610,capsidiol biosynthesis,14
http://rdf-plantmetwiki.bioinformatics.nl/pathways/PC826_r17.0.0_20260520160610,palustric acid biosynthesis,14
http://rdf-plantmetwiki.bioinformatics.nl/pathways/PC57_r17.0.0_20260520160610,superpathway of methylsalicylate metabolism,14
http://rdf-plantmetwiki.bioinformatics.nl/pathways/PC1121_r17.0.0_20260520160610,xyloglucan biosynthesis,14
http://rdf-plantmetwiki.bioinformatics.nl/pathways/PC300_r17.0.0_20260520160610,phosphatidylcholine biosynthesis IV,14
http://rdf-plantmetwiki.bioinformatics.nl/pathways/PC703_r17.0.0_20260520160610,fatty acid β-oxidation II (plant peroxisome),14
http://rdf-plantmetwiki.bioinformatics.nl/pathways/PC935_r17.0.0_20260520160610,purine deoxyribonucleosides salvage,14
http://rdf-plantmetwiki.bioinformatics.nl/pathways/PC1119_r17.0.0_20260520160610,trans-lycopene biosynthesis II (oxygenic phototrophs and green sulfur bacteria),14
http://rdf-plantmetwiki.bioinformatics.nl/pathways/PC143_r17.0.0_20260520160610,volatile esters biosynthesis (during fruit ripening),14
http://rdf-plantmetwiki.bioinformatics.nl/pathways/PC386_r17.0.0_20260520160610,glyoxylate cycle,14
http://rdf-plantmetwiki.bioinformatics.nl/pathways/PC80_r17.0.0_20260520160610,phosphatidylcholine biosynthesis II,14
http://rdf-plantmetwiki.bioinformatics.nl/pathways/PC578_r17.0.0_20260520160610,salvianin biosynthesis,14
http://rdf-plantmetwiki.bioinformatics.nl/pathways/PC783_r17.0.0_20260520160610,flavonol acylglucoside biosynthesis II-isorhamnetin derivatives,14
http://rdf-plantmetwiki.bioinformatics.nl/pathways/PC809_r17.0.0_20260520160610,β-carotene biosynthesis (engineered),14
http://rdf-plantmetwiki.bioinformatics.nl/pathways/PC987_r17.0.0_20260520160610,triacylglycerol biosynthesis (Chlamydomonas),14
http://rdf-plantmetwiki.bioinformatics.nl/pathways/PC490_r17.0.0_20260520160610,gallotannin biosynthesis,14
http://rdf-plantmetwiki.bioinformatics.nl/pathways/PC694_r17.0.0_20260520160610,S-methyl-5-thio-α-D-ribose 1-phosphate degradation I,14
http://rdf-plantmetwiki.bioinformatics.nl/pathways/PC258_r17.0.0_20260520160610,capsiconiate biosynthesis,14
http://rdf-plantmetwiki.bioinformatics.nl/pathways/PC581_r17.0.0_20260520160610,L-ornithine biosynthesis I,14
http://rdf-plantmetwiki.bioinformatics.nl/pathways/PC1078_r17.0.0_20260520160610,methiin metabolism,14
http://rdf-plantmetwiki.bioinformatics.nl/pathways/PC202_r17.0.0_20260520160610,tea aroma glycosidic precursor bioactivation,14
http://rdf-plantmetwiki.bioinformatics.nl/pathways/PC509_r17.0.0_20260520160610,trichome monoterpenes biosynthesis,14
http://rdf-plantmetwiki.bioinformatics.nl/pathways/PC999_r17.0.0_20260520160610,NAD biosynthesis from 2-amino-3-carboxymuconate semialdehyde,14
http://rdf-plantmetwiki.bioinformatics.nl/pathways/PC982_r17.0.0_20260520160610,neoabietic acid biosynthesis,14
http://rdf-plantmetwiki.bioinformatics.nl/pathways/PC638_r17.0.0_20260520160610,superpathway of ammonia assimilation (plants),14
http://rdf-plantmetwiki.bioinformatics.nl/pathways/PC208_r17.0.0_20260520160610,phosphatidylcholine biosynthesis III,14
http://rdf-plantmetwiki.bioinformatics.nl/pathways/PC712_r17.0.0_20260520160610,hydroxycinnamic acid tyramine amides biosynthesis,14
http://rdf-plantmetwiki.bioinformatics.nl/pathways/PC383_r17.0.0_20260520160610,rot-2'-enonate biosynthesis,14
http://rdf-plantmetwiki.bioinformatics.nl/pathways/PC135_r17.0.0_20260520160610,apigenin glycosides biosynthesis,14
http://rdf-plantmetwiki.bioinformatics.nl/pathways/PC26_r17.0.0_20260520160610,indole-3-acetate activation II,14
http://rdf-plantmetwiki.bioinformatics.nl/pathways/PC1017_r17.0.0_20260520160610,gentiodelphin biosynthesis,14
http://rdf-plantmetwiki.bioinformatics.nl/pathways/PC440_r17.0.0_20260520160610,photosynthesis light reactions I (plastocyanin),14
http://rdf-plantmetwiki.bioinformatics.nl/pathways/PC434_r17.0.0_20260520160610,glutamate-glutamine shuttle,13
http://rdf-plantmetwiki.bioinformatics.nl/pathways/PC87_r17.0.0_20260520160610,brassinosteroid biosynthesis III,13
http://rdf-plantmetwiki.bioinformatics.nl/pathways/PC1010_r17.0.0_20260520160610,anthocyanidin sambubioside biosynthesis,13
http://rdf-plantmetwiki.bioinformatics.nl/pathways/PC501_r17.0.0_20260520160610,chlorogenic acid biosynthesis II,13
http://rdf-plantmetwiki.bioinformatics.nl/pathways/PC607_r17.0.0_20260520160610,superpathway of polyamine biosynthesis,13
http://rdf-plantmetwiki.bioinformatics.nl/pathways/PC792_r17.0.0_20260520160610,6-methoxypodophyllotoxin biosynthesis,13
http://rdf-plantmetwiki.bioinformatics.nl/pathways/PC217_r17.0.0_20260520160610,7-dehydroporiferasterol biosynthesis,13
http://rdf-plantmetwiki.bioinformatics.nl/pathways/PC836_r17.0.0_20260520160610,podophyllotoxin glucosides metabolism,13
http://rdf-plantmetwiki.bioinformatics.nl/pathways/PC180_r17.0.0_20260520160610,superpathway of L-phenylalanine and L-tyrosine biosynthesis,13
http://rdf-plantmetwiki.bioinformatics.nl/pathways/PC165_r17.0.0_20260520160610,"1,3,6,7-tetrahydroxyxanthone biosynthesis (from benzoyl-CoA)",13
http://rdf-plantmetwiki.bioinformatics.nl/pathways/PC269_r17.0.0_20260520160610,(-)-medicarpin biosynthesis,13
http://rdf-plantmetwiki.bioinformatics.nl/pathways/PC641_r17.0.0_20260520160610,superpathway of guanosine nucleotides degradation (plants),13
http://rdf-plantmetwiki.bioinformatics.nl/pathways/PC103_r17.0.0_20260520160610,wighteone and luteone biosynthesis,13
http://rdf-plantmetwiki.bioinformatics.nl/pathways/PC41_r17.0.0_20260520160610,steviol biosynthesis,13
http://rdf-plantmetwiki.bioinformatics.nl/pathways/PC875_r17.0.0_20260520160610,pyrimidine deoxyribonucleosides salvage,13
http://rdf-plantmetwiki.bioinformatics.nl/pathways/PC374_r17.0.0_20260520160610,inosine-5'-phosphate biosynthesis II,13
http://rdf-plantmetwiki.bioinformatics.nl/pathways/PC981_r17.0.0_20260520160610,purine nucleosides salvage II (plant),13
http://rdf-plantmetwiki.bioinformatics.nl/pathways/PC937_r17.0.0_20260520160610,4-hydroxybenzoate biosynthesis III (plants),13
http://rdf-plantmetwiki.bioinformatics.nl/pathways/PC316_r17.0.0_20260520160610,S-methyl-5-thio-α-D-ribose 1-phosphate degradation I,13
http://rdf-plantmetwiki.bioinformatics.nl/pathways/PC322_r17.0.0_20260520160610,costunolide biosynthesis I,13
http://rdf-plantmetwiki.bioinformatics.nl/pathways/PC1023_r17.0.0_20260520160610,naringenin C-glucosylation,13
http://rdf-plantmetwiki.bioinformatics.nl/pathways/PC1138_r17.0.0_20260520160610,phaselate biosynthesis,13
http://rdf-plantmetwiki.bioinformatics.nl/pathways/PC354_r17.0.0_20260520160610,"benzoate biosynthesis III (CoA-dependent, non-β-oxidative)",13
http://rdf-plantmetwiki.bioinformatics.nl/pathways/PC915_r17.0.0_20260520160610,chlorophyll a degradation II,13
http://rdf-plantmetwiki.bioinformatics.nl/pathways/PC1036_r17.0.0_20260520160610,phosphopantothenate biosynthesis I,13
http://rdf-plantmetwiki.bioinformatics.nl/pathways/PC594_r17.0.0_20260520160610,6-hydroxymethyl-dihydropterin pyrophosphate biosynthesis I,13
http://rdf-plantmetwiki.bioinformatics.nl/pathways/PC765_r17.0.0_20260520160610,glyceollin biosynthesis,13
http://rdf-plantmetwiki.bioinformatics.nl/pathways/PC367_r17.0.0_20260520160610,seleno-amino acid detoxification and volatilization II,13
http://rdf-plantmetwiki.bioinformatics.nl/pathways/PC1001_r17.0.0_20260520160610,very long chain fatty acid biosynthesis I,13
http://rdf-plantmetwiki.bioinformatics.nl/pathways/PC29_r17.0.0_20260520160610,chorismate biosynthesis from 3-dehydroquinate,13
http://rdf-plantmetwiki.bioinformatics.nl/pathways/PC723_r17.0.0_20260520160610,L-glutamate degradation IV,13
http://rdf-plantmetwiki.bioinformatics.nl/pathways/PC353_r17.0.0_20260520160610,hypusine biosynthesis,13
http://rdf-plantmetwiki.bioinformatics.nl/pathways/PC1061_r17.0.0_20260520160610,"phosphatidate metabolism, as a signaling molecule (Chlamydomonas)",13
http://rdf-plantmetwiki.bioinformatics.nl/pathways/PC65_r17.0.0_20260520160610,acridone alkaloid biosynthesis,13
http://rdf-plantmetwiki.bioinformatics.nl/pathways/PC1044_r17.0.0_20260520160610,superpathway of adenosine nucleotides de novo biosynthesis I,12
http://rdf-plantmetwiki.bioinformatics.nl/pathways/PC1102_r17.0.0_20260520160610,salidroside biosynthesis,12
http://rdf-plantmetwiki.bioinformatics.nl/pathways/PC363_r17.0.0_20260520160610,crocetin biosynthesis,12
http://rdf-plantmetwiki.bioinformatics.nl/pathways/PC954_r17.0.0_20260520160610,phosphatidylcholine acyl editing,12
http://rdf-plantmetwiki.bioinformatics.nl/pathways/PC485_r17.0.0_20260520160610,guanosine ribonucleotides de novo biosynthesis,12
http://rdf-plantmetwiki.bioinformatics.nl/pathways/PC77_r17.0.0_20260520160610,"L-ascorbate biosynthesis II (plants, L-gulose pathway)",12
http://rdf-plantmetwiki.bioinformatics.nl/pathways/PC873_r17.0.0_20260520160610,superpathway of pyrimidine nucleobases salvage,12
http://rdf-plantmetwiki.bioinformatics.nl/pathways/PC484_r17.0.0_20260520160610,xanthohumol biosynthesis,12
http://rdf-plantmetwiki.bioinformatics.nl/pathways/PC361_r17.0.0_20260520160610,isoflavonoid biosynthesis I,12
http://rdf-plantmetwiki.bioinformatics.nl/pathways/PC881_r17.0.0_20260520160610,cinchona alkaloids biosynthesis,12
http://rdf-plantmetwiki.bioinformatics.nl/pathways/PC1043_r17.0.0_20260520160610,free phenylpropanoid acid biosynthesis,12
http://rdf-plantmetwiki.bioinformatics.nl/pathways/PC748_r17.0.0_20260520160610,"L-ascorbate biosynthesis I (plants, L-galactose pathway)",12
http://rdf-plantmetwiki.bioinformatics.nl/pathways/PC304_r17.0.0_20260520160610,aucuparin biosynthesis,12
http://rdf-plantmetwiki.bioinformatics.nl/pathways/PC1106_r17.0.0_20260520160610,heliannuol and heliespirone biosynthesis,12
http://rdf-plantmetwiki.bioinformatics.nl/pathways/PC686_r17.0.0_20260520160610,galactolipid biosynthesis I,12
http://rdf-plantmetwiki.bioinformatics.nl/pathways/PC1056_r17.0.0_20260520160610,sucrose degradation II (sucrose synthase),12
http://rdf-plantmetwiki.bioinformatics.nl/pathways/PC747_r17.0.0_20260520160610,"(3E)-4,8-dimethylnona-1,3,7-triene biosynthesis I",12
http://rdf-plantmetwiki.bioinformatics.nl/pathways/PC866_r17.0.0_20260520160610,pinobanksin biosynthesis,12
http://rdf-plantmetwiki.bioinformatics.nl/pathways/PC771_r17.0.0_20260520160610,orientin and isoorientin biosynthesis I,12
http://rdf-plantmetwiki.bioinformatics.nl/pathways/PC444_r17.0.0_20260520160610,"oryzalexin A, B, and C biosynthesis",12
http://rdf-plantmetwiki.bioinformatics.nl/pathways/PC1156_r17.0.0_20260520160610,"2α,7β-dihydroxylation of taxusin",12
http://rdf-plantmetwiki.bioinformatics.nl/pathways/PC940_r17.0.0_20260520160610,superpathway of plastoquinol biosynthesis,12
http://rdf-plantmetwiki.bioinformatics.nl/pathways/PC678_r17.0.0_20260520160610,kaempferide triglycoside biosynthesis,12
http://rdf-plantmetwiki.bioinformatics.nl/pathways/PC1123_r17.0.0_20260520160610,violdelphin biosynthesis,12
http://rdf-plantmetwiki.bioinformatics.nl/pathways/PC145_r17.0.0_20260520160610,"caffeine degradation I (main, plants)",12
http://rdf-plantmetwiki.bioinformatics.nl/pathways/PC107_r17.0.0_20260520160610,trans-lycopene biosynthesis I,12
http://rdf-plantmetwiki.bioinformatics.nl/pathways/PC651_r17.0.0_20260520160610,yatein biosynthesis II,12
http://rdf-plantmetwiki.bioinformatics.nl/pathways/PC34_r17.0.0_20260520160610,superpathway of acetyl-CoA biosynthesis,12
http://rdf-plantmetwiki.bioinformatics.nl/pathways/PC521_r17.0.0_20260520160610,2'-deoxymugineic acid phytosiderophore biosynthesis,12
http://rdf-plantmetwiki.bioinformatics.nl/pathways/PC717_r17.0.0_20260520160610,seleno-amino acid biosynthesis (plants),12
http://rdf-plantmetwiki.bioinformatics.nl/pathways/PC676_r17.0.0_20260520160610,pinocembrin C-glucosylation,12
http://rdf-plantmetwiki.bioinformatics.nl/pathways/PC861_r17.0.0_20260520160610,cytokinin-O-glucosides biosynthesis,12
http://rdf-plantmetwiki.bioinformatics.nl/pathways/PC216_r17.0.0_20260520160610,ferulate and sinapate biosynthesis,12
http://rdf-plantmetwiki.bioinformatics.nl/pathways/PC54_r17.0.0_20260520160610,yatein biosynthesis I,12
http://rdf-plantmetwiki.bioinformatics.nl/pathways/PC719_r17.0.0_20260520160610,ω-hydroxylation of caprate and laurate,12
http://rdf-plantmetwiki.bioinformatics.nl/pathways/PC1008_r17.0.0_20260520160610,"lipid-dependent phytate biosynthesis I (via Ins(1,4,5)P₃)",12
http://rdf-plantmetwiki.bioinformatics.nl/pathways/PC920_r17.0.0_20260520160610,phytyl pyrophosphate biosynthesis,12
http://rdf-plantmetwiki.bioinformatics.nl/pathways/PC1031_r17.0.0_20260520160610,dicranin biosynthesis,12
http://rdf-plantmetwiki.bioinformatics.nl/pathways/PC534_r17.0.0_20260520160610,"violaxanthin, antheraxanthin and zeaxanthin interconversion",12
http://rdf-plantmetwiki.bioinformatics.nl/pathways/PC1092_r17.0.0_20260520160610,betaxanthin biosynthesis (via dopaxanthin),12
http://rdf-plantmetwiki.bioinformatics.nl/pathways/PC820_r17.0.0_20260520160610,acylsucrose biosynthesis (Solanum habrochaites),12
http://rdf-plantmetwiki.bioinformatics.nl/pathways/PC476_r17.0.0_20260520160610,calystegine biosynthesis,12
http://rdf-plantmetwiki.bioinformatics.nl/pathways/PC399_r17.0.0_20260520160610,monolignol glucosides biosynthesis,12
http://rdf-plantmetwiki.bioinformatics.nl/pathways/PC136_r17.0.0_20260520160610,spermine and spermidine degradation II,12
http://rdf-plantmetwiki.bioinformatics.nl/pathways/PC1105_r17.0.0_20260520160610,phenolic malonylglucosides biosynthesis,12
http://rdf-plantmetwiki.bioinformatics.nl/pathways/PC643_r17.0.0_20260520160610,UDP-N-acetyl-D-glucosamine biosynthesis II,12
http://rdf-plantmetwiki.bioinformatics.nl/pathways/PC186_r17.0.0_20260520160610,gibberellin inactivation III (epoxidation),12
http://rdf-plantmetwiki.bioinformatics.nl/pathways/PC929_r17.0.0_20260520160610,oleoresin sesquiterpene volatiles biosynthesis,12
http://rdf-plantmetwiki.bioinformatics.nl/pathways/PC1062_r17.0.0_20260520160610,"2,3-trans-flavanols biosynthesis",12
http://rdf-plantmetwiki.bioinformatics.nl/pathways/PC94_r17.0.0_20260520160610,nitrite reduction (hemoglobin),12
http://rdf-plantmetwiki.bioinformatics.nl/pathways/PC726_r17.0.0_20260520160610,pentagalloylglucose biosynthesis,12
http://rdf-plantmetwiki.bioinformatics.nl/pathways/PC609_r17.0.0_20260520160610,pinosylvin metabolism,12
http://rdf-plantmetwiki.bioinformatics.nl/pathways/PC115_r17.0.0_20260520160610,allantoin degradation to glyoxylate II,12
http://rdf-plantmetwiki.bioinformatics.nl/pathways/PC565_r17.0.0_20260520160610,epoxypseudoisoeugenol-2-methylbutanoate biosynthesis,12
http://rdf-plantmetwiki.bioinformatics.nl/pathways/PC728_r17.0.0_20260520160610,farnesylcysteine salvage pathway,12
http://rdf-plantmetwiki.bioinformatics.nl/pathways/PC922_r17.0.0_20260520160610,L-methionine biosynthesis II,12
http://rdf-plantmetwiki.bioinformatics.nl/pathways/PC1093_r17.0.0_20260520160610,oleanolate biosynthesis,11
http://rdf-plantmetwiki.bioinformatics.nl/pathways/PC376_r17.0.0_20260520160610,ethiin metabolism,11
http://rdf-plantmetwiki.bioinformatics.nl/pathways/PC468_r17.0.0_20260520160610,beta-carboline biosynthesis,11
http://rdf-plantmetwiki.bioinformatics.nl/pathways/PC811_r17.0.0_20260520160610,pyruvate fermentation to ethanol I,11
http://rdf-plantmetwiki.bioinformatics.nl/pathways/PC182_r17.0.0_20260520160610,volatile cinnamoic ester biosynthesis,11
http://rdf-plantmetwiki.bioinformatics.nl/pathways/PC46_r17.0.0_20260520160610,N-hydroxy-L-pipecolate biosynthesis,11
http://rdf-plantmetwiki.bioinformatics.nl/pathways/PC295_r17.0.0_20260520160610,coenzyme A biosynthesis II (eukaryotic),11
http://rdf-plantmetwiki.bioinformatics.nl/pathways/PC853_r17.0.0_20260520160610,vitexin and derivatives biosynthesis,11
http://rdf-plantmetwiki.bioinformatics.nl/pathways/PC665_r17.0.0_20260520160610,ethene biosynthesis I (plants),11
http://rdf-plantmetwiki.bioinformatics.nl/pathways/PC42_r17.0.0_20260520160610,malonly-CoA biosynthesis via biotin-carboxyl carrier protein,11
http://rdf-plantmetwiki.bioinformatics.nl/pathways/PC664_r17.0.0_20260520160610,homocysteine and cysteine interconversion,11
http://rdf-plantmetwiki.bioinformatics.nl/pathways/PC806_r17.0.0_20260520160610,daphnetin modification,11
http://rdf-plantmetwiki.bioinformatics.nl/pathways/PC554_r17.0.0_20260520160610,berberine biosynthesis,11
http://rdf-plantmetwiki.bioinformatics.nl/pathways/PC962_r17.0.0_20260520160610,apigeninidin 5-O-glucoside biosynthesis,11
http://rdf-plantmetwiki.bioinformatics.nl/pathways/PC1089_r17.0.0_20260520160610,luteolinidin 5-O-glucoside biosynthesis,11
http://rdf-plantmetwiki.bioinformatics.nl/pathways/PC655_r17.0.0_20260520160610,L-valine biosynthesis,11
http://rdf-plantmetwiki.bioinformatics.nl/pathways/PC1127_r17.0.0_20260520160610,coenzyme A biosynthesis I (bacteria),11
http://rdf-plantmetwiki.bioinformatics.nl/pathways/PC973_r17.0.0_20260520160610,dimethylsulfoniopropanoate biosynthesis III (algae and phytoplankton),11
http://rdf-plantmetwiki.bioinformatics.nl/pathways/PC30_r17.0.0_20260520160610,dTDP-β-L-rhamnose biosynthesis,11
http://rdf-plantmetwiki.bioinformatics.nl/pathways/PC750_r17.0.0_20260520160610,L-arginine degradation V (arginine deiminase pathway),11
http://rdf-plantmetwiki.bioinformatics.nl/pathways/PC235_r17.0.0_20260520160610,(-)-4'-demethyl-epipodophyllotoxin biosynthesis,11
http://rdf-plantmetwiki.bioinformatics.nl/pathways/PC758_r17.0.0_20260520160610,coumarin biosynthesis (via 2-coumarate),11
http://rdf-plantmetwiki.bioinformatics.nl/pathways/PC55_r17.0.0_20260520160610,rotenoid biosynthesis I,11
http://rdf-plantmetwiki.bioinformatics.nl/pathways/PC790_r17.0.0_20260520160610,choline biosynthesis II,11
http://rdf-plantmetwiki.bioinformatics.nl/pathways/PC150_r17.0.0_20260520160610,sinapate ester biosynthesis,11
http://rdf-plantmetwiki.bioinformatics.nl/pathways/PC371_r17.0.0_20260520160610,hydroxylated mugineic acid phytosiderophore biosynthesis,11
http://rdf-plantmetwiki.bioinformatics.nl/pathways/PC72_r17.0.0_20260520160610,wax esters biosynthesis II,11
http://rdf-plantmetwiki.bioinformatics.nl/pathways/PC709_r17.0.0_20260520160610,L-ascorbate degradation III,11
http://rdf-plantmetwiki.bioinformatics.nl/pathways/PC1149_r17.0.0_20260520160610,UTP and CTP dephosphorylation II,11
http://rdf-plantmetwiki.bioinformatics.nl/pathways/PC818_r17.0.0_20260520160610,epiberberine biosynthesis,11
http://rdf-plantmetwiki.bioinformatics.nl/pathways/PC89_r17.0.0_20260520160610,L-ascorbate degradation IV,11
http://rdf-plantmetwiki.bioinformatics.nl/pathways/PC991_r17.0.0_20260520160610,caffeine biosynthesis II (via paraxanthine),11
http://rdf-plantmetwiki.bioinformatics.nl/pathways/PC210_r17.0.0_20260520160610,bisabolene biosynthesis (engineered),11
http://rdf-plantmetwiki.bioinformatics.nl/pathways/PC177_r17.0.0_20260520160610,hesperitin glycoside biosynthesis,11
http://rdf-plantmetwiki.bioinformatics.nl/pathways/PC553_r17.0.0_20260520160610,allantoin degradation to glyoxylate III,11
http://rdf-plantmetwiki.bioinformatics.nl/pathways/PC58_r17.0.0_20260520160610,6-methoxymellein biosynthesis,11
http://rdf-plantmetwiki.bioinformatics.nl/pathways/PC768_r17.0.0_20260520160610,L-serine biosynthesis II,11
http://rdf-plantmetwiki.bioinformatics.nl/pathways/PC597_r17.0.0_20260520160610,L-selenocysteine biosynthesis II (archaea and eukaryotes),11
http://rdf-plantmetwiki.bioinformatics.nl/pathways/PC38_r17.0.0_20260520160610,ophthalmate biosynthesis,11
http://rdf-plantmetwiki.bioinformatics.nl/pathways/PC302_r17.0.0_20260520160610,"fatty acid β-oxidation IV (unsaturated, even number)",11
http://rdf-plantmetwiki.bioinformatics.nl/pathways/PC3_r17.0.0_20260520160610,stellariose and mediose biosynthesis,11
http://rdf-plantmetwiki.bioinformatics.nl/pathways/PC900_r17.0.0_20260520160610,quercetin gentiotetraside biosynthesis,11
http://rdf-plantmetwiki.bioinformatics.nl/pathways/PC92_r17.0.0_20260520160610,L-tryptophan degradation to 2-amino-3-carboxymuconate semialdehyde,11
http://rdf-plantmetwiki.bioinformatics.nl/pathways/PC976_r17.0.0_20260520160610,baicalein metabolism,11
http://rdf-plantmetwiki.bioinformatics.nl/pathways/PC632_r17.0.0_20260520160610,aerobic respiration I (cytochrome c),11
http://rdf-plantmetwiki.bioinformatics.nl/pathways/PC518_r17.0.0_20260520160610,chitin degradation II (Vibrio),11
http://rdf-plantmetwiki.bioinformatics.nl/pathways/PC770_r17.0.0_20260520160610,fatty acid biosynthesis initiation (plant mitochondria),11
http://rdf-plantmetwiki.bioinformatics.nl/pathways/PC84_r17.0.0_20260520160610,canavanine biosynthesis,11
http://rdf-plantmetwiki.bioinformatics.nl/pathways/PC1012_r17.0.0_20260520160610,linoleate biosynthesis I (plants),11
http://rdf-plantmetwiki.bioinformatics.nl/pathways/PC253_r17.0.0_20260520160610,caffeine biosynthesis I,11
http://rdf-plantmetwiki.bioinformatics.nl/pathways/PC621_r17.0.0_20260520160610,coptisine biosynthesis,11
http://rdf-plantmetwiki.bioinformatics.nl/pathways/PC247_r17.0.0_20260520160610,resveratrol biosynthesis,11
http://rdf-plantmetwiki.bioinformatics.nl/pathways/PC108_r17.0.0_20260520160610,glycine biosynthesis,11
http://rdf-plantmetwiki.bioinformatics.nl/pathways/PC637_r17.0.0_20260520160610,labdane-type diterpenes biosynthesis,10
http://rdf-plantmetwiki.bioinformatics.nl/pathways/PC329_r17.0.0_20260520160610,aromatic glucosinolate activation,10
http://rdf-plantmetwiki.bioinformatics.nl/pathways/PC410_r17.0.0_20260520160610,echinatin biosynthesis,10
http://rdf-plantmetwiki.bioinformatics.nl/pathways/PC236_r17.0.0_20260520160610,L-alanine degradation II (to D-lactate),10
http://rdf-plantmetwiki.bioinformatics.nl/pathways/PC902_r17.0.0_20260520160610,β-pyrazole-1-ylalanine biosynthesis,10
http://rdf-plantmetwiki.bioinformatics.nl/pathways/PC670_r17.0.0_20260520160610,phytochromobilin biosynthesis,10
http://rdf-plantmetwiki.bioinformatics.nl/pathways/PC1015_r17.0.0_20260520160610,L-phenylalanine degradation III,10
http://rdf-plantmetwiki.bioinformatics.nl/pathways/PC5_r17.0.0_20260520160610,saponin biosynthesis III,10
http://rdf-plantmetwiki.bioinformatics.nl/pathways/PC23_r17.0.0_20260520160610,kaempferol triglucoside biosynthesis,10
http://rdf-plantmetwiki.bioinformatics.nl/pathways/PC280_r17.0.0_20260520160610,IAA biosynthesis VII,10
http://rdf-plantmetwiki.bioinformatics.nl/pathways/PC823_r17.0.0_20260520160610,cis-zeatin biosynthesis,10
http://rdf-plantmetwiki.bioinformatics.nl/pathways/PC325_r17.0.0_20260520160610,carbon concentration mechanism (Chlamydomonas),10
http://rdf-plantmetwiki.bioinformatics.nl/pathways/PC489_r17.0.0_20260520160610,phylloquinol biosynthesis,10
http://rdf-plantmetwiki.bioinformatics.nl/pathways/PC574_r17.0.0_20260520160610,monoacylsucrose biosynthesis (Solanum),10
http://rdf-plantmetwiki.bioinformatics.nl/pathways/PC927_r17.0.0_20260520160610,CDP-diacylglycerol biosynthesis II,10
http://rdf-plantmetwiki.bioinformatics.nl/pathways/PC552_r17.0.0_20260520160610,fructan biosynthesis,10
http://rdf-plantmetwiki.bioinformatics.nl/pathways/PC525_r17.0.0_20260520160610,inosine 5'-phosphate degradation,10
http://rdf-plantmetwiki.bioinformatics.nl/pathways/PC680_r17.0.0_20260520160610,indole-3-acetate inactivation V,10
http://rdf-plantmetwiki.bioinformatics.nl/pathways/PC223_r17.0.0_20260520160610,betulinate biosynthesis,10
http://rdf-plantmetwiki.bioinformatics.nl/pathways/PC683_r17.0.0_20260520160610,rosmarinic acid biosynthesis II,10
http://rdf-plantmetwiki.bioinformatics.nl/pathways/PC642_r17.0.0_20260520160610,kievitone biosynthesis,10
http://rdf-plantmetwiki.bioinformatics.nl/pathways/PC357_r17.0.0_20260520160610,pinitol biosynthesis I,10
http://rdf-plantmetwiki.bioinformatics.nl/pathways/PC994_r17.0.0_20260520160610,tetrahydrofolate biosynthesis I,10
http://rdf-plantmetwiki.bioinformatics.nl/pathways/PC137_r17.0.0_20260520160610,indole-3-acetate inactivation VII,10
http://rdf-plantmetwiki.bioinformatics.nl/pathways/PC246_r17.0.0_20260520160610,L-phenylalanine biosynthesis II,10
http://rdf-plantmetwiki.bioinformatics.nl/pathways/PC611_r17.0.0_20260520160610,lipoate biosynthesis and incorporation I,10
http://rdf-plantmetwiki.bioinformatics.nl/pathways/PC993_r17.0.0_20260520160610,lupanine biosynthesis,10
http://rdf-plantmetwiki.bioinformatics.nl/pathways/PC2_r17.0.0_20260520160610,serotonin and melatonin biosynthesis I,10
http://rdf-plantmetwiki.bioinformatics.nl/pathways/PC1037_r17.0.0_20260520160610,shikonin biosynthesis,10
http://rdf-plantmetwiki.bioinformatics.nl/pathways/PC333_r17.0.0_20260520160610,fatty acid α-oxidation I (plants),10
http://rdf-plantmetwiki.bioinformatics.nl/pathways/PC507_r17.0.0_20260520160610,shisonin biosynthesis,10
http://rdf-plantmetwiki.bioinformatics.nl/pathways/PC810_r17.0.0_20260520160610,genistein conjugates interconversion,10
http://rdf-plantmetwiki.bioinformatics.nl/pathways/PC1097_r17.0.0_20260520160610,oxalate degradation VI,10
http://rdf-plantmetwiki.bioinformatics.nl/pathways/PC626_r17.0.0_20260520160610,siroheme biosynthesis,10
http://rdf-plantmetwiki.bioinformatics.nl/pathways/PC503_r17.0.0_20260520160610,pinitol biosynthesis II,10
http://rdf-plantmetwiki.bioinformatics.nl/pathways/PC375_r17.0.0_20260520160610,L-arginine degradation VI (arginase 2 pathway),10
http://rdf-plantmetwiki.bioinformatics.nl/pathways/PC896_r17.0.0_20260520160610,L-tyrosine biosynthesis II,10
http://rdf-plantmetwiki.bioinformatics.nl/pathways/PC431_r17.0.0_20260520160610,indole degradation to anthranil and anthranilate,10
http://rdf-plantmetwiki.bioinformatics.nl/pathways/PC1108_r17.0.0_20260520160610,biochanin A conjugates interconversion,10
http://rdf-plantmetwiki.bioinformatics.nl/pathways/PC86_r17.0.0_20260520160610,indole-3-acetate inactivation IX,10
http://rdf-plantmetwiki.bioinformatics.nl/pathways/PC646_r17.0.0_20260520160610,phosphatidylethanolamine biosynthesis II,10
http://rdf-plantmetwiki.bioinformatics.nl/pathways/PC432_r17.0.0_20260520160610,cembratrienediol biosynthesis,10
http://rdf-plantmetwiki.bioinformatics.nl/pathways/PC12_r17.0.0_20260520160610,fenchol biosynthesis I,10
http://rdf-plantmetwiki.bioinformatics.nl/pathways/PC969_r17.0.0_20260520160610,adenosylcobalamin salvage from cobalamin,10
http://rdf-plantmetwiki.bioinformatics.nl/pathways/PC932_r17.0.0_20260520160610,L-tyrosine biosynthesis III,10
http://rdf-plantmetwiki.bioinformatics.nl/pathways/PC788_r17.0.0_20260520160610,D-myo-inositol-5-phosphate metabolism,10
http://rdf-plantmetwiki.bioinformatics.nl/pathways/PC462_r17.0.0_20260520160610,germacrene biosynthesis,10
http://rdf-plantmetwiki.bioinformatics.nl/pathways/PC63_r17.0.0_20260520160610,formononetin biosynthesis,10
http://rdf-plantmetwiki.bioinformatics.nl/pathways/PC286_r17.0.0_20260520160610,L-homoserine biosynthesis,10
http://rdf-plantmetwiki.bioinformatics.nl/pathways/PC711_r17.0.0_20260520160610,patchoulol biosynthesis,10
http://rdf-plantmetwiki.bioinformatics.nl/pathways/PC152_r17.0.0_20260520160610,rutin biosynthesis,10
http://rdf-plantmetwiki.bioinformatics.nl/pathways/PC944_r17.0.0_20260520160610,glutaminyl-tRNAglⁿ biosynthesis via transamidation,10
http://rdf-plantmetwiki.bioinformatics.nl/pathways/PC757_r17.0.0_20260520160610,pentose phosphate pathway (non-oxidative branch) I,10
http://rdf-plantmetwiki.bioinformatics.nl/pathways/PC860_r17.0.0_20260520160610,diacylsucrose biosynthesis (Solanum),10
http://rdf-plantmetwiki.bioinformatics.nl/pathways/PC188_r17.0.0_20260520160610,pyrimidine salvage pathway,10
http://rdf-plantmetwiki.bioinformatics.nl/pathways/PC1099_r17.0.0_20260520160610,formononetin conjugates interconversion,10
http://rdf-plantmetwiki.bioinformatics.nl/pathways/PC493_r17.0.0_20260520160610,medicarpin conjugates interconversion,10
http://rdf-plantmetwiki.bioinformatics.nl/pathways/PC348_r17.0.0_20260520160610,olivetol biosynthesis,10
http://rdf-plantmetwiki.bioinformatics.nl/pathways/PC568_r17.0.0_20260520160610,maackiain conjugates interconversion,10
http://rdf-plantmetwiki.bioinformatics.nl/pathways/PC324_r17.0.0_20260520160610,heme b biosynthesis I (aerobic),10
http://rdf-plantmetwiki.bioinformatics.nl/pathways/PC972_r17.0.0_20260520160610,neurosporene biosynthesis,10
http://rdf-plantmetwiki.bioinformatics.nl/pathways/PC1074_r17.0.0_20260520160610,nitric oxide biosynthesis II (mammals),10
http://rdf-plantmetwiki.bioinformatics.nl/pathways/PC508_r17.0.0_20260520160610,8-oxo-(d)GTP detoxification I,10
http://rdf-plantmetwiki.bioinformatics.nl/pathways/PC613_r17.0.0_20260520160610,dolabralexins biosynthesis,10
http://rdf-plantmetwiki.bioinformatics.nl/pathways/PC787_r17.0.0_20260520160610,ascorbate glutathione cycle,10
http://rdf-plantmetwiki.bioinformatics.nl/pathways/PC600_r17.0.0_20260520160610,dimethylsulfoniopropanoate biosynthesis II (Spartina),10
http://rdf-plantmetwiki.bioinformatics.nl/pathways/PC298_r17.0.0_20260520160610,UDP-α-D-glucuronate biosynthesis (from myo-inositol),10
http://rdf-plantmetwiki.bioinformatics.nl/pathways/PC957_r17.0.0_20260520160610,ursolate biosynthesis,10
http://rdf-plantmetwiki.bioinformatics.nl/pathways/PC62_r17.0.0_20260520160610,CDP-diacylglycerol biosynthesis I,10
http://rdf-plantmetwiki.bioinformatics.nl/pathways/PC1013_r17.0.0_20260520160610,5-deoxystrigol biosynthesis,10
http://rdf-plantmetwiki.bioinformatics.nl/pathways/PC71_r17.0.0_20260520160610,L-asparagine biosynthesis III (tRNA-dependent),10
http://rdf-plantmetwiki.bioinformatics.nl/pathways/PC1052_r17.0.0_20260520160610,daidzein conjugates interconversion,10
http://rdf-plantmetwiki.bioinformatics.nl/pathways/PC22_r17.0.0_20260520160610,"fatty acid β-oxidation V (unsaturated, odd number, di-isomerase-dependent)",9
http://rdf-plantmetwiki.bioinformatics.nl/pathways/PC56_r17.0.0_20260520160610,β-alanine betaine biosynthesis,9
http://rdf-plantmetwiki.bioinformatics.nl/pathways/PC894_r17.0.0_20260520160610,"formate assimilation into 5,10-methylenetetrahydrofolate",9
http://rdf-plantmetwiki.bioinformatics.nl/pathways/PC850_r17.0.0_20260520160610,sucrose degradation III (sucrose invertase),9
http://rdf-plantmetwiki.bioinformatics.nl/pathways/PC1040_r17.0.0_20260520160610,8-O-methylated benzoxazinoid glucoside biosynthesis,9
http://rdf-plantmetwiki.bioinformatics.nl/pathways/PC407_r17.0.0_20260520160610,"1,3,5-trimethoxybenzene biosynthesis",9
http://rdf-plantmetwiki.bioinformatics.nl/pathways/PC966_r17.0.0_20260520160610,oleate biosynthesis I (plants),9
http://rdf-plantmetwiki.bioinformatics.nl/pathways/PC326_r17.0.0_20260520160610,(Z)-phenylmethanethial S-oxide biosynthesis,9
http://rdf-plantmetwiki.bioinformatics.nl/pathways/PC943_r17.0.0_20260520160610,indole-3-acetate inactivation II,9
http://rdf-plantmetwiki.bioinformatics.nl/pathways/PC789_r17.0.0_20260520160610,aloenin biosynthesis,9
http://rdf-plantmetwiki.bioinformatics.nl/pathways/PC879_r17.0.0_20260520160610,UTP and CTP de novo biosynthesis,9
http://rdf-plantmetwiki.bioinformatics.nl/pathways/PC238_r17.0.0_20260520160610,polymethylated kaempferol biosynthesis,9
http://rdf-plantmetwiki.bioinformatics.nl/pathways/PC342_r17.0.0_20260520160610,phloridzin biosynthesis,9
http://rdf-plantmetwiki.bioinformatics.nl/pathways/PC718_r17.0.0_20260520160610,"2,3-cis-flavanols biosynthesis",9
http://rdf-plantmetwiki.bioinformatics.nl/pathways/PC563_r17.0.0_20260520160610,piperine biosynthesis,9
http://rdf-plantmetwiki.bioinformatics.nl/pathways/PC1045_r17.0.0_20260520160610,L-ornithine biosynthesis II,9
http://rdf-plantmetwiki.bioinformatics.nl/pathways/PC486_r17.0.0_20260520160610,ammonia assimilation cycle I,9
http://rdf-plantmetwiki.bioinformatics.nl/pathways/PC344_r17.0.0_20260520160610,gallate biosynthesis,9
http://rdf-plantmetwiki.bioinformatics.nl/pathways/PC710_r17.0.0_20260520160610,6'-deoxychalcone metabolism,9
http://rdf-plantmetwiki.bioinformatics.nl/pathways/PC1077_r17.0.0_20260520160610,3β-hydroxysesquiterpene lactone biosynthesis,9
http://rdf-plantmetwiki.bioinformatics.nl/pathways/PC487_r17.0.0_20260520160610,thymine degradation,9
http://rdf-plantmetwiki.bioinformatics.nl/pathways/PC870_r17.0.0_20260520160610,flavonol glucosylation I,9
http://rdf-plantmetwiki.bioinformatics.nl/pathways/PC614_r17.0.0_20260520160610,cyanide detoxification I,9
http://rdf-plantmetwiki.bioinformatics.nl/pathways/PC528_r17.0.0_20260520160610,CMP-3-deoxy-D-manno-octulosonate biosynthesis,9
http://rdf-plantmetwiki.bioinformatics.nl/pathways/PC197_r17.0.0_20260520160610,naringenin biosynthesis (engineered),9
http://rdf-plantmetwiki.bioinformatics.nl/pathways/PC751_r17.0.0_20260520160610,4-aminobutanoate degradation IV,9
http://rdf-plantmetwiki.bioinformatics.nl/pathways/PC673_r17.0.0_20260520160610,pelargonidin diglucoside biosynthesis (acyl-glucose dependent),9
http://rdf-plantmetwiki.bioinformatics.nl/pathways/PC588_r17.0.0_20260520160610,formaldehyde oxidation II (glutathione-dependent),9
http://rdf-plantmetwiki.bioinformatics.nl/pathways/PC128_r17.0.0_20260520160610,hypericin biosynthesis,9
http://rdf-plantmetwiki.bioinformatics.nl/pathways/PC319_r17.0.0_20260520160610,pyruvate fermentation to acetate VII,9
http://rdf-plantmetwiki.bioinformatics.nl/pathways/PC926_r17.0.0_20260520160610,gibberellin biosynthesis V,9
http://rdf-plantmetwiki.bioinformatics.nl/pathways/PC14_r17.0.0_20260520160610,ammonia assimilation cycle II,9
http://rdf-plantmetwiki.bioinformatics.nl/pathways/PC139_r17.0.0_20260520160610,"(7Z,10Z,13Z)-hexadecatrienoate biosynthesis",9
http://rdf-plantmetwiki.bioinformatics.nl/pathways/PC980_r17.0.0_20260520160610,glutathione-peroxide redox reactions,9
http://rdf-plantmetwiki.bioinformatics.nl/pathways/PC1020_r17.0.0_20260520160610,indole-3-acetate inactivation III,9
http://rdf-plantmetwiki.bioinformatics.nl/pathways/PC1142_r17.0.0_20260520160610,felinine and 3-methyl-3-sulfanylbutan-1-ol biosynthesis,9
http://rdf-plantmetwiki.bioinformatics.nl/pathways/PC28_r17.0.0_20260520160610,anthocyanin biosynthesis (pelargonidin 3-O-glucoside),9
http://rdf-plantmetwiki.bioinformatics.nl/pathways/PC159_r17.0.0_20260520160610,indole-3-acetate inactivation VI,9
http://rdf-plantmetwiki.bioinformatics.nl/pathways/PC773_r17.0.0_20260520160610,camptothecin biosynthesis,9
http://rdf-plantmetwiki.bioinformatics.nl/pathways/PC593_r17.0.0_20260520160610,canthaxanthin biosynthesis,9
http://rdf-plantmetwiki.bioinformatics.nl/pathways/PC840_r17.0.0_20260520160610,CDP-diacylglycerol biosynthesis IV,9
http://rdf-plantmetwiki.bioinformatics.nl/pathways/PC537_r17.0.0_20260520160610,ethanol degradation II,9
http://rdf-plantmetwiki.bioinformatics.nl/pathways/PC78_r17.0.0_20260520160610,bixin biosynthesis,9
http://rdf-plantmetwiki.bioinformatics.nl/pathways/PC290_r17.0.0_20260520160610,lychnose and isolychnose biosynthesis,9
http://rdf-plantmetwiki.bioinformatics.nl/pathways/PC1109_r17.0.0_20260520160610,UDP-galactose biosynthesis (salvage pathway from galactose using UDP-glucose),9
http://rdf-plantmetwiki.bioinformatics.nl/pathways/PC505_r17.0.0_20260520160610,amaranthin biosynthesis,9
http://rdf-plantmetwiki.bioinformatics.nl/pathways/PC140_r17.0.0_20260520160610,triacylglycerol degradation,9
http://rdf-plantmetwiki.bioinformatics.nl/pathways/PC877_r17.0.0_20260520160610,alkane biosynthesis II,9
http://rdf-plantmetwiki.bioinformatics.nl/pathways/PC267_r17.0.0_20260520160610,anthocyanin biosynthesis,9
http://rdf-plantmetwiki.bioinformatics.nl/pathways/PC742_r17.0.0_20260520160610,assimilatory sulfate reduction II,9
http://rdf-plantmetwiki.bioinformatics.nl/pathways/PC732_r17.0.0_20260520160610,indole-3-acetate inactivation IV,9
http://rdf-plantmetwiki.bioinformatics.nl/pathways/PC52_r17.0.0_20260520160610,L-methionine degradation I (to L-homocysteine),9
http://rdf-plantmetwiki.bioinformatics.nl/pathways/PC480_r17.0.0_20260520160610,L-citrulline degradation,9
http://rdf-plantmetwiki.bioinformatics.nl/pathways/PC567_r17.0.0_20260520160610,guanosine nucleotides degradation I,9
http://rdf-plantmetwiki.bioinformatics.nl/pathways/PC43_r17.0.0_20260520160610,thiazole component of thiamine pyrophosphate biosynthesis III,9
http://rdf-plantmetwiki.bioinformatics.nl/pathways/PC293_r17.0.0_20260520160610,guanosine nucleotides degradation II,9
http://rdf-plantmetwiki.bioinformatics.nl/pathways/PC60_r17.0.0_20260520160610,hydroxycinnamate sugar acid ester biosynthesis,9
http://rdf-plantmetwiki.bioinformatics.nl/pathways/PC889_r17.0.0_20260520160610,benzoyl-CoA biosynthesis,9
http://rdf-plantmetwiki.bioinformatics.nl/pathways/PC1021_r17.0.0_20260520160610,D-galactose degradation I (Leloir pathway),9
http://rdf-plantmetwiki.bioinformatics.nl/pathways/PC412_r17.0.0_20260520160610,phosphopantothenate biosynthesis II,9
http://rdf-plantmetwiki.bioinformatics.nl/pathways/PC653_r17.0.0_20260520160610,luteolin triglucuronide degradation,9
http://rdf-plantmetwiki.bioinformatics.nl/pathways/PC1133_r17.0.0_20260520160610,ricinoleate biosynthesis,9
http://rdf-plantmetwiki.bioinformatics.nl/pathways/PC931_r17.0.0_20260520160610,malate-oxaloacetate shuttle II,9
http://rdf-plantmetwiki.bioinformatics.nl/pathways/PC172_r17.0.0_20260520160610,gossypetin metabolism,9
http://rdf-plantmetwiki.bioinformatics.nl/pathways/PC400_r17.0.0_20260520160610,allantoin degradation to ureidoglycolate II (ammonia producing),9
http://rdf-plantmetwiki.bioinformatics.nl/pathways/PC338_r17.0.0_20260520160610,uracil degradation I (reductive),9
http://rdf-plantmetwiki.bioinformatics.nl/pathways/PC82_r17.0.0_20260520160610,naringenin glycoside biosynthesis,9
http://rdf-plantmetwiki.bioinformatics.nl/pathways/PC566_r17.0.0_20260520160610,(4R)-carvone biosynthesis,8
http://rdf-plantmetwiki.bioinformatics.nl/pathways/PC636_r17.0.0_20260520160610,betacyanin biosynthesis (via dopamine),8
http://rdf-plantmetwiki.bioinformatics.nl/pathways/PC662_r17.0.0_20260520160610,nitrate reduction II (assimilatory),8
http://rdf-plantmetwiki.bioinformatics.nl/pathways/PC752_r17.0.0_20260520160610,dTDP-L-rhamnose biosynthesis II,8
http://rdf-plantmetwiki.bioinformatics.nl/pathways/PC930_r17.0.0_20260520160610,glutathione biosynthesis,8
http://rdf-plantmetwiki.bioinformatics.nl/pathways/PC608_r17.0.0_20260520160610,luteolin glycosides biosynthesis,8
http://rdf-plantmetwiki.bioinformatics.nl/pathways/PC422_r17.0.0_20260520160610,choline biosynthesis III,8
http://rdf-plantmetwiki.bioinformatics.nl/pathways/PC174_r17.0.0_20260520160610,methylglyoxal degradation I,8
http://rdf-plantmetwiki.bioinformatics.nl/pathways/PC774_r17.0.0_20260520160610,pyruvate decarboxylation to acetyl CoA I,8
http://rdf-plantmetwiki.bioinformatics.nl/pathways/PC121_r17.0.0_20260520160610,anthocyanin biosynthesis (delphinidin 3-O-glucoside),8
http://rdf-plantmetwiki.bioinformatics.nl/pathways/PC793_r17.0.0_20260520160610,luteolin triglucuronide biosynthesis,8
http://rdf-plantmetwiki.bioinformatics.nl/pathways/PC551_r17.0.0_20260520160610,putrescine degradation IV,8
http://rdf-plantmetwiki.bioinformatics.nl/pathways/PC126_r17.0.0_20260520160610,L-proline biosynthesis III (from L-ornithine),8
http://rdf-plantmetwiki.bioinformatics.nl/pathways/PC279_r17.0.0_20260520160610,perillyl aldehyde biosynthesis,8
http://rdf-plantmetwiki.bioinformatics.nl/pathways/PC317_r17.0.0_20260520160610,superpathway of putrescine biosynthesis,8
http://rdf-plantmetwiki.bioinformatics.nl/pathways/PC124_r17.0.0_20260520160610,ternatin C5 biosynthesis,8
http://rdf-plantmetwiki.bioinformatics.nl/pathways/PC95_r17.0.0_20260520160610,L-serine biosynthesis I,8
http://rdf-plantmetwiki.bioinformatics.nl/pathways/PC1094_r17.0.0_20260520160610,D-sorbitol biosynthesis I,8
http://rdf-plantmetwiki.bioinformatics.nl/pathways/PC1024_r17.0.0_20260520160610,(4S)-carvone biosynthesis,8
http://rdf-plantmetwiki.bioinformatics.nl/pathways/PC257_r17.0.0_20260520160610,gibberellin inactivation II (methylation),8
http://rdf-plantmetwiki.bioinformatics.nl/pathways/PC260_r17.0.0_20260520160610,polyisoprenoid biosynthesis,8
http://rdf-plantmetwiki.bioinformatics.nl/pathways/PC10_r17.0.0_20260520160610,L-phenylalanine degradation V,8
http://rdf-plantmetwiki.bioinformatics.nl/pathways/PC1_r17.0.0_20260520160610,seleno-amino acid detoxification and volatilization III,8
http://rdf-plantmetwiki.bioinformatics.nl/pathways/PC955_r17.0.0_20260520160610,L-tryptophan degradation VI (via tryptamine),8
http://rdf-plantmetwiki.bioinformatics.nl/pathways/PC157_r17.0.0_20260520160610,mannitol biosynthesis,8
http://rdf-plantmetwiki.bioinformatics.nl/pathways/PC586_r17.0.0_20260520160610,pyrimidine ribonucleosides salvage I,8
http://rdf-plantmetwiki.bioinformatics.nl/pathways/PC532_r17.0.0_20260520160610,2-oxoisovalerate decarboxylation to isobutanoyl-CoA,8
http://rdf-plantmetwiki.bioinformatics.nl/pathways/PC274_r17.0.0_20260520160610,betaxanthin biosynthesis,8
http://rdf-plantmetwiki.bioinformatics.nl/pathways/PC251_r17.0.0_20260520160610,epoxysqualene biosynthesis,8
http://rdf-plantmetwiki.bioinformatics.nl/pathways/PC510_r17.0.0_20260520160610,sophoraflavanone G biosynthesis,8
http://rdf-plantmetwiki.bioinformatics.nl/pathways/PC803_r17.0.0_20260520160610,umbelliferone biosynthesis,8
http://rdf-plantmetwiki.bioinformatics.nl/pathways/PC231_r17.0.0_20260520160610,protein NEDDylation,8
http://rdf-plantmetwiki.bioinformatics.nl/pathways/PC842_r17.0.0_20260520160610,nitric oxide biosynthesis I (plants),8
http://rdf-plantmetwiki.bioinformatics.nl/pathways/PC310_r17.0.0_20260520160610,2-oxoglutarate decarboxylation to succinyl-CoA,8
http://rdf-plantmetwiki.bioinformatics.nl/pathways/PC657_r17.0.0_20260520160610,caffeoylglucarate biosynthesis,8
http://rdf-plantmetwiki.bioinformatics.nl/pathways/PC24_r17.0.0_20260520160610,"6,7,4'-trihydroxyisoflavone biosynthesis",8
http://rdf-plantmetwiki.bioinformatics.nl/pathways/PC114_r17.0.0_20260520160610,dimorphecolate biosynthesis,8
http://rdf-plantmetwiki.bioinformatics.nl/pathways/PC193_r17.0.0_20260520160610,dihydroconiferyl alcohol biosynthesis,8
http://rdf-plantmetwiki.bioinformatics.nl/pathways/PC98_r17.0.0_20260520160610,pyruvate fermentation to acetate IV,8
http://rdf-plantmetwiki.bioinformatics.nl/pathways/PC968_r17.0.0_20260520160610,scopoletin biosynthesis,8
http://rdf-plantmetwiki.bioinformatics.nl/pathways/PC102_r17.0.0_20260520160610,phospholipases (Chlamydomonas),8
http://rdf-plantmetwiki.bioinformatics.nl/pathways/PC938_r17.0.0_20260520160610,phosphatidylcholine biosynthesis I,8
http://rdf-plantmetwiki.bioinformatics.nl/pathways/PC772_r17.0.0_20260520160610,eugenol and isoeugenol biosynthesis,8
http://rdf-plantmetwiki.bioinformatics.nl/pathways/PC1065_r17.0.0_20260520160610,volatile benzenoid biosynthesis I (ester formation),8
http://rdf-plantmetwiki.bioinformatics.nl/pathways/PC323_r17.0.0_20260520160610,1-methylpyrrolinium biosynthesis,8
http://rdf-plantmetwiki.bioinformatics.nl/pathways/PC851_r17.0.0_20260520160610,cardiolipin biosynthesis II,8
http://rdf-plantmetwiki.bioinformatics.nl/pathways/PC805_r17.0.0_20260520160610,pentose phosphate pathway (oxidative branch) I,8
http://rdf-plantmetwiki.bioinformatics.nl/pathways/PC271_r17.0.0_20260520160610,santalene biosynthesis II,8
http://rdf-plantmetwiki.bioinformatics.nl/pathways/PC986_r17.0.0_20260520160610,linustatin bioactivation,8
http://rdf-plantmetwiki.bioinformatics.nl/pathways/PC786_r17.0.0_20260520160610,abscisic acid biosynthesis,8
http://rdf-plantmetwiki.bioinformatics.nl/pathways/PC872_r17.0.0_20260520160610,vanillin biosynthesis I,8
http://rdf-plantmetwiki.bioinformatics.nl/pathways/PC1071_r17.0.0_20260520160610,wogonin metabolism,8
http://rdf-plantmetwiki.bioinformatics.nl/pathways/PC988_r17.0.0_20260520160610,tetraacylsucrose biosynthesis (Solanum),8
http://rdf-plantmetwiki.bioinformatics.nl/pathways/PC963_r17.0.0_20260520160610,glycine betaine biosynthesis III (plants),8
http://rdf-plantmetwiki.bioinformatics.nl/pathways/PC796_r17.0.0_20260520160610,4-amino-2-methyl-5-diphosphomethylpyrimidine biosynthesis I,8
http://rdf-plantmetwiki.bioinformatics.nl/pathways/PC405_r17.0.0_20260520160610,nucleobase ascorbate transport I,8
http://rdf-plantmetwiki.bioinformatics.nl/pathways/PC170_r17.0.0_20260520160610,ethanol degradation IV,8
http://rdf-plantmetwiki.bioinformatics.nl/pathways/PC515_r17.0.0_20260520160610,galactosylcyclitol biosynthesis,8
http://rdf-plantmetwiki.bioinformatics.nl/pathways/PC205_r17.0.0_20260520160610,urea degradation I,8
http://rdf-plantmetwiki.bioinformatics.nl/pathways/PC754_r17.0.0_20260520160610,hinokiresinol biosynthesis,8
http://rdf-plantmetwiki.bioinformatics.nl/pathways/PC153_r17.0.0_20260520160610,usnate biosynthesis,8
http://rdf-plantmetwiki.bioinformatics.nl/pathways/PC287_r17.0.0_20260520160610,t-anethole biosynthesis,8
http://rdf-plantmetwiki.bioinformatics.nl/pathways/PC830_r17.0.0_20260520160610,dimethylsulfoniopropanoate biosynthesis I (Wollastonia),8
http://rdf-plantmetwiki.bioinformatics.nl/pathways/PC446_r17.0.0_20260520160610,quercetin triglucoside biosynthesis,8
http://rdf-plantmetwiki.bioinformatics.nl/pathways/PC1137_r17.0.0_20260520160610,zerumbone biosynthesis,8
http://rdf-plantmetwiki.bioinformatics.nl/pathways/PC125_r17.0.0_20260520160610,homoglutathione biosynthesis,8
http://rdf-plantmetwiki.bioinformatics.nl/pathways/PC133_r17.0.0_20260520160610,pyrimidine deoxyribonucleotide phosphorylation,8
http://rdf-plantmetwiki.bioinformatics.nl/pathways/PC917_r17.0.0_20260520160610,glycine cleavage,8
http://rdf-plantmetwiki.bioinformatics.nl/pathways/PC1057_r17.0.0_20260520160610,theobromine biosynthesis I,8
http://rdf-plantmetwiki.bioinformatics.nl/pathways/PC871_r17.0.0_20260520160610,mannitol degradation II,8
http://rdf-plantmetwiki.bioinformatics.nl/pathways/PC995_r17.0.0_20260520160610,plastoquinol-9 biosynthesis I,8
http://rdf-plantmetwiki.bioinformatics.nl/pathways/PC741_r17.0.0_20260520160610,"26,27-dehydrozymosterol metabolism",8
http://rdf-plantmetwiki.bioinformatics.nl/pathways/PC242_r17.0.0_20260520160610,thiamine pyrophosphate biosynthesis IV (eukaryotes),7
http://rdf-plantmetwiki.bioinformatics.nl/pathways/PC456_r17.0.0_20260520160610,abscisic acid degradation to phaseic acid,7
http://rdf-plantmetwiki.bioinformatics.nl/pathways/PC886_r17.0.0_20260520160610,cyanate degradation,7
http://rdf-plantmetwiki.bioinformatics.nl/pathways/PC737_r17.0.0_20260520160610,putrescine biosynthesis II,7
http://rdf-plantmetwiki.bioinformatics.nl/pathways/PC699_r17.0.0_20260520160610,GDP-mannose biosynthesis,7
http://rdf-plantmetwiki.bioinformatics.nl/pathways/PC780_r17.0.0_20260520160610,"cyanidin 3,7-diglucoside polyacylation biosynthesis",7
http://rdf-plantmetwiki.bioinformatics.nl/pathways/PC800_r17.0.0_20260520160610,thalianol and derivatives biosynthesis,7
http://rdf-plantmetwiki.bioinformatics.nl/pathways/PC724_r17.0.0_20260520160610,afrormosin conjugates interconversion,7
http://rdf-plantmetwiki.bioinformatics.nl/pathways/PC580_r17.0.0_20260520160610,"benzoate biosynthesis II (CoA-independent, non-β-oxidative)",7
http://rdf-plantmetwiki.bioinformatics.nl/pathways/PC892_r17.0.0_20260520160610,L-proline degradation I,7
http://rdf-plantmetwiki.bioinformatics.nl/pathways/PC859_r17.0.0_20260520160610,plaunotol biosynthesis,7
http://rdf-plantmetwiki.bioinformatics.nl/pathways/PC951_r17.0.0_20260520160610,raspberry ketone biosynthesis,7
http://rdf-plantmetwiki.bioinformatics.nl/pathways/PC874_r17.0.0_20260520160610,sulfoquinovosyl diacylglycerol biosynthesis,7
http://rdf-plantmetwiki.bioinformatics.nl/pathways/PC112_r17.0.0_20260520160610,L-arginine degradation I (arginase pathway),7
http://rdf-plantmetwiki.bioinformatics.nl/pathways/PC428_r17.0.0_20260520160610,"D-myo-inositol (1,3,4)-trisphosphate biosynthesis",7
http://rdf-plantmetwiki.bioinformatics.nl/pathways/PC821_r17.0.0_20260520160610,lutein biosynthesis,7
http://rdf-plantmetwiki.bioinformatics.nl/pathways/PC425_r17.0.0_20260520160610,GDP-α-D-glucose biosynthesis,7
http://rdf-plantmetwiki.bioinformatics.nl/pathways/PC707_r17.0.0_20260520160610,UDP-β-L-rhamnose biosynthesis,7
http://rdf-plantmetwiki.bioinformatics.nl/pathways/PC79_r17.0.0_20260520160610,ceramide degradation (generic),7
http://rdf-plantmetwiki.bioinformatics.nl/pathways/PC169_r17.0.0_20260520160610,"(3E)-4,8-dimethylnona-1,3,7-triene biosynthesis II",7
http://rdf-plantmetwiki.bioinformatics.nl/pathways/PC546_r17.0.0_20260520160610,fatty acid biosynthesis initiation (type II),7
http://rdf-plantmetwiki.bioinformatics.nl/pathways/PC1038_r17.0.0_20260520160610,indican biosynthesis,7
http://rdf-plantmetwiki.bioinformatics.nl/pathways/PC1004_r17.0.0_20260520160610,cadmium transport I,7
http://rdf-plantmetwiki.bioinformatics.nl/pathways/PC1029_r17.0.0_20260520160610,L-proline biosynthesis IV,7
http://rdf-plantmetwiki.bioinformatics.nl/pathways/PC545_r17.0.0_20260520160610,aloesone and aloesin biosynthesis,7
http://rdf-plantmetwiki.bioinformatics.nl/pathways/PC109_r17.0.0_20260520160610,S-adenosyl-L-methionine salvage II,7
http://rdf-plantmetwiki.bioinformatics.nl/pathways/PC759_r17.0.0_20260520160610,adenosine ribonucleotides de novo biosynthesis,7
http://rdf-plantmetwiki.bioinformatics.nl/pathways/PC349_r17.0.0_20260520160610,aerobic respiration III (alternative oxidase pathway),7
http://rdf-plantmetwiki.bioinformatics.nl/pathways/PC1140_r17.0.0_20260520160610,D-galactose detoxification,7
http://rdf-plantmetwiki.bioinformatics.nl/pathways/PC856_r17.0.0_20260520160610,anthocyanidin sophoroside metabolism,7
http://rdf-plantmetwiki.bioinformatics.nl/pathways/PC681_r17.0.0_20260520160610,stachyose biosynthesis,7
http://rdf-plantmetwiki.bioinformatics.nl/pathways/RC950_r17.0.0_20260520160610,3.6.3.35-RXN,7
http://rdf-plantmetwiki.bioinformatics.nl/pathways/PC396_r17.0.0_20260520160610,lactucaxanthin biosynthesis,7
http://rdf-plantmetwiki.bioinformatics.nl/pathways/PC556_r17.0.0_20260520160610,thioredoxin pathway,7
http://rdf-plantmetwiki.bioinformatics.nl/pathways/PC862_r17.0.0_20260520160610,betalamic acid biosynthesis,7
http://rdf-plantmetwiki.bioinformatics.nl/pathways/PC630_r17.0.0_20260520160610,D-sorbitol degradation I,7
http://rdf-plantmetwiki.bioinformatics.nl/pathways/PC116_r17.0.0_20260520160610,GDP-L-fucose biosynthesis I (from GDP-D-mannose),7
http://rdf-plantmetwiki.bioinformatics.nl/pathways/PC138_r17.0.0_20260520160610,9-lipoxygenase and 9-allene oxide synthase pathway,7
http://rdf-plantmetwiki.bioinformatics.nl/pathways/PC725_r17.0.0_20260520160610,galloylated catechin biosynthesis,7
http://rdf-plantmetwiki.bioinformatics.nl/pathways/PC252_r17.0.0_20260520160610,gramine biosynthesis,7
http://rdf-plantmetwiki.bioinformatics.nl/pathways/PC204_r17.0.0_20260520160610,UDP-α-D-galacturonate biosynthesis II (from D-galacturonate),7
http://rdf-plantmetwiki.bioinformatics.nl/pathways/PC1145_r17.0.0_20260520160610,all-trans-farnesol biosynthesis,7
http://rdf-plantmetwiki.bioinformatics.nl/pathways/PC1131_r17.0.0_20260520160610,superpathway of linalool biosynthesis,6
http://rdf-plantmetwiki.bioinformatics.nl/pathways/PC331_r17.0.0_20260520160610,zeaxanthin biosynthesis,6
http://rdf-plantmetwiki.bioinformatics.nl/pathways/PC837_r17.0.0_20260520160610,β-alanine biosynthesis I,6
http://rdf-plantmetwiki.bioinformatics.nl/pathways/PC8_r17.0.0_20260520160610,glycerol degradation I,6
http://rdf-plantmetwiki.bioinformatics.nl/pathways/PC864_r17.0.0_20260520160610,diacylglycerol biosynthesis (PUFA enrichment in oilseed),6
http://rdf-plantmetwiki.bioinformatics.nl/pathways/PC473_r17.0.0_20260520160610,hinokinin biosynthesis,6
http://rdf-plantmetwiki.bioinformatics.nl/pathways/PC1007_r17.0.0_20260520160610,geranyl β-primeveroside biosynthesis,6
http://rdf-plantmetwiki.bioinformatics.nl/pathways/PC684_r17.0.0_20260520160610,hydroxyjasmonate sulfate biosynthesis,6
http://rdf-plantmetwiki.bioinformatics.nl/pathways/PC1084_r17.0.0_20260520160610,oryzalide A biosynthesis,6
http://rdf-plantmetwiki.bioinformatics.nl/pathways/PC37_r17.0.0_20260520160610,glycerol-3-phosphate shuttle,6
http://rdf-plantmetwiki.bioinformatics.nl/pathways/PC531_r17.0.0_20260520160610,xylan biosynthesis,6
http://rdf-plantmetwiki.bioinformatics.nl/pathways/PC700_r17.0.0_20260520160610,rotenoid biosynthesis II,6
http://rdf-plantmetwiki.bioinformatics.nl/pathways/PC243_r17.0.0_20260520160610,rutin degradation (plants),6
http://rdf-plantmetwiki.bioinformatics.nl/pathways/PC196_r17.0.0_20260520160610,sterculate biosynthesis,6
http://rdf-plantmetwiki.bioinformatics.nl/pathways/PC83_r17.0.0_20260520160610,α-linolenate biosynthesis I (plants and red algae),6
http://rdf-plantmetwiki.bioinformatics.nl/pathways/PC222_r17.0.0_20260520160610,"D-myo-inositol (1,4,5)-trisphosphate degradation",6
http://rdf-plantmetwiki.bioinformatics.nl/pathways/PC661_r17.0.0_20260520160610,solasodine glycosylation,6
http://rdf-plantmetwiki.bioinformatics.nl/pathways/PC183_r17.0.0_20260520160610,theobromine biosynthesis II (via xanthine),6
http://rdf-plantmetwiki.bioinformatics.nl/pathways/PC1047_r17.0.0_20260520160610,gallate biosynthesis,6
http://rdf-plantmetwiki.bioinformatics.nl/pathways/PC393_r17.0.0_20260520160610,arctigenin and isoarctigenin biosynthesis,6
http://rdf-plantmetwiki.bioinformatics.nl/pathways/PC948_r17.0.0_20260520160610,seleno-amino acid detoxification and volatilization I,6
http://rdf-plantmetwiki.bioinformatics.nl/pathways/PC160_r17.0.0_20260520160610,amygdalin and prunasin degradation,6
http://rdf-plantmetwiki.bioinformatics.nl/pathways/PC66_r17.0.0_20260520160610,purine uptake,6
http://rdf-plantmetwiki.bioinformatics.nl/pathways/PC893_r17.0.0_20260520160610,NAD biosynthesis from nicotinamide,6
http://rdf-plantmetwiki.bioinformatics.nl/pathways/PC868_r17.0.0_20260520160610,methylhalides biosynthesis (plants),6
http://rdf-plantmetwiki.bioinformatics.nl/pathways/PC437_r17.0.0_20260520160610,farnesene biosynthesis,6
http://rdf-plantmetwiki.bioinformatics.nl/pathways/PC1073_r17.0.0_20260520160610,urate conversion to allantoin I,6
http://rdf-plantmetwiki.bioinformatics.nl/pathways/PC141_r17.0.0_20260520160610,CO₂ fixation into oxaloacetate (anaplerotic),6
http://rdf-plantmetwiki.bioinformatics.nl/pathways/PC352_r17.0.0_20260520160610,kaempferol diglycoside biosynthesis (pollen-specific),6
http://rdf-plantmetwiki.bioinformatics.nl/pathways/PC848_r17.0.0_20260520160610,(+)-secoisolariciresinol diglucoside biosynthesis,6
http://rdf-plantmetwiki.bioinformatics.nl/pathways/PC161_r17.0.0_20260520160610,spermine and spermidine degradation III,6
http://rdf-plantmetwiki.bioinformatics.nl/pathways/PC391_r17.0.0_20260520160610,anthocyanidin 3-malylglucoside biosynthesis (acyl-glucose dependent),6
http://rdf-plantmetwiki.bioinformatics.nl/pathways/PC1027_r17.0.0_20260520160610,aromatic polyketides biosynthesis,6
http://rdf-plantmetwiki.bioinformatics.nl/pathways/PC631_r17.0.0_20260520160610,ricinoleate biosynthesis,6
http://rdf-plantmetwiki.bioinformatics.nl/pathways/PC941_r17.0.0_20260520160610,bisbenzylisoquinoline alkaloid biosynthesis,6
http://rdf-plantmetwiki.bioinformatics.nl/pathways/PC334_r17.0.0_20260520160610,allantoin degradation to glyoxylate I,6
http://rdf-plantmetwiki.bioinformatics.nl/pathways/PC650_r17.0.0_20260520160610,ω-hydroxylation of laurate,6
http://rdf-plantmetwiki.bioinformatics.nl/pathways/PC905_r17.0.0_20260520160610,palmitoleate biosynthesis II (plants and bacteria),6
http://rdf-plantmetwiki.bioinformatics.nl/pathways/PC76_r17.0.0_20260520160610,D-serine metabolism,6
http://rdf-plantmetwiki.bioinformatics.nl/pathways/PC471_r17.0.0_20260520160610,delphinidin diglucoside biosynthesis (acyl-glucose dependent),6
http://rdf-plantmetwiki.bioinformatics.nl/pathways/PC1053_r17.0.0_20260520160610,pyruvate fermentation to ethanol II,6
http://rdf-plantmetwiki.bioinformatics.nl/pathways/PC564_r17.0.0_20260520160610,curcumene biosynthesis,6
http://rdf-plantmetwiki.bioinformatics.nl/pathways/PC960_r17.0.0_20260520160610,acyl carrier protein metabolism,6
http://rdf-plantmetwiki.bioinformatics.nl/pathways/PC685_r17.0.0_20260520160610,pterostilbene biosynthesis,6
http://rdf-plantmetwiki.bioinformatics.nl/pathways/PC284_r17.0.0_20260520160610,laudanine biosynthesis,6
http://rdf-plantmetwiki.bioinformatics.nl/pathways/PC834_r17.0.0_20260520160610,"diacylglyceryl-N,N,N-trimethylhomoserine biosynthesis",6
http://rdf-plantmetwiki.bioinformatics.nl/pathways/PC283_r17.0.0_20260520160610,willardiine and isowillardiine biosynthesis,6
http://rdf-plantmetwiki.bioinformatics.nl/pathways/PC781_r17.0.0_20260520160610,β-caryophyllene biosynthesis,6
http://rdf-plantmetwiki.bioinformatics.nl/pathways/PC4_r17.0.0_20260520160610,chlorophyll a biosynthesis III,6
http://rdf-plantmetwiki.bioinformatics.nl/pathways/PC214_r17.0.0_20260520160610,plumbagin biosynthesis,6
http://rdf-plantmetwiki.bioinformatics.nl/pathways/PC1088_r17.0.0_20260520160610,juglone biosynthesis,6
http://rdf-plantmetwiki.bioinformatics.nl/pathways/PC635_r17.0.0_20260520160610,chlorophyll a biosynthesis I,6
http://rdf-plantmetwiki.bioinformatics.nl/pathways/PC156_r17.0.0_20260520160610,divinyl ether biosynthesis I,6
http://rdf-plantmetwiki.bioinformatics.nl/pathways/PC1003_r17.0.0_20260520160610,geraniol and geranial biosynthesis,6
http://rdf-plantmetwiki.bioinformatics.nl/pathways/PC320_r17.0.0_20260520160610,fructan degradation,6
http://rdf-plantmetwiki.bioinformatics.nl/pathways/PC439_r17.0.0_20260520160610,mangrove triterpenoid biosynthesis,6
http://rdf-plantmetwiki.bioinformatics.nl/pathways/PC1034_r17.0.0_20260520160610,L-asparagine degradation II,6
http://rdf-plantmetwiki.bioinformatics.nl/pathways/PC715_r17.0.0_20260520160610,indole-3-acetate biosynthesis I,6
http://rdf-plantmetwiki.bioinformatics.nl/pathways/PC232_r17.0.0_20260520160610,eudesmol biosynthesis,6
http://rdf-plantmetwiki.bioinformatics.nl/pathways/PC149_r17.0.0_20260520160610,caffeine degradation II,6
http://rdf-plantmetwiki.bioinformatics.nl/pathways/PC855_r17.0.0_20260520160610,fenchol biosynthesis II,6
http://rdf-plantmetwiki.bioinformatics.nl/pathways/PC589_r17.0.0_20260520160610,tuberonate glucoside biosynthesis,6
http://rdf-plantmetwiki.bioinformatics.nl/pathways/PC775_r17.0.0_20260520160610,fenchone biosynthesis,6
http://rdf-plantmetwiki.bioinformatics.nl/pathways/PC411_r17.0.0_20260520160610,chlorophyll a degradation III,6
http://rdf-plantmetwiki.bioinformatics.nl/pathways/PC406_r17.0.0_20260520160610,"3,5-dimethoxytoluene biosynthesis",6
http://rdf-plantmetwiki.bioinformatics.nl/pathways/PC178_r17.0.0_20260520160610,neolinustatin bioactivation,6
http://rdf-plantmetwiki.bioinformatics.nl/pathways/PC919_r17.0.0_20260520160610,dalpatein and dalnigrein biosynthesis,6
http://rdf-plantmetwiki.bioinformatics.nl/pathways/PC1111_r17.0.0_20260520160610,methylquercetin biosynthesis,6
http://rdf-plantmetwiki.bioinformatics.nl/pathways/PC577_r17.0.0_20260520160610,vernolate biosynthesis III,6
http://rdf-plantmetwiki.bioinformatics.nl/pathways/PC93_r17.0.0_20260520160610,(-)-camphor biosynthesis,6
http://rdf-plantmetwiki.bioinformatics.nl/pathways/PC882_r17.0.0_20260520160610,ethanol degradation I,6
http://rdf-plantmetwiki.bioinformatics.nl/pathways/PC397_r17.0.0_20260520160610,magnoflorine biosynthesis,6
http://rdf-plantmetwiki.bioinformatics.nl/pathways/PC198_r17.0.0_20260520160610,(+)-camphor biosynthesis,6
http://rdf-plantmetwiki.bioinformatics.nl/pathways/PC1009_r17.0.0_20260520160610,indigo biosynthesis,6
http://rdf-plantmetwiki.bioinformatics.nl/pathways/PC254_r17.0.0_20260520160610,iron reduction and absorption,6
http://rdf-plantmetwiki.bioinformatics.nl/pathways/PC230_r17.0.0_20260520160610,2-O-acetyl-3-O-trans-coutarate biosynthesis,6
http://rdf-plantmetwiki.bioinformatics.nl/pathways/PC35_r17.0.0_20260520160610,CA1P biosynthesis,6
http://rdf-plantmetwiki.bioinformatics.nl/pathways/PC996_r17.0.0_20260520160610,bergamotene biosynthesis II,6
http://rdf-plantmetwiki.bioinformatics.nl/pathways/PC822_r17.0.0_20260520160610,"(E,E)-4,8,12-trimethyltrideca-1,3,7,11-tetraene biosynthesis",6
http://rdf-plantmetwiki.bioinformatics.nl/pathways/PC321_r17.0.0_20260520160610,acylsucrose biosynthesis (Solanum pennellii),6
http://rdf-plantmetwiki.bioinformatics.nl/pathways/PC544_r17.0.0_20260520160610,ajugose biosynthesis II (galactinol-independent),6
http://rdf-plantmetwiki.bioinformatics.nl/pathways/PC129_r17.0.0_20260520160610,L-canavanine degradation I,6
http://rdf-plantmetwiki.bioinformatics.nl/pathways/PC294_r17.0.0_20260520160610,pinolenate and coniferonate biosynthesis,6
http://rdf-plantmetwiki.bioinformatics.nl/pathways/PC1157_r17.0.0_20260520160610,9-lipoxygenase and 9-hydroperoxide lyase pathway,6
http://rdf-plantmetwiki.bioinformatics.nl/pathways/PC1095_r17.0.0_20260520160610,CMP-KDO biosynthesis II (from D-arabinose 5-phosphate),6
http://rdf-plantmetwiki.bioinformatics.nl/pathways/PC936_r17.0.0_20260520160610,salicylate biosynthesis III,6
http://rdf-plantmetwiki.bioinformatics.nl/pathways/PC1148_r17.0.0_20260520160610,salicylate glucosides biosynthesis II,6
http://rdf-plantmetwiki.bioinformatics.nl/pathways/PC455_r17.0.0_20260520160610,tricetin methylation,6
http://rdf-plantmetwiki.bioinformatics.nl/pathways/PC975_r17.0.0_20260520160610,DIMBOA-glucoside biosynthesis,6
http://rdf-plantmetwiki.bioinformatics.nl/pathways/RC923_r17.0.0_20260520160610,ICOSANOYL-COA-SYNTHASE-RXN,5
http://rdf-plantmetwiki.bioinformatics.nl/pathways/PC19_r17.0.0_20260520160610,folate polyglutamylation II,5
http://rdf-plantmetwiki.bioinformatics.nl/pathways/PC682_r17.0.0_20260520160610,phenylethanol glycoconjugate biosynthesis,5
http://rdf-plantmetwiki.bioinformatics.nl/pathways/PC852_r17.0.0_20260520160610,maysin biosynthesis,5
http://rdf-plantmetwiki.bioinformatics.nl/pathways/PC281_r17.0.0_20260520160610,adenosine deoxyribonucleotides de novo biosynthesis I,5
http://rdf-plantmetwiki.bioinformatics.nl/pathways/PC627_r17.0.0_20260520160610,sulfate activation for sulfonation,5
http://rdf-plantmetwiki.bioinformatics.nl/pathways/PC983_r17.0.0_20260520160610,"fructose 2,6-bisphosphate biosynthesis",5
http://rdf-plantmetwiki.bioinformatics.nl/pathways/PC101_r17.0.0_20260520160610,cis-abienol biosynthesis,5
http://rdf-plantmetwiki.bioinformatics.nl/pathways/PC854_r17.0.0_20260520160610,glycolate and glyoxylate degradation II,5
http://rdf-plantmetwiki.bioinformatics.nl/pathways/RC975_r17.0.0_20260520160610,RXN-11676,5
http://rdf-plantmetwiki.bioinformatics.nl/pathways/PC950_r17.0.0_20260520160610,phosphatidylserine and phosphatidylethanolamine biosynthesis I,5
http://rdf-plantmetwiki.bioinformatics.nl/pathways/PC402_r17.0.0_20260520160610,coniferin metabolism,5
http://rdf-plantmetwiki.bioinformatics.nl/pathways/PC897_r17.0.0_20260520160610,"phenylpropanoid biosynthesis, initial reactions",5
http://rdf-plantmetwiki.bioinformatics.nl/pathways/RC605_r17.0.0_20260520160610,TDCEACT-RXN,5
http://rdf-plantmetwiki.bioinformatics.nl/pathways/PC127_r17.0.0_20260520160610,serinol biosynthesis,5
http://rdf-plantmetwiki.bioinformatics.nl/pathways/PC309_r17.0.0_20260520160610,daphnin interconversion,5
http://rdf-plantmetwiki.bioinformatics.nl/pathways/PC708_r17.0.0_20260520160610,guanine and guanosine salvage II,5
http://rdf-plantmetwiki.bioinformatics.nl/pathways/PC1041_r17.0.0_20260520160610,GDP-L-fucose biosynthesis II (from L-fucose),5
http://rdf-plantmetwiki.bioinformatics.nl/pathways/PC273_r17.0.0_20260520160610,esculetin biosynthesis,5
http://rdf-plantmetwiki.bioinformatics.nl/pathways/PC404_r17.0.0_20260520160610,quercetin glucoside degradation (Allium),5
http://rdf-plantmetwiki.bioinformatics.nl/pathways/PC100_r17.0.0_20260520160610,methyl indole-3-acetate interconversion,5
http://rdf-plantmetwiki.bioinformatics.nl/pathways/PC753_r17.0.0_20260520160610,rose anthocyanin biosynthesis II (via cyanidin 3-O-β-D-glucoside),5
http://rdf-plantmetwiki.bioinformatics.nl/pathways/PC720_r17.0.0_20260520160610,rose anthocyanin biosynthesis I (via cyanidin 5-O-β-D-glucoside),5
http://rdf-plantmetwiki.bioinformatics.nl/pathways/PC558_r17.0.0_20260520160610,choline degradation I,5
http://rdf-plantmetwiki.bioinformatics.nl/pathways/PC701_r17.0.0_20260520160610,pyruvate fermentation to acetoin,5
http://rdf-plantmetwiki.bioinformatics.nl/pathways/PC698_r17.0.0_20260520160610,D-serine degradation,5
http://rdf-plantmetwiki.bioinformatics.nl/pathways/RC1315_r17.0.0_20260520160610,RXN-8349,5
http://rdf-plantmetwiki.bioinformatics.nl/pathways/PC443_r17.0.0_20260520160610,L-glutamate biosynthesis IV,5
http://rdf-plantmetwiki.bioinformatics.nl/pathways/PC880_r17.0.0_20260520160610,dehydroscoulerine biosynthesis,5
http://rdf-plantmetwiki.bioinformatics.nl/pathways/PC702_r17.0.0_20260520160610,geranyl acetate biosynthesis,5
http://rdf-plantmetwiki.bioinformatics.nl/pathways/PC1158_r17.0.0_20260520160610,spermidine biosynthesis I,5
http://rdf-plantmetwiki.bioinformatics.nl/pathways/PC466_r17.0.0_20260520160610,capsanthin and capsorubin biosynthesis,5
http://rdf-plantmetwiki.bioinformatics.nl/pathways/PC25_r17.0.0_20260520160610,trehalose biosynthesis I,5
http://rdf-plantmetwiki.bioinformatics.nl/pathways/PC530_r17.0.0_20260520160610,A series fagopyritols biosynthesis,5
http://rdf-plantmetwiki.bioinformatics.nl/pathways/PC527_r17.0.0_20260520160610,4-aminobenzoate biosynthesis I,5
http://rdf-plantmetwiki.bioinformatics.nl/pathways/PC1129_r17.0.0_20260520160610,L-threonine biosynthesis,5
http://rdf-plantmetwiki.bioinformatics.nl/pathways/PC845_r17.0.0_20260520160610,quercetin diglycoside biosynthesis (pollen-specific),5
http://rdf-plantmetwiki.bioinformatics.nl/pathways/RC852_r17.0.0_20260520160610,RXN-21167,5
http://rdf-plantmetwiki.bioinformatics.nl/pathways/PC497_r17.0.0_20260520160610,B series fagopyritols biosynthesis,5
http://rdf-plantmetwiki.bioinformatics.nl/pathways/PC168_r17.0.0_20260520160610,cinnamoyl-CoA biosynthesis,5
http://rdf-plantmetwiki.bioinformatics.nl/pathways/PC539_r17.0.0_20260520160610,S-methyl-5'-thioadenosine degradation I,5
http://rdf-plantmetwiki.bioinformatics.nl/pathways/PC91_r17.0.0_20260520160610,trehalose degradation II (cytosolic),5
http://rdf-plantmetwiki.bioinformatics.nl/pathways/PC315_r17.0.0_20260520160610,phaseollin biosynthesis,5
http://rdf-plantmetwiki.bioinformatics.nl/pathways/PC671_r17.0.0_20260520160610,hordatine biosynthesis,5
http://rdf-plantmetwiki.bioinformatics.nl/pathways/PC191_r17.0.0_20260520160610,kaempferol gentiobioside biosynthesis,5
http://rdf-plantmetwiki.bioinformatics.nl/pathways/RC181_r17.0.0_20260520160610,TRANS-RXN4LZ-6845,5
http://rdf-plantmetwiki.bioinformatics.nl/pathways/RC634_r17.0.0_20260520160610,2.8.1.6-RXN,5
http://rdf-plantmetwiki.bioinformatics.nl/pathways/PC971_r17.0.0_20260520160610,terminal olefins biosynthesis II,5
http://rdf-plantmetwiki.bioinformatics.nl/pathways/PC373_r17.0.0_20260520160610,4-hydroxybenzoate biosynthesis IV (plants),5
http://rdf-plantmetwiki.bioinformatics.nl/pathways/PC263_r17.0.0_20260520160610,L-methionine degradation II,5
http://rdf-plantmetwiki.bioinformatics.nl/pathways/RC512_r17.0.0_20260520160610,RXN-18199,5
http://rdf-plantmetwiki.bioinformatics.nl/pathways/PC285_r17.0.0_20260520160610,indole-3-acetate inactivation I,5
http://rdf-plantmetwiki.bioinformatics.nl/pathways/PC1067_r17.0.0_20260520160610,phytol salvage pathway,5
http://rdf-plantmetwiki.bioinformatics.nl/pathways/PC679_r17.0.0_20260520160610,abscisic acid degradation by glucosylation,5
http://rdf-plantmetwiki.bioinformatics.nl/pathways/PC572_r17.0.0_20260520160610,betaxanthin biosynthesis (via dopamine),5
http://rdf-plantmetwiki.bioinformatics.nl/pathways/RC287_r17.0.0_20260520160610,RXN-10794,5
http://rdf-plantmetwiki.bioinformatics.nl/pathways/RC565_r17.0.0_20260520160610,14-oxolanosterol deformylase,5
http://rdf-plantmetwiki.bioinformatics.nl/pathways/PC458_r17.0.0_20260520160610,spermine biosynthesis,5
http://rdf-plantmetwiki.bioinformatics.nl/pathways/RC364_r17.0.0_20260520160610,RXN-11675,5
http://rdf-plantmetwiki.bioinformatics.nl/pathways/PC640_r17.0.0_20260520160610,lathyrine biosynthesis,5
http://rdf-plantmetwiki.bioinformatics.nl/pathways/PC612_r17.0.0_20260520160610,L-glutamate biosynthesis V,5
http://rdf-plantmetwiki.bioinformatics.nl/pathways/PC945_r17.0.0_20260520160610,homogalacturonan biosynthesis,5
http://rdf-plantmetwiki.bioinformatics.nl/pathways/RC229_r17.0.0_20260520160610,RXN-19833,5
http://rdf-plantmetwiki.bioinformatics.nl/pathways/PC547_r17.0.0_20260520160610,cichoriin interconversion,5
http://rdf-plantmetwiki.bioinformatics.nl/pathways/PC990_r17.0.0_20260520160610,myricetin gentiobioside biosynthesis,5
http://rdf-plantmetwiki.bioinformatics.nl/pathways/PC366_r17.0.0_20260520160610,pyridoxal 5'-phosphate biosynthesis II,5
http://rdf-plantmetwiki.bioinformatics.nl/pathways/PC1152_r17.0.0_20260520160610,4-hydroxycoumarin and dicoumarol biosynthesis,5
http://rdf-plantmetwiki.bioinformatics.nl/pathways/PC669_r17.0.0_20260520160610,L-cysteine biosynthesis I,5
http://rdf-plantmetwiki.bioinformatics.nl/pathways/PC1055_r17.0.0_20260520160610,L-glutamate biosynthesis II,5
http://rdf-plantmetwiki.bioinformatics.nl/pathways/PC13_r17.0.0_20260520160610,guanosine deoxyribonucleotides de novo biosynthesis I,5
http://rdf-plantmetwiki.bioinformatics.nl/pathways/PC394_r17.0.0_20260520160610,4-aminobutanoate degradation I,5
http://rdf-plantmetwiki.bioinformatics.nl/pathways/PC209_r17.0.0_20260520160610,malate-oxaloacetate shuttle I,5
http://rdf-plantmetwiki.bioinformatics.nl/pathways/PC876_r17.0.0_20260520160610,N-methylanthraniloyl-β-D-glucopyranose biosynthesis,5
http://rdf-plantmetwiki.bioinformatics.nl/pathways/PC460_r17.0.0_20260520160610,UDP-β-L-arabinose biosynthesis II (from β-L-arabinose),5
http://rdf-plantmetwiki.bioinformatics.nl/pathways/PC799_r17.0.0_20260520160610,acetate and ATP formation from acetyl-CoA I,5
http://rdf-plantmetwiki.bioinformatics.nl/pathways/PC1087_r17.0.0_20260520160610,hydroxymethylpyrimidine salvage,5
http://rdf-plantmetwiki.bioinformatics.nl/pathways/PC237_r17.0.0_20260520160610,methylsalicylate degradation,5
http://rdf-plantmetwiki.bioinformatics.nl/pathways/PC647_r17.0.0_20260520160610,L-asparagine biosynthesis I,5
http://rdf-plantmetwiki.bioinformatics.nl/pathways/PC658_r17.0.0_20260520160610,"L-phenylalanine biosynthesis III (cytosolic, plants)",5
http://rdf-plantmetwiki.bioinformatics.nl/pathways/PC213_r17.0.0_20260520160610,wax esters biosynthesis I,5
http://rdf-plantmetwiki.bioinformatics.nl/pathways/RC1181_r17.0.0_20260520160610,6.3.5.7-RXN,5
http://rdf-plantmetwiki.bioinformatics.nl/pathways/PC599_r17.0.0_20260520160610,baicalein degradation (hydrogen peroxide detoxification),5
http://rdf-plantmetwiki.bioinformatics.nl/pathways/PC794_r17.0.0_20260520160610,adenine and adenosine salvage II,5
http://rdf-plantmetwiki.bioinformatics.nl/pathways/PC659_r17.0.0_20260520160610,sulfur volatiles biosynthesis,5
http://rdf-plantmetwiki.bioinformatics.nl/pathways/PC517_r17.0.0_20260520160610,oligomeric urushiol biosynthesis,5
http://rdf-plantmetwiki.bioinformatics.nl/pathways/PC461_r17.0.0_20260520160610,UDP-α-D-xylose biosynthesis,5
http://rdf-plantmetwiki.bioinformatics.nl/pathways/RC801_r17.0.0_20260520160610,RXN-21170,5
http://rdf-plantmetwiki.bioinformatics.nl/pathways/RC1120_r17.0.0_20260520160610,3.6.3.44-RXN,5
http://rdf-plantmetwiki.bioinformatics.nl/pathways/RC1182_r17.0.0_20260520160610,6.3.5.6-RXN,5
http://rdf-plantmetwiki.bioinformatics.nl/pathways/PC499_r17.0.0_20260520160610,vestitol and sativan biosynthesis,5
http://rdf-plantmetwiki.bioinformatics.nl/pathways/PC1098_r17.0.0_20260520160610,CMP phosphorylation,4
http://rdf-plantmetwiki.bioinformatics.nl/pathways/PC270_r17.0.0_20260520160610,copper transport I,4
http://rdf-plantmetwiki.bioinformatics.nl/pathways/RC403_r17.0.0_20260520160610,RXN-13003,4
http://rdf-plantmetwiki.bioinformatics.nl/pathways/PC624_r17.0.0_20260520160610,pyruvate fermentation to (S)-lactate,4
http://rdf-plantmetwiki.bioinformatics.nl/pathways/RC971_r17.0.0_20260520160610,RXN-10437,4
http://rdf-plantmetwiki.bioinformatics.nl/pathways/RC824_r17.0.0_20260520160610,<i>cis</i>-abscisic alcohol monooxygenase,4
http://rdf-plantmetwiki.bioinformatics.nl/pathways/RC604_r17.0.0_20260520160610,2.7.9.4-RXN,4
http://rdf-plantmetwiki.bioinformatics.nl/pathways/PC36_r17.0.0_20260520160610,(3R)-linalool biosynthesis,4
http://rdf-plantmetwiki.bioinformatics.nl/pathways/PC1079_r17.0.0_20260520160610,marneral biosynthesis,4
http://rdf-plantmetwiki.bioinformatics.nl/pathways/RC583_r17.0.0_20260520160610,RXN-10435,4
http://rdf-plantmetwiki.bioinformatics.nl/pathways/PC965_r17.0.0_20260520160610,valencene and 7-epi-α-selinene biosynthesis,4
http://rdf-plantmetwiki.bioinformatics.nl/pathways/RC608_r17.0.0_20260520160610,2.7.9.5-RXN,4
http://rdf-plantmetwiki.bioinformatics.nl/pathways/RC734_r17.0.0_20260520160610,RXN-1883,4
http://rdf-plantmetwiki.bioinformatics.nl/pathways/PC479_r17.0.0_20260520160610,"trans, trans-farnesyl pyrophosphate biosynthesis",4
http://rdf-plantmetwiki.bioinformatics.nl/pathways/PC903_r17.0.0_20260520160610,3-methylthiopropanoate biosynthesis,4
http://rdf-plantmetwiki.bioinformatics.nl/pathways/RC1179_r17.0.0_20260520160610,RXN-8406,4
http://rdf-plantmetwiki.bioinformatics.nl/pathways/PC689_r17.0.0_20260520160610,calmodulin regulated calcium transport,4
http://rdf-plantmetwiki.bioinformatics.nl/pathways/RC140_r17.0.0_20260520160610,RXN-602,4
http://rdf-plantmetwiki.bioinformatics.nl/pathways/RC1302_r17.0.0_20260520160610,1.14.13.87-RXN,4
http://rdf-plantmetwiki.bioinformatics.nl/pathways/PC494_r17.0.0_20260520160610,glutathione-glutaredoxin redox reactions,4
http://rdf-plantmetwiki.bioinformatics.nl/pathways/RC633_r17.0.0_20260520160610,RXN1F-10,4
http://rdf-plantmetwiki.bioinformatics.nl/pathways/PC644_r17.0.0_20260520160610,ent-kaurene biosynthesis II,4
http://rdf-plantmetwiki.bioinformatics.nl/pathways/PC459_r17.0.0_20260520160610,chrysin biosynthesis,4
http://rdf-plantmetwiki.bioinformatics.nl/pathways/RC1134_r17.0.0_20260520160610,RXN-13508,4
http://rdf-plantmetwiki.bioinformatics.nl/pathways/RC785_r17.0.0_20260520160610,RXN-13017,4
http://rdf-plantmetwiki.bioinformatics.nl/pathways/RC1082_r17.0.0_20260520160610,RXN-13027,4
http://rdf-plantmetwiki.bioinformatics.nl/pathways/PC106_r17.0.0_20260520160610,vicianin bioactivation,4
http://rdf-plantmetwiki.bioinformatics.nl/pathways/RC465_r17.0.0_20260520160610,PROLINE-MULTI,4
http://rdf-plantmetwiki.bioinformatics.nl/pathways/RC832_r17.0.0_20260520160610,RXN-4602,4
http://rdf-plantmetwiki.bioinformatics.nl/pathways/RC706_r17.0.0_20260520160610,GLUTDEHYD-RXN,4
http://rdf-plantmetwiki.bioinformatics.nl/pathways/PC885_r17.0.0_20260520160610,des-methyl avenacin A-1 biosynthesis,4
http://rdf-plantmetwiki.bioinformatics.nl/pathways/PC610_r17.0.0_20260520160610,superoxide radicals degradation,4
http://rdf-plantmetwiki.bioinformatics.nl/pathways/RC21_r17.0.0_20260520160610,RXN-13506,4
http://rdf-plantmetwiki.bioinformatics.nl/pathways/RC56_r17.0.0_20260520160610,RXN-22735,4
http://rdf-plantmetwiki.bioinformatics.nl/pathways/RC209_r17.0.0_20260520160610,RXN-17677,4
http://rdf-plantmetwiki.bioinformatics.nl/pathways/RC26_r17.0.0_20260520160610,RXN-12878,4
http://rdf-plantmetwiki.bioinformatics.nl/pathways/PC475_r17.0.0_20260520160610,3-dehydroquinate biosynthesis I,4
http://rdf-plantmetwiki.bioinformatics.nl/pathways/PC522_r17.0.0_20260520160610,S-methyl-L-methionine cycle,4
http://rdf-plantmetwiki.bioinformatics.nl/pathways/RC103_r17.0.0_20260520160610,RXN-12989,4
http://rdf-plantmetwiki.bioinformatics.nl/pathways/PC419_r17.0.0_20260520160610,(R)-canadine biosynthesis,4
http://rdf-plantmetwiki.bioinformatics.nl/pathways/PC1117_r17.0.0_20260520160610,pentaketide chromone biosynthesis,4
http://rdf-plantmetwiki.bioinformatics.nl/pathways/RC629_r17.0.0_20260520160610,SELENOCYSTEINE-LYASE-RXN,4
http://rdf-plantmetwiki.bioinformatics.nl/pathways/PC914_r17.0.0_20260520160610,lampranthin biosynthesis,4
http://rdf-plantmetwiki.bioinformatics.nl/pathways/PC256_r17.0.0_20260520160610,acetyl-CoA biosynthesis from citrate,4
http://rdf-plantmetwiki.bioinformatics.nl/pathways/RC892_r17.0.0_20260520160610,1.14.15.6-RXN,4
http://rdf-plantmetwiki.bioinformatics.nl/pathways/RC640_r17.0.0_20260520160610,GLUTAMATESYN-RXN,4
http://rdf-plantmetwiki.bioinformatics.nl/pathways/RC1221_r17.0.0_20260520160610,RXN-10431,4
http://rdf-plantmetwiki.bioinformatics.nl/pathways/PC1046_r17.0.0_20260520160610,lacinilene C biosynthesis,4
http://rdf-plantmetwiki.bioinformatics.nl/pathways/PC1054_r17.0.0_20260520160610,(3S)-linalool biosynthesis,4
http://rdf-plantmetwiki.bioinformatics.nl/pathways/RC884_r17.0.0_20260520160610,1.14.13.117-RXN,4
http://rdf-plantmetwiki.bioinformatics.nl/pathways/PC1114_r17.0.0_20260520160610,copper transport II,4
http://rdf-plantmetwiki.bioinformatics.nl/pathways/RC1023_r17.0.0_20260520160610,RXN-10884,4
http://rdf-plantmetwiki.bioinformatics.nl/pathways/RC941_r17.0.0_20260520160610,GALACTOLIPASE-RXN,4
http://rdf-plantmetwiki.bioinformatics.nl/pathways/RC1162_r17.0.0_20260520160610,RXN-10734,4
http://rdf-plantmetwiki.bioinformatics.nl/pathways/PC11_r17.0.0_20260520160610,acetate and ATP formation from acetyl-CoA II,4
http://rdf-plantmetwiki.bioinformatics.nl/pathways/RC568_r17.0.0_20260520160610,RXN-12799,4
http://rdf-plantmetwiki.bioinformatics.nl/pathways/RC237_r17.0.0_20260520160610,RXN-10429,4
http://rdf-plantmetwiki.bioinformatics.nl/pathways/PC571_r17.0.0_20260520160610,pyrimidine ribonucleosides salvage II,4
http://rdf-plantmetwiki.bioinformatics.nl/pathways/PC142_r17.0.0_20260520160610,UDP-α-D-glucose biosynthesis,4
http://rdf-plantmetwiki.bioinformatics.nl/pathways/RC1050_r17.0.0_20260520160610,RXN-12883,4
http://rdf-plantmetwiki.bioinformatics.nl/pathways/PC731_r17.0.0_20260520160610,peonidin and derivatives biosynthesis,4
http://rdf-plantmetwiki.bioinformatics.nl/pathways/RC557_r17.0.0_20260520160610,RXN-1402,4
http://rdf-plantmetwiki.bioinformatics.nl/pathways/RC332_r17.0.0_20260520160610,1.2.1.27-RXN,4
http://rdf-plantmetwiki.bioinformatics.nl/pathways/RC886_r17.0.0_20260520160610,RXN-19749,4
http://rdf-plantmetwiki.bioinformatics.nl/pathways/RC74_r17.0.0_20260520160610,6.3.4.11-RXN,4
http://rdf-plantmetwiki.bioinformatics.nl/pathways/RC946_r17.0.0_20260520160610,RXN-19786,4
http://rdf-plantmetwiki.bioinformatics.nl/pathways/RC1092_r17.0.0_20260520160610,Farnesyl-diphosphate farnesyltransferase,4
http://rdf-plantmetwiki.bioinformatics.nl/pathways/RC367_r17.0.0_20260520160610,1.14.11.19-RXN,4
http://rdf-plantmetwiki.bioinformatics.nl/pathways/PC575_r17.0.0_20260520160610,rubber biosynthesis,4
http://rdf-plantmetwiki.bioinformatics.nl/pathways/RC768_r17.0.0_20260520160610,RXN-8071,4
http://rdf-plantmetwiki.bioinformatics.nl/pathways/RC658_r17.0.0_20260520160610,RXN-13021,4
http://rdf-plantmetwiki.bioinformatics.nl/pathways/RC281_r17.0.0_20260520160610,RXN-13507,4
http://rdf-plantmetwiki.bioinformatics.nl/pathways/RC372_r17.0.0_20260520160610,RXN1ZN3-10,4
http://rdf-plantmetwiki.bioinformatics.nl/pathways/RC519_r17.0.0_20260520160610,RXN-12202,4
http://rdf-plantmetwiki.bioinformatics.nl/pathways/RC310_r17.0.0_20260520160610,RXN-19639,4
http://rdf-plantmetwiki.bioinformatics.nl/pathways/RC212_r17.0.0_20260520160610,RXN-14325,4
http://rdf-plantmetwiki.bioinformatics.nl/pathways/RC539_r17.0.0_20260520160610,ACETYL-COA-CARBOXYLTRANSFER-RXN,4
http://rdf-plantmetwiki.bioinformatics.nl/pathways/RC1156_r17.0.0_20260520160610,RXN-7863,4
http://rdf-plantmetwiki.bioinformatics.nl/pathways/RC129_r17.0.0_20260520160610,RXN-20084,4
http://rdf-plantmetwiki.bioinformatics.nl/pathways/RC877_r17.0.0_20260520160610,RXN-13190,4
http://rdf-plantmetwiki.bioinformatics.nl/pathways/PC117_r17.0.0_20260520160610,abscisic acid degradation to neophaseic acid,4
http://rdf-plantmetwiki.bioinformatics.nl/pathways/RC128_r17.0.0_20260520160610,RXN-10432,4
http://rdf-plantmetwiki.bioinformatics.nl/pathways/RC378_r17.0.0_20260520160610,RXN-13189,4
http://rdf-plantmetwiki.bioinformatics.nl/pathways/PC20_r17.0.0_20260520160610,putrescine biosynthesis III,4
http://rdf-plantmetwiki.bioinformatics.nl/pathways/RC1293_r17.0.0_20260520160610,RXN-10885,4
http://rdf-plantmetwiki.bioinformatics.nl/pathways/PC591_r17.0.0_20260520160610,lotaustralin degradation,4
http://rdf-plantmetwiki.bioinformatics.nl/pathways/RC49_r17.0.0_20260520160610,RXN-10886,4
http://rdf-plantmetwiki.bioinformatics.nl/pathways/PC1075_r17.0.0_20260520160610,linalool biosynthesis I,4
http://rdf-plantmetwiki.bioinformatics.nl/pathways/RC376_r17.0.0_20260520160610,1.5.1.7-RXN,4
http://rdf-plantmetwiki.bioinformatics.nl/pathways/PC656_r17.0.0_20260520160610,santalene biosynthesis I,4
http://rdf-plantmetwiki.bioinformatics.nl/pathways/PC313_r17.0.0_20260520160610,ajugose biosynthesis I (galactinol-dependent),4
http://rdf-plantmetwiki.bioinformatics.nl/pathways/RC1152_r17.0.0_20260520160610,RXN-10735,4
http://rdf-plantmetwiki.bioinformatics.nl/pathways/RC739_r17.0.0_20260520160610,RXN-13187,4
http://rdf-plantmetwiki.bioinformatics.nl/pathways/RC333_r17.0.0_20260520160610,RXN-19785,4
http://rdf-plantmetwiki.bioinformatics.nl/pathways/RC246_r17.0.0_20260520160610,RXN66-339,4
http://rdf-plantmetwiki.bioinformatics.nl/pathways/PC1018_r17.0.0_20260520160610,extended VTC2 cycle,4
http://rdf-plantmetwiki.bioinformatics.nl/pathways/RC774_r17.0.0_20260520160610,RXN-12201,4
http://rdf-plantmetwiki.bioinformatics.nl/pathways/PC831_r17.0.0_20260520160610,allantoin degradation to ureidoglycolate I (urea producing),4
http://rdf-plantmetwiki.bioinformatics.nl/pathways/RC669_r17.0.0_20260520160610,RXN-10436,4
http://rdf-plantmetwiki.bioinformatics.nl/pathways/RC535_r17.0.0_20260520160610,RXN-13014,4
http://rdf-plantmetwiki.bioinformatics.nl/pathways/PC384_r17.0.0_20260520160610,putrescine biosynthesis I,4
http://rdf-plantmetwiki.bioinformatics.nl/pathways/PC470_r17.0.0_20260520160610,labdenediol and sclareol biosynthesis,4
http://rdf-plantmetwiki.bioinformatics.nl/pathways/PC48_r17.0.0_20260520160610,linamarin degradation,4
http://rdf-plantmetwiki.bioinformatics.nl/pathways/RC159_r17.0.0_20260520160610,RXN-10433,4
http://rdf-plantmetwiki.bioinformatics.nl/pathways/PC158_r17.0.0_20260520160610,L-glutamine biosynthesis I,4
http://rdf-plantmetwiki.bioinformatics.nl/pathways/RC712_r17.0.0_20260520160610,GARTRANSFORMYL2-RXN,4
http://rdf-plantmetwiki.bioinformatics.nl/pathways/PC928_r17.0.0_20260520160610,dhurrin degradation,4
http://rdf-plantmetwiki.bioinformatics.nl/pathways/PC291_r17.0.0_20260520160610,methyl indole-3-acetate interconversion,4
http://rdf-plantmetwiki.bioinformatics.nl/pathways/RC1239_r17.0.0_20260520160610,ASNSYNA-RXN,4
http://rdf-plantmetwiki.bioinformatics.nl/pathways/PC526_r17.0.0_20260520160610,UDP-glucose biosynthesis (from sucrose),4
http://rdf-plantmetwiki.bioinformatics.nl/pathways/RC556_r17.0.0_20260520160610,1.14.13.118-RXN,4
http://rdf-plantmetwiki.bioinformatics.nl/pathways/RC829_r17.0.0_20260520160610,RXN4FS-23,4
http://rdf-plantmetwiki.bioinformatics.nl/pathways/PC249_r17.0.0_20260520160610,glutathione degradation,4
http://rdf-plantmetwiki.bioinformatics.nl/pathways/RC365_r17.0.0_20260520160610,RXN-10434,4
http://rdf-plantmetwiki.bioinformatics.nl/pathways/PC395_r17.0.0_20260520160610,coumarin metabolism (to melilotic acid),4
http://rdf-plantmetwiki.bioinformatics.nl/pathways/RC610_r17.0.0_20260520160610,HYDROXYPRODEHYDROG-RXN,4
http://rdf-plantmetwiki.bioinformatics.nl/pathways/PC6_r17.0.0_20260520160610,L-glutamate degradation I,4
http://rdf-plantmetwiki.bioinformatics.nl/pathways/PC262_r17.0.0_20260520160610,molybdenum cofactor sulfulylation (eukaryotes),4
http://rdf-plantmetwiki.bioinformatics.nl/pathways/RC818_r17.0.0_20260520160610,GMP-SYN-NH3-RXN,4
http://rdf-plantmetwiki.bioinformatics.nl/pathways/PC865_r17.0.0_20260520160610,3-amino-3-phenylpropanoyl-CoA biosynthesis,4
http://rdf-plantmetwiki.bioinformatics.nl/pathways/PC167_r17.0.0_20260520160610,homophytochelatin biosynthesis,4
http://rdf-plantmetwiki.bioinformatics.nl/pathways/PC492_r17.0.0_20260520160610,indole-3-acetate activation I,4
http://rdf-plantmetwiki.bioinformatics.nl/pathways/RC252_r17.0.0_20260520160610,RXN-10887,4
http://rdf-plantmetwiki.bioinformatics.nl/pathways/PC815_r17.0.0_20260520160610,cyanidin dimalonylglucoside biosynthesis,4
http://rdf-plantmetwiki.bioinformatics.nl/pathways/RC458_r17.0.0_20260520160610,RXN-10438,4
http://rdf-plantmetwiki.bioinformatics.nl/pathways/PC370_r17.0.0_20260520160610,cornusiin E biosynthesis,4
http://rdf-plantmetwiki.bioinformatics.nl/pathways/PC306_r17.0.0_20260520160610,cis-calamenene related sesquiterpenoids biosynthesis,4
http://rdf-plantmetwiki.bioinformatics.nl/pathways/RC724_r17.0.0_20260520160610,RXN-10733,4
http://rdf-plantmetwiki.bioinformatics.nl/pathways/RC653_r17.0.0_20260520160610,FATTY-ACYL-COA-SYNTHASE-RXN,4
http://rdf-plantmetwiki.bioinformatics.nl/pathways/RC1095_r17.0.0_20260520160610,RXN-10430,4
http://rdf-plantmetwiki.bioinformatics.nl/pathways/PC388_r17.0.0_20260520160610,diploterol biosynthesis,4
http://rdf-plantmetwiki.bioinformatics.nl/pathways/PC513_r17.0.0_20260520160610,selinene biosynthesis,4
http://rdf-plantmetwiki.bioinformatics.nl/pathways/PC974_r17.0.0_20260520160610,abscisic acid degradation to 7'-hydroxyabscisate,3
http://rdf-plantmetwiki.bioinformatics.nl/pathways/PC200_r17.0.0_20260520160610,xylogalacturonan biosynthesis,3
http://rdf-plantmetwiki.bioinformatics.nl/pathways/RC63_r17.0.0_20260520160610,RXN-13183,3
http://rdf-plantmetwiki.bioinformatics.nl/pathways/RC1129_r17.0.0_20260520160610,RXN-10774,3
http://rdf-plantmetwiki.bioinformatics.nl/pathways/RC716_r17.0.0_20260520160610,RXN-23907,3
http://rdf-plantmetwiki.bioinformatics.nl/pathways/PC418_r17.0.0_20260520160610,guaiacol biosynthesis,3
http://rdf-plantmetwiki.bioinformatics.nl/pathways/RC1274_r17.0.0_20260520160610,RXN-10811,3
http://rdf-plantmetwiki.bioinformatics.nl/pathways/RC682_r17.0.0_20260520160610,ALCOHOL-DEHYDROGENASE-NADPORNOP+-RXN,3
http://rdf-plantmetwiki.bioinformatics.nl/pathways/RC999_r17.0.0_20260520160610,RXN-3103,3
http://rdf-plantmetwiki.bioinformatics.nl/pathways/RC806_r17.0.0_20260520160610,arachidonate &Delta;<sup>17</sup> desaturase,3
http://rdf-plantmetwiki.bioinformatics.nl/pathways/RC60_r17.0.0_20260520160610,RXN-12680,3
http://rdf-plantmetwiki.bioinformatics.nl/pathways/RC786_r17.0.0_20260520160610,RXN-21166,3
http://rdf-plantmetwiki.bioinformatics.nl/pathways/RC148_r17.0.0_20260520160610,RXN-13024,3
http://rdf-plantmetwiki.bioinformatics.nl/pathways/RC52_r17.0.0_20260520160610,RXN-11281,3
http://rdf-plantmetwiki.bioinformatics.nl/pathways/RC83_r17.0.0_20260520160610,THIAMINASE-RXN,3
http://rdf-plantmetwiki.bioinformatics.nl/pathways/PC81_r17.0.0_20260520160610,myo-inositol biosynthesis,3
http://rdf-plantmetwiki.bioinformatics.nl/pathways/RC896_r17.0.0_20260520160610,CINNAMOYL-COA-REDUCTASE-RXN,3
http://rdf-plantmetwiki.bioinformatics.nl/pathways/RC323_r17.0.0_20260520160610,RXN-7826,3
http://rdf-plantmetwiki.bioinformatics.nl/pathways/RC205_r17.0.0_20260520160610,RXN-20768,3
http://rdf-plantmetwiki.bioinformatics.nl/pathways/RC414_r17.0.0_20260520160610,RXN-18970,3
http://rdf-plantmetwiki.bioinformatics.nl/pathways/RC546_r17.0.0_20260520160610,NUCLEOSIDE-TRIPHOSPHATASE-RXN,3
http://rdf-plantmetwiki.bioinformatics.nl/pathways/RC86_r17.0.0_20260520160610,RXN-9081,3
http://rdf-plantmetwiki.bioinformatics.nl/pathways/PC1112_r17.0.0_20260520160610,γ-linolenate biosynthesis I (plants),3
http://rdf-plantmetwiki.bioinformatics.nl/pathways/RC1045_r17.0.0_20260520160610,RXN-21160,3
http://rdf-plantmetwiki.bioinformatics.nl/pathways/RC491_r17.0.0_20260520160610,RXN-15011,3
http://rdf-plantmetwiki.bioinformatics.nl/pathways/RC1313_r17.0.0_20260520160610,RXN-14215,3
http://rdf-plantmetwiki.bioinformatics.nl/pathways/RC796_r17.0.0_20260520160610,RXNQT-4140,3
http://rdf-plantmetwiki.bioinformatics.nl/pathways/RC579_r17.0.0_20260520160610,RXN-11224,3
http://rdf-plantmetwiki.bioinformatics.nl/pathways/RC1199_r17.0.0_20260520160610,7KAPSYN-RXN,3
http://rdf-plantmetwiki.bioinformatics.nl/pathways/RC903_r17.0.0_20260520160610,RXN-8089,3
http://rdf-plantmetwiki.bioinformatics.nl/pathways/PC1130_r17.0.0_20260520160610,chrysoeriol biosynthesis,3
http://rdf-plantmetwiki.bioinformatics.nl/pathways/RC59_r17.0.0_20260520160610,RXN-14754,3
http://rdf-plantmetwiki.bioinformatics.nl/pathways/RC956_r17.0.0_20260520160610,ALDHDEHYDROG-RXN,3
http://rdf-plantmetwiki.bioinformatics.nl/pathways/RC842_r17.0.0_20260520160610,RXN-7645,3
http://rdf-plantmetwiki.bioinformatics.nl/pathways/RC777_r17.0.0_20260520160610,"4,4-dimethylzymosterol 4-hydroxylase",3
http://rdf-plantmetwiki.bioinformatics.nl/pathways/RC469_r17.0.0_20260520160610,RXN-10879,3
http://rdf-plantmetwiki.bioinformatics.nl/pathways/RC681_r17.0.0_20260520160610,RXN-14208,3
http://rdf-plantmetwiki.bioinformatics.nl/pathways/PC47_r17.0.0_20260520160610,L-alanine biosynthesis II,3
http://rdf-plantmetwiki.bioinformatics.nl/pathways/RC616_r17.0.0_20260520160610,RXN-18896,3
http://rdf-plantmetwiki.bioinformatics.nl/pathways/RC575_r17.0.0_20260520160610,RXN-10874,3
http://rdf-plantmetwiki.bioinformatics.nl/pathways/RC872_r17.0.0_20260520160610,RXN-6081,3
http://rdf-plantmetwiki.bioinformatics.nl/pathways/RC942_r17.0.0_20260520160610,RXN-18343,3
http://rdf-plantmetwiki.bioinformatics.nl/pathways/PC1085_r17.0.0_20260520160610,crepenynate biosynthesis,3
http://rdf-plantmetwiki.bioinformatics.nl/pathways/RC1240_r17.0.0_20260520160610,RXNQT-4393,3
http://rdf-plantmetwiki.bioinformatics.nl/pathways/RC488_r17.0.0_20260520160610,1.14.13.77-RXN,3
http://rdf-plantmetwiki.bioinformatics.nl/pathways/RC1279_r17.0.0_20260520160610,HOMOCYSTEINE-S-METHYLTRANSFERASE-RXN,3
http://rdf-plantmetwiki.bioinformatics.nl/pathways/RC662_r17.0.0_20260520160610,RXN-4224,3
http://rdf-plantmetwiki.bioinformatics.nl/pathways/RC934_r17.0.0_20260520160610,RXN-7825,3
http://rdf-plantmetwiki.bioinformatics.nl/pathways/RC985_r17.0.0_20260520160610,RXN-13020,3
http://rdf-plantmetwiki.bioinformatics.nl/pathways/RC578_r17.0.0_20260520160610,RXN-9911,3
http://rdf-plantmetwiki.bioinformatics.nl/pathways/RC643_r17.0.0_20260520160610,RXN-18212,3
http://rdf-plantmetwiki.bioinformatics.nl/pathways/RC464_r17.0.0_20260520160610,RXN-13185,3
http://rdf-plantmetwiki.bioinformatics.nl/pathways/RC799_r17.0.0_20260520160610,RXN-12610,3
http://rdf-plantmetwiki.bioinformatics.nl/pathways/RC341_r17.0.0_20260520160610,RXN-4230,3
http://rdf-plantmetwiki.bioinformatics.nl/pathways/RC949_r17.0.0_20260520160610,RXN-19010,3
http://rdf-plantmetwiki.bioinformatics.nl/pathways/RC54_r17.0.0_20260520160610,3.5.1.52-RXN,3
http://rdf-plantmetwiki.bioinformatics.nl/pathways/RC174_r17.0.0_20260520160610,ALCOHOL-DEHYDROG-GENERIC-RXN,3
http://rdf-plantmetwiki.bioinformatics.nl/pathways/RC1037_r17.0.0_20260520160610,RXN-18962,3
http://rdf-plantmetwiki.bioinformatics.nl/pathways/RC51_r17.0.0_20260520160610,RXN-10869,3
http://rdf-plantmetwiki.bioinformatics.nl/pathways/RC639_r17.0.0_20260520160610,1.14.19.1-RXN,3
http://rdf-plantmetwiki.bioinformatics.nl/pathways/RC538_r17.0.0_20260520160610,RXN-12185,3
http://rdf-plantmetwiki.bioinformatics.nl/pathways/RC974_r17.0.0_20260520160610,RXN-11226,3
http://rdf-plantmetwiki.bioinformatics.nl/pathways/RC153_r17.0.0_20260520160610,RXN-18957,3
http://rdf-plantmetwiki.bioinformatics.nl/pathways/RC967_r17.0.0_20260520160610,RXN-12670,3
http://rdf-plantmetwiki.bioinformatics.nl/pathways/RC1269_r17.0.0_20260520160610,"4&alpha;-formyl-5&alpha;-cholesta-8,24-dien-3&beta;-ol 4-hydroxylase",3
http://rdf-plantmetwiki.bioinformatics.nl/pathways/RC286_r17.0.0_20260520160610,RXN-8408,3
http://rdf-plantmetwiki.bioinformatics.nl/pathways/RC272_r17.0.0_20260520160610,RXN-12879,3
http://rdf-plantmetwiki.bioinformatics.nl/pathways/RC1184_r17.0.0_20260520160610,RXN-18938,3
http://rdf-plantmetwiki.bioinformatics.nl/pathways/RC1116_r17.0.0_20260520160610,RXN-18939,3
http://rdf-plantmetwiki.bioinformatics.nl/pathways/RC1119_r17.0.0_20260520160610,RXN-22828,3
http://rdf-plantmetwiki.bioinformatics.nl/pathways/RC783_r17.0.0_20260520160610,RXN-16995,3
http://rdf-plantmetwiki.bioinformatics.nl/pathways/RC368_r17.0.0_20260520160610,RXN-22729,3
http://rdf-plantmetwiki.bioinformatics.nl/pathways/RC705_r17.0.0_20260520160610,RXN-18968,3
http://rdf-plantmetwiki.bioinformatics.nl/pathways/RC833_r17.0.0_20260520160610,RXN-14004,3
http://rdf-plantmetwiki.bioinformatics.nl/pathways/RC127_r17.0.0_20260520160610,ACYLPHOSPHATASE-RXN,3
http://rdf-plantmetwiki.bioinformatics.nl/pathways/RC245_r17.0.0_20260520160610,1.14.99.37-RXN,3
http://rdf-plantmetwiki.bioinformatics.nl/pathways/PC776_r17.0.0_20260520160610,gentisate 5-O-β-D-xylopyranoside biosynthesis,3
http://rdf-plantmetwiki.bioinformatics.nl/pathways/RC271_r17.0.0_20260520160610,4&alpha;-methyl-zymosterol 4-hydroxylase,3
http://rdf-plantmetwiki.bioinformatics.nl/pathways/PC429_r17.0.0_20260520160610,ponciretin biosynthesis,3
http://rdf-plantmetwiki.bioinformatics.nl/pathways/RC758_r17.0.0_20260520160610,flavonone 3&prime;-hydroxylase,3
http://rdf-plantmetwiki.bioinformatics.nl/pathways/PC690_r17.0.0_20260520160610,calycosin 7-O-glucoside biosynthesis,3
http://rdf-plantmetwiki.bioinformatics.nl/pathways/RC1262_r17.0.0_20260520160610,RXN-21161,3
http://rdf-plantmetwiki.bioinformatics.nl/pathways/RC1099_r17.0.0_20260520160610,RXN0-3542,3
http://rdf-plantmetwiki.bioinformatics.nl/pathways/RC584_r17.0.0_20260520160610,RXN-13433,3
http://rdf-plantmetwiki.bioinformatics.nl/pathways/RC880_r17.0.0_20260520160610,RXN-8162,3
http://rdf-plantmetwiki.bioinformatics.nl/pathways/RC1236_r17.0.0_20260520160610,RXN-23869,3
http://rdf-plantmetwiki.bioinformatics.nl/pathways/RC793_r17.0.0_20260520160610,RXN-12539,3
http://rdf-plantmetwiki.bioinformatics.nl/pathways/PC64_r17.0.0_20260520160610,taxiphyllin bioactivation,3
http://rdf-plantmetwiki.bioinformatics.nl/pathways/RC446_r17.0.0_20260520160610,RXNQT-4178,3
http://rdf-plantmetwiki.bioinformatics.nl/pathways/RC111_r17.0.0_20260520160610,ACETYL-COA-HYDROLASE-RXN,3
http://rdf-plantmetwiki.bioinformatics.nl/pathways/RC1189_r17.0.0_20260520160610,RXN-8001,3
http://rdf-plantmetwiki.bioinformatics.nl/pathways/RC750_r17.0.0_20260520160610,RXN-18159,3
http://rdf-plantmetwiki.bioinformatics.nl/pathways/RC194_r17.0.0_20260520160610,RXN-23914,3
http://rdf-plantmetwiki.bioinformatics.nl/pathways/RC518_r17.0.0_20260520160610,RXN-20373,3
http://rdf-plantmetwiki.bioinformatics.nl/pathways/RC1197_r17.0.0_20260520160610,RXN-19128,3
http://rdf-plantmetwiki.bioinformatics.nl/pathways/RC283_r17.0.0_20260520160610,RXN-7657,3
http://rdf-plantmetwiki.bioinformatics.nl/pathways/RC191_r17.0.0_20260520160610,RXN-7876,3
http://rdf-plantmetwiki.bioinformatics.nl/pathways/RC1291_r17.0.0_20260520160610,2.5.1.46-RXN,3
http://rdf-plantmetwiki.bioinformatics.nl/pathways/PC1069_r17.0.0_20260520160610,coniferyl alcohol 9-methyl ether biosynthesis,3
http://rdf-plantmetwiki.bioinformatics.nl/pathways/PC714_r17.0.0_20260520160610,phosphatidylinositol biosynthesis II (eukaryotes),3
http://rdf-plantmetwiki.bioinformatics.nl/pathways/RC173_r17.0.0_20260520160610,RXN-8243,3
http://rdf-plantmetwiki.bioinformatics.nl/pathways/RC338_r17.0.0_20260520160610,isocitrate dehydrogenase (NADP<small><sup>+</sup></small>),3
http://rdf-plantmetwiki.bioinformatics.nl/pathways/RC151_r17.0.0_20260520160610,CYSTAGLY-RXN,3
http://rdf-plantmetwiki.bioinformatics.nl/pathways/RC34_r17.0.0_20260520160610,THIAZOLSYN3-RXN,3
http://rdf-plantmetwiki.bioinformatics.nl/pathways/RC759_r17.0.0_20260520160610,RXNQT-4316,3
http://rdf-plantmetwiki.bioinformatics.nl/pathways/RC290_r17.0.0_20260520160610,RXN-8737,3
http://rdf-plantmetwiki.bioinformatics.nl/pathways/RC317_r17.0.0_20260520160610,RXN-18356,3
http://rdf-plantmetwiki.bioinformatics.nl/pathways/RC113_r17.0.0_20260520160610,RXN0-4401,3
http://rdf-plantmetwiki.bioinformatics.nl/pathways/RC130_r17.0.0_20260520160610,RXN-11223,3
http://rdf-plantmetwiki.bioinformatics.nl/pathways/RC899_r17.0.0_20260520160610,RXN-7002,3
http://rdf-plantmetwiki.bioinformatics.nl/pathways/RC564_r17.0.0_20260520160610,3.1.1.23-RXN,3
http://rdf-plantmetwiki.bioinformatics.nl/pathways/RC377_r17.0.0_20260520160610,RXN-13023,3
http://rdf-plantmetwiki.bioinformatics.nl/pathways/RC701_r17.0.0_20260520160610,RXN-18342,3
http://rdf-plantmetwiki.bioinformatics.nl/pathways/PC1081_r17.0.0_20260520160610,hydrogen production VIII,3
http://rdf-plantmetwiki.bioinformatics.nl/pathways/RC1280_r17.0.0_20260520160610,RXN-9722,3
http://rdf-plantmetwiki.bioinformatics.nl/pathways/RC1130_r17.0.0_20260520160610,RXN-18344,3
http://rdf-plantmetwiki.bioinformatics.nl/pathways/RC423_r17.0.0_20260520160610,RXN-11585,3
http://rdf-plantmetwiki.bioinformatics.nl/pathways/RC617_r17.0.0_20260520160610,RXN-12961,3
http://rdf-plantmetwiki.bioinformatics.nl/pathways/RC348_r17.0.0_20260520160610,RXN-8090,3
http://rdf-plantmetwiki.bioinformatics.nl/pathways/RC972_r17.0.0_20260520160610,RXN-14024,3
http://rdf-plantmetwiki.bioinformatics.nl/pathways/RC143_r17.0.0_20260520160610,RXN1F-444,3
http://rdf-plantmetwiki.bioinformatics.nl/pathways/RC324_r17.0.0_20260520160610,RXN-10770,3
http://rdf-plantmetwiki.bioinformatics.nl/pathways/RC1285_r17.0.0_20260520160610,hydroxypyruvate reductase (NADP+),3
http://rdf-plantmetwiki.bioinformatics.nl/pathways/RC989_r17.0.0_20260520160610,RXN-8348,3
http://rdf-plantmetwiki.bioinformatics.nl/pathways/RC755_r17.0.0_20260520160610,3-OXOACYL-ACP-SYNTH-BASE-RXN,3
http://rdf-plantmetwiki.bioinformatics.nl/pathways/RC189_r17.0.0_20260520160610,RXN-10720,3
http://rdf-plantmetwiki.bioinformatics.nl/pathways/RC767_r17.0.0_20260520160610,RXN-13191,3
http://rdf-plantmetwiki.bioinformatics.nl/pathways/RC855_r17.0.0_20260520160610,RXN-1441,3
http://rdf-plantmetwiki.bioinformatics.nl/pathways/PC179_r17.0.0_20260520160610,D-mannose degradation I,3
http://rdf-plantmetwiki.bioinformatics.nl/pathways/RC344_r17.0.0_20260520160610,CINNAMYL-ALCOHOL-DEHYDROGENASE-RXN,3
http://rdf-plantmetwiki.bioinformatics.nl/pathways/RC187_r17.0.0_20260520160610,RXN-22915,3
http://rdf-plantmetwiki.bioinformatics.nl/pathways/RC438_r17.0.0_20260520160610,RXN-13193,3
http://rdf-plantmetwiki.bioinformatics.nl/pathways/RC644_r17.0.0_20260520160610,RXN-11930,3
http://rdf-plantmetwiki.bioinformatics.nl/pathways/RC947_r17.0.0_20260520160610,RXN-14858,3
http://rdf-plantmetwiki.bioinformatics.nl/pathways/RC858_r17.0.0_20260520160610,RXN-18965,3
http://rdf-plantmetwiki.bioinformatics.nl/pathways/RC328_r17.0.0_20260520160610,RXN-21538,3
http://rdf-plantmetwiki.bioinformatics.nl/pathways/RC1299_r17.0.0_20260520160610,SHCHCSYNTH-RXN,3
http://rdf-plantmetwiki.bioinformatics.nl/pathways/RC13_r17.0.0_20260520160610,RXN-13005,3
http://rdf-plantmetwiki.bioinformatics.nl/pathways/RC1100_r17.0.0_20260520160610,RXN-18780,3
http://rdf-plantmetwiki.bioinformatics.nl/pathways/RC67_r17.0.0_20260520160610,RXN-23866,3
http://rdf-plantmetwiki.bioinformatics.nl/pathways/RC1022_r17.0.0_20260520160610,ATPASE-RXN,3
http://rdf-plantmetwiki.bioinformatics.nl/pathways/RC992_r17.0.0_20260520160610,RXN-16415,3
http://rdf-plantmetwiki.bioinformatics.nl/pathways/RC204_r17.0.0_20260520160610,LCYSDESULF-RXN,3
http://rdf-plantmetwiki.bioinformatics.nl/pathways/PC408_r17.0.0_20260520160610,starch degradation I,3
http://rdf-plantmetwiki.bioinformatics.nl/pathways/RC20_r17.0.0_20260520160610,2.4.1.194-RXN,3
http://rdf-plantmetwiki.bioinformatics.nl/pathways/RC145_r17.0.0_20260520160610,RXN-13025,3
http://rdf-plantmetwiki.bioinformatics.nl/pathways/RC135_r17.0.0_20260520160610,RXN-22406,3
http://rdf-plantmetwiki.bioinformatics.nl/pathways/RC628_r17.0.0_20260520160610,RXN-12259,3
http://rdf-plantmetwiki.bioinformatics.nl/pathways/RC533_r17.0.0_20260520160610,INOSINEKIN-RXN,3
http://rdf-plantmetwiki.bioinformatics.nl/pathways/PC151_r17.0.0_20260520160610,dimethylsulfoniopropanoate degradation I (cleavage),3
http://rdf-plantmetwiki.bioinformatics.nl/pathways/RC401_r17.0.0_20260520160610,RXN-6542,3
http://rdf-plantmetwiki.bioinformatics.nl/pathways/RC32_r17.0.0_20260520160610,RXN-18960,3
http://rdf-plantmetwiki.bioinformatics.nl/pathways/RC1135_r17.0.0_20260520160610,ARGININE-2-MONOOXYGENASE-RXN,3
http://rdf-plantmetwiki.bioinformatics.nl/pathways/RC599_r17.0.0_20260520160610,1.11.1.15-RXN,3
http://rdf-plantmetwiki.bioinformatics.nl/pathways/RC623_r17.0.0_20260520160610,RXN-21169,3
http://rdf-plantmetwiki.bioinformatics.nl/pathways/RC303_r17.0.0_20260520160610,RXN-7753,3
http://rdf-plantmetwiki.bioinformatics.nl/pathways/RC489_r17.0.0_20260520160610,1.14.13.76-RXN,3
http://rdf-plantmetwiki.bioinformatics.nl/pathways/RC343_r17.0.0_20260520160610,RXNQT-4174,3
http://rdf-plantmetwiki.bioinformatics.nl/pathways/RC680_r17.0.0_20260520160610,RXN-14658,3
http://rdf-plantmetwiki.bioinformatics.nl/pathways/RC1276_r17.0.0_20260520160610,RXN-12085,3
http://rdf-plantmetwiki.bioinformatics.nl/pathways/RC589_r17.0.0_20260520160610,RXN-11662,3
http://rdf-plantmetwiki.bioinformatics.nl/pathways/RC861_r17.0.0_20260520160610,RXN-9564,3
http://rdf-plantmetwiki.bioinformatics.nl/pathways/PC424_r17.0.0_20260520160610,punicate biosynthesis,3
http://rdf-plantmetwiki.bioinformatics.nl/pathways/RC684_r17.0.0_20260520160610,RXN-8354,3
http://rdf-plantmetwiki.bioinformatics.nl/pathways/RC1215_r17.0.0_20260520160610,TRIPHOSPHATASE-RXN,3
http://rdf-plantmetwiki.bioinformatics.nl/pathways/PC529_r17.0.0_20260520160610,salicylate biosynthesis I,3
http://rdf-plantmetwiki.bioinformatics.nl/pathways/RC719_r17.0.0_20260520160610,2.4.1.126-RXN,3
http://rdf-plantmetwiki.bioinformatics.nl/pathways/RC916_r17.0.0_20260520160610,3-SULFINYL-PYRUVATE-SPON-RXN,3
http://rdf-plantmetwiki.bioinformatics.nl/pathways/RC656_r17.0.0_20260520160610,RXN-12325,3
http://rdf-plantmetwiki.bioinformatics.nl/pathways/RC911_r17.0.0_20260520160610,SPERMIDINE-DEHYDROGENASE-RXN,3
http://rdf-plantmetwiki.bioinformatics.nl/pathways/RC1066_r17.0.0_20260520160610,RXN-14003,3
http://rdf-plantmetwiki.bioinformatics.nl/pathways/RC1208_r17.0.0_20260520160610,FORMYLTHFDEFORMYL-RXN,3
http://rdf-plantmetwiki.bioinformatics.nl/pathways/RC851_r17.0.0_20260520160610,RXN-13016,3
http://rdf-plantmetwiki.bioinformatics.nl/pathways/RC462_r17.0.0_20260520160610,Fenton reaction,3
http://rdf-plantmetwiki.bioinformatics.nl/pathways/RC208_r17.0.0_20260520160610,RXN-12863,3
http://rdf-plantmetwiki.bioinformatics.nl/pathways/RC876_r17.0.0_20260520160610,RXN-14205,3
http://rdf-plantmetwiki.bioinformatics.nl/pathways/RC802_r17.0.0_20260520160610,3.1.3.77-RXN,3
http://rdf-plantmetwiki.bioinformatics.nl/pathways/RC1219_r17.0.0_20260520160610,UDPSUGARHYDRO-RXN,3
http://rdf-plantmetwiki.bioinformatics.nl/pathways/RC225_r17.0.0_20260520160610,RXN-14217,3
http://rdf-plantmetwiki.bioinformatics.nl/pathways/RC951_r17.0.0_20260520160610,RXN-8355,3
http://rdf-plantmetwiki.bioinformatics.nl/pathways/RC641_r17.0.0_20260520160610,RXN-10767,3
http://rdf-plantmetwiki.bioinformatics.nl/pathways/RC1147_r17.0.0_20260520160610,RXN-14058,3
http://rdf-plantmetwiki.bioinformatics.nl/pathways/RC995_r17.0.0_20260520160610,Amine oxidase (flavin-containing),3
http://rdf-plantmetwiki.bioinformatics.nl/pathways/RC418_r17.0.0_20260520160610,RXN-9567,3
http://rdf-plantmetwiki.bioinformatics.nl/pathways/PC433_r17.0.0_20260520160610,acacetin biosynthesis,3
http://rdf-plantmetwiki.bioinformatics.nl/pathways/RC540_r17.0.0_20260520160610,RXN-18971,3
http://rdf-plantmetwiki.bioinformatics.nl/pathways/RC452_r17.0.0_20260520160610,RXN-12805,3
http://rdf-plantmetwiki.bioinformatics.nl/pathways/RC1104_r17.0.0_20260520160610,1.14.13.74-RXN,3
http://rdf-plantmetwiki.bioinformatics.nl/pathways/RC381_r17.0.0_20260520160610,1.5.99.12-RXN,3
http://rdf-plantmetwiki.bioinformatics.nl/pathways/RC600_r17.0.0_20260520160610,RXN-12449,3
http://rdf-plantmetwiki.bioinformatics.nl/pathways/RC761_r17.0.0_20260520160610,RXN-18732,3
http://rdf-plantmetwiki.bioinformatics.nl/pathways/RC646_r17.0.0_20260520160610,TEICHOICSYN5-RXN,3
http://rdf-plantmetwiki.bioinformatics.nl/pathways/RC902_r17.0.0_20260520160610,RXN-1302,3
http://rdf-plantmetwiki.bioinformatics.nl/pathways/PC318_r17.0.0_20260520160610,DIMBOA-glucoside activation,3
http://rdf-plantmetwiki.bioinformatics.nl/pathways/PC211_r17.0.0_20260520160610,scopolin biosynthesis,3
http://rdf-plantmetwiki.bioinformatics.nl/pathways/RC559_r17.0.0_20260520160610,RXN-12078,3
http://rdf-plantmetwiki.bioinformatics.nl/pathways/PC910_r17.0.0_20260520160610,guanine and guanosine salvage III,3
http://rdf-plantmetwiki.bioinformatics.nl/pathways/RC10_r17.0.0_20260520160610,GLYOXYLATE-REDUCTASE-NADP+-RXN,3
http://rdf-plantmetwiki.bioinformatics.nl/pathways/RC268_r17.0.0_20260520160610,ESTRADIOL-17-BETA-DEHYDROGENASE-RXN,3
http://rdf-plantmetwiki.bioinformatics.nl/pathways/PC832_r17.0.0_20260520160610,mimosine biosynthesis,3
http://rdf-plantmetwiki.bioinformatics.nl/pathways/PC906_r17.0.0_20260520160610,cyanide degradation,3
http://rdf-plantmetwiki.bioinformatics.nl/pathways/PC1115_r17.0.0_20260520160610,vernolate biosynthesis II,3
http://rdf-plantmetwiki.bioinformatics.nl/pathways/RC782_r17.0.0_20260520160610,RXN-18964,3
http://rdf-plantmetwiki.bioinformatics.nl/pathways/RC1061_r17.0.0_20260520160610,1.14.19.3-RXN,3
http://rdf-plantmetwiki.bioinformatics.nl/pathways/RC331_r17.0.0_20260520160610,RXN-12126,3
http://rdf-plantmetwiki.bioinformatics.nl/pathways/RC388_r17.0.0_20260520160610,RXN-19009,3
http://rdf-plantmetwiki.bioinformatics.nl/pathways/RC850_r17.0.0_20260520160610,RXN-13446,3
http://rdf-plantmetwiki.bioinformatics.nl/pathways/RC1288_r17.0.0_20260520160610,RXN-13196,3
http://rdf-plantmetwiki.bioinformatics.nl/pathways/RC888_r17.0.0_20260520160610,RXN-18158,3
http://rdf-plantmetwiki.bioinformatics.nl/pathways/RC803_r17.0.0_20260520160610,RXN-11529,3
http://rdf-plantmetwiki.bioinformatics.nl/pathways/RC1237_r17.0.0_20260520160610,RXN-12267,3
http://rdf-plantmetwiki.bioinformatics.nl/pathways/RC1230_r17.0.0_20260520160610,RXN1F-152,3
http://rdf-plantmetwiki.bioinformatics.nl/pathways/RC211_r17.0.0_20260520160610,GKI-RXN,3
http://rdf-plantmetwiki.bioinformatics.nl/pathways/RC664_r17.0.0_20260520160610,HEXOKINASE-RXN,3
http://rdf-plantmetwiki.bioinformatics.nl/pathways/RC1233_r17.0.0_20260520160610,RXN-8980,3
http://rdf-plantmetwiki.bioinformatics.nl/pathways/RC1074_r17.0.0_20260520160610,RXN-12641,3
http://rdf-plantmetwiki.bioinformatics.nl/pathways/RC895_r17.0.0_20260520160610,RXN-21389,3
http://rdf-plantmetwiki.bioinformatics.nl/pathways/RC106_r17.0.0_20260520160610,TRANS-RXN4LZ-7054,3
http://rdf-plantmetwiki.bioinformatics.nl/pathways/RC288_r17.0.0_20260520160610,RXN-12253,3
http://rdf-plantmetwiki.bioinformatics.nl/pathways/RC1058_r17.0.0_20260520160610,PHENOL-BETA-GLUCOSYLTRANSFERASE-RXN,3
http://rdf-plantmetwiki.bioinformatics.nl/pathways/RC1049_r17.0.0_20260520160610,FLAVONOID-3-MONOOXYGENASE-RXN,3
http://rdf-plantmetwiki.bioinformatics.nl/pathways/RC346_r17.0.0_20260520160610,GUANOSINE-DIPHOSPHATASE-RXN,3
http://rdf-plantmetwiki.bioinformatics.nl/pathways/RC428_r17.0.0_20260520160610,"carotene 7,8-desaturase",3
http://rdf-plantmetwiki.bioinformatics.nl/pathways/RC1131_r17.0.0_20260520160610,RXN-13158,3
http://rdf-plantmetwiki.bioinformatics.nl/pathways/RC157_r17.0.0_20260520160610,RXN-8039,3
http://rdf-plantmetwiki.bioinformatics.nl/pathways/RC661_r17.0.0_20260520160610,fatty acid elongation,3
http://rdf-plantmetwiki.bioinformatics.nl/pathways/RC1071_r17.0.0_20260520160610,RXN-18165,3
http://rdf-plantmetwiki.bioinformatics.nl/pathways/RC1051_r17.0.0_20260520160610,3' hydroxy flavanone 5&prime;-hydroxylase,3
http://rdf-plantmetwiki.bioinformatics.nl/pathways/RC61_r17.0.0_20260520160610,RXN-14187,3
http://rdf-plantmetwiki.bioinformatics.nl/pathways/RC514_r17.0.0_20260520160610,"3',5'-<i>O</i>-dimethyltricetin 4&prime;-<em>O</em>-methyltransferase",3
http://rdf-plantmetwiki.bioinformatics.nl/pathways/RC226_r17.0.0_20260520160610,RXN-9673,3
http://rdf-plantmetwiki.bioinformatics.nl/pathways/RC402_r17.0.0_20260520160610,RXN-12307,3
http://rdf-plantmetwiki.bioinformatics.nl/pathways/RC389_r17.0.0_20260520160610,14-hydroxylanosterol 14-dehydrogenase,3
http://rdf-plantmetwiki.bioinformatics.nl/pathways/RC817_r17.0.0_20260520160610,RXNQT-4394,3
http://rdf-plantmetwiki.bioinformatics.nl/pathways/PC389_r17.0.0_20260520160610,dalcochinin biosynthesis,3
http://rdf-plantmetwiki.bioinformatics.nl/pathways/RC566_r17.0.0_20260520160610,RXN-13022,3
http://rdf-plantmetwiki.bioinformatics.nl/pathways/RC1193_r17.0.0_20260520160610,RXNQT-4171,3
http://rdf-plantmetwiki.bioinformatics.nl/pathways/RC776_r17.0.0_20260520160610,RXN-17900,3
http://rdf-plantmetwiki.bioinformatics.nl/pathways/RC439_r17.0.0_20260520160610,1.5.1.31-RXN,3
http://rdf-plantmetwiki.bioinformatics.nl/pathways/PC438_r17.0.0_20260520160610,α-eleostearate biosynthesis,3
http://rdf-plantmetwiki.bioinformatics.nl/pathways/RC192_r17.0.0_20260520160610,RXN-4309,3
http://rdf-plantmetwiki.bioinformatics.nl/pathways/PC579_r17.0.0_20260520160610,vernolate biosynthesis I,3
http://rdf-plantmetwiki.bioinformatics.nl/pathways/RC280_r17.0.0_20260520160610,RXN-23918,3
http://rdf-plantmetwiki.bioinformatics.nl/pathways/RC76_r17.0.0_20260520160610,1.3.7.5-RXN,3
http://rdf-plantmetwiki.bioinformatics.nl/pathways/RC694_r17.0.0_20260520160610,RXN-11925,3
http://rdf-plantmetwiki.bioinformatics.nl/pathways/RC1194_r17.0.0_20260520160610,RXN-8353,3
http://rdf-plantmetwiki.bioinformatics.nl/pathways/RC391_r17.0.0_20260520160610,RXN-18161,3
http://rdf-plantmetwiki.bioinformatics.nl/pathways/RC978_r17.0.0_20260520160610,GST-RXN,3
http://rdf-plantmetwiki.bioinformatics.nl/pathways/RC117_r17.0.0_20260520160610,RXN-21007,3
http://rdf-plantmetwiki.bioinformatics.nl/pathways/RC1109_r17.0.0_20260520160610,RXN-8094,3
http://rdf-plantmetwiki.bioinformatics.nl/pathways/RC667_r17.0.0_20260520160610,CYTOCHROME-B5-REDUCTASE-RXN,3
http://rdf-plantmetwiki.bioinformatics.nl/pathways/RC547_r17.0.0_20260520160610,1.3.7.2-RXN,3
http://rdf-plantmetwiki.bioinformatics.nl/pathways/RC334_r17.0.0_20260520160610,RXN-18897,3
http://rdf-plantmetwiki.bioinformatics.nl/pathways/RC1034_r17.0.0_20260520160610,"4&alpha;-hydroxymethyl-5&alpha;-cholesta-8,24-dien-3&beta;-ol dehydrogenase",3
http://rdf-plantmetwiki.bioinformatics.nl/pathways/RC838_r17.0.0_20260520160610,RXN-18162,3
http://rdf-plantmetwiki.bioinformatics.nl/pathways/PC1141_r17.0.0_20260520160610,PRPP biosynthesis,3
http://rdf-plantmetwiki.bioinformatics.nl/pathways/RC1063_r17.0.0_20260520160610,RXN-6546,3
http://rdf-plantmetwiki.bioinformatics.nl/pathways/RC24_r17.0.0_20260520160610,RXN-21162,3
http://rdf-plantmetwiki.bioinformatics.nl/pathways/RC513_r17.0.0_20260520160610,RXN-20666,3
http://rdf-plantmetwiki.bioinformatics.nl/pathways/RC156_r17.0.0_20260520160610,RXNQT-4165,3
http://rdf-plantmetwiki.bioinformatics.nl/pathways/RC30_r17.0.0_20260520160610,RXN-10453,3
http://rdf-plantmetwiki.bioinformatics.nl/pathways/RC970_r17.0.0_20260520160610,1.1.1.170-RXN,3
http://rdf-plantmetwiki.bioinformatics.nl/pathways/RC1235_r17.0.0_20260520160610,RXN-14219,3
http://rdf-plantmetwiki.bioinformatics.nl/pathways/RC269_r17.0.0_20260520160610,RXN-18259,3
http://rdf-plantmetwiki.bioinformatics.nl/pathways/RC1139_r17.0.0_20260520160610,RXN-13334,3
http://rdf-plantmetwiki.bioinformatics.nl/pathways/RC572_r17.0.0_20260520160610,UBIQUITIN--PROTEIN-LIGASE-RXN,3
http://rdf-plantmetwiki.bioinformatics.nl/pathways/RC239_r17.0.0_20260520160610,RXN-11668,3
http://rdf-plantmetwiki.bioinformatics.nl/pathways/RC228_r17.0.0_20260520160610,RXN-23867,3
http://rdf-plantmetwiki.bioinformatics.nl/pathways/RC241_r17.0.0_20260520160610,SARCOX-RXN,3
http://rdf-plantmetwiki.bioinformatics.nl/pathways/RC109_r17.0.0_20260520160610,RXN-14332,3
http://rdf-plantmetwiki.bioinformatics.nl/pathways/PC1122_r17.0.0_20260520160610,adenine and adenosine salvage VI,3
http://rdf-plantmetwiki.bioinformatics.nl/pathways/RC1125_r17.0.0_20260520160610,RXN-8407,3
http://rdf-plantmetwiki.bioinformatics.nl/pathways/RC613_r17.0.0_20260520160610,RXN-12127,3
http://rdf-plantmetwiki.bioinformatics.nl/pathways/RC1005_r17.0.0_20260520160610,RXN-2207,3
http://rdf-plantmetwiki.bioinformatics.nl/pathways/RC536_r17.0.0_20260520160610,RXN-21165,3
http://rdf-plantmetwiki.bioinformatics.nl/pathways/RC36_r17.0.0_20260520160610,RXN-20374,3
http://rdf-plantmetwiki.bioinformatics.nl/pathways/RC1088_r17.0.0_20260520160610,RXN-2122,3
http://rdf-plantmetwiki.bioinformatics.nl/pathways/RC541_r17.0.0_20260520160610,RXN-6543,3
http://rdf-plantmetwiki.bioinformatics.nl/pathways/RC573_r17.0.0_20260520160610,phenylacetaldoxime hydrolase,3
http://rdf-plantmetwiki.bioinformatics.nl/pathways/RC954_r17.0.0_20260520160610,RXN-19657,3
http://rdf-plantmetwiki.bioinformatics.nl/pathways/RC313_r17.0.0_20260520160610,DOLICHOL-KINASE-RXN,3
http://rdf-plantmetwiki.bioinformatics.nl/pathways/PC863_r17.0.0_20260520160610,UDP-α-D-glucuronate biosynthesis (from UDP-glucose),3
http://rdf-plantmetwiki.bioinformatics.nl/pathways/RC253_r17.0.0_20260520160610,RXN-14981,3
http://rdf-plantmetwiki.bioinformatics.nl/pathways/RC685_r17.0.0_20260520160610,RXN-11289,3
http://rdf-plantmetwiki.bioinformatics.nl/pathways/RC980_r17.0.0_20260520160610,3.6.3.6-RXN,3
http://rdf-plantmetwiki.bioinformatics.nl/pathways/PC514_r17.0.0_20260520160610,acyl-[acyl-carrier protein] thioesterase pathway,3
http://rdf-plantmetwiki.bioinformatics.nl/pathways/RC260_r17.0.0_20260520160610,RXN-14201,3
http://rdf-plantmetwiki.bioinformatics.nl/pathways/RC1029_r17.0.0_20260520160610,UDP-GLUCURONOSYLTRANSFERASE-RXN,3
http://rdf-plantmetwiki.bioinformatics.nl/pathways/RC1312_r17.0.0_20260520160610,RXN-9221,3
http://rdf-plantmetwiki.bioinformatics.nl/pathways/PC421_r17.0.0_20260520160610,acetaldehyde biosynthesis I,3
http://rdf-plantmetwiki.bioinformatics.nl/pathways/PC343_r17.0.0_20260520160610,chalcone 2'-O-glucoside biosynthesis,3
http://rdf-plantmetwiki.bioinformatics.nl/pathways/RC478_r17.0.0_20260520160610,RXN-19835,3
http://rdf-plantmetwiki.bioinformatics.nl/pathways/PC756_r17.0.0_20260520160610,S-adenosyl-L-methionine biosynthesis,3
http://rdf-plantmetwiki.bioinformatics.nl/pathways/PC761_r17.0.0_20260520160610,(5Z)-icosenoate biosynthesis,3
http://rdf-plantmetwiki.bioinformatics.nl/pathways/RC305_r17.0.0_20260520160610,lanosterol 14-hydroxylase,3
http://rdf-plantmetwiki.bioinformatics.nl/pathways/RC349_r17.0.0_20260520160610,RXNQT-4318,3
http://rdf-plantmetwiki.bioinformatics.nl/pathways/RC105_r17.0.0_20260520160610,RXN-12570,3
http://rdf-plantmetwiki.bioinformatics.nl/pathways/RC860_r17.0.0_20260520160610,FAD-PYROPHOSPHATASE-RXN,3
http://rdf-plantmetwiki.bioinformatics.nl/pathways/RC296_r17.0.0_20260520160610,RXN-13004,3
http://rdf-plantmetwiki.bioinformatics.nl/pathways/RC1030_r17.0.0_20260520160610,RXN-13197,3
http://rdf-plantmetwiki.bioinformatics.nl/pathways/RC960_r17.0.0_20260520160610,RXN-11908,3
http://rdf-plantmetwiki.bioinformatics.nl/pathways/RC327_r17.0.0_20260520160610,RXN-13019,3
http://rdf-plantmetwiki.bioinformatics.nl/pathways/RC22_r17.0.0_20260520160610,ADENYLYLSULFATASE-RXN,3
http://rdf-plantmetwiki.bioinformatics.nl/pathways/RC441_r17.0.0_20260520160610,RXNQT-4314,3
http://rdf-plantmetwiki.bioinformatics.nl/pathways/RC601_r17.0.0_20260520160610,RXN-4231,3
http://rdf-plantmetwiki.bioinformatics.nl/pathways/RC1247_r17.0.0_20260520160610,RXN-4311,3
http://rdf-plantmetwiki.bioinformatics.nl/pathways/PC992_r17.0.0_20260520160610,L-aspartate biosynthesis,3
http://rdf-plantmetwiki.bioinformatics.nl/pathways/RC315_r17.0.0_20260520160610,RXN-19005,3
http://rdf-plantmetwiki.bioinformatics.nl/pathways/RC1172_r17.0.0_20260520160610,RXN-10763,3
http://rdf-plantmetwiki.bioinformatics.nl/pathways/RC1097_r17.0.0_20260520160610,RXN-1348,3
http://rdf-plantmetwiki.bioinformatics.nl/pathways/RC282_r17.0.0_20260520160610,RXN-21026,3
http://rdf-plantmetwiki.bioinformatics.nl/pathways/RC743_r17.0.0_20260520160610,GALACTOSIDE-2-L-FUCOSYLTRANSFERASE-RXN,3
http://rdf-plantmetwiki.bioinformatics.nl/pathways/RC293_r17.0.0_20260520160610,RXN-12183,3
http://rdf-plantmetwiki.bioinformatics.nl/pathways/PC448_r17.0.0_20260520160610,salicylate glucosides biosynthesis IV,3
http://rdf-plantmetwiki.bioinformatics.nl/pathways/RC95_r17.0.0_20260520160610,RXN-11937,3
http://rdf-plantmetwiki.bioinformatics.nl/pathways/RC47_r17.0.0_20260520160610,RXN-14200,3
http://rdf-plantmetwiki.bioinformatics.nl/pathways/RC840_r17.0.0_20260520160610,thiamin phosphate synthase,3
http://rdf-plantmetwiki.bioinformatics.nl/pathways/RC124_r17.0.0_20260520160610,RXN-18782,3
http://rdf-plantmetwiki.bioinformatics.nl/pathways/RC104_r17.0.0_20260520160610,RXN-7877,3
http://rdf-plantmetwiki.bioinformatics.nl/pathways/RC330_r17.0.0_20260520160610,RXN-11927,3
http://rdf-plantmetwiki.bioinformatics.nl/pathways/PC541_r17.0.0_20260520160610,genistin gentiobioside biosynthesis,3
http://rdf-plantmetwiki.bioinformatics.nl/pathways/RC1289_r17.0.0_20260520160610,RXN-22761,3
http://rdf-plantmetwiki.bioinformatics.nl/pathways/RC68_r17.0.0_20260520160610,STEROL-GLUCOSYLTRANSFERASE-RXN,3
http://rdf-plantmetwiki.bioinformatics.nl/pathways/RC235_r17.0.0_20260520160610,RXN-19022,3
http://rdf-plantmetwiki.bioinformatics.nl/pathways/RC611_r17.0.0_20260520160610,luteolin 8-hydroxylase,3
http://rdf-plantmetwiki.bioinformatics.nl/pathways/RC569_r17.0.0_20260520160610,4-NITROPHENYLPHOSPHATASE-RXN,3
http://rdf-plantmetwiki.bioinformatics.nl/pathways/RC276_r17.0.0_20260520160610,RXN-7968,3
http://rdf-plantmetwiki.bioinformatics.nl/pathways/RC1177_r17.0.0_20260520160610,1.14.13.68-RXN,3
http://rdf-plantmetwiki.bioinformatics.nl/pathways/RC480_r17.0.0_20260520160610,RXN-5482,3
http://rdf-plantmetwiki.bioinformatics.nl/pathways/RC73_r17.0.0_20260520160610,TRYPSYN-RXN,3
http://rdf-plantmetwiki.bioinformatics.nl/pathways/RC471_r17.0.0_20260520160610,hexaprenyldihydroxybenzoate methyltransferase,3
http://rdf-plantmetwiki.bioinformatics.nl/pathways/RC1019_r17.0.0_20260520160610,RXN-708,3
http://rdf-plantmetwiki.bioinformatics.nl/pathways/RC763_r17.0.0_20260520160610,RXN-17428,3
http://rdf-plantmetwiki.bioinformatics.nl/pathways/RC698_r17.0.0_20260520160610,RXN-11533,3
http://rdf-plantmetwiki.bioinformatics.nl/pathways/RC1149_r17.0.0_20260520160610,DIHYDROPICRED-RXN,3
http://rdf-plantmetwiki.bioinformatics.nl/pathways/PC867_r17.0.0_20260520160610,divinyl ether biosynthesis II,3
http://rdf-plantmetwiki.bioinformatics.nl/pathways/RC318_r17.0.0_20260520160610,RXN-11931,3
http://rdf-plantmetwiki.bioinformatics.nl/pathways/RC336_r17.0.0_20260520160610,myristoyl-ACP hydrolase activity,3
http://rdf-plantmetwiki.bioinformatics.nl/pathways/RC115_r17.0.0_20260520160610,ALDEHYDE-OXIDASE-RXN,3
http://rdf-plantmetwiki.bioinformatics.nl/pathways/PC226_r17.0.0_20260520160610,calendate biosynthesis,3
http://rdf-plantmetwiki.bioinformatics.nl/pathways/RC622_r17.0.0_20260520160610,UMPKI-RXN,3
http://rdf-plantmetwiki.bioinformatics.nl/pathways/RC822_r17.0.0_20260520160610,ARYL-ALCOHOL-DEHYDROGENASE-NADP+-RXN,3
http://rdf-plantmetwiki.bioinformatics.nl/pathways/PC330_r17.0.0_20260520160610,"3,4-dihydroxymandelonitrile β-D-glucose biosynthesis",3
http://rdf-plantmetwiki.bioinformatics.nl/pathways/RC563_r17.0.0_20260520160610,RXN-19008,3
http://rdf-plantmetwiki.bioinformatics.nl/pathways/PC745_r17.0.0_20260520160610,lupinate biosynthesis,3
http://rdf-plantmetwiki.bioinformatics.nl/pathways/RC33_r17.0.0_20260520160610,RXN-23333,3
http://rdf-plantmetwiki.bioinformatics.nl/pathways/PC229_r17.0.0_20260520160610,acyl-CoA hydrolysis,3
http://rdf-plantmetwiki.bioinformatics.nl/pathways/RC1027_r17.0.0_20260520160610,RXN-11846,3
http://rdf-plantmetwiki.bioinformatics.nl/pathways/RC224_r17.0.0_20260520160610,RXN-21159,3
http://rdf-plantmetwiki.bioinformatics.nl/pathways/RC454_r17.0.0_20260520160610,RXN-7797,3
http://rdf-plantmetwiki.bioinformatics.nl/pathways/RC1310_r17.0.0_20260520160610,RXN-19831,3
http://rdf-plantmetwiki.bioinformatics.nl/pathways/RC1077_r17.0.0_20260520160610,RXN-21434,3
http://rdf-plantmetwiki.bioinformatics.nl/pathways/RC440_r17.0.0_20260520160610,RXN-7693,3
http://rdf-plantmetwiki.bioinformatics.nl/pathways/RC1007_r17.0.0_20260520160610,RXN-9332,3
http://rdf-plantmetwiki.bioinformatics.nl/pathways/RC1303_r17.0.0_20260520160610,RXN-12816,3
http://rdf-plantmetwiki.bioinformatics.nl/pathways/RC158_r17.0.0_20260520160610,RXN-2121,3
http://rdf-plantmetwiki.bioinformatics.nl/pathways/RC931_r17.0.0_20260520160610,THYMIDINE-TRIPHOSPHATASE-RXN,3
http://rdf-plantmetwiki.bioinformatics.nl/pathways/RC385_r17.0.0_20260520160610,1.1.1.271-RXN,3
http://rdf-plantmetwiki.bioinformatics.nl/pathways/PC1091_r17.0.0_20260520160610,L-nicotianamine biosynthesis,3
http://rdf-plantmetwiki.bioinformatics.nl/pathways/RC626_r17.0.0_20260520160610,RXN-11926,3
http://rdf-plantmetwiki.bioinformatics.nl/pathways/RC183_r17.0.0_20260520160610,2-HEXADECENAL-REDUCTASE-RXN,3
http://rdf-plantmetwiki.bioinformatics.nl/pathways/PC587_r17.0.0_20260520160610,glycine biosynthesis I,3
http://rdf-plantmetwiki.bioinformatics.nl/pathways/RC72_r17.0.0_20260520160610,RXNQT-4168,3
http://rdf-plantmetwiki.bioinformatics.nl/pathways/RC1214_r17.0.0_20260520160610,RXN-22405,3
http://rdf-plantmetwiki.bioinformatics.nl/pathways/RC284_r17.0.0_20260520160610,RXN-21163,3
http://rdf-plantmetwiki.bioinformatics.nl/pathways/RC963_r17.0.0_20260520160610,RXN-11230,3
http://rdf-plantmetwiki.bioinformatics.nl/pathways/RC1008_r17.0.0_20260520160610,PREPHENATEDEHYDROG-RXN,3
http://rdf-plantmetwiki.bioinformatics.nl/pathways/RC149_r17.0.0_20260520160610,RXN-19583,3
http://rdf-plantmetwiki.bioinformatics.nl/pathways/RC1254_r17.0.0_20260520160610,RXN-6547,3
http://rdf-plantmetwiki.bioinformatics.nl/pathways/RC742_r17.0.0_20260520160610,RXN1F-72,3
http://rdf-plantmetwiki.bioinformatics.nl/pathways/RC676_r17.0.0_20260520160610,RXN-14199,3
http://rdf-plantmetwiki.bioinformatics.nl/pathways/RC816_r17.0.0_20260520160610,RXN-18163,3
http://rdf-plantmetwiki.bioinformatics.nl/pathways/RC1282_r17.0.0_20260520160610,RXN-21008,3
http://rdf-plantmetwiki.bioinformatics.nl/pathways/RC306_r17.0.0_20260520160610,RXN-13403,3
http://rdf-plantmetwiki.bioinformatics.nl/pathways/RC1133_r17.0.0_20260520160610,RXN0-1441,3
http://rdf-plantmetwiki.bioinformatics.nl/pathways/RC7_r17.0.0_20260520160610,RXN-22830,3
http://rdf-plantmetwiki.bioinformatics.nl/pathways/RC606_r17.0.0_20260520160610,RXN-20884,3
http://rdf-plantmetwiki.bioinformatics.nl/pathways/RC721_r17.0.0_20260520160610,RXN-19007,3
http://rdf-plantmetwiki.bioinformatics.nl/pathways/RC326_r17.0.0_20260520160610,RXN-21168,3
http://rdf-plantmetwiki.bioinformatics.nl/pathways/RC101_r17.0.0_20260520160610,RXN-14220,3
http://rdf-plantmetwiki.bioinformatics.nl/pathways/RC808_r17.0.0_20260520160610,RXN-4603,3
http://rdf-plantmetwiki.bioinformatics.nl/pathways/RC1136_r17.0.0_20260520160610,L-asparaginyl-tRNA<SUP>asn</SUP> hydrolase,3
http://rdf-plantmetwiki.bioinformatics.nl/pathways/RC1245_r17.0.0_20260520160610,RXN-13397,3
http://rdf-plantmetwiki.bioinformatics.nl/pathways/RC1261_r17.0.0_20260520160610,RXN-12251,3
http://rdf-plantmetwiki.bioinformatics.nl/pathways/RC906_r17.0.0_20260520160610,RXN-14213,3
http://rdf-plantmetwiki.bioinformatics.nl/pathways/RC576_r17.0.0_20260520160610,RXN-982,3
http://rdf-plantmetwiki.bioinformatics.nl/pathways/RC23_r17.0.0_20260520160610,RXN-21027,3
http://rdf-plantmetwiki.bioinformatics.nl/pathways/RC948_r17.0.0_20260520160610,RXN-12125,3
http://rdf-plantmetwiki.bioinformatics.nl/pathways/RC654_r17.0.0_20260520160610,2.4.1.52-RXN,3
http://rdf-plantmetwiki.bioinformatics.nl/pathways/RC607_r17.0.0_20260520160610,2.4.1.143-RXN,3
http://rdf-plantmetwiki.bioinformatics.nl/pathways/RC294_r17.0.0_20260520160610,RXN-6545,3
http://rdf-plantmetwiki.bioinformatics.nl/pathways/RC178_r17.0.0_20260520160610,ricinoleyl-CoA desaturase,3
http://rdf-plantmetwiki.bioinformatics.nl/pathways/RC1248_r17.0.0_20260520160610,RXN-12990,3
http://rdf-plantmetwiki.bioinformatics.nl/pathways/RC1072_r17.0.0_20260520160610,RXN-12991,3
http://rdf-plantmetwiki.bioinformatics.nl/pathways/RC50_r17.0.0_20260520160610,RXN-20026,3
http://rdf-plantmetwiki.bioinformatics.nl/pathways/RC160_r17.0.0_20260520160610,RXN-18453,3
http://rdf-plantmetwiki.bioinformatics.nl/pathways/RC574_r17.0.0_20260520160610,2.4.1.198-RXN,3
http://rdf-plantmetwiki.bioinformatics.nl/pathways/RC249_r17.0.0_20260520160610,RXN-22734,3
http://rdf-plantmetwiki.bioinformatics.nl/pathways/RC501_r17.0.0_20260520160610,RXN-18224,3
http://rdf-plantmetwiki.bioinformatics.nl/pathways/RC524_r17.0.0_20260520160610,RXN-12486,3
http://rdf-plantmetwiki.bioinformatics.nl/pathways/PC240_r17.0.0_20260520160610,terminal olefins biosynthesis I,3
http://rdf-plantmetwiki.bioinformatics.nl/pathways/RC1111_r17.0.0_20260520160610,RXN-19980,3
http://rdf-plantmetwiki.bioinformatics.nl/pathways/RC1055_r17.0.0_20260520160610,RXN-17697,3
http://rdf-plantmetwiki.bioinformatics.nl/pathways/RC170_r17.0.0_20260520160610,RXN4FS-11,3
http://rdf-plantmetwiki.bioinformatics.nl/pathways/RC1142_r17.0.0_20260520160610,RXN-11935,3
http://rdf-plantmetwiki.bioinformatics.nl/pathways/RC169_r17.0.0_20260520160610,RXN-13435,3
http://rdf-plantmetwiki.bioinformatics.nl/pathways/RC352_r17.0.0_20260520160610,Polyamine oxidase,3
http://rdf-plantmetwiki.bioinformatics.nl/pathways/RC671_r17.0.0_20260520160610,FLAVONADPREDUCT-RXN,3
http://rdf-plantmetwiki.bioinformatics.nl/pathways/RC982_r17.0.0_20260520160610,RXN-11271,3
http://rdf-plantmetwiki.bioinformatics.nl/pathways/RC609_r17.0.0_20260520160610,RXN-10862,3
http://rdf-plantmetwiki.bioinformatics.nl/pathways/RC1186_r17.0.0_20260520160610,RXN-22829,3
http://rdf-plantmetwiki.bioinformatics.nl/pathways/RC500_r17.0.0_20260520160610,RXN-13192,3
http://rdf-plantmetwiki.bioinformatics.nl/pathways/PC215_r17.0.0_20260520160610,pectin degradation III,3
http://rdf-plantmetwiki.bioinformatics.nl/pathways/RC152_r17.0.0_20260520160610,"phosphogluconate dehydrogenase [NAD(P)+-dependent, decarboxylating]",3
http://rdf-plantmetwiki.bioinformatics.nl/pathways/RC1228_r17.0.0_20260520160610,RXN-22002,3
http://rdf-plantmetwiki.bioinformatics.nl/pathways/RC687_r17.0.0_20260520160610,RXN-19656,3
http://rdf-plantmetwiki.bioinformatics.nl/pathways/RC738_r17.0.0_20260520160610,RXN-8088,3
http://rdf-plantmetwiki.bioinformatics.nl/pathways/RC206_r17.0.0_20260520160610,RXN-11936,3
http://rdf-plantmetwiki.bioinformatics.nl/pathways/RC996_r17.0.0_20260520160610,RXN-14214,3
http://rdf-plantmetwiki.bioinformatics.nl/pathways/RC1081_r17.0.0_20260520160610,RXN-13162,3
http://rdf-plantmetwiki.bioinformatics.nl/pathways/RC1246_r17.0.0_20260520160610,RXN-18164,3
http://rdf-plantmetwiki.bioinformatics.nl/pathways/RC1308_r17.0.0_20260520160610,RXN-7680,3
http://rdf-plantmetwiki.bioinformatics.nl/pathways/RC1011_r17.0.0_20260520160610,RXN-8173,3
http://rdf-plantmetwiki.bioinformatics.nl/pathways/RC444_r17.0.0_20260520160610,RXN-10880,3
http://rdf-plantmetwiki.bioinformatics.nl/pathways/PC576_r17.0.0_20260520160610,sakuranetin biosynthesis,3
http://rdf-plantmetwiki.bioinformatics.nl/pathways/RC862_r17.0.0_20260520160610,"4&alpha;-hydroxymethyl-4&beta;-methyl-5&alpha;-cholesta-8,24-dien-3&beta;-ol dehydrogenase",3
http://rdf-plantmetwiki.bioinformatics.nl/pathways/RC1068_r17.0.0_20260520160610,RXN-7183,3
http://rdf-plantmetwiki.bioinformatics.nl/pathways/RC1089_r17.0.0_20260520160610,MERCAPYSTRANS-RXN,3
http://rdf-plantmetwiki.bioinformatics.nl/pathways/RC751_r17.0.0_20260520160610,RXN-14195,3
http://rdf-plantmetwiki.bioinformatics.nl/pathways/RC1124_r17.0.0_20260520160610,1-pyrroline-5-carboxylate dehydrogenase,3
http://rdf-plantmetwiki.bioinformatics.nl/pathways/RC387_r17.0.0_20260520160610,RXN-12645,3
http://rdf-plantmetwiki.bioinformatics.nl/pathways/RC1258_r17.0.0_20260520160610,NUCLEOSIDE-DIPHOSPHATASE-RXN,3
http://rdf-plantmetwiki.bioinformatics.nl/pathways/RC918_r17.0.0_20260520160610,CARBOXYLESTERASE-RXN,3
http://rdf-plantmetwiki.bioinformatics.nl/pathways/RC301_r17.0.0_20260520160610,RXN-22831,3
http://rdf-plantmetwiki.bioinformatics.nl/pathways/RC431_r17.0.0_20260520160610,RXN-14857,3
http://rdf-plantmetwiki.bioinformatics.nl/pathways/RC1052_r17.0.0_20260520160610,RXN-10851,3
http://rdf-plantmetwiki.bioinformatics.nl/pathways/RC1087_r17.0.0_20260520160610,RXN-19646,3
http://rdf-plantmetwiki.bioinformatics.nl/pathways/PC1033_r17.0.0_20260520160610,VTC2 cycle,3
http://rdf-plantmetwiki.bioinformatics.nl/pathways/RC1232_r17.0.0_20260520160610,1.14.11.2-RXN,3
http://rdf-plantmetwiki.bioinformatics.nl/pathways/RC1277_r17.0.0_20260520160610,RXN-7878,3
http://rdf-plantmetwiki.bioinformatics.nl/pathways/RC885_r17.0.0_20260520160610,ACYL-COA-HYDROLASE-RXN,3
http://rdf-plantmetwiki.bioinformatics.nl/pathways/RC1017_r17.0.0_20260520160610,RXN-12417,3
http://rdf-plantmetwiki.bioinformatics.nl/pathways/RC733_r17.0.0_20260520160610,RXN-4228,3
http://rdf-plantmetwiki.bioinformatics.nl/pathways/RC216_r17.0.0_20260520160610,Formaldehyde dehydrogenase (glutathione),3
http://rdf-plantmetwiki.bioinformatics.nl/pathways/RC1078_r17.0.0_20260520160610,RXN-2102,3
http://rdf-plantmetwiki.bioinformatics.nl/pathways/RC825_r17.0.0_20260520160610,phenylethyl acetate esterase,3
http://rdf-plantmetwiki.bioinformatics.nl/pathways/RC475_r17.0.0_20260520160610,ADPSUGPPHOSPHAT-RXN,3
http://rdf-plantmetwiki.bioinformatics.nl/pathways/RC198_r17.0.0_20260520160610,RXN-11473,3
http://rdf-plantmetwiki.bioinformatics.nl/pathways/RC1121_r17.0.0_20260520160610,RXN-7875,3
http://rdf-plantmetwiki.bioinformatics.nl/pathways/RC688_r17.0.0_20260520160610,RXN-19011,3
http://rdf-plantmetwiki.bioinformatics.nl/pathways/PC282_r17.0.0_20260520160610,diphyllin biosynthesis,3
http://rdf-plantmetwiki.bioinformatics.nl/pathways/RC811_r17.0.0_20260520160610,RXN-12978,3
http://rdf-plantmetwiki.bioinformatics.nl/pathways/RC424_r17.0.0_20260520160610,"4&alpha;-formyl-4&beta;-methyl-5&alpha;-cholesta-8,24-dien-3&beta;-ol 4-hydroxylase",3
http://rdf-plantmetwiki.bioinformatics.nl/pathways/RC44_r17.0.0_20260520160610,APYRASE-RXN,3
http://rdf-plantmetwiki.bioinformatics.nl/pathways/RC504_r17.0.0_20260520160610,RXNQT-4315,3
http://rdf-plantmetwiki.bioinformatics.nl/pathways/RC1292_r17.0.0_20260520160610,DCYSDESULF-RXN,3
http://rdf-plantmetwiki.bioinformatics.nl/pathways/RC887_r17.0.0_20260520160610,METHIONINE-GAMMA-LYASE-RXN,3
http://rdf-plantmetwiki.bioinformatics.nl/pathways/RC619_r17.0.0_20260520160610,RXN-18341,3
http://rdf-plantmetwiki.bioinformatics.nl/pathways/PC688_r17.0.0_20260520160610,ent-kaurene biosynthesis I,3
http://rdf-plantmetwiki.bioinformatics.nl/pathways/RC1297_r17.0.0_20260520160610,oleoyl-CoA 12-hydroxylase,3
http://rdf-plantmetwiki.bioinformatics.nl/pathways/RC691_r17.0.0_20260520160610,RXN-18483,3
http://rdf-plantmetwiki.bioinformatics.nl/pathways/RC307_r17.0.0_20260520160610,RXN-12642,3
http://rdf-plantmetwiki.bioinformatics.nl/pathways/RC94_r17.0.0_20260520160610,RXN-10625,3
http://rdf-plantmetwiki.bioinformatics.nl/pathways/RC166_r17.0.0_20260520160610,RXN-18783,3
http://rdf-plantmetwiki.bioinformatics.nl/pathways/RC1107_r17.0.0_20260520160610,RXN-1061,3
http://rdf-plantmetwiki.bioinformatics.nl/pathways/RC986_r17.0.0_20260520160610,2.4.2.38-RXN,3
http://rdf-plantmetwiki.bioinformatics.nl/pathways/RC1287_r17.0.0_20260520160610,NADNUCLEOSID-RXN,3
http://rdf-plantmetwiki.bioinformatics.nl/pathways/RC679_r17.0.0_20260520160610,RXN-8092,3
http://rdf-plantmetwiki.bioinformatics.nl/pathways/RC410_r17.0.0_20260520160610,GLUCONOKIN-RXN,3
http://rdf-plantmetwiki.bioinformatics.nl/pathways/RC319_r17.0.0_20260520160610,RXN-14660,3
http://rdf-plantmetwiki.bioinformatics.nl/pathways/RC871_r17.0.0_20260520160610,RXNQT-4317,3
http://rdf-plantmetwiki.bioinformatics.nl/pathways/RC741_r17.0.0_20260520160610,RXN-5481,3
http://rdf-plantmetwiki.bioinformatics.nl/pathways/RC243_r17.0.0_20260520160610,RXN-17753,3
http://rdf-plantmetwiki.bioinformatics.nl/pathways/RC520_r17.0.0_20260520160610,RXN-9136,3
http://rdf-plantmetwiki.bioinformatics.nl/pathways/RC841_r17.0.0_20260520160610,1.6.5.4-RXN,3
http://rdf-plantmetwiki.bioinformatics.nl/pathways/RC587_r17.0.0_20260520160610,RXN-20095,3
http://rdf-plantmetwiki.bioinformatics.nl/pathways/RC534_r17.0.0_20260520160610,RXN-7651,3
http://rdf-plantmetwiki.bioinformatics.nl/pathways/RC108_r17.0.0_20260520160610,RXNQT-4365,3
http://rdf-plantmetwiki.bioinformatics.nl/pathways/RC1137_r17.0.0_20260520160610,RXN-12876,3
http://rdf-plantmetwiki.bioinformatics.nl/pathways/RC548_r17.0.0_20260520160610,RXN-18160,3
http://rdf-plantmetwiki.bioinformatics.nl/pathways/RC1298_r17.0.0_20260520160610,RXN0-5462,3
http://rdf-plantmetwiki.bioinformatics.nl/pathways/RC1171_r17.0.0_20260520160610,RXN-18703,3
http://rdf-plantmetwiki.bioinformatics.nl/pathways/RC4_r17.0.0_20260520160610,RXN-13681,3
http://rdf-plantmetwiki.bioinformatics.nl/pathways/RC78_r17.0.0_20260520160610,RXN-13398,3
http://rdf-plantmetwiki.bioinformatics.nl/pathways/RC81_r17.0.0_20260520160610,ATPSYN-RXN,3
http://rdf-plantmetwiki.bioinformatics.nl/pathways/RC752_r17.0.0_20260520160610,L-aspartate : fumarate oxidoreductase (deaminating),3
http://rdf-plantmetwiki.bioinformatics.nl/pathways/RC1271_r17.0.0_20260520160610,pyridoxal 5&prime;-phosphate synthase (glutamine hydrolyzing),3
http://rdf-plantmetwiki.bioinformatics.nl/pathways/RC1141_r17.0.0_20260520160610,PERILLYL-ALCOHOL-DEHYDROGENASE-RXN,3
http://rdf-plantmetwiki.bioinformatics.nl/pathways/PC970_r17.0.0_20260520160610,pyrimidine nucleobases salvage I,3
http://rdf-plantmetwiki.bioinformatics.nl/pathways/RC64_r17.0.0_20260520160610,RXN-14216,3
http://rdf-plantmetwiki.bioinformatics.nl/pathways/RC1083_r17.0.0_20260520160610,RXN-14218,3
http://rdf-plantmetwiki.bioinformatics.nl/pathways/RC1295_r17.0.0_20260520160610,RXN-22736,3
http://rdf-plantmetwiki.bioinformatics.nl/pathways/RC2_r17.0.0_20260520160610,RXN-7617,3
http://rdf-plantmetwiki.bioinformatics.nl/pathways/RC442_r17.0.0_20260520160610,ACYLACPSYNTH-RXN,3
http://rdf-plantmetwiki.bioinformatics.nl/pathways/RC889_r17.0.0_20260520160610,RXN-7852,3
http://rdf-plantmetwiki.bioinformatics.nl/pathways/PC923_r17.0.0_20260520160610,6-gingerol biosynthesis,3
http://rdf-plantmetwiki.bioinformatics.nl/pathways/RC361_r17.0.0_20260520160610,RXN-11225,3
http://rdf-plantmetwiki.bioinformatics.nl/pathways/RC648_r17.0.0_20260520160610,RXN-8855,3
http://rdf-plantmetwiki.bioinformatics.nl/pathways/PC221_r17.0.0_20260520160610,oxalate biosynthesis,3
http://rdf-plantmetwiki.bioinformatics.nl/pathways/RC1010_r17.0.0_20260520160610,RXN-5741,3
http://rdf-plantmetwiki.bioinformatics.nl/pathways/RC957_r17.0.0_20260520160610,RXN-12332,3
http://rdf-plantmetwiki.bioinformatics.nl/pathways/RC772_r17.0.0_20260520160610,RXN-12128,3
http://rdf-plantmetwiki.bioinformatics.nl/pathways/RC1002_r17.0.0_20260520160610,GAPDHSYNEC-RXN,3
http://rdf-plantmetwiki.bioinformatics.nl/pathways/RC492_r17.0.0_20260520160610,2.4.1.101-RXN,3
http://rdf-plantmetwiki.bioinformatics.nl/pathways/RC1209_r17.0.0_20260520160610,RXN0-3543,3
http://rdf-plantmetwiki.bioinformatics.nl/pathways/PC841_r17.0.0_20260520160610,(Z)-butanethial-S-oxide biosynthesis,3
http://rdf-plantmetwiki.bioinformatics.nl/pathways/RC784_r17.0.0_20260520160610,RXN-9565,3
http://rdf-plantmetwiki.bioinformatics.nl/pathways/RC38_r17.0.0_20260520160610,RXN-12086,3
http://rdf-plantmetwiki.bioinformatics.nl/pathways/RC846_r17.0.0_20260520160610,RXN-12304,3
http://rdf-plantmetwiki.bioinformatics.nl/pathways/RC69_r17.0.0_20260520160610,RXN-19832,3
http://rdf-plantmetwiki.bioinformatics.nl/pathways/RC1173_r17.0.0_20260520160610,RXN-18353,3
http://rdf-plantmetwiki.bioinformatics.nl/pathways/RC558_r17.0.0_20260520160610,choline monooxygenase (NADP),3
http://rdf-plantmetwiki.bioinformatics.nl/pathways/PC398_r17.0.0_20260520160610,sapienate biosynthesis,3
http://rdf-plantmetwiki.bioinformatics.nl/pathways/RC926_r17.0.0_20260520160610,RXN-11932,3
http://rdf-plantmetwiki.bioinformatics.nl/pathways/RC757_r17.0.0_20260520160610,RXN-11401,3
http://rdf-plantmetwiki.bioinformatics.nl/pathways/RC962_r17.0.0_20260520160610,RXN-14198,3
http://rdf-plantmetwiki.bioinformatics.nl/pathways/RC19_r17.0.0_20260520160610,RXN-12182,3
http://rdf-plantmetwiki.bioinformatics.nl/pathways/RC53_r17.0.0_20260520160610,22-&beta;-hydroxycholesterol 20-&alpha;-hydroxylation,3
http://rdf-plantmetwiki.bioinformatics.nl/pathways/RC800_r17.0.0_20260520160610,RXN-10787,3
http://rdf-plantmetwiki.bioinformatics.nl/pathways/RC699_r17.0.0_20260520160610,FUC4NACTRANS-RXN,3
http://rdf-plantmetwiki.bioinformatics.nl/pathways/RC131_r17.0.0_20260520160610,1.5.1.20-RXN,3
http://rdf-plantmetwiki.bioinformatics.nl/pathways/PC350_r17.0.0_20260520160610,long-chain fatty acid activation,3
http://rdf-plantmetwiki.bioinformatics.nl/pathways/RC335_r17.0.0_20260520160610,RXN-15525,3
http://rdf-plantmetwiki.bioinformatics.nl/pathways/RC190_r17.0.0_20260520160610,RXN-19151,3
http://rdf-plantmetwiki.bioinformatics.nl/pathways/RC1307_r17.0.0_20260520160610,RXN-16910,3
http://rdf-plantmetwiki.bioinformatics.nl/pathways/PC606_r17.0.0_20260520160610,δ-guaiene biosynthesis,3
http://rdf-plantmetwiki.bioinformatics.nl/pathways/PC596_r17.0.0_20260520160610,adenosine 5'-phosphoramidate biosynthesis,3
http://rdf-plantmetwiki.bioinformatics.nl/pathways/RC1084_r17.0.0_20260520160610,RXN-23868,3
http://rdf-plantmetwiki.bioinformatics.nl/pathways/RC139_r17.0.0_20260520160610,2.4.1.214-RXN,3
http://rdf-plantmetwiki.bioinformatics.nl/pathways/RC620_r17.0.0_20260520160610,RXN-23912,3
http://rdf-plantmetwiki.bioinformatics.nl/pathways/RC1220_r17.0.0_20260520160610,RXN-5465,3
http://rdf-plantmetwiki.bioinformatics.nl/pathways/RC527_r17.0.0_20260520160610,RXN-18967,3
http://rdf-plantmetwiki.bioinformatics.nl/pathways/PC1006_r17.0.0_20260520160610,thiosulfate disproportionation IV (rhodanese),3
http://rdf-plantmetwiki.bioinformatics.nl/pathways/RC416_r17.0.0_20260520160610,RXN-13015,3
http://rdf-plantmetwiki.bioinformatics.nl/pathways/PC1146_r17.0.0_20260520160610,phosphatidylethanolamine biosynthesis III,3
http://rdf-plantmetwiki.bioinformatics.nl/pathways/RC417_r17.0.0_20260520160610,RXN-21164,3
http://rdf-plantmetwiki.bioinformatics.nl/pathways/RC405_r17.0.0_20260520160610,NUCLEOSIDE-DIP-KIN-RXN,2
http://rdf-plantmetwiki.bioinformatics.nl/pathways/RC812_r17.0.0_20260520160610,RXN-10945,2
http://rdf-plantmetwiki.bioinformatics.nl/pathways/RC1252_r17.0.0_20260520160610,RXN-7643,2
http://rdf-plantmetwiki.bioinformatics.nl/pathways/RC123_r17.0.0_20260520160610,RXN-14522,2
http://rdf-plantmetwiki.bioinformatics.nl/pathways/RC977_r17.0.0_20260520160610,RXN0-5468,2
http://rdf-plantmetwiki.bioinformatics.nl/pathways/RC435_r17.0.0_20260520160610,RXN-14206,2
http://rdf-plantmetwiki.bioinformatics.nl/pathways/RC624_r17.0.0_20260520160610,RXN-21539,2
http://rdf-plantmetwiki.bioinformatics.nl/pathways/RC399_r17.0.0_20260520160610,pyruvate:thiamin diphosphate acetaldehydetransferase (decarboxylating),2
http://rdf-plantmetwiki.bioinformatics.nl/pathways/RC1305_r17.0.0_20260520160610,RXN-10981,2
http://rdf-plantmetwiki.bioinformatics.nl/pathways/RC92_r17.0.0_20260520160610,RXN-8556,2
http://rdf-plantmetwiki.bioinformatics.nl/pathways/RC844_r17.0.0_20260520160610,RXN-10769,2
http://rdf-plantmetwiki.bioinformatics.nl/pathways/RC723_r17.0.0_20260520160610,RXNQT-4377,2
http://rdf-plantmetwiki.bioinformatics.nl/pathways/PC307_r17.0.0_20260520160610,cinnamate esters biosynthesis,2
http://rdf-plantmetwiki.bioinformatics.nl/pathways/RC393_r17.0.0_20260520160610,RXN-14512,2
http://rdf-plantmetwiki.bioinformatics.nl/pathways/PC813_r17.0.0_20260520160610,bergamotene biosynthesis I,2
http://rdf-plantmetwiki.bioinformatics.nl/pathways/RC537_r17.0.0_20260520160610,RXN-15355,2
http://rdf-plantmetwiki.bioinformatics.nl/pathways/PC1083_r17.0.0_20260520160610,β-cubebene biosynthesis,2
http://rdf-plantmetwiki.bioinformatics.nl/pathways/PC985_r17.0.0_20260520160610,nonaprenyl pyrophosphate biosynthesis I,2
http://rdf-plantmetwiki.bioinformatics.nl/pathways/RC603_r17.0.0_20260520160610,THYM-PHOSPH-RXN,2
http://rdf-plantmetwiki.bioinformatics.nl/pathways/RC1166_r17.0.0_20260520160610,RXN-13323,2
http://rdf-plantmetwiki.bioinformatics.nl/pathways/RC994_r17.0.0_20260520160610,RXN-22776,2
http://rdf-plantmetwiki.bioinformatics.nl/pathways/RC1202_r17.0.0_20260520160610,RXN-19743,2
http://rdf-plantmetwiki.bioinformatics.nl/pathways/RC686_r17.0.0_20260520160610,RXN-14064,2
http://rdf-plantmetwiki.bioinformatics.nl/pathways/RC472_r17.0.0_20260520160610,RXN-12516,2
http://rdf-plantmetwiki.bioinformatics.nl/pathways/RC1169_r17.0.0_20260520160610,RXN-8555,2
http://rdf-plantmetwiki.bioinformatics.nl/pathways/RC865_r17.0.0_20260520160610,25-DIAMINOVALERATE-AMINOTRANSFERASE-RXN,2
http://rdf-plantmetwiki.bioinformatics.nl/pathways/RC1195_r17.0.0_20260520160610,3.2.1.3-RXN,2
http://rdf-plantmetwiki.bioinformatics.nl/pathways/RC692_r17.0.0_20260520160610,RXN-12124,2
http://rdf-plantmetwiki.bioinformatics.nl/pathways/RC1222_r17.0.0_20260520160610,RXN-18451,2
http://rdf-plantmetwiki.bioinformatics.nl/pathways/RC827_r17.0.0_20260520160610,RXNQT-4395,2
http://rdf-plantmetwiki.bioinformatics.nl/pathways/RC1191_r17.0.0_20260520160610,2-(&alpha;-hydroxyethyl)-TPP:[dihydrolipoyllysine-residue acetyltransferase]-lipoyllysine acetyltransferase,2
http://rdf-plantmetwiki.bioinformatics.nl/pathways/RC729_r17.0.0_20260520160610,RXN-13373,2
http://rdf-plantmetwiki.bioinformatics.nl/pathways/RC736_r17.0.0_20260520160610,RXN0-1021,2
http://rdf-plantmetwiki.bioinformatics.nl/pathways/RC815_r17.0.0_20260520160610,RXN-14510,2
http://rdf-plantmetwiki.bioinformatics.nl/pathways/RC337_r17.0.0_20260520160610,RXN-22713,2
http://rdf-plantmetwiki.bioinformatics.nl/pathways/RC1249_r17.0.0_20260520160610,RXN-13728,2
http://rdf-plantmetwiki.bioinformatics.nl/pathways/RC561_r17.0.0_20260520160610,RXN-13956,2
http://rdf-plantmetwiki.bioinformatics.nl/pathways/RC1161_r17.0.0_20260520160610,CYSTEINE-AMINOTRANSFERASE-RXN,2
http://rdf-plantmetwiki.bioinformatics.nl/pathways/RC764_r17.0.0_20260520160610,RXN-13938,2
http://rdf-plantmetwiki.bioinformatics.nl/pathways/RC933_r17.0.0_20260520160610,RXN-16998,2
http://rdf-plantmetwiki.bioinformatics.nl/pathways/RC28_r17.0.0_20260520160610,RXN-1501,2
http://rdf-plantmetwiki.bioinformatics.nl/pathways/RC878_r17.0.0_20260520160610,MANNPGUANYLTRANGDP-RXN,2
http://rdf-plantmetwiki.bioinformatics.nl/pathways/PC392_r17.0.0_20260520160610,ricinine degradation,2
http://rdf-plantmetwiki.bioinformatics.nl/pathways/RC29_r17.0.0_20260520160610,RXN-9561,2
http://rdf-plantmetwiki.bioinformatics.nl/pathways/RC1201_r17.0.0_20260520160610,RXN-1826,2
http://rdf-plantmetwiki.bioinformatics.nl/pathways/RC1062_r17.0.0_20260520160610,RXN-21526,2
http://rdf-plantmetwiki.bioinformatics.nl/pathways/RC506_r17.0.0_20260520160610,RXN-7692,2
http://rdf-plantmetwiki.bioinformatics.nl/pathways/RC1114_r17.0.0_20260520160610,RXN-9955,2
http://rdf-plantmetwiki.bioinformatics.nl/pathways/RC602_r17.0.0_20260520160610,4-methyl-2-oxopentanoate dehydrogenase (lipoamide),2
http://rdf-plantmetwiki.bioinformatics.nl/pathways/RC635_r17.0.0_20260520160610,RXN-23292,2
http://rdf-plantmetwiki.bioinformatics.nl/pathways/RC422_r17.0.0_20260520160610,RXN-10005,2
http://rdf-plantmetwiki.bioinformatics.nl/pathways/RC797_r17.0.0_20260520160610,late4-aminobutyrate--glyoxy transaminase,2
http://rdf-plantmetwiki.bioinformatics.nl/pathways/RC112_r17.0.0_20260520160610,RXN-12659,2
http://rdf-plantmetwiki.bioinformatics.nl/pathways/RC1033_r17.0.0_20260520160610,RXNQT-4384,2
http://rdf-plantmetwiki.bioinformatics.nl/pathways/RC177_r17.0.0_20260520160610,RXN-14523,2
http://rdf-plantmetwiki.bioinformatics.nl/pathways/RC642_r17.0.0_20260520160610,RXN-11875,2
http://rdf-plantmetwiki.bioinformatics.nl/pathways/RC675_r17.0.0_20260520160610,RXN-19744,2
http://rdf-plantmetwiki.bioinformatics.nl/pathways/RC973_r17.0.0_20260520160610,RXN-8601,2
http://rdf-plantmetwiki.bioinformatics.nl/pathways/RC870_r17.0.0_20260520160610,RXN-11355,2
http://rdf-plantmetwiki.bioinformatics.nl/pathways/RC1043_r17.0.0_20260520160610,RXN-12250,2
http://rdf-plantmetwiki.bioinformatics.nl/pathways/RC968_r17.0.0_20260520160610,RXN-14161,2
http://rdf-plantmetwiki.bioinformatics.nl/pathways/RC789_r17.0.0_20260520160610,RXN-18972,2
http://rdf-plantmetwiki.bioinformatics.nl/pathways/RC598_r17.0.0_20260520160610,RXN-11265,2
http://rdf-plantmetwiki.bioinformatics.nl/pathways/RC12_r17.0.0_20260520160610,RXN-10783,2
http://rdf-plantmetwiki.bioinformatics.nl/pathways/RC256_r17.0.0_20260520160610,RXN-11280,2
http://rdf-plantmetwiki.bioinformatics.nl/pathways/RC591_r17.0.0_20260520160610,RXN-14525,2
http://rdf-plantmetwiki.bioinformatics.nl/pathways/RC88_r17.0.0_20260520160610,RXN-20155,2
http://rdf-plantmetwiki.bioinformatics.nl/pathways/RC791_r17.0.0_20260520160610,RXN-9089,2
http://rdf-plantmetwiki.bioinformatics.nl/pathways/RC146_r17.0.0_20260520160610,RXN-19582,2
http://rdf-plantmetwiki.bioinformatics.nl/pathways/RC75_r17.0.0_20260520160610,3.2.1.39-RXN,2
http://rdf-plantmetwiki.bioinformatics.nl/pathways/RC730_r17.0.0_20260520160610,RXN-14091,2
http://rdf-plantmetwiki.bioinformatics.nl/pathways/RC1112_r17.0.0_20260520160610,NADH dehydrogenase (ubiquinone),2
http://rdf-plantmetwiki.bioinformatics.nl/pathways/RC150_r17.0.0_20260520160610,RXN-8594,2
http://rdf-plantmetwiki.bioinformatics.nl/pathways/RC220_r17.0.0_20260520160610,PHOSPHOENOLPYRUVATE-PHOSPHATASE-RXN,2
http://rdf-plantmetwiki.bioinformatics.nl/pathways/RC1210_r17.0.0_20260520160610,2.7.7.11-RXN,2
http://rdf-plantmetwiki.bioinformatics.nl/pathways/RC186_r17.0.0_20260520160610,RXN-18804,2
http://rdf-plantmetwiki.bioinformatics.nl/pathways/RC322_r17.0.0_20260520160610,RXN-9091,2
http://rdf-plantmetwiki.bioinformatics.nl/pathways/RC222_r17.0.0_20260520160610,RXN-20898,2
http://rdf-plantmetwiki.bioinformatics.nl/pathways/RC897_r17.0.0_20260520160610,RXN-8748,2
http://rdf-plantmetwiki.bioinformatics.nl/pathways/PC605_r17.0.0_20260520160610,α-carotene biosynthesis,2
http://rdf-plantmetwiki.bioinformatics.nl/pathways/RC82_r17.0.0_20260520160610,RXN0-5292,2
http://rdf-plantmetwiki.bioinformatics.nl/pathways/PC1126_r17.0.0_20260520160610,N-glucosylnicotinate metabolism,2
http://rdf-plantmetwiki.bioinformatics.nl/pathways/RC214_r17.0.0_20260520160610,RXN0-7187,2
http://rdf-plantmetwiki.bioinformatics.nl/pathways/RC814_r17.0.0_20260520160610,RXN-8335,2
http://rdf-plantmetwiki.bioinformatics.nl/pathways/RC1103_r17.0.0_20260520160610,4.1.1.74-RXN,2
http://rdf-plantmetwiki.bioinformatics.nl/pathways/RC1144_r17.0.0_20260520160610,RXN-8554,2
http://rdf-plantmetwiki.bioinformatics.nl/pathways/RC354_r17.0.0_20260520160610,RXN-14524,2
http://rdf-plantmetwiki.bioinformatics.nl/pathways/RC554_r17.0.0_20260520160610,RXN-10946,2
http://rdf-plantmetwiki.bioinformatics.nl/pathways/PC716_r17.0.0_20260520160610,nonaprenyl pyrophosphate biosynthesis II,2
http://rdf-plantmetwiki.bioinformatics.nl/pathways/RC726_r17.0.0_20260520160610,6-phospho-&beta;-fructofuranosidase,2
http://rdf-plantmetwiki.bioinformatics.nl/pathways/RC1281_r17.0.0_20260520160610,RXN-12338,2
http://rdf-plantmetwiki.bioinformatics.nl/pathways/RC545_r17.0.0_20260520160610,RXN-12613,2
http://rdf-plantmetwiki.bioinformatics.nl/pathways/RC753_r17.0.0_20260520160610,RXN4FS-18,2
http://rdf-plantmetwiki.bioinformatics.nl/pathways/RC468_r17.0.0_20260520160610,RXN-24075,2
http://rdf-plantmetwiki.bioinformatics.nl/pathways/RC57_r17.0.0_20260520160610,FMN-RED-RXN,2
http://rdf-plantmetwiki.bioinformatics.nl/pathways/RC379_r17.0.0_20260520160610,RXN-19584,2
http://rdf-plantmetwiki.bioinformatics.nl/pathways/PC134_r17.0.0_20260520160610,methylbutenol biosynthesis,2
http://rdf-plantmetwiki.bioinformatics.nl/pathways/RC264_r17.0.0_20260520160610,RXN-12087,2
http://rdf-plantmetwiki.bioinformatics.nl/pathways/RC835_r17.0.0_20260520160610,RXN-10944,2
http://rdf-plantmetwiki.bioinformatics.nl/pathways/RC668_r17.0.0_20260520160610,RXN-22402,2
http://rdf-plantmetwiki.bioinformatics.nl/pathways/RC1264_r17.0.0_20260520160610,RXN-21024,2
http://rdf-plantmetwiki.bioinformatics.nl/pathways/RC314_r17.0.0_20260520160610,RXN18C3-112,2
http://rdf-plantmetwiki.bioinformatics.nl/pathways/PC583_r17.0.0_20260520160610,homospermidine biosynthesis I,2
http://rdf-plantmetwiki.bioinformatics.nl/pathways/RC936_r17.0.0_20260520160610,RXN-12871,2
http://rdf-plantmetwiki.bioinformatics.nl/pathways/RC1224_r17.0.0_20260520160610,2.3.1.162-RXN,2
http://rdf-plantmetwiki.bioinformatics.nl/pathways/RC1311_r17.0.0_20260520160610,RXN-22777,2
http://rdf-plantmetwiki.bioinformatics.nl/pathways/RC849_r17.0.0_20260520160610,RXN-5101,2
http://rdf-plantmetwiki.bioinformatics.nl/pathways/RC780_r17.0.0_20260520160610,phenolic oxidative coupling protein,2
http://rdf-plantmetwiki.bioinformatics.nl/pathways/RC1127_r17.0.0_20260520160610,RXN0-7080,2
http://rdf-plantmetwiki.bioinformatics.nl/pathways/RC542_r17.0.0_20260520160610,RXN-15139,2
http://rdf-plantmetwiki.bioinformatics.nl/pathways/RC900_r17.0.0_20260520160610,GLUCOSE-6-PHOSPHATASE-RXN,2
http://rdf-plantmetwiki.bioinformatics.nl/pathways/RC1146_r17.0.0_20260520160610,RXN-18702,2
http://rdf-plantmetwiki.bioinformatics.nl/pathways/RC1126_r17.0.0_20260520160610,RXN-4424,2
http://rdf-plantmetwiki.bioinformatics.nl/pathways/RC696_r17.0.0_20260520160610,AMP-DEPHOSPHORYLATION-RXN,2
http://rdf-plantmetwiki.bioinformatics.nl/pathways/RC55_r17.0.0_20260520160610,pinene synthase,2
http://rdf-plantmetwiki.bioinformatics.nl/pathways/RC329_r17.0.0_20260520160610,ALPHA-L-FUCOSIDASE-RXN,2
http://rdf-plantmetwiki.bioinformatics.nl/pathways/RC1118_r17.0.0_20260520160610,RXN66-526,2
http://rdf-plantmetwiki.bioinformatics.nl/pathways/RC227_r17.0.0_20260520160610,RXN-22775,2
http://rdf-plantmetwiki.bioinformatics.nl/pathways/RC455_r17.0.0_20260520160610,3.2.1.23-RXN,2
http://rdf-plantmetwiki.bioinformatics.nl/pathways/RC1117_r17.0.0_20260520160610,3.1.3.67-RXN,2
http://rdf-plantmetwiki.bioinformatics.nl/pathways/RC141_r17.0.0_20260520160610,RXN-10873,2
http://rdf-plantmetwiki.bioinformatics.nl/pathways/RC647_r17.0.0_20260520160610,RXN-10730,2
http://rdf-plantmetwiki.bioinformatics.nl/pathways/RC461_r17.0.0_20260520160610,PSERPHOSPHA-RXN,2
http://rdf-plantmetwiki.bioinformatics.nl/pathways/RC778_r17.0.0_20260520160610,RXN-14290,2
http://rdf-plantmetwiki.bioinformatics.nl/pathways/RC1054_r17.0.0_20260520160610,RXN-9826,2
http://rdf-plantmetwiki.bioinformatics.nl/pathways/RC1244_r17.0.0_20260520160610,RXN-20674,2
http://rdf-plantmetwiki.bioinformatics.nl/pathways/RC935_r17.0.0_20260520160610,RXN-20900,2
http://rdf-plantmetwiki.bioinformatics.nl/pathways/RC1079_r17.0.0_20260520160610,RXN0-7188,2
http://rdf-plantmetwiki.bioinformatics.nl/pathways/RC278_r17.0.0_20260520160610,RXN-23332,2
http://rdf-plantmetwiki.bioinformatics.nl/pathways/RC570_r17.0.0_20260520160610,RXN-8984,2
http://rdf-plantmetwiki.bioinformatics.nl/pathways/RC200_r17.0.0_20260520160610,CYCPHOSDIESTER-RXN,2
http://rdf-plantmetwiki.bioinformatics.nl/pathways/RC1175_r17.0.0_20260520160610,RXN-11308,2
http://rdf-plantmetwiki.bioinformatics.nl/pathways/RC1284_r17.0.0_20260520160610,RXN-8563,2
http://rdf-plantmetwiki.bioinformatics.nl/pathways/RC107_r17.0.0_20260520160610,RXN-10721,2
http://rdf-plantmetwiki.bioinformatics.nl/pathways/RC43_r17.0.0_20260520160610,RXN-2881,2
http://rdf-plantmetwiki.bioinformatics.nl/pathways/RC1154_r17.0.0_20260520160610,RXNQT-4371,2
http://rdf-plantmetwiki.bioinformatics.nl/pathways/RC1148_r17.0.0_20260520160610,NADPH-DEHYDROGENASE-RXN,2
http://rdf-plantmetwiki.bioinformatics.nl/pathways/RC392_r17.0.0_20260520160610,RXN-14142,2
http://rdf-plantmetwiki.bioinformatics.nl/pathways/RC412_r17.0.0_20260520160610,RXN-14115,2
http://rdf-plantmetwiki.bioinformatics.nl/pathways/RC592_r17.0.0_20260520160610,RXN-23528,2
http://rdf-plantmetwiki.bioinformatics.nl/pathways/RC369_r17.0.0_20260520160610,TRANS-PENTAPRENYLTRANSFERASE-RXN,2
http://rdf-plantmetwiki.bioinformatics.nl/pathways/RC795_r17.0.0_20260520160610,RXN-10857,2
http://rdf-plantmetwiki.bioinformatics.nl/pathways/RC882_r17.0.0_20260520160610,D-ALANINE-AMINOTRANSFERASE-RXN,2
http://rdf-plantmetwiki.bioinformatics.nl/pathways/RC1268_r17.0.0_20260520160610,RXN-9562,2
http://rdf-plantmetwiki.bioinformatics.nl/pathways/RC875_r17.0.0_20260520160610,2.6.1.41-RXN,2
http://rdf-plantmetwiki.bioinformatics.nl/pathways/RC710_r17.0.0_20260520160610,CARBODEHYDRAT-RXN,2
http://rdf-plantmetwiki.bioinformatics.nl/pathways/RC267_r17.0.0_20260520160610,RXN-7895,2
http://rdf-plantmetwiki.bioinformatics.nl/pathways/RC495_r17.0.0_20260520160610,RXN-9771,2
http://rdf-plantmetwiki.bioinformatics.nl/pathways/RC1056_r17.0.0_20260520160610,RXN-3482,2
http://rdf-plantmetwiki.bioinformatics.nl/pathways/RC621_r17.0.0_20260520160610,RXN-8547,2
http://rdf-plantmetwiki.bioinformatics.nl/pathways/RC1102_r17.0.0_20260520160610,ENTF-RXN,2
http://rdf-plantmetwiki.bioinformatics.nl/pathways/RC339_r17.0.0_20260520160610,4-HYDROXYGLUTAMATE-AMINOTRANSFERASE-RXN,2
http://rdf-plantmetwiki.bioinformatics.nl/pathways/RC302_r17.0.0_20260520160610,RXN4FS-27,2
http://rdf-plantmetwiki.bioinformatics.nl/pathways/RC614_r17.0.0_20260520160610,RXN-14509,2
http://rdf-plantmetwiki.bioinformatics.nl/pathways/RC1278_r17.0.0_20260520160610,DEOXYNUCLEOTIDE-3-PHOSPHATASE-RXN,2
http://rdf-plantmetwiki.bioinformatics.nl/pathways/RC914_r17.0.0_20260520160610,RXN-7022,2
http://rdf-plantmetwiki.bioinformatics.nl/pathways/RC939_r17.0.0_20260520160610,RXN-22317,2
http://rdf-plantmetwiki.bioinformatics.nl/pathways/RC728_r17.0.0_20260520160610,RXN-7920,2
http://rdf-plantmetwiki.bioinformatics.nl/pathways/RC126_r17.0.0_20260520160610,RXN0-5181,2
http://rdf-plantmetwiki.bioinformatics.nl/pathways/RC1198_r17.0.0_20260520160610,RXN-21004,2
http://rdf-plantmetwiki.bioinformatics.nl/pathways/RC48_r17.0.0_20260520160610,RXN-8560,2
http://rdf-plantmetwiki.bioinformatics.nl/pathways/RC837_r17.0.0_20260520160610,RXN-14511,2
http://rdf-plantmetwiki.bioinformatics.nl/pathways/RC991_r17.0.0_20260520160610,RXN-10938,2
http://rdf-plantmetwiki.bioinformatics.nl/pathways/RC522_r17.0.0_20260520160610,RXN-16996,2
http://rdf-plantmetwiki.bioinformatics.nl/pathways/RC966_r17.0.0_20260520160610,RXN0-5184,2
http://rdf-plantmetwiki.bioinformatics.nl/pathways/RC1143_r17.0.0_20260520160610,FAD-RED-RXN,2
http://rdf-plantmetwiki.bioinformatics.nl/pathways/RC1094_r17.0.0_20260520160610,RXN-14473,2
http://rdf-plantmetwiki.bioinformatics.nl/pathways/RC988_r17.0.0_20260520160610,2.4.2.39-RXN,2
http://rdf-plantmetwiki.bioinformatics.nl/pathways/PC798_r17.0.0_20260520160610,"(1,4)-β-D-xylan degradation",2
http://rdf-plantmetwiki.bioinformatics.nl/pathways/RC1138_r17.0.0_20260520160610,RXN-7571,2
http://rdf-plantmetwiki.bioinformatics.nl/pathways/RC84_r17.0.0_20260520160610,RXN18C3-114,2
http://rdf-plantmetwiki.bioinformatics.nl/pathways/RC395_r17.0.0_20260520160610,RXN-10947,2
http://rdf-plantmetwiki.bioinformatics.nl/pathways/RC263_r17.0.0_20260520160610,RXN-15312,2
http://rdf-plantmetwiki.bioinformatics.nl/pathways/RC1067_r17.0.0_20260520160610,RXN-23370,2
http://rdf-plantmetwiki.bioinformatics.nl/pathways/RC891_r17.0.0_20260520160610,RXN-12410,2
http://rdf-plantmetwiki.bioinformatics.nl/pathways/RC1314_r17.0.0_20260520160610,RXN-8430,2
http://rdf-plantmetwiki.bioinformatics.nl/pathways/RC1229_r17.0.0_20260520160610,RXN-10036,2
http://rdf-plantmetwiki.bioinformatics.nl/pathways/RC1158_r17.0.0_20260520160610,RXN-12565,2
http://rdf-plantmetwiki.bioinformatics.nl/pathways/RC1038_r17.0.0_20260520160610,3.5.5.1-RXN,2
http://rdf-plantmetwiki.bioinformatics.nl/pathways/RC257_r17.0.0_20260520160610,OXALATE-COA-TRANSFERASE-RXN,2
http://rdf-plantmetwiki.bioinformatics.nl/pathways/RC779_r17.0.0_20260520160610,RXN-7740,2
http://rdf-plantmetwiki.bioinformatics.nl/pathways/RC1000_r17.0.0_20260520160610,Thioglucosidase,2
http://rdf-plantmetwiki.bioinformatics.nl/pathways/RC1290_r17.0.0_20260520160610,PEROXID-RXN,2
http://rdf-plantmetwiki.bioinformatics.nl/pathways/RC1273_r17.0.0_20260520160610,RXN-10954,2
http://rdf-plantmetwiki.bioinformatics.nl/pathways/RC262_r17.0.0_20260520160610,3.2.1.154-RXN,2
http://rdf-plantmetwiki.bioinformatics.nl/pathways/RC597_r17.0.0_20260520160610,RXN-8642,2
http://rdf-plantmetwiki.bioinformatics.nl/pathways/RC697_r17.0.0_20260520160610,RXN-8544,2
http://rdf-plantmetwiki.bioinformatics.nl/pathways/RC1025_r17.0.0_20260520160610,RXN-15556,2
http://rdf-plantmetwiki.bioinformatics.nl/pathways/RC429_r17.0.0_20260520160610,Isovaleryl-CoA dehydrogenase,2
http://rdf-plantmetwiki.bioinformatics.nl/pathways/RC713_r17.0.0_20260520160610,RXN-19953,2
http://rdf-plantmetwiki.bioinformatics.nl/pathways/RC929_r17.0.0_20260520160610,RXN-18969,2
http://rdf-plantmetwiki.bioinformatics.nl/pathways/RC830_r17.0.0_20260520160610,RXN-21433,2
http://rdf-plantmetwiki.bioinformatics.nl/pathways/RC407_r17.0.0_20260520160610,RXN-9208,2
http://rdf-plantmetwiki.bioinformatics.nl/pathways/RC1_r17.0.0_20260520160610,RXN4FS-26,2
http://rdf-plantmetwiki.bioinformatics.nl/pathways/RC443_r17.0.0_20260520160610,SUGAR-PHOSPHATASE-RXN,2
http://rdf-plantmetwiki.bioinformatics.nl/pathways/RC261_r17.0.0_20260520160610,RXN-7381,2
http://rdf-plantmetwiki.bioinformatics.nl/pathways/RC477_r17.0.0_20260520160610,RXN-8571,2
http://rdf-plantmetwiki.bioinformatics.nl/pathways/RC230_r17.0.0_20260520160610,3.2.1.52-RXN,2
http://rdf-plantmetwiki.bioinformatics.nl/pathways/RC984_r17.0.0_20260520160610,RXN-22287,2
http://rdf-plantmetwiki.bioinformatics.nl/pathways/RC955_r17.0.0_20260520160610,RXN-24129,2
http://rdf-plantmetwiki.bioinformatics.nl/pathways/RC990_r17.0.0_20260520160610,RXN-18958,2
http://rdf-plantmetwiki.bioinformatics.nl/pathways/RC1286_r17.0.0_20260520160610,RXN-8426,2
http://rdf-plantmetwiki.bioinformatics.nl/pathways/RC1065_r17.0.0_20260520160610,RXN-8558,2
http://rdf-plantmetwiki.bioinformatics.nl/pathways/RC304_r17.0.0_20260520160610,RXN-6841,2
http://rdf-plantmetwiki.bioinformatics.nl/pathways/RC853_r17.0.0_20260520160610,RXN-12257,2
http://rdf-plantmetwiki.bioinformatics.nl/pathways/PC667_r17.0.0_20260520160610,neoxanthin biosynthesis,2
http://rdf-plantmetwiki.bioinformatics.nl/pathways/RC732_r17.0.0_20260520160610,RXN-5985,2
http://rdf-plantmetwiki.bioinformatics.nl/pathways/RC1183_r17.0.0_20260520160610,RXN-8543,2
http://rdf-plantmetwiki.bioinformatics.nl/pathways/RC221_r17.0.0_20260520160610,NADH-DEHYDROGENASE-RXN,2
http://rdf-plantmetwiki.bioinformatics.nl/pathways/RC3_r17.0.0_20260520160610,Protoporphyrinogen oxidase,2
http://rdf-plantmetwiki.bioinformatics.nl/pathways/PC691_r17.0.0_20260520160610,geranylgeranyl pyrophosphate biosynthesis,2
http://rdf-plantmetwiki.bioinformatics.nl/pathways/RC42_r17.0.0_20260520160610,RXN-22762,2
http://rdf-plantmetwiki.bioinformatics.nl/pathways/RC62_r17.0.0_20260520160610,3-SULFINOALANINE-AMINOTRANSFERASE-RXN,2
http://rdf-plantmetwiki.bioinformatics.nl/pathways/RC11_r17.0.0_20260520160610,RXN-22758,2
http://rdf-plantmetwiki.bioinformatics.nl/pathways/RC567_r17.0.0_20260520160610,RXN-22285,2
http://rdf-plantmetwiki.bioinformatics.nl/pathways/RC532_r17.0.0_20260520160610,RXN-22319,2
http://rdf-plantmetwiki.bioinformatics.nl/pathways/RC690_r17.0.0_20260520160610,RXN-18895,2
http://rdf-plantmetwiki.bioinformatics.nl/pathways/RC1205_r17.0.0_20260520160610,PHOSPHATIDYLINOSITOL-3-PHOSPHATASE-RXN,2
http://rdf-plantmetwiki.bioinformatics.nl/pathways/RC1151_r17.0.0_20260520160610,SULFATE-ADENYLYLTRANSFERASE-ADP-RXN,2
http://rdf-plantmetwiki.bioinformatics.nl/pathways/RC672_r17.0.0_20260520160610,RXN0-5185,2
http://rdf-plantmetwiki.bioinformatics.nl/pathways/RC632_r17.0.0_20260520160610,GLYC3PDEHYDROG-RXN,2
http://rdf-plantmetwiki.bioinformatics.nl/pathways/RC781_r17.0.0_20260520160610,RXN-12893,2
http://rdf-plantmetwiki.bioinformatics.nl/pathways/RC1026_r17.0.0_20260520160610,RXN-9373,2
http://rdf-plantmetwiki.bioinformatics.nl/pathways/RC406_r17.0.0_20260520160610,RXN-14396,2
http://rdf-plantmetwiki.bioinformatics.nl/pathways/RC236_r17.0.0_20260520160610,RXN3O-4157,2
http://rdf-plantmetwiki.bioinformatics.nl/pathways/RC134_r17.0.0_20260520160610,RXN-14534,2
http://rdf-plantmetwiki.bioinformatics.nl/pathways/RC1257_r17.0.0_20260520160610,2.6.1.64-RXN,2
http://rdf-plantmetwiki.bioinformatics.nl/pathways/RC727_r17.0.0_20260520160610,RXN-12077,2
http://rdf-plantmetwiki.bioinformatics.nl/pathways/RC1108_r17.0.0_20260520160610,(S)-3-hydroxybutanoyl-CoA dehydrogenase,2
http://rdf-plantmetwiki.bioinformatics.nl/pathways/RC394_r17.0.0_20260520160610,RXN-8622,2
http://rdf-plantmetwiki.bioinformatics.nl/pathways/RC1270_r17.0.0_20260520160610,RXNQT-4385,2
http://rdf-plantmetwiki.bioinformatics.nl/pathways/RC1085_r17.0.0_20260520160610,RXN-8344,2
http://rdf-plantmetwiki.bioinformatics.nl/pathways/RC184_r17.0.0_20260520160610,RXN-14124,2
http://rdf-plantmetwiki.bioinformatics.nl/pathways/RC863_r17.0.0_20260520160610,RXNQT-4383,2
http://rdf-plantmetwiki.bioinformatics.nl/pathways/RC747_r17.0.0_20260520160610,GLYCEROL-1-PHOSPHATASE-RXN,2
http://rdf-plantmetwiki.bioinformatics.nl/pathways/RC997_r17.0.0_20260520160610,RXN-8431,2
http://rdf-plantmetwiki.bioinformatics.nl/pathways/RC1059_r17.0.0_20260520160610,RXN-7838,2
http://rdf-plantmetwiki.bioinformatics.nl/pathways/RC398_r17.0.0_20260520160610,RXN-1403,2
http://rdf-plantmetwiki.bioinformatics.nl/pathways/RC919_r17.0.0_20260520160610,RXN18C3-111,2
http://rdf-plantmetwiki.bioinformatics.nl/pathways/RC353_r17.0.0_20260520160610,RXN-11233,2
http://rdf-plantmetwiki.bioinformatics.nl/pathways/RC760_r17.0.0_20260520160610,RXN-8564,2
http://rdf-plantmetwiki.bioinformatics.nl/pathways/RC16_r17.0.0_20260520160610,RXN-14113,2
http://rdf-plantmetwiki.bioinformatics.nl/pathways/RC1163_r17.0.0_20260520160610,RXN4FS-29,2
http://rdf-plantmetwiki.bioinformatics.nl/pathways/PC1135_r17.0.0_20260520160610,avenacin A-2 biosynthesis,2
http://rdf-plantmetwiki.bioinformatics.nl/pathways/RC233_r17.0.0_20260520160610,RXN-15451,2
http://rdf-plantmetwiki.bioinformatics.nl/pathways/RC586_r17.0.0_20260520160610,Acrylamidase,2
http://rdf-plantmetwiki.bioinformatics.nl/pathways/RC362_r17.0.0_20260520160610,RXN-8602,2
http://rdf-plantmetwiki.bioinformatics.nl/pathways/RC202_r17.0.0_20260520160610,methionine--phenylpyruvate transaminase,2
http://rdf-plantmetwiki.bioinformatics.nl/pathways/PC417_r17.0.0_20260520160610,L-alanine degradation III,2
http://rdf-plantmetwiki.bioinformatics.nl/pathways/RC718_r17.0.0_20260520160610,RXN-13959,2
http://rdf-plantmetwiki.bioinformatics.nl/pathways/RC79_r17.0.0_20260520160610,MALDEXPHOSPHORYL-RXN,2
http://rdf-plantmetwiki.bioinformatics.nl/pathways/RC1036_r17.0.0_20260520160610,RXN-12207,2
http://rdf-plantmetwiki.bioinformatics.nl/pathways/RC182_r17.0.0_20260520160610,RXN-7948,2
http://rdf-plantmetwiki.bioinformatics.nl/pathways/RC1190_r17.0.0_20260520160610,RXN-10722,2
http://rdf-plantmetwiki.bioinformatics.nl/pathways/RC396_r17.0.0_20260520160610,RXN-11655,2
http://rdf-plantmetwiki.bioinformatics.nl/pathways/RC580_r17.0.0_20260520160610,RXN-8603,2
http://rdf-plantmetwiki.bioinformatics.nl/pathways/RC490_r17.0.0_20260520160610,RXN-14179,2
http://rdf-plantmetwiki.bioinformatics.nl/pathways/RC937_r17.0.0_20260520160610,RXN4LZ-39,2
http://rdf-plantmetwiki.bioinformatics.nl/pathways/RC792_r17.0.0_20260520160610,RXN-14814,2
http://rdf-plantmetwiki.bioinformatics.nl/pathways/RC1213_r17.0.0_20260520160610,2.4.1.207-RXN,2
http://rdf-plantmetwiki.bioinformatics.nl/pathways/RC121_r17.0.0_20260520160610,RXN-16909,2
http://rdf-plantmetwiki.bioinformatics.nl/pathways/RC434_r17.0.0_20260520160610,RXN-18032,2
http://rdf-plantmetwiki.bioinformatics.nl/pathways/RC543_r17.0.0_20260520160610,RXN-8418,2
http://rdf-plantmetwiki.bioinformatics.nl/pathways/RC168_r17.0.0_20260520160610,DSERDEAM-RXN,2
http://rdf-plantmetwiki.bioinformatics.nl/pathways/RC427_r17.0.0_20260520160610,2.7.7.64-RXN,2
http://rdf-plantmetwiki.bioinformatics.nl/pathways/PC1162_r17.0.0_20260520160610,esterified suberin biosynthesis,2
http://rdf-plantmetwiki.bioinformatics.nl/pathways/RC219_r17.0.0_20260520160610,RXN-13399,2
http://rdf-plantmetwiki.bioinformatics.nl/pathways/RC749_r17.0.0_20260520160610,3.2.1.114-RXN,2
http://rdf-plantmetwiki.bioinformatics.nl/pathways/RC87_r17.0.0_20260520160610,RXN-18079,2
http://rdf-plantmetwiki.bioinformatics.nl/pathways/RC436_r17.0.0_20260520160610,RXN-8423,2
http://rdf-plantmetwiki.bioinformatics.nl/pathways/RC1272_r17.0.0_20260520160610,RXN-7897,2
http://rdf-plantmetwiki.bioinformatics.nl/pathways/RC450_r17.0.0_20260520160610,OXALODECARB-RXN,2
http://rdf-plantmetwiki.bioinformatics.nl/pathways/RC511_r17.0.0_20260520160610,RXN-7893,2
http://rdf-plantmetwiki.bioinformatics.nl/pathways/RC881_r17.0.0_20260520160610,RXN-11545,2
http://rdf-plantmetwiki.bioinformatics.nl/pathways/RC1250_r17.0.0_20260520160610,RXN-8332,2
http://rdf-plantmetwiki.bioinformatics.nl/pathways/RC932_r17.0.0_20260520160610,RXN0-5393,2
http://rdf-plantmetwiki.bioinformatics.nl/pathways/RC316_r17.0.0_20260520160610,RXN0-5040,2
http://rdf-plantmetwiki.bioinformatics.nl/pathways/RC340_r17.0.0_20260520160610,RXN-20169,2
http://rdf-plantmetwiki.bioinformatics.nl/pathways/RC1046_r17.0.0_20260520160610,RXN-21025,2
http://rdf-plantmetwiki.bioinformatics.nl/pathways/RC437_r17.0.0_20260520160610,RXN-8589,2
http://rdf-plantmetwiki.bioinformatics.nl/pathways/PC192_r17.0.0_20260520160610,ortho-quinones biosynthesis,2
http://rdf-plantmetwiki.bioinformatics.nl/pathways/RC358_r17.0.0_20260520160610,RXN-15509,2
http://rdf-plantmetwiki.bioinformatics.nl/pathways/RC167_r17.0.0_20260520160610,2.6.1.28-RXN,2
http://rdf-plantmetwiki.bioinformatics.nl/pathways/RC1255_r17.0.0_20260520160610,RXN-9348,2
http://rdf-plantmetwiki.bioinformatics.nl/pathways/RC232_r17.0.0_20260520160610,ADENYLYLSULFATE-REDUCTASE-RXN,2
http://rdf-plantmetwiki.bioinformatics.nl/pathways/RC382_r17.0.0_20260520160610,3.2.1.55-RXN,2
http://rdf-plantmetwiki.bioinformatics.nl/pathways/RC1053_r17.0.0_20260520160610,12-ALPHA-L-FUCOSIDASE-RXN,2
http://rdf-plantmetwiki.bioinformatics.nl/pathways/PC668_r17.0.0_20260520160610,salicylate glucosides biosynthesis III,2
http://rdf-plantmetwiki.bioinformatics.nl/pathways/PC45_r17.0.0_20260520160610,"1,3-β-D-glucan biosynthesis",2
http://rdf-plantmetwiki.bioinformatics.nl/pathways/RC1110_r17.0.0_20260520160610,GLUCOSE-1-PHOSPHAT-RXN,2
http://rdf-plantmetwiki.bioinformatics.nl/pathways/RC1188_r17.0.0_20260520160610,RXN-18484,2
http://rdf-plantmetwiki.bioinformatics.nl/pathways/RC485_r17.0.0_20260520160610,RXN-12392,2
http://rdf-plantmetwiki.bioinformatics.nl/pathways/PC570_r17.0.0_20260520160610,ginsenoside degradation III,2
http://rdf-plantmetwiki.bioinformatics.nl/pathways/RC595_r17.0.0_20260520160610,3.5.1.60-RXN,2
http://rdf-plantmetwiki.bioinformatics.nl/pathways/PC763_r17.0.0_20260520160610,phenylethyl acetate biosynthesis,2
http://rdf-plantmetwiki.bioinformatics.nl/pathways/RC179_r17.0.0_20260520160610,"(4<i>S</i>)-4-hydroxy-2,3,4,5-tetrahydro-(2<i>S</i>)-dipicolinate dehydratase",2
http://rdf-plantmetwiki.bioinformatics.nl/pathways/RC689_r17.0.0_20260520160610,RXN-22711,2
http://rdf-plantmetwiki.bioinformatics.nl/pathways/RC1223_r17.0.0_20260520160610,3.2.1.21-RXN,2
http://rdf-plantmetwiki.bioinformatics.nl/pathways/RC507_r17.0.0_20260520160610,RXN-14505,2
http://rdf-plantmetwiki.bioinformatics.nl/pathways/RC120_r17.0.0_20260520160610,RXN-18444,2
http://rdf-plantmetwiki.bioinformatics.nl/pathways/RC927_r17.0.0_20260520160610,RXN-15137,2
http://rdf-plantmetwiki.bioinformatics.nl/pathways/RC552_r17.0.0_20260520160610,RXN-14513,2
http://rdf-plantmetwiki.bioinformatics.nl/pathways/RC1207_r17.0.0_20260520160610,RXN-12363,2
http://rdf-plantmetwiki.bioinformatics.nl/pathways/RC508_r17.0.0_20260520160610,2-oxo-3-phenylpropanoate dioxygenase,2
http://rdf-plantmetwiki.bioinformatics.nl/pathways/RC720_r17.0.0_20260520160610,2.6.1.57-RXN,2
http://rdf-plantmetwiki.bioinformatics.nl/pathways/RC213_r17.0.0_20260520160610,RXNQT-4372,2
http://rdf-plantmetwiki.bioinformatics.nl/pathways/RC945_r17.0.0_20260520160610,RXN-18894,2
http://rdf-plantmetwiki.bioinformatics.nl/pathways/RC908_r17.0.0_20260520160610,RXN-14090,2
http://rdf-plantmetwiki.bioinformatics.nl/pathways/RC1153_r17.0.0_20260520160610,RXN4FS-28,2
http://rdf-plantmetwiki.bioinformatics.nl/pathways/PC74_r17.0.0_20260520160610,phytochelatins biosynthesis,2
http://rdf-plantmetwiki.bioinformatics.nl/pathways/RC1060_r17.0.0_20260520160610,RXN0-6721,2
http://rdf-plantmetwiki.bioinformatics.nl/pathways/PC519_r17.0.0_20260520160610,3-carene biosynthesis,2
http://rdf-plantmetwiki.bioinformatics.nl/pathways/PC829_r17.0.0_20260520160610,UDP-β-L-arabinose biosynthesis I (from UDP-α-D-xylose),2
http://rdf-plantmetwiki.bioinformatics.nl/pathways/RC987_r17.0.0_20260520160610,RXN-9559,2
http://rdf-plantmetwiki.bioinformatics.nl/pathways/RC295_r17.0.0_20260520160610,dihydrolipoyllysine-residue (3-methylbutanoyl)transferase,2
http://rdf-plantmetwiki.bioinformatics.nl/pathways/RC14_r17.0.0_20260520160610,RXN-21524,2
http://rdf-plantmetwiki.bioinformatics.nl/pathways/RC907_r17.0.0_20260520160610,dihydrolipoyllysine-residue (2-methylbutanoyl)transferase,2
http://rdf-plantmetwiki.bioinformatics.nl/pathways/RC1304_r17.0.0_20260520160610,RXN-11369,2
http://rdf-plantmetwiki.bioinformatics.nl/pathways/RC645_r17.0.0_20260520160610,RXN-20447,2
http://rdf-plantmetwiki.bioinformatics.nl/pathways/RC711_r17.0.0_20260520160610,RXN-8417,2
http://rdf-plantmetwiki.bioinformatics.nl/pathways/PC390_r17.0.0_20260520160610,geranyl pyrophosphate biosynthesis,2
http://rdf-plantmetwiki.bioinformatics.nl/pathways/RC404_r17.0.0_20260520160610,RXN-8419,2
http://rdf-plantmetwiki.bioinformatics.nl/pathways/RC90_r17.0.0_20260520160610,RXN-9347,2
http://rdf-plantmetwiki.bioinformatics.nl/pathways/RC37_r17.0.0_20260520160610,RXNQT-4386,2
http://rdf-plantmetwiki.bioinformatics.nl/pathways/RC756_r17.0.0_20260520160610,RXN-974,2
http://rdf-plantmetwiki.bioinformatics.nl/pathways/RC869_r17.0.0_20260520160610,Glycerol-3-phosphate dehydrogenase,2
http://rdf-plantmetwiki.bioinformatics.nl/pathways/RC300_r17.0.0_20260520160610,RXN-7883,2
http://rdf-plantmetwiki.bioinformatics.nl/pathways/RC162_r17.0.0_20260520160610,2-MEBUCOA-FAD-RXN,2
http://rdf-plantmetwiki.bioinformatics.nl/pathways/RC769_r17.0.0_20260520160610,RXN-10953,2
http://rdf-plantmetwiki.bioinformatics.nl/pathways/RC291_r17.0.0_20260520160610,RXN-14112,2
http://rdf-plantmetwiki.bioinformatics.nl/pathways/RC247_r17.0.0_20260520160610,CHLOROPHYLLASE-RXN,2
http://rdf-plantmetwiki.bioinformatics.nl/pathways/RC775_r17.0.0_20260520160610,RXNQT-4382,2
http://rdf-plantmetwiki.bioinformatics.nl/pathways/RC665_r17.0.0_20260520160610,HYPOXANPRIBOSYLTRAN-RXN,2
http://rdf-plantmetwiki.bioinformatics.nl/pathways/RC983_r17.0.0_20260520160610,MONOPHENOL-MONOOXYGENASE-RXN,2
http://rdf-plantmetwiki.bioinformatics.nl/pathways/RC953_r17.0.0_20260520160610,PHOSPHOGLYCERATE-PHOSPHATASE-RXN,2
http://rdf-plantmetwiki.bioinformatics.nl/pathways/RC703_r17.0.0_20260520160610,RXN-16425,2
http://rdf-plantmetwiki.bioinformatics.nl/pathways/RC298_r17.0.0_20260520160610,RXN-12838,2
http://rdf-plantmetwiki.bioinformatics.nl/pathways/RC544_r17.0.0_20260520160610,RXN-21523,2
http://rdf-plantmetwiki.bioinformatics.nl/pathways/RC251_r17.0.0_20260520160610,ALKAPHOSPHA-RXN,2
http://rdf-plantmetwiki.bioinformatics.nl/pathways/RC297_r17.0.0_20260520160610,RXN-21525,2
http://rdf-plantmetwiki.bioinformatics.nl/pathways/RC521_r17.0.0_20260520160610,ACETOACETATE-DECARBOXYLASE-RXN,2
http://rdf-plantmetwiki.bioinformatics.nl/pathways/PC1143_r17.0.0_20260520160610,sulfite oxidation IV (sulfite oxidase),2
http://rdf-plantmetwiki.bioinformatics.nl/pathways/RC357_r17.0.0_20260520160610,RXN4FS-16,2
http://rdf-plantmetwiki.bioinformatics.nl/pathways/PC452_r17.0.0_20260520160610,methylsalicylate biosynthesis,2
http://rdf-plantmetwiki.bioinformatics.nl/pathways/RC1211_r17.0.0_20260520160610,[phosphoenolpyruvate carboxylase] kinase,2
http://rdf-plantmetwiki.bioinformatics.nl/pathways/RC320_r17.0.0_20260520160610,RXNQT-4158,2
http://rdf-plantmetwiki.bioinformatics.nl/pathways/RC1041_r17.0.0_20260520160610,RXN0-5398,2
http://rdf-plantmetwiki.bioinformatics.nl/pathways/RC1316_r17.0.0_20260520160610,GLUCONOLACT-RXN,2
http://rdf-plantmetwiki.bioinformatics.nl/pathways/RC864_r17.0.0_20260520160610,5-NUCLEOTID-RXN,2
http://rdf-plantmetwiki.bioinformatics.nl/pathways/RC218_r17.0.0_20260520160610,RXN-7860,2
http://rdf-plantmetwiki.bioinformatics.nl/pathways/RC419_r17.0.0_20260520160610,RXN-16997,2
http://rdf-plantmetwiki.bioinformatics.nl/pathways/RC1216_r17.0.0_20260520160610,DLACTDEHYDROGFAD-RXN,2
http://rdf-plantmetwiki.bioinformatics.nl/pathways/RC1167_r17.0.0_20260520160610,dehydroascorbate hydrolase,2
http://rdf-plantmetwiki.bioinformatics.nl/pathways/RC197_r17.0.0_20260520160610,RXN-10632,2
http://rdf-plantmetwiki.bioinformatics.nl/pathways/RC921_r17.0.0_20260520160610,2.7.7.35-RXN,2
http://rdf-plantmetwiki.bioinformatics.nl/pathways/PC782_r17.0.0_20260520160610,acetaldehyde biosynthesis II,2
http://rdf-plantmetwiki.bioinformatics.nl/pathways/RC505_r17.0.0_20260520160610,ACP-S-ACETYLTRANSFER-RXN,2
http://rdf-plantmetwiki.bioinformatics.nl/pathways/RC172_r17.0.0_20260520160610,3.2.1.58-RXN,2
http://rdf-plantmetwiki.bioinformatics.nl/pathways/RC834_r17.0.0_20260520160610,RXN-11656,2
http://rdf-plantmetwiki.bioinformatics.nl/pathways/RC807_r17.0.0_20260520160610,RXN0-5330,2
http://rdf-plantmetwiki.bioinformatics.nl/pathways/RC96_r17.0.0_20260520160610,RXN-15348,2
http://rdf-plantmetwiki.bioinformatics.nl/pathways/RC677_r17.0.0_20260520160610,RXN-11231,2
http://rdf-plantmetwiki.bioinformatics.nl/pathways/RC596_r17.0.0_20260520160610,RXN-13872,2
http://rdf-plantmetwiki.bioinformatics.nl/pathways/RC717_r17.0.0_20260520160610,RXN-4208,2
http://rdf-plantmetwiki.bioinformatics.nl/pathways/RC1256_r17.0.0_20260520160610,RXN-8559,2
http://rdf-plantmetwiki.bioinformatics.nl/pathways/RC737_r17.0.0_20260520160610,RXN-21019,2
http://rdf-plantmetwiki.bioinformatics.nl/pathways/PC173_r17.0.0_20260520160610,"avenacin biosynthesis, initial reactions",2
http://rdf-plantmetwiki.bioinformatics.nl/pathways/RC925_r17.0.0_20260520160610,RXN-8416,2
http://rdf-plantmetwiki.bioinformatics.nl/pathways/RC549_r17.0.0_20260520160610,RXN-4315,2
http://rdf-plantmetwiki.bioinformatics.nl/pathways/RC1075_r17.0.0_20260520160610,3.1.4.37-RXN,2
http://rdf-plantmetwiki.bioinformatics.nl/pathways/RC510_r17.0.0_20260520160610,heme <i>o</i> biosynthesis,2
http://rdf-plantmetwiki.bioinformatics.nl/pathways/RC1096_r17.0.0_20260520160610,3-NUCLEOTID-RXN,2
http://rdf-plantmetwiki.bioinformatics.nl/pathways/RC1069_r17.0.0_20260520160610,RXN-12587,2
http://rdf-plantmetwiki.bioinformatics.nl/pathways/RC1115_r17.0.0_20260520160610,RXN0-7192,2
http://rdf-plantmetwiki.bioinformatics.nl/pathways/RC46_r17.0.0_20260520160610,RXN-8425,2
http://rdf-plantmetwiki.bioinformatics.nl/pathways/RC447_r17.0.0_20260520160610,RXN-11403,2
http://rdf-plantmetwiki.bioinformatics.nl/pathways/RC636_r17.0.0_20260520160610,RXN-16426,2
http://rdf-plantmetwiki.bioinformatics.nl/pathways/RC311_r17.0.0_20260520160610,RXN-10731,2
http://rdf-plantmetwiki.bioinformatics.nl/pathways/RC71_r17.0.0_20260520160610,RIBONUCLEOSIDE-DIP-REDUCTI-RXN,2
http://rdf-plantmetwiki.bioinformatics.nl/pathways/RC593_r17.0.0_20260520160610,RXN0-308,2
http://rdf-plantmetwiki.bioinformatics.nl/pathways/RC102_r17.0.0_20260520160610,RXN0-1382,2
http://rdf-plantmetwiki.bioinformatics.nl/pathways/RC707_r17.0.0_20260520160610,RXN-14048,2
http://rdf-plantmetwiki.bioinformatics.nl/pathways/RC325_r17.0.0_20260520160610,RXN-8546,2
http://rdf-plantmetwiki.bioinformatics.nl/pathways/RC1225_r17.0.0_20260520160610,RAUCAFFRICINE-BETA-GLUCOSIDASE-RXN,2
http://rdf-plantmetwiki.bioinformatics.nl/pathways/RC360_r17.0.0_20260520160610,acyl-ACP:sn-glycerol-3-phosphate 1-O-acyltransferase,2
http://rdf-plantmetwiki.bioinformatics.nl/pathways/RC1192_r17.0.0_20260520160610,RXN-14126,2
http://rdf-plantmetwiki.bioinformatics.nl/pathways/RC116_r17.0.0_20260520160610,MALTODEG-RXN,2
http://rdf-plantmetwiki.bioinformatics.nl/pathways/RC674_r17.0.0_20260520160610,RXN-22697,2
http://rdf-plantmetwiki.bioinformatics.nl/pathways/RC1243_r17.0.0_20260520160610,RXN4FS-25,2
http://rdf-plantmetwiki.bioinformatics.nl/pathways/RC347_r17.0.0_20260520160610,L-ASCORBATE-PEROXIDASE-RXN,2
http://rdf-plantmetwiki.bioinformatics.nl/pathways/RC663_r17.0.0_20260520160610,S-2-HYDROXY-ACID-OXIDASE-RXN,2
http://rdf-plantmetwiki.bioinformatics.nl/pathways/RC1174_r17.0.0_20260520160610,TRANS-HEXAPRENYLTRANSTRANSFERASE-RXN,2
http://rdf-plantmetwiki.bioinformatics.nl/pathways/PC1066_r17.0.0_20260520160610,cellulose biosynthesis,2
http://rdf-plantmetwiki.bioinformatics.nl/pathways/RC964_r17.0.0_20260520160610,RXN-24257,2
http://rdf-plantmetwiki.bioinformatics.nl/pathways/RC874_r17.0.0_20260520160610,RXN-13939,2
http://rdf-plantmetwiki.bioinformatics.nl/pathways/RC40_r17.0.0_20260520160610,RXN-7894,2
http://rdf-plantmetwiki.bioinformatics.nl/pathways/PC1096_r17.0.0_20260520160610,oxalate degradation IV,2
http://rdf-plantmetwiki.bioinformatics.nl/pathways/RC1042_r17.0.0_20260520160610,INORGPYROPHOSPHAT-RXN,2
http://rdf-plantmetwiki.bioinformatics.nl/pathways/RC1160_r17.0.0_20260520160610,RXN-8447,2
http://rdf-plantmetwiki.bioinformatics.nl/pathways/RC1206_r17.0.0_20260520160610,RXN0-5182,2
http://rdf-plantmetwiki.bioinformatics.nl/pathways/RC965_r17.0.0_20260520160610,RXN4FS-15,2
http://rdf-plantmetwiki.bioinformatics.nl/pathways/RC904_r17.0.0_20260520160610,RXN-8573,2
http://rdf-plantmetwiki.bioinformatics.nl/pathways/RC1047_r17.0.0_20260520160610,AMYLOMALT-RXN,2
http://rdf-plantmetwiki.bioinformatics.nl/pathways/PC155_r17.0.0_20260520160610,UDP-D-apiose biosynthesis (from UDP-D-glucuronate),2
http://rdf-plantmetwiki.bioinformatics.nl/pathways/PC49_r17.0.0_20260520160610,benzoylanthranilate biosynthesis,2
http://rdf-plantmetwiki.bioinformatics.nl/pathways/RC163_r17.0.0_20260520160610,RXN-11737,2
http://rdf-plantmetwiki.bioinformatics.nl/pathways/RC321_r17.0.0_20260520160610,Epoxide hydrolase,2
http://rdf-plantmetwiki.bioinformatics.nl/pathways/RC1251_r17.0.0_20260520160610,RXN-21527,2
http://rdf-plantmetwiki.bioinformatics.nl/pathways/PC381_r17.0.0_20260520160610,phosphate acquisition,2
http://rdf-plantmetwiki.bioinformatics.nl/pathways/RC481_r17.0.0_20260520160610,RXN-12541,2
http://rdf-plantmetwiki.bioinformatics.nl/pathways/RC270_r17.0.0_20260520160610,RXNQT-4387,2
http://rdf-plantmetwiki.bioinformatics.nl/pathways/RC585_r17.0.0_20260520160610,RXN4FS-17,2
http://rdf-plantmetwiki.bioinformatics.nl/pathways/RC144_r17.0.0_20260520160610,RXN-22778,2
http://rdf-plantmetwiki.bioinformatics.nl/pathways/RC523_r17.0.0_20260520160610,GLYCEROL-2-PHOSPHATASE-RXN,2
http://rdf-plantmetwiki.bioinformatics.nl/pathways/RC66_r17.0.0_20260520160610,RXN-22774,2
http://rdf-plantmetwiki.bioinformatics.nl/pathways/RC910_r17.0.0_20260520160610,RXN-5984,2
http://rdf-plantmetwiki.bioinformatics.nl/pathways/RC553_r17.0.0_20260520160610,ALANINE--GLYOXYLATE-AMINOTRANSFERASE-RXN,2
http://rdf-plantmetwiki.bioinformatics.nl/pathways/PC618_r17.0.0_20260520160610,ternatin C3 biosynthesis,2
http://rdf-plantmetwiki.bioinformatics.nl/pathways/PC846_r17.0.0_20260520160610,benzoyl-β-D-glucopyranose biosynthesis,2
http://rdf-plantmetwiki.bioinformatics.nl/pathways/RC828_r17.0.0_20260520160610,3.2.1.141-RXN,2
http://rdf-plantmetwiki.bioinformatics.nl/pathways/RC754_r17.0.0_20260520160610,RXN-11544,2
http://rdf-plantmetwiki.bioinformatics.nl/pathways/RC893_r17.0.0_20260520160610,RXN-15510,2
http://rdf-plantmetwiki.bioinformatics.nl/pathways/RC255_r17.0.0_20260520160610,RXN-10868,2
http://rdf-plantmetwiki.bioinformatics.nl/pathways/RC920_r17.0.0_20260520160610,RXN-19006,2
http://rdf-plantmetwiki.bioinformatics.nl/pathways/RC1080_r17.0.0_20260520160610,RXN4FS-24,2
http://rdf-plantmetwiki.bioinformatics.nl/pathways/RC210_r17.0.0_20260520160610,RXN-20154,2
http://rdf-plantmetwiki.bioinformatics.nl/pathways/RC1101_r17.0.0_20260520160610,RXN-1827,2
http://rdf-plantmetwiki.bioinformatics.nl/pathways/RC203_r17.0.0_20260520160610,RXN-8557,2
http://rdf-plantmetwiki.bioinformatics.nl/pathways/RC1218_r17.0.0_20260520160610,dihydroorotate dehydrogenase,2
http://rdf-plantmetwiki.bioinformatics.nl/pathways/RC5_r17.0.0_20260520160610,RXN-14514,2
http://rdf-plantmetwiki.bioinformatics.nl/pathways/RC673_r17.0.0_20260520160610,RXN-12364,2
http://rdf-plantmetwiki.bioinformatics.nl/pathways/RC794_r17.0.0_20260520160610,5-fluoro-5-deoxy-d-ribulose-1-phosphate aldolase,2
http://rdf-plantmetwiki.bioinformatics.nl/pathways/RC497_r17.0.0_20260520160610,RXN-19659,2
http://rdf-plantmetwiki.bioinformatics.nl/pathways/RC279_r17.0.0_20260520160610,RXN-15129,2
http://rdf-plantmetwiki.bioinformatics.nl/pathways/RC292_r17.0.0_20260520160610,RXN-5105,2
http://rdf-plantmetwiki.bioinformatics.nl/pathways/RC1028_r17.0.0_20260520160610,RXN-8427,2
http://rdf-plantmetwiki.bioinformatics.nl/pathways/RC1073_r17.0.0_20260520160610,RXN-8333,2
http://rdf-plantmetwiki.bioinformatics.nl/pathways/RC1039_r17.0.0_20260520160610,LONG-CHAIN-ENOYL-COA-HYDRATASE-RXN,2
http://rdf-plantmetwiki.bioinformatics.nl/pathways/RC493_r17.0.0_20260520160610,RXN-18789,2
http://rdf-plantmetwiki.bioinformatics.nl/pathways/RC110_r17.0.0_20260520160610,RXN-8002,2
http://rdf-plantmetwiki.bioinformatics.nl/pathways/RC856_r17.0.0_20260520160610,phenolic oxidative coupling protein,2
http://rdf-plantmetwiki.bioinformatics.nl/pathways/RC1306_r17.0.0_20260520160610,RXN-7842,2
http://rdf-plantmetwiki.bioinformatics.nl/pathways/RC1024_r17.0.0_20260520160610,1.8.4.8-RXN,2
http://rdf-plantmetwiki.bioinformatics.nl/pathways/RC650_r17.0.0_20260520160610,RXN-13409,2
http://rdf-plantmetwiki.bioinformatics.nl/pathways/RC345_r17.0.0_20260520160610,RXN-18383,2
http://rdf-plantmetwiki.bioinformatics.nl/pathways/RC930_r17.0.0_20260520160610,RXN-19381,2
http://rdf-plantmetwiki.bioinformatics.nl/pathways/RC1009_r17.0.0_20260520160610,RXN1ZN3-9,2
http://rdf-plantmetwiki.bioinformatics.nl/pathways/RC627_r17.0.0_20260520160610,RXN-22315,2
http://rdf-plantmetwiki.bioinformatics.nl/pathways/RC810_r17.0.0_20260520160610,MALATE-DEHYDROGENASE-ACCEPTOR-RXN,2
http://rdf-plantmetwiki.bioinformatics.nl/pathways/RC517_r17.0.0_20260520160610,LACCASE-RXN,2
http://rdf-plantmetwiki.bioinformatics.nl/pathways/RC515_r17.0.0_20260520160610,RXN-13413,2
http://rdf-plantmetwiki.bioinformatics.nl/pathways/PC339_r17.0.0_20260520160610,L-asparagine degradation I,2
http://rdf-plantmetwiki.bioinformatics.nl/pathways/RC725_r17.0.0_20260520160610,RXN-10949,2
http://rdf-plantmetwiki.bioinformatics.nl/pathways/RC426_r17.0.0_20260520160610,RXN-4181,2
http://rdf-plantmetwiki.bioinformatics.nl/pathways/RC451_r17.0.0_20260520160610,RXN-3541,2
http://rdf-plantmetwiki.bioinformatics.nl/pathways/PC1154_r17.0.0_20260520160610,glutamate removal from folates,2
http://rdf-plantmetwiki.bioinformatics.nl/pathways/RC175_r17.0.0_20260520160610,RXN-11234,2
http://rdf-plantmetwiki.bioinformatics.nl/pathways/RC486_r17.0.0_20260520160610,RXN-15512,2
http://rdf-plantmetwiki.bioinformatics.nl/pathways/RC217_r17.0.0_20260520160610,RXN-12567,2
http://rdf-plantmetwiki.bioinformatics.nl/pathways/RC196_r17.0.0_20260520160610,RXN-15125,2
http://rdf-plantmetwiki.bioinformatics.nl/pathways/RC898_r17.0.0_20260520160610,PSERTRANSAMPYR-RXN,2
http://rdf-plantmetwiki.bioinformatics.nl/pathways/RC993_r17.0.0_20260520160610,CARBON-MONOXIDE-DEHYDROGENASE-RXN,2
http://rdf-plantmetwiki.bioinformatics.nl/pathways/RC765_r17.0.0_20260520160610,RXN-8421,2
http://rdf-plantmetwiki.bioinformatics.nl/pathways/PC958_r17.0.0_20260520160610,trigonelline biosynthesis,2
http://rdf-plantmetwiki.bioinformatics.nl/pathways/RC375_r17.0.0_20260520160610,3.1.3.72-RXN,2
http://rdf-plantmetwiki.bioinformatics.nl/pathways/RC433_r17.0.0_20260520160610,RXN-7892,2
http://rdf-plantmetwiki.bioinformatics.nl/pathways/PC1030_r17.0.0_20260520160610,3-(4-hydroxyphenyl)pyruvate biosynthesis,2
http://rdf-plantmetwiki.bioinformatics.nl/pathways/RC474_r17.0.0_20260520160610,RXN-10878,2
http://rdf-plantmetwiki.bioinformatics.nl/pathways/RC1267_r17.0.0_20260520160610,THREDEHYD-RXN,2
http://rdf-plantmetwiki.bioinformatics.nl/pathways/RC384_r17.0.0_20260520160610,3-methyl-2-oxobutanoate dehydrogenase [(<i>S</i>)-2-methylbutanoyl-transferring),2
http://rdf-plantmetwiki.bioinformatics.nl/pathways/PC457_r17.0.0_20260520160610,Fe(II)-nicotianamine transport in phloem,2
http://rdf-plantmetwiki.bioinformatics.nl/pathways/PC464_r17.0.0_20260520160610,betanidin degradation,2
http://rdf-plantmetwiki.bioinformatics.nl/pathways/RC308_r17.0.0_20260520160610,RXN-4318,2
http://rdf-plantmetwiki.bioinformatics.nl/pathways/RC819_r17.0.0_20260520160610,RXN-13955,2
http://rdf-plantmetwiki.bioinformatics.nl/pathways/RC466_r17.0.0_20260520160610,RXN-14355,2
http://rdf-plantmetwiki.bioinformatics.nl/pathways/RC704_r17.0.0_20260520160610,KETOLACTOSE-RXN,2
http://rdf-plantmetwiki.bioinformatics.nl/pathways/RC571_r17.0.0_20260520160610,RXN-22790,2
http://rdf-plantmetwiki.bioinformatics.nl/pathways/RC550_r17.0.0_20260520160610,RXN-14143,2
http://rdf-plantmetwiki.bioinformatics.nl/pathways/RC1132_r17.0.0_20260520160610,RXN-8542,2
http://rdf-plantmetwiki.bioinformatics.nl/pathways/RC618_r17.0.0_20260520160610,1-dodecanol-<em>O</em>-arachinoyltransferase,2
http://rdf-plantmetwiki.bioinformatics.nl/pathways/RC1259_r17.0.0_20260520160610,325-BISPHOSPHATE-NUCLEOTIDASE-RXN,2
http://rdf-plantmetwiki.bioinformatics.nl/pathways/RC894_r17.0.0_20260520160610,RXN-15140,2
http://rdf-plantmetwiki.bioinformatics.nl/pathways/RC1044_r17.0.0_20260520160610,"(9Z,11E,14Z)-(13S)-hydroperoxyoctadeca-9,11,14-trienoate 12,13-hydro-lyase",2
http://rdf-plantmetwiki.bioinformatics.nl/pathways/RC866_r17.0.0_20260520160610,RXN-7891,2
http://rdf-plantmetwiki.bioinformatics.nl/pathways/RC137_r17.0.0_20260520160610,FORMATE-DEHYDROGENASE-NADP+-RXN,2
http://rdf-plantmetwiki.bioinformatics.nl/pathways/PC311_r17.0.0_20260520160610,furcatin degradation,2
http://rdf-plantmetwiki.bioinformatics.nl/pathways/RC649_r17.0.0_20260520160610,RXN18C3-113,2
http://rdf-plantmetwiki.bioinformatics.nl/pathways/RC386_r17.0.0_20260520160610,NQOR-RXN,2
http://rdf-plantmetwiki.bioinformatics.nl/pathways/RC1122_r17.0.0_20260520160610,SUCC-FUM-OXRED-RXN,2
http://rdf-plantmetwiki.bioinformatics.nl/pathways/RC746_r17.0.0_20260520160610,RXN-15511,2
http://rdf-plantmetwiki.bioinformatics.nl/pathways/RC89_r17.0.0_20260520160610,RXN0-3741,2
http://rdf-plantmetwiki.bioinformatics.nl/pathways/RC555_r17.0.0_20260520160610,NADPH--FERRIHEMOPROTEIN-REDUCTASE-RXN,2
http://rdf-plantmetwiki.bioinformatics.nl/pathways/RC1212_r17.0.0_20260520160610,RXN-18781,2
http://rdf-plantmetwiki.bioinformatics.nl/pathways/RC1013_r17.0.0_20260520160610,RXN-14243,2
http://rdf-plantmetwiki.bioinformatics.nl/pathways/RC114_r17.0.0_20260520160610,RXN-22914,2
http://rdf-plantmetwiki.bioinformatics.nl/pathways/RC350_r17.0.0_20260520160610,RXN-13873,2
http://rdf-plantmetwiki.bioinformatics.nl/pathways/PC540_r17.0.0_20260520160610,casbene biosynthesis,2
http://rdf-plantmetwiki.bioinformatics.nl/pathways/RC901_r17.0.0_20260520160610,GLYCOLATEDEHYDRO-RXN,2
http://rdf-plantmetwiki.bioinformatics.nl/pathways/RC342_r17.0.0_20260520160610,RXN0-5216,2
http://rdf-plantmetwiki.bioinformatics.nl/pathways/RC952_r17.0.0_20260520160610,CARDIOLIPSYN-RXN,2
http://rdf-plantmetwiki.bioinformatics.nl/pathways/RC924_r17.0.0_20260520160610,RXN-8380,2
http://rdf-plantmetwiki.bioinformatics.nl/pathways/RC171_r17.0.0_20260520160610,AMIDASE-RXN,2
http://rdf-plantmetwiki.bioinformatics.nl/pathways/RC788_r17.0.0_20260520160610,RXN-8548,2
http://rdf-plantmetwiki.bioinformatics.nl/pathways/RC516_r17.0.0_20260520160610,RXN18C3-109,2
http://rdf-plantmetwiki.bioinformatics.nl/pathways/RC562_r17.0.0_20260520160610,CELLULOSE-SYNTHASE-GDP-FORMING-RXN,2
http://rdf-plantmetwiki.bioinformatics.nl/pathways/RC421_r17.0.0_20260520160610,3.2.1.153-RXN,2
http://rdf-plantmetwiki.bioinformatics.nl/pathways/PC88_r17.0.0_20260520160610,melibiose degradation,2
http://rdf-plantmetwiki.bioinformatics.nl/pathways/RC9_r17.0.0_20260520160610,RXN-14685,2
http://rdf-plantmetwiki.bioinformatics.nl/pathways/RC867_r17.0.0_20260520160610,RXN-18031,2
http://rdf-plantmetwiki.bioinformatics.nl/pathways/RC1098_r17.0.0_20260520160610,ORNITHINE--OXO-ACID-AMINOTRANSFERASE-RXN,2
http://rdf-plantmetwiki.bioinformatics.nl/pathways/RC374_r17.0.0_20260520160610,RXN-5122,2
http://rdf-plantmetwiki.bioinformatics.nl/pathways/RC409_r17.0.0_20260520160610,RXN-12242,2
http://rdf-plantmetwiki.bioinformatics.nl/pathways/RC98_r17.0.0_20260520160610,MALTODEXGLUCOSID-RXN,2
http://rdf-plantmetwiki.bioinformatics.nl/pathways/RC99_r17.0.0_20260520160610,RXN-8813,2
http://rdf-plantmetwiki.bioinformatics.nl/pathways/RC100_r17.0.0_20260520160610,RXN-8956,2
http://rdf-plantmetwiki.bioinformatics.nl/pathways/RC1253_r17.0.0_20260520160610,RXN-15582,2
http://rdf-plantmetwiki.bioinformatics.nl/pathways/RC448_r17.0.0_20260520160610,RXN-11546,2
http://rdf-plantmetwiki.bioinformatics.nl/pathways/RC744_r17.0.0_20260520160610,RXN-11102,2
http://rdf-plantmetwiki.bioinformatics.nl/pathways/PC305_r17.0.0_20260520160610,urea degradation II,2
http://rdf-plantmetwiki.bioinformatics.nl/pathways/RC1091_r17.0.0_20260520160610,RXN-22404,2
http://rdf-plantmetwiki.bioinformatics.nl/pathways/PC181_r17.0.0_20260520160610,β-carotene biosynthesis,2
http://rdf-plantmetwiki.bioinformatics.nl/pathways/RC132_r17.0.0_20260520160610,RXN-10961,2
http://rdf-plantmetwiki.bioinformatics.nl/pathways/PC740_r17.0.0_20260520160610,L-alanine biosynthesis III,2
http://rdf-plantmetwiki.bioinformatics.nl/pathways/RC1265_r17.0.0_20260520160610,RXN-18963,2
http://rdf-plantmetwiki.bioinformatics.nl/pathways/RC805_r17.0.0_20260520160610,RXN-10768,2
http://rdf-plantmetwiki.bioinformatics.nl/pathways/RC259_r17.0.0_20260520160610,RXN-8424,2
http://rdf-plantmetwiki.bioinformatics.nl/pathways/RC944_r17.0.0_20260520160610,RXN-9929,2
http://rdf-plantmetwiki.bioinformatics.nl/pathways/RC463_r17.0.0_20260520160610,ADENPHOSPHOR-RXN,2
http://rdf-plantmetwiki.bioinformatics.nl/pathways/RC275_r17.0.0_20260520160610,RXN-9560,2
http://rdf-plantmetwiki.bioinformatics.nl/pathways/RC180_r17.0.0_20260520160610,RXN-8428,2
http://rdf-plantmetwiki.bioinformatics.nl/pathways/RC371_r17.0.0_20260520160610,RXN-1024,2
http://rdf-plantmetwiki.bioinformatics.nl/pathways/RC1070_r17.0.0_20260520160610,2.6.1.7-RXN,2
http://rdf-plantmetwiki.bioinformatics.nl/pathways/RC1145_r17.0.0_20260520160610,RXN-11173,2
http://rdf-plantmetwiki.bioinformatics.nl/pathways/RC695_r17.0.0_20260520160610,RXN-22316,2
http://rdf-plantmetwiki.bioinformatics.nl/pathways/RC1001_r17.0.0_20260520160610,RXN-7843,2
http://rdf-plantmetwiki.bioinformatics.nl/pathways/RC857_r17.0.0_20260520160610,RXN-12892,2
http://rdf-plantmetwiki.bioinformatics.nl/pathways/RC1159_r17.0.0_20260520160610,PHOSPHATIDYLINOSITOL-BISPHOSPHATASE-RXN,2
http://rdf-plantmetwiki.bioinformatics.nl/pathways/PC909_r17.0.0_20260520160610,Fe(III)-phytosiderophore transport,2
http://rdf-plantmetwiki.bioinformatics.nl/pathways/RC762_r17.0.0_20260520160610,RXN-4402,2
http://rdf-plantmetwiki.bioinformatics.nl/pathways/RC809_r17.0.0_20260520160610,GLUTAMINE--PYRUVATE-AMINOTRANSFERASE-RXN,2
http://rdf-plantmetwiki.bioinformatics.nl/pathways/RC509_r17.0.0_20260520160610,sn-glycerol 3-phosphate:ubiquinone oxidoreductase,2
http://rdf-plantmetwiki.bioinformatics.nl/pathways/RC470_r17.0.0_20260520160610,RXNQT-4180,2
http://rdf-plantmetwiki.bioinformatics.nl/pathways/RC615_r17.0.0_20260520160610,XANPRIBOSYLTRAN-RXN,2
http://rdf-plantmetwiki.bioinformatics.nl/pathways/RC312_r17.0.0_20260520160610,RXNQT-4375,2
http://rdf-plantmetwiki.bioinformatics.nl/pathways/RC1168_r17.0.0_20260520160610,RXN-19954,2
http://rdf-plantmetwiki.bioinformatics.nl/pathways/RC660_r17.0.0_20260520160610,RXN-11270,2
http://rdf-plantmetwiki.bioinformatics.nl/pathways/RC420_r17.0.0_20260520160610,RXN-18966,2
http://rdf-plantmetwiki.bioinformatics.nl/pathways/RC748_r17.0.0_20260520160610,4.3.1.17-RXN,2
http://rdf-plantmetwiki.bioinformatics.nl/pathways/RC6_r17.0.0_20260520160610,RXN-7181,2
http://rdf-plantmetwiki.bioinformatics.nl/pathways/RC483_r17.0.0_20260520160610,RXN-6884,2
http://rdf-plantmetwiki.bioinformatics.nl/pathways/RC164_r17.0.0_20260520160610,RXN-22407,2
http://rdf-plantmetwiki.bioinformatics.nl/pathways/PC827_r17.0.0_20260520160610,alizarin biosynthesis,2
http://rdf-plantmetwiki.bioinformatics.nl/pathways/RC959_r17.0.0_20260520160610,RXN-7673,2
http://rdf-plantmetwiki.bioinformatics.nl/pathways/RC940_r17.0.0_20260520160610,RXN-8545,2
http://rdf-plantmetwiki.bioinformatics.nl/pathways/RC722_r17.0.0_20260520160610,RXN18C3-110,2
http://rdf-plantmetwiki.bioinformatics.nl/pathways/RC1021_r17.0.0_20260520160610,RXN-22388,2
http://rdf-plantmetwiki.bioinformatics.nl/pathways/RC525_r17.0.0_20260520160610,RXNQT-4155,2
http://rdf-plantmetwiki.bioinformatics.nl/pathways/RC1004_r17.0.0_20260520160610,RXN-13640,2
http://rdf-plantmetwiki.bioinformatics.nl/pathways/RC299_r17.0.0_20260520160610,3.2.1.24-RXN,2
http://rdf-plantmetwiki.bioinformatics.nl/pathways/RC652_r17.0.0_20260520160610,RXN-7866,2
http://rdf-plantmetwiki.bioinformatics.nl/pathways/RC594_r17.0.0_20260520160610,RXN-8992,2
http://rdf-plantmetwiki.bioinformatics.nl/pathways/RC1217_r17.0.0_20260520160610,RXN-11670,2
http://rdf-plantmetwiki.bioinformatics.nl/pathways/RC359_r17.0.0_20260520160610,RXN0-5187,2
http://rdf-plantmetwiki.bioinformatics.nl/pathways/RC1012_r17.0.0_20260520160610,RXN-11041,1
http://rdf-plantmetwiki.bioinformatics.nl/pathways/RC1064_r17.0.0_20260520160610,RXN-12753,1
http://rdf-plantmetwiki.bioinformatics.nl/pathways/RC1180_r17.0.0_20260520160610,RXN-22604,1
http://rdf-plantmetwiki.bioinformatics.nl/pathways/RC1164_r17.0.0_20260520160610,RXNQT-4370,1
http://rdf-plantmetwiki.bioinformatics.nl/pathways/RC1176_r17.0.0_20260520160610,RXN-24046,1
http://rdf-plantmetwiki.bioinformatics.nl/pathways/RC309_r17.0.0_20260520160610,TRANS-RXN-218,1
http://rdf-plantmetwiki.bioinformatics.nl/pathways/RC496_r17.0.0_20260520160610,RXN4FS-5,1
http://rdf-plantmetwiki.bioinformatics.nl/pathways/RC670_r17.0.0_20260520160610,RXN-24256,1
http://rdf-plantmetwiki.bioinformatics.nl/pathways/RC77_r17.0.0_20260520160610,RXN-3121,1
http://rdf-plantmetwiki.bioinformatics.nl/pathways/RC17_r17.0.0_20260520160610,RXN-14056,1
http://rdf-plantmetwiki.bioinformatics.nl/pathways/RC356_r17.0.0_20260520160610,RXN-21390,1
http://rdf-plantmetwiki.bioinformatics.nl/pathways/RC1155_r17.0.0_20260520160610,RXN-8780,1
http://rdf-plantmetwiki.bioinformatics.nl/pathways/PC797_r17.0.0_20260520160610,parkeol biosynthesis,1
http://rdf-plantmetwiki.bioinformatics.nl/pathways/RC659_r17.0.0_20260520160610,L-rhamnose pyranase,1
http://rdf-plantmetwiki.bioinformatics.nl/pathways/RC771_r17.0.0_20260520160610,RXN-9924,1
http://rdf-plantmetwiki.bioinformatics.nl/pathways/RC581_r17.0.0_20260520160610,RXN-22817,1
http://rdf-plantmetwiki.bioinformatics.nl/pathways/RC1227_r17.0.0_20260520160610,RXNQT-4167,1
http://rdf-plantmetwiki.bioinformatics.nl/pathways/RC154_r17.0.0_20260520160610,PROSTAGLANDIN-E-SYNTHASE-RXN,1
http://rdf-plantmetwiki.bioinformatics.nl/pathways/RC766_r17.0.0_20260520160610,TRANS-RXN4LZ-4,1
http://rdf-plantmetwiki.bioinformatics.nl/pathways/RC1301_r17.0.0_20260520160610,RXN-14242,1
http://rdf-plantmetwiki.bioinformatics.nl/pathways/RC370_r17.0.0_20260520160610,RXN-16333,1
http://rdf-plantmetwiki.bioinformatics.nl/pathways/RC400_r17.0.0_20260520160610,glucosyltransferase,1
http://rdf-plantmetwiki.bioinformatics.nl/pathways/RC582_r17.0.0_20260520160610,RXN-8253,1
http://rdf-plantmetwiki.bioinformatics.nl/pathways/RC91_r17.0.0_20260520160610,RXN-18350,1
http://rdf-plantmetwiki.bioinformatics.nl/pathways/RC657_r17.0.0_20260520160610,RXN-22286,1
http://rdf-plantmetwiki.bioinformatics.nl/pathways/PC416_r17.0.0_20260520160610,UDP-α-D-galacturonate biosynthesis I (from UDP-D-glucuronate),1
http://rdf-plantmetwiki.bioinformatics.nl/pathways/RC85_r17.0.0_20260520160610,RXN-12862,1
http://rdf-plantmetwiki.bioinformatics.nl/pathways/RC425_r17.0.0_20260520160610,RXNQT-4380,1
http://rdf-plantmetwiki.bioinformatics.nl/pathways/RC847_r17.0.0_20260520160610,RXN-14815,1
http://rdf-plantmetwiki.bioinformatics.nl/pathways/RC735_r17.0.0_20260520160610,RXN-15815,1
http://rdf-plantmetwiki.bioinformatics.nl/pathways/RC473_r17.0.0_20260520160610,RXN-12845,1
http://rdf-plantmetwiki.bioinformatics.nl/pathways/RC873_r17.0.0_20260520160610,RXN-10753,1
http://rdf-plantmetwiki.bioinformatics.nl/pathways/RC848_r17.0.0_20260520160610,RXN-10856,1
http://rdf-plantmetwiki.bioinformatics.nl/pathways/PC959_r17.0.0_20260520160610,bornyl pyrophosphate biosynthesis,1
http://rdf-plantmetwiki.bioinformatics.nl/pathways/RC1123_r17.0.0_20260520160610,RXN-8779,1
http://rdf-plantmetwiki.bioinformatics.nl/pathways/RC1003_r17.0.0_20260520160610,RXN-14185,1
http://rdf-plantmetwiki.bioinformatics.nl/pathways/RC1113_r17.0.0_20260520160610,RXNQT-4170,1
http://rdf-plantmetwiki.bioinformatics.nl/pathways/RC859_r17.0.0_20260520160610,RXN18C3-4,1
http://rdf-plantmetwiki.bioinformatics.nl/pathways/RC80_r17.0.0_20260520160610,RXN2PN3-45,1
http://rdf-plantmetwiki.bioinformatics.nl/pathways/RC612_r17.0.0_20260520160610,RXN-15461,1
http://rdf-plantmetwiki.bioinformatics.nl/pathways/RC351_r17.0.0_20260520160610,RXN-20094,1
http://rdf-plantmetwiki.bioinformatics.nl/pathways/RC745_r17.0.0_20260520160610,RXN-11552,1
http://rdf-plantmetwiki.bioinformatics.nl/pathways/RC700_r17.0.0_20260520160610,RXN-10772,1
http://rdf-plantmetwiki.bioinformatics.nl/pathways/RC231_r17.0.0_20260520160610,RXN-8259,1
http://rdf-plantmetwiki.bioinformatics.nl/pathways/PC368_r17.0.0_20260520160610,cycloartenol biosynthesis,1
http://rdf-plantmetwiki.bioinformatics.nl/pathways/RC625_r17.0.0_20260520160610,RXN-9213,1
http://rdf-plantmetwiki.bioinformatics.nl/pathways/RC459_r17.0.0_20260520160610,RXN-2203,1
http://rdf-plantmetwiki.bioinformatics.nl/pathways/RC65_r17.0.0_20260520160610,RXN-13880,1
http://rdf-plantmetwiki.bioinformatics.nl/pathways/RC1238_r17.0.0_20260520160610,RXN-8918,1
http://rdf-plantmetwiki.bioinformatics.nl/pathways/RC1020_r17.0.0_20260520160610,RXN-11811,1
http://rdf-plantmetwiki.bioinformatics.nl/pathways/RC831_r17.0.0_20260520160610,RXN4KF-53,1
http://rdf-plantmetwiki.bioinformatics.nl/pathways/RC883_r17.0.0_20260520160610,RXN-11400,1
http://rdf-plantmetwiki.bioinformatics.nl/pathways/RC445_r17.0.0_20260520160610,ALDOSE-1-EPIMERASE-RXN,1
http://rdf-plantmetwiki.bioinformatics.nl/pathways/RC969_r17.0.0_20260520160610,RXN0-5254,1
http://rdf-plantmetwiki.bioinformatics.nl/pathways/RC142_r17.0.0_20260520160610,RXNQT-4164,1
http://rdf-plantmetwiki.bioinformatics.nl/pathways/PC1153_r17.0.0_20260520160610,chrysophanol biosynthesis,1
http://rdf-plantmetwiki.bioinformatics.nl/pathways/RC693_r17.0.0_20260520160610,RXN-4422,1
http://rdf-plantmetwiki.bioinformatics.nl/pathways/RC136_r17.0.0_20260520160610,RXN-8038,1
http://rdf-plantmetwiki.bioinformatics.nl/pathways/PC1072_r17.0.0_20260520160610,chitin degradation III (carnivorous plants),1
http://rdf-plantmetwiki.bioinformatics.nl/pathways/RC41_r17.0.0_20260520160610,RXN-9023,1
http://rdf-plantmetwiki.bioinformatics.nl/pathways/RC499_r17.0.0_20260520160610,Sulfur dioxygenase,1
http://rdf-plantmetwiki.bioinformatics.nl/pathways/RC234_r17.0.0_20260520160610,RXN-16787,1
http://rdf-plantmetwiki.bioinformatics.nl/pathways/RC1032_r17.0.0_20260520160610,RXN0-5265,1
http://rdf-plantmetwiki.bioinformatics.nl/pathways/RC826_r17.0.0_20260520160610,RXN4KF-52,1
http://rdf-plantmetwiki.bioinformatics.nl/pathways/RC909_r17.0.0_20260520160610,RXN-12847,1
http://rdf-plantmetwiki.bioinformatics.nl/pathways/RC118_r17.0.0_20260520160610,RXN4KF-11495,1
http://rdf-plantmetwiki.bioinformatics.nl/pathways/RC714_r17.0.0_20260520160610,RXN-12309,1
http://rdf-plantmetwiki.bioinformatics.nl/pathways/RC58_r17.0.0_20260520160610,RXN-21230,1
http://rdf-plantmetwiki.bioinformatics.nl/pathways/RC1204_r17.0.0_20260520160610,RXN-12949,1
http://rdf-plantmetwiki.bioinformatics.nl/pathways/RC185_r17.0.0_20260520160610,RXNQT-4173,1
http://rdf-plantmetwiki.bioinformatics.nl/pathways/RC289_r17.0.0_20260520160610,RXN-4344,1
http://rdf-plantmetwiki.bioinformatics.nl/pathways/RC254_r17.0.0_20260520160610,RXN-13747,1
http://rdf-plantmetwiki.bioinformatics.nl/pathways/RC590_r17.0.0_20260520160610,RXN-11232,1
http://rdf-plantmetwiki.bioinformatics.nl/pathways/RC1128_r17.0.0_20260520160610,RXN-22605,1
http://rdf-plantmetwiki.bioinformatics.nl/pathways/PC548_r17.0.0_20260520160610,ammonium transport,1
http://rdf-plantmetwiki.bioinformatics.nl/pathways/RC588_r17.0.0_20260520160610,RXN0-5305,1
http://rdf-plantmetwiki.bioinformatics.nl/pathways/RC821_r17.0.0_20260520160610,RXN-2942,1
http://rdf-plantmetwiki.bioinformatics.nl/pathways/RC1014_r17.0.0_20260520160610,RXN-6182,1
http://rdf-plantmetwiki.bioinformatics.nl/pathways/RC207_r17.0.0_20260520160610,RXN-9983,1
http://rdf-plantmetwiki.bioinformatics.nl/pathways/RC854_r17.0.0_20260520160610,TRANS-RXN-190,1
http://rdf-plantmetwiki.bioinformatics.nl/pathways/RC453_r17.0.0_20260520160610,RXN-8198,1
http://rdf-plantmetwiki.bioinformatics.nl/pathways/RC195_r17.0.0_20260520160610,RXN-22606,1
http://rdf-plantmetwiki.bioinformatics.nl/pathways/RC457_r17.0.0_20260520160610,RXN-14882,1
http://rdf-plantmetwiki.bioinformatics.nl/pathways/RC1076_r17.0.0_20260520160610,RXN4KF-54,1
http://rdf-plantmetwiki.bioinformatics.nl/pathways/RC1157_r17.0.0_20260520160610,RXN-3122,1
http://rdf-plantmetwiki.bioinformatics.nl/pathways/RC638_r17.0.0_20260520160610,RXN-4821,1
http://rdf-plantmetwiki.bioinformatics.nl/pathways/RC1150_r17.0.0_20260520160610,RXN-14408,1
http://rdf-plantmetwiki.bioinformatics.nl/pathways/RC773_r17.0.0_20260520160610,RXN-11704,1
http://rdf-plantmetwiki.bioinformatics.nl/pathways/RC820_r17.0.0_20260520160610,RXN-12647,1
http://rdf-plantmetwiki.bioinformatics.nl/pathways/RC415_r17.0.0_20260520160610,RXN-10639,1
http://rdf-plantmetwiki.bioinformatics.nl/pathways/RC248_r17.0.0_20260520160610,RXN-15447,1
http://rdf-plantmetwiki.bioinformatics.nl/pathways/RC845_r17.0.0_20260520160610,CHALCONE-ISOMERASE-RXN,1
http://rdf-plantmetwiki.bioinformatics.nl/pathways/RC1031_r17.0.0_20260520160610,RXN-12591,1
http://rdf-plantmetwiki.bioinformatics.nl/pathways/RC915_r17.0.0_20260520160610,RXN-12099,1
http://rdf-plantmetwiki.bioinformatics.nl/pathways/RC836_r17.0.0_20260520160610,RXN-8334,1
http://rdf-plantmetwiki.bioinformatics.nl/pathways/RC879_r17.0.0_20260520160610,RXN-8861,1
http://rdf-plantmetwiki.bioinformatics.nl/pathways/RC1040_r17.0.0_20260520160610,RXN-15346,1
http://rdf-plantmetwiki.bioinformatics.nl/pathways/RC188_r17.0.0_20260520160610,RXN-10864,1
http://rdf-plantmetwiki.bioinformatics.nl/pathways/RC70_r17.0.0_20260520160610,GLYCOGEN-BRANCH-RXN,1
http://rdf-plantmetwiki.bioinformatics.nl/pathways/RC1105_r17.0.0_20260520160610,RXN-20585,1
http://rdf-plantmetwiki.bioinformatics.nl/pathways/RC708_r17.0.0_20260520160610,RXN-8682,1
http://rdf-plantmetwiki.bioinformatics.nl/pathways/RC383_r17.0.0_20260520160610,RXNQT-4379,1
http://rdf-plantmetwiki.bioinformatics.nl/pathways/RC250_r17.0.0_20260520160610,RXN-8865,1
http://rdf-plantmetwiki.bioinformatics.nl/pathways/RC531_r17.0.0_20260520160610,RXN-12255,1
http://rdf-plantmetwiki.bioinformatics.nl/pathways/RC655_r17.0.0_20260520160610,RXN-10748,1
http://rdf-plantmetwiki.bioinformatics.nl/pathways/RC176_r17.0.0_20260520160610,RXN-1824,1
http://rdf-plantmetwiki.bioinformatics.nl/pathways/RC277_r17.0.0_20260520160610,RXN-11243,1
http://rdf-plantmetwiki.bioinformatics.nl/pathways/RC1187_r17.0.0_20260520160610,RXN-16475,1
http://rdf-plantmetwiki.bioinformatics.nl/pathways/PC904_r17.0.0_20260520160610,lupeol biosynthesis,1
http://rdf-plantmetwiki.bioinformatics.nl/pathways/RC740_r17.0.0_20260520160610,RXN0-5259,1
http://rdf-plantmetwiki.bioinformatics.nl/pathways/RC683_r17.0.0_20260520160610,RXNQT-4176,1
http://rdf-plantmetwiki.bioinformatics.nl/pathways/RC193_r17.0.0_20260520160610,indol-3-ylacetaldoxime isomerase,1
http://rdf-plantmetwiki.bioinformatics.nl/pathways/RC366_r17.0.0_20260520160610,RXN0-5257,1
http://rdf-plantmetwiki.bioinformatics.nl/pathways/RC790_r17.0.0_20260520160610,RXN-11250,1
http://rdf-plantmetwiki.bioinformatics.nl/pathways/RC1086_r17.0.0_20260520160610,RXN-4222,1
http://rdf-plantmetwiki.bioinformatics.nl/pathways/RC976_r17.0.0_20260520160610,RXN-8251,1
http://rdf-plantmetwiki.bioinformatics.nl/pathways/PC734_r17.0.0_20260520160610,"fatty acid β-oxidation III (unsaturated, odd number)",1
http://rdf-plantmetwiki.bioinformatics.nl/pathways/RC373_r17.0.0_20260520160610,RXN-19642,1
http://rdf-plantmetwiki.bioinformatics.nl/pathways/RC770_r17.0.0_20260520160610,RXN-18899,1
http://rdf-plantmetwiki.bioinformatics.nl/pathways/RC912_r17.0.0_20260520160610,RXN-14993,1
http://rdf-plantmetwiki.bioinformatics.nl/pathways/RC938_r17.0.0_20260520160610,RXN-4423,1
http://rdf-plantmetwiki.bioinformatics.nl/pathways/RC503_r17.0.0_20260520160610,RXN-18731,1
http://rdf-plantmetwiki.bioinformatics.nl/pathways/RC709_r17.0.0_20260520160610,RXN-12870,1
http://rdf-plantmetwiki.bioinformatics.nl/pathways/RC467_r17.0.0_20260520160610,RXNQT-4181,1
http://rdf-plantmetwiki.bioinformatics.nl/pathways/RC528_r17.0.0_20260520160610,TRANS-RXN4LZ-7008,1
http://rdf-plantmetwiki.bioinformatics.nl/pathways/PC785_r17.0.0_20260520160610,α-amyrin biosynthesis,1
http://rdf-plantmetwiki.bioinformatics.nl/pathways/RC1035_r17.0.0_20260520160610,RXN-15468,1
http://rdf-plantmetwiki.bioinformatics.nl/pathways/RC798_r17.0.0_20260520160610,TRANS-RXN-187,1
http://rdf-plantmetwiki.bioinformatics.nl/pathways/RC285_r17.0.0_20260520160610,3.2.1.7-RXN,1
http://rdf-plantmetwiki.bioinformatics.nl/pathways/RC1266_r17.0.0_20260520160610,RXN-20459,1
http://rdf-plantmetwiki.bioinformatics.nl/pathways/RC630_r17.0.0_20260520160610,RXN-9090,1
http://rdf-plantmetwiki.bioinformatics.nl/pathways/PC543_r17.0.0_20260520160610,"dammara-20,24-diene biosynthesis",1
http://rdf-plantmetwiki.bioinformatics.nl/pathways/RC1018_r17.0.0_20260520160610,RXN-14890,1
http://rdf-plantmetwiki.bioinformatics.nl/pathways/RC1015_r17.0.0_20260520160610,TRANS-RXN4LZ-45,1
http://rdf-plantmetwiki.bioinformatics.nl/pathways/RC1309_r17.0.0_20260520160610,RXN-13495,1
http://rdf-plantmetwiki.bioinformatics.nl/pathways/RC1300_r17.0.0_20260520160610,RXN-11040,1
http://rdf-plantmetwiki.bioinformatics.nl/pathways/RC1006_r17.0.0_20260520160610,RXN-15517,1
http://rdf-plantmetwiki.bioinformatics.nl/pathways/RC482_r17.0.0_20260520160610,RXN-8199,1
http://rdf-plantmetwiki.bioinformatics.nl/pathways/RC238_r17.0.0_20260520160610,RXN-11238,1
http://rdf-plantmetwiki.bioinformatics.nl/pathways/RC45_r17.0.0_20260520160610,TRANS-RXN4LZ-0,1
http://rdf-plantmetwiki.bioinformatics.nl/pathways/RC551_r17.0.0_20260520160610,RXN-8336,1
http://rdf-plantmetwiki.bioinformatics.nl/pathways/RC526_r17.0.0_20260520160610,RXN-14047,1
http://rdf-plantmetwiki.bioinformatics.nl/pathways/RC905_r17.0.0_20260520160610,RXN-7669,1
http://rdf-plantmetwiki.bioinformatics.nl/pathways/RC476_r17.0.0_20260520160610,RXN-18232,1
http://rdf-plantmetwiki.bioinformatics.nl/pathways/RC1294_r17.0.0_20260520160610,RXN-18627,1
http://rdf-plantmetwiki.bioinformatics.nl/pathways/RC943_r17.0.0_20260520160610,RXN-10773,1
http://rdf-plantmetwiki.bioinformatics.nl/pathways/RC577_r17.0.0_20260520160610,RXN-13833,1
http://rdf-plantmetwiki.bioinformatics.nl/pathways/RC651_r17.0.0_20260520160610,RXN-12648,1
http://rdf-plantmetwiki.bioinformatics.nl/pathways/RC1140_r17.0.0_20260520160610,RXN-14808,1
http://rdf-plantmetwiki.bioinformatics.nl/pathways/RC1196_r17.0.0_20260520160610,3.2.1.68-RXN,1
http://rdf-plantmetwiki.bioinformatics.nl/pathways/RC631_r17.0.0_20260520160610,RXN0-5391,1
http://rdf-plantmetwiki.bioinformatics.nl/pathways/RC411_r17.0.0_20260520160610,RXN-5102,1
http://rdf-plantmetwiki.bioinformatics.nl/pathways/RC18_r17.0.0_20260520160610,RXN0-5363,1
http://rdf-plantmetwiki.bioinformatics.nl/pathways/RC1203_r17.0.0_20260520160610,RXN0-5244,1
http://rdf-plantmetwiki.bioinformatics.nl/pathways/RC1090_r17.0.0_20260520160610,RXN-21551,1
http://rdf-plantmetwiki.bioinformatics.nl/pathways/RC1263_r17.0.0_20260520160610,RXN-7710,1
http://rdf-plantmetwiki.bioinformatics.nl/pathways/RC715_r17.0.0_20260520160610,RXN-9713,1
http://rdf-plantmetwiki.bioinformatics.nl/pathways/RC31_r17.0.0_20260520160610,RXN-15651,1
http://rdf-plantmetwiki.bioinformatics.nl/pathways/PC888_r17.0.0_20260520160610,baruol biosynthesis,1
http://rdf-plantmetwiki.bioinformatics.nl/pathways/RC119_r17.0.0_20260520160610,RXN-11235,1
http://rdf-plantmetwiki.bioinformatics.nl/pathways/RC363_r17.0.0_20260520160610,RXN-8252,1
http://rdf-plantmetwiki.bioinformatics.nl/pathways/RC147_r17.0.0_20260520160610,RXN-18392,1
http://rdf-plantmetwiki.bioinformatics.nl/pathways/RC413_r17.0.0_20260520160610,RXN-4343,1
http://rdf-plantmetwiki.bioinformatics.nl/pathways/RC1178_r17.0.0_20260520160610,RXN-14809,1
http://rdf-plantmetwiki.bioinformatics.nl/pathways/RC487_r17.0.0_20260520160610,RXNQT-4354,1
http://rdf-plantmetwiki.bioinformatics.nl/pathways/RC273_r17.0.0_20260520160610,RXN-14807,1
http://rdf-plantmetwiki.bioinformatics.nl/pathways/RC93_r17.0.0_20260520160610,RXN-13459,1
http://rdf-plantmetwiki.bioinformatics.nl/pathways/RC449_r17.0.0_20260520160610,RXN-16329,1
http://rdf-plantmetwiki.bioinformatics.nl/pathways/RC125_r17.0.0_20260520160610,RXN-21400,1
http://rdf-plantmetwiki.bioinformatics.nl/pathways/RC804_r17.0.0_20260520160610,3.2.1.65-RXN,1
http://rdf-plantmetwiki.bioinformatics.nl/pathways/RC1165_r17.0.0_20260520160610,RXN-14409,1
http://rdf-plantmetwiki.bioinformatics.nl/pathways/RC223_r17.0.0_20260520160610,RXN-14997,1
http://rdf-plantmetwiki.bioinformatics.nl/pathways/RC1283_r17.0.0_20260520160610,RXN-924,1
http://rdf-plantmetwiki.bioinformatics.nl/pathways/RC1093_r17.0.0_20260520160610,RXN0-6490,1
http://rdf-plantmetwiki.bioinformatics.nl/pathways/RC979_r17.0.0_20260520160610,RXN0-7005,1
http://rdf-plantmetwiki.bioinformatics.nl/pathways/RC355_r17.0.0_20260520160610,RXN-1823,1
http://rdf-plantmetwiki.bioinformatics.nl/pathways/RC484_r17.0.0_20260520160610,RXN-11044,1
http://rdf-plantmetwiki.bioinformatics.nl/pathways/RC39_r17.0.0_20260520160610,RXN0-5267,1
http://rdf-plantmetwiki.bioinformatics.nl/pathways/RC155_r17.0.0_20260520160610,RXN-4221,1
http://rdf-plantmetwiki.bioinformatics.nl/pathways/RC560_r17.0.0_20260520160610,RXN4KF-51,1
http://rdf-plantmetwiki.bioinformatics.nl/pathways/RC432_r17.0.0_20260520160610,RXN0-5261,1
http://rdf-plantmetwiki.bioinformatics.nl/pathways/RC868_r17.0.0_20260520160610,RXN-4301,1
http://rdf-plantmetwiki.bioinformatics.nl/pathways/RC1231_r17.0.0_20260520160610,RXN-8200,1
http://rdf-plantmetwiki.bioinformatics.nl/pathways/PC387_r17.0.0_20260520160610,lanosterol biosynthesis,1
http://rdf-plantmetwiki.bioinformatics.nl/pathways/RC390_r17.0.0_20260520160610,RXN-2043,1
http://rdf-plantmetwiki.bioinformatics.nl/pathways/RC266_r17.0.0_20260520160610,RXN-10956,1
http://rdf-plantmetwiki.bioinformatics.nl/pathways/RC498_r17.0.0_20260520160610,RXN-11269,1
http://rdf-plantmetwiki.bioinformatics.nl/pathways/RC8_r17.0.0_20260520160610,RXN-21031,1
http://rdf-plantmetwiki.bioinformatics.nl/pathways/RC27_r17.0.0_20260520160610,RXN-14806,1
http://rdf-plantmetwiki.bioinformatics.nl/pathways/RC199_r17.0.0_20260520160610,RXN-20457,1
http://rdf-plantmetwiki.bioinformatics.nl/pathways/RC981_r17.0.0_20260520160610,ALPHA-AMYL-RXN,1
http://rdf-plantmetwiki.bioinformatics.nl/pathways/RC1057_r17.0.0_20260520160610,RXN-14812,1
http://rdf-plantmetwiki.bioinformatics.nl/pathways/RC823_r17.0.0_20260520160610,RXN-20673,1
http://rdf-plantmetwiki.bioinformatics.nl/pathways/RC530_r17.0.0_20260520160610,RXN-15986,1
http://rdf-plantmetwiki.bioinformatics.nl/pathways/RC731_r17.0.0_20260520160610,RXN-12846,1
http://rdf-plantmetwiki.bioinformatics.nl/pathways/RC380_r17.0.0_20260520160610,RXN-8985,1
http://rdf-plantmetwiki.bioinformatics.nl/pathways/RC917_r17.0.0_20260520160610,RXN-18617,1
http://rdf-plantmetwiki.bioinformatics.nl/pathways/RC97_r17.0.0_20260520160610,RXN-20456,1
http://rdf-plantmetwiki.bioinformatics.nl/pathways/RC1296_r17.0.0_20260520160610,RXN0-5248,1
http://rdf-plantmetwiki.bioinformatics.nl/pathways/RC240_r17.0.0_20260520160610,RXN-12947,1
http://rdf-plantmetwiki.bioinformatics.nl/pathways/RC1106_r17.0.0_20260520160610,RXN0-5245,1
http://rdf-plantmetwiki.bioinformatics.nl/pathways/RC460_r17.0.0_20260520160610,RXN-11229,1
http://rdf-plantmetwiki.bioinformatics.nl/pathways/RC839_r17.0.0_20260520160610,TRANS-RXN-186,1
http://rdf-plantmetwiki.bioinformatics.nl/pathways/RC1185_r17.0.0_20260520160610,VINYLACETYL-COA-DELTA-ISOMERASE-RXN,1
http://rdf-plantmetwiki.bioinformatics.nl/pathways/RC787_r17.0.0_20260520160610,RXN-3241,1
http://rdf-plantmetwiki.bioinformatics.nl/pathways/RC813_r17.0.0_20260520160610,RXN-19772,1
http://rdf-plantmetwiki.bioinformatics.nl/pathways/RC122_r17.0.0_20260520160610,RXN-1825,1
http://rdf-plantmetwiki.bioinformatics.nl/pathways/RC1016_r17.0.0_20260520160610,RXN-12102,1
http://rdf-plantmetwiki.bioinformatics.nl/pathways/RC15_r17.0.0_20260520160610,RXN-23260,1
http://rdf-plantmetwiki.bioinformatics.nl/pathways/RC890_r17.0.0_20260520160610,RXN-17757,1
http://rdf-plantmetwiki.bioinformatics.nl/pathways/RC1048_r17.0.0_20260520160610,RXN-17117,1
http://rdf-plantmetwiki.bioinformatics.nl/pathways/RC1170_r17.0.0_20260520160610,RXN-11172,1
http://rdf-plantmetwiki.bioinformatics.nl/pathways/PC498_r17.0.0_20260520160610,UDP-α-D-galactose biosynthesis,1
http://rdf-plantmetwiki.bioinformatics.nl/pathways/RC215_r17.0.0_20260520160610,PHENYLPYRUVATE-TAUTOMERASE-RXN,1
http://rdf-plantmetwiki.bioinformatics.nl/pathways/RC1260_r17.0.0_20260520160610,RXN-14813,1
http://rdf-plantmetwiki.bioinformatics.nl/pathways/RC637_r17.0.0_20260520160610,RXN-11249,1
http://rdf-plantmetwiki.bioinformatics.nl/pathways/RC161_r17.0.0_20260520160610,RXN-14889,1
http://rdf-plantmetwiki.bioinformatics.nl/pathways/RC25_r17.0.0_20260520160610,RXN-23276,1
http://rdf-plantmetwiki.bioinformatics.nl/pathways/RC242_r17.0.0_20260520160610,RXN-1828,1
http://rdf-plantmetwiki.bioinformatics.nl/pathways/PC327_r17.0.0_20260520160610,lawsone biosynthesis,1
http://rdf-plantmetwiki.bioinformatics.nl/pathways/RC1275_r17.0.0_20260520160610,RXN-14501,1
http://rdf-plantmetwiki.bioinformatics.nl/pathways/RC666_r17.0.0_20260520160610,RXN-8315,1
http://rdf-plantmetwiki.bioinformatics.nl/pathways/RC201_r17.0.0_20260520160610,RXN-18351,1
http://rdf-plantmetwiki.bioinformatics.nl/pathways/RC133_r17.0.0_20260520160610,RXN-14471,1
http://rdf-plantmetwiki.bioinformatics.nl/pathways/RC958_r17.0.0_20260520160610,RXN-19987,1
http://rdf-plantmetwiki.bioinformatics.nl/pathways/RC265_r17.0.0_20260520160610,RXN-14503,1
http://rdf-plantmetwiki.bioinformatics.nl/pathways/RC1241_r17.0.0_20260520160610,RXN-2103,1
http://rdf-plantmetwiki.bioinformatics.nl/pathways/RC913_r17.0.0_20260520160610,RXN-1882,1
http://rdf-plantmetwiki.bioinformatics.nl/pathways/PC502_r17.0.0_20260520160610,GDP-L-galactose biosynthesis,1
http://rdf-plantmetwiki.bioinformatics.nl/pathways/RC274_r17.0.0_20260520160610,RXN-15345,1
http://rdf-plantmetwiki.bioinformatics.nl/pathways/RC397_r17.0.0_20260520160610,RXN-14904,1
http://rdf-plantmetwiki.bioinformatics.nl/pathways/RC961_r17.0.0_20260520160610,RXN-8247,1
http://rdf-plantmetwiki.bioinformatics.nl/pathways/RC529_r17.0.0_20260520160610,RXN-10454,1
http://rdf-plantmetwiki.bioinformatics.nl/pathways/RC258_r17.0.0_20260520160610,RXN-13897,1
http://rdf-plantmetwiki.bioinformatics.nl/pathways/RC35_r17.0.0_20260520160610,BETA-PHOSPHOGLUCOMUTASE-RXN,1
http://rdf-plantmetwiki.bioinformatics.nl/pathways/RC678_r17.0.0_20260520160610,RXN-19986,1
http://rdf-plantmetwiki.bioinformatics.nl/pathways/RC138_r17.0.0_20260520160610,RXN-16765,1
http://rdf-plantmetwiki.bioinformatics.nl/pathways/RC165_r17.0.0_20260520160610,RXN-8886,1
http://rdf-plantmetwiki.bioinformatics.nl/pathways/RC998_r17.0.0_20260520160610,RXN-14490,1
http://rdf-plantmetwiki.bioinformatics.nl/pathways/RC1234_r17.0.0_20260520160610,RXN-13163,1
http://rdf-plantmetwiki.bioinformatics.nl/pathways/RC702_r17.0.0_20260520160610,RXN-22603,1
http://rdf-plantmetwiki.bioinformatics.nl/pathways/RC244_r17.0.0_20260520160610,RXN-12101,1
http://rdf-plantmetwiki.bioinformatics.nl/pathways/RC494_r17.0.0_20260520160610,RXN-11402,1
http://rdf-plantmetwiki.bioinformatics.nl/pathways/RC408_r17.0.0_20260520160610,TRANS-RXN-185,1
http://rdf-plantmetwiki.bioinformatics.nl/pathways/RC502_r17.0.0_20260520160610,RXN-1603,1
http://rdf-plantmetwiki.bioinformatics.nl/pathways/RC1226_r17.0.0_20260520160610,RXN-8345,1
http://rdf-plantmetwiki.bioinformatics.nl/pathways/RC922_r17.0.0_20260520160610,RXN-22643,1
http://rdf-plantmetwiki.bioinformatics.nl/pathways/RC843_r17.0.0_20260520160610,RXN-12754,1
http://rdf-plantmetwiki.bioinformatics.nl/pathways/RC430_r17.0.0_20260520160610,RXN-18527,1
http://rdf-plantmetwiki.bioinformatics.nl/pathways/RC456_r17.0.0_20260520160610,RXN-7282,1
http://rdf-plantmetwiki.bioinformatics.nl/pathways/RC479_r17.0.0_20260520160610,RXN-14883,1
http://rdf-plantmetwiki.bioinformatics.nl/pathways/RC928_r17.0.0_20260520160610,vectoral H<SUP>+</SUP> export,1
