metric,rank,cumulative_fraction
Genes,1,0.04060913705583756
Genes,2,0.05402465554749819
Genes,3,0.05402465554749819
Genes,4,0.05402465554749819
Genes,5,0.05474981870920957
Genes,6,0.07577955039883974
Genes,7,0.07577955039883974
Genes,8,0.07577955039883974
Genes,9,0.09064539521392313
Genes,10,0.09064539521392313
Genes,11,0.09064539521392313
Genes,12,0.09100797679477883
Genes,13,0.10804931109499638
Genes,14,0.12400290065264685
Genes,15,0.13959390862944163
Genes,16,0.1548223350253807
Genes,17,0.16823785351704135
Genes,18,0.17621464829586658
Genes,19,0.18817984046410444
Genes,20,0.19506889050036258
Genes,21,0.19506889050036258
Genes,22,0.2034082668600435
Genes,23,0.21537345902828137
Genes,24,0.22081218274111675
Genes,25,0.2324147933284989
Genes,26,0.23930384336475707
Genes,27,0.25090645395213923
Genes,28,0.25090645395213923
Genes,29,0.25308194343727336
Genes,30,0.25598259608411894
Genes,31,0.2563451776649746
Genes,32,0.26178390137781
Genes,33,0.26359680928208845
Genes,34,0.26359680928208845
Genes,35,0.26432197244379985
Genes,36,0.2668600435097897
Genes,37,0.2668600435097897
Genes,38,0.2683103698332125
Genes,39,0.2683103698332125
Genes,40,0.2683103698332125
Genes,41,0.2726613488034808
Genes,42,0.2824510514865845
Genes,43,0.28535170413343003
Genes,44,0.29477882523567805
Genes,45,0.2969543147208122
Genes,46,0.2969543147208122
Genes,47,0.2969543147208122
Genes,48,0.3009427121102248
Genes,49,0.3009427121102248
Genes,50,0.3013052936910805
Genes,51,0.30311820159535896
Genes,52,0.30311820159535896
Genes,53,0.30311820159535896
Genes,54,0.304205946337926
Genes,55,0.304205946337926
Genes,56,0.312545322697607
Genes,57,0.31435823060188545
Genes,58,0.31435823060188545
Genes,59,0.31725888324873097
Genes,60,0.31725888324873097
Genes,61,0.31798404641044237
Genes,62,0.31907179115300943
Genes,63,0.3194343727338651
Genes,64,0.3237853517041334
Genes,65,0.3237853517041334
Genes,66,0.3248730964467005
Genes,67,0.3259608411892676
Genes,68,0.326686004350979
Genes,69,0.326686004350979
Genes,70,0.326686004350979
Genes,71,0.32741116751269034
Genes,72,0.32777374909354606
Genes,73,0.3346627991298042
Genes,74,0.3346627991298042
Genes,75,0.33828861493836115
Genes,76,0.3419144307469181
Genes,77,0.3419144307469181
Genes,78,0.3491660623640319
Genes,79,0.35134155184916604
Genes,80,0.35134155184916604
Genes,81,0.35170413343002177
Genes,82,0.35279187817258884
Genes,83,0.35279187817258884
Genes,84,0.359680928208847
Genes,85,0.359680928208847
Genes,86,0.359680928208847
Genes,87,0.36620739666424945
Genes,88,0.369108049311095
Genes,89,0.369108049311095
Genes,90,0.369108049311095
Genes,91,0.37055837563451777
Genes,92,0.373821609862219
Genes,93,0.3792603335750544
Genes,94,0.3846990572878898
Genes,95,0.3846990572878898
Genes,96,0.3846990572878898
Genes,97,0.3846990572878898
Genes,98,0.3846990572878898
Genes,99,0.3846990572878898
Genes,100,0.38796229151559103
Genes,101,0.3941261783901378
Genes,102,0.3941261783901378
Genes,103,0.4002900652646846
Genes,104,0.4039158810732415
Genes,105,0.40427846265409717
Genes,106,0.40899202320522116
Genes,107,0.4100797679477883
Genes,108,0.41443074691805654
Genes,109,0.4158810732414793
Genes,110,0.4158810732414793
Genes,111,0.41624365482233505
Genes,112,0.41624365482233505
Genes,113,0.4220449601160261
Genes,114,0.4278462654097172
Genes,115,0.43364757070340826
Genes,116,0.43437273386511965
Genes,117,0.43437273386511965
Genes,118,0.4365482233502538
Genes,119,0.4365482233502538
Genes,120,0.4365482233502538
Genes,121,0.43944887599709936
Genes,122,0.4416243654822335
Genes,123,0.4430746918056563
Genes,124,0.4430746918056563
Genes,125,0.4430746918056563
Genes,126,0.44561276287164614
Genes,127,0.44561276287164614
Genes,128,0.44561276287164614
Genes,129,0.4474256707759246
Genes,130,0.45250181290790426
Genes,131,0.45250181290790426
Genes,132,0.45685279187817257
Genes,133,0.4579405366207397
Genes,134,0.4579405366207397
Genes,135,0.4619289340101523
Genes,136,0.4619289340101523
Genes,137,0.46337926033357507
Genes,138,0.46446700507614214
Genes,139,0.46519216823785353
Genes,140,0.46954314720812185
Genes,141,0.4702683103698332
Genes,142,0.4724437998549674
Genes,143,0.47353154459753444
Genes,144,0.4757070340826686
Genes,145,0.48005801305293694
Genes,146,0.4818709209572154
Genes,147,0.4818709209572154
Genes,148,0.48295866569978246
Genes,149,0.4865844815083394
Genes,150,0.4902102973168963
Genes,151,0.4945612762871646
Genes,152,0.4945612762871646
Genes,153,0.4992748368382886
Genes,154,0.4992748368382886
Genes,155,0.4992748368382886
Genes,156,0.4992748368382886
Genes,157,0.5025380710659898
Genes,158,0.5025380710659898
Genes,159,0.5032632342277013
Genes,160,0.5076142131979695
Genes,161,0.5105148658448151
Genes,162,0.5112400290065264
Genes,163,0.5112400290065264
Genes,164,0.5155910079767948
Genes,165,0.5155910079767948
Genes,166,0.5155910079767948
Genes,167,0.5155910079767948
Genes,168,0.5155910079767948
Genes,169,0.5155910079767948
Genes,170,0.5155910079767948
Genes,171,0.5163161711385061
Genes,172,0.5163161711385061
Genes,173,0.5174039158810733
Genes,174,0.5174039158810733
Genes,175,0.5184916606236403
Genes,176,0.5195794053662074
Genes,177,0.52356780275562
Genes,178,0.5275562001450327
Genes,179,0.5275562001450327
Genes,180,0.5275562001450327
Genes,181,0.5275562001450327
Genes,182,0.5275562001450327
Genes,183,0.5290065264684554
Genes,184,0.5329949238578681
Genes,185,0.5333575054387237
Genes,186,0.5333575054387237
Genes,187,0.5333575054387237
Genes,188,0.5333575054387237
Genes,189,0.5373459028281363
Genes,190,0.5373459028281363
Genes,191,0.5413343002175489
Genes,192,0.5453226976069616
Genes,193,0.5482233502538071
Genes,194,0.5482233502538071
Genes,195,0.5482233502538071
Genes,196,0.5522117476432197
Genes,197,0.5522117476432197
Genes,198,0.5551124002900653
Genes,199,0.5576504713560552
Genes,200,0.5616388687454678
Genes,201,0.5656272661348803
Genes,202,0.5656272661348803
Genes,203,0.5692530819434373
Genes,204,0.5692530819434373
Genes,205,0.5728788977519942
Genes,206,0.5750543872371283
Genes,207,0.5750543872371283
Genes,208,0.5750543872371283
Genes,209,0.5786802030456852
Genes,210,0.5786802030456852
Genes,211,0.5786802030456852
Genes,212,0.580130529369108
Genes,213,0.5815808556925308
Genes,214,0.5815808556925308
Genes,215,0.5815808556925308
Genes,216,0.583756345177665
Genes,217,0.5870195794053662
Genes,218,0.5870195794053662
Genes,219,0.5873821609862219
Genes,220,0.5873821609862219
Genes,221,0.5873821609862219
Genes,222,0.5877447425670775
Genes,223,0.588469905728789
Genes,224,0.5891950688905003
Genes,225,0.5910079767947788
Genes,226,0.5946337926033357
Genes,227,0.5946337926033357
Genes,228,0.5946337926033357
Genes,229,0.5957215373459028
Genes,230,0.597897026831037
Genes,231,0.597897026831037
Genes,232,0.597897026831037
Genes,233,0.597897026831037
Genes,234,0.597897026831037
Genes,235,0.597897026831037
Genes,236,0.5997099347353154
Genes,237,0.6004350978970269
Genes,238,0.6004350978970269
Genes,239,0.6011602610587382
Genes,240,0.6011602610587382
Genes,241,0.6011602610587382
Genes,242,0.603698332124728
Genes,243,0.603698332124728
Genes,244,0.6040609137055838
Genes,245,0.6040609137055838
Genes,246,0.6040609137055838
Genes,247,0.6051486584481508
Genes,248,0.608411892675852
Genes,249,0.6116751269035533
Genes,250,0.6116751269035533
Genes,251,0.6127628716461204
Genes,252,0.6127628716461204
Genes,253,0.6127628716461204
Genes,254,0.6149383611312546
Genes,255,0.6149383611312546
Genes,256,0.6149383611312546
Genes,257,0.6149383611312546
Genes,258,0.6171138506163887
Genes,259,0.6182015953589558
Genes,260,0.6182015953589558
Genes,261,0.6211022480058013
Genes,262,0.621464829586657
Genes,263,0.621464829586657
Genes,264,0.6218274111675127
Genes,265,0.6218274111675127
Genes,266,0.6247280638143582
Genes,267,0.6247280638143582
Genes,268,0.625090645395214
Genes,269,0.6258158085569253
Genes,270,0.6258158085569253
Genes,271,0.6258158085569253
Genes,272,0.6287164612037709
Genes,273,0.6287164612037709
Genes,274,0.6287164612037709
Genes,275,0.6290790427846266
Genes,276,0.6290790427846266
Genes,277,0.6290790427846266
Genes,278,0.6290790427846266
Genes,279,0.6290790427846266
Genes,280,0.6294416243654822
Genes,281,0.6294416243654822
Genes,282,0.6294416243654822
Genes,283,0.6294416243654822
Genes,284,0.6298042059463379
Genes,285,0.6327048585931835
Genes,286,0.6327048585931835
Genes,287,0.6327048585931835
Genes,288,0.6345177664974619
Genes,289,0.6374184191443075
Genes,290,0.6374184191443075
Genes,291,0.6374184191443075
Genes,292,0.6374184191443075
Genes,293,0.6381435823060189
Genes,294,0.6385061638868745
Genes,295,0.6395939086294417
Genes,296,0.6399564902102973
Genes,297,0.6406816533720087
Genes,298,0.6410442349528644
Genes,299,0.6410442349528644
Genes,300,0.6410442349528644
Genes,301,0.6410442349528644
Genes,302,0.6410442349528644
Genes,303,0.6435823060188542
Genes,304,0.6435823060188542
Genes,305,0.646120377084844
Genes,306,0.6468455402465555
Genes,307,0.6493836113125453
Genes,308,0.6493836113125453
Genes,309,0.6504713560551124
Genes,310,0.6504713560551124
Genes,311,0.6504713560551124
Genes,312,0.6504713560551124
Genes,313,0.6504713560551124
Genes,314,0.6504713560551124
Genes,315,0.6530094271211022
Genes,316,0.6530094271211022
Genes,317,0.653372008701958
Genes,318,0.653372008701958
Genes,319,0.6559100797679478
Genes,320,0.6566352429296591
Genes,321,0.6566352429296591
Genes,322,0.6566352429296591
Genes,323,0.6566352429296591
Genes,324,0.6566352429296591
Genes,325,0.6566352429296591
Genes,326,0.659173313995649
Genes,327,0.659173313995649
Genes,328,0.659173313995649
Genes,329,0.659173313995649
Genes,330,0.6595358955765047
Genes,331,0.6620739666424945
Genes,332,0.6646120377084844
Genes,333,0.6664249456127629
Genes,334,0.6664249456127629
Genes,335,0.6664249456127629
Genes,336,0.6664249456127629
Genes,337,0.6664249456127629
Genes,338,0.6667875271936186
Genes,339,0.6667875271936186
Genes,340,0.6667875271936186
Genes,341,0.6667875271936186
Genes,342,0.6693255982596084
Genes,343,0.6718636693255983
Genes,344,0.6740391588107324
Genes,345,0.6754894851341552
Genes,346,0.6754894851341552
Genes,347,0.6758520667150109
Genes,348,0.6758520667150109
Genes,349,0.6758520667150109
Genes,350,0.6773023930384336
Genes,351,0.6773023930384336
Genes,352,0.6773023930384336
Genes,353,0.6773023930384336
Genes,354,0.6773023930384336
Genes,355,0.6794778825235678
Genes,356,0.6805656272661349
Genes,357,0.6809282088469906
Genes,358,0.6809282088469906
Genes,359,0.6831036983321247
Genes,360,0.6845540246555475
Genes,361,0.6849166062364032
Genes,362,0.6852791878172588
Genes,363,0.6852791878172588
Genes,364,0.6856417693981146
Genes,365,0.6856417693981146
Genes,366,0.6856417693981146
Genes,367,0.6878172588832487
Genes,368,0.6878172588832487
Genes,369,0.6878172588832487
Genes,370,0.6881798404641044
Genes,371,0.6881798404641044
Genes,372,0.6881798404641044
Genes,373,0.6881798404641044
Genes,374,0.6889050036258159
Genes,375,0.6889050036258159
Genes,376,0.6889050036258159
Genes,377,0.6889050036258159
Genes,378,0.69108049311095
Genes,379,0.692168237853517
Genes,380,0.6928934010152284
Genes,381,0.6950688905003626
Genes,382,0.6972443799854967
Genes,383,0.6976069615663524
Genes,384,0.6997824510514866
Genes,385,0.6997824510514866
Genes,386,0.7015953589557651
Genes,387,0.7015953589557651
Genes,388,0.7015953589557651
Genes,389,0.7015953589557651
Genes,390,0.7030456852791879
Genes,391,0.7030456852791879
Genes,392,0.7044960116026106
Genes,393,0.7044960116026106
Genes,394,0.7066715010877448
Genes,395,0.7081218274111675
Genes,396,0.7095721537345903
Genes,397,0.7095721537345903
Genes,398,0.711022480058013
Genes,399,0.7113850616388687
Genes,400,0.7113850616388687
Genes,401,0.7128353879622915
Genes,402,0.7139231327048586
Genes,403,0.7139231327048586
Genes,404,0.7150108774474256
Genes,405,0.7150108774474256
Genes,406,0.7157360406091371
Genes,407,0.7157360406091371
Genes,408,0.7179115300942712
Genes,409,0.7179115300942712
Genes,410,0.7189992748368383
Genes,411,0.7189992748368383
Genes,412,0.7189992748368383
Genes,413,0.7200870195794054
Genes,414,0.7222625090645395
Genes,415,0.7222625090645395
Genes,416,0.7244379985496737
Genes,417,0.7244379985496737
Genes,418,0.7244379985496737
Genes,419,0.7244379985496737
Genes,420,0.7244379985496737
Genes,421,0.7251631617113851
Genes,422,0.7251631617113851
Genes,423,0.7251631617113851
Genes,424,0.7255257432922407
Genes,425,0.7255257432922407
Genes,426,0.7255257432922407
Genes,427,0.7269760696156635
Genes,428,0.7284263959390863
Genes,429,0.7284263959390863
Genes,430,0.7284263959390863
Genes,431,0.7302393038433648
Genes,432,0.7320522117476432
Genes,433,0.7324147933284989
Genes,434,0.7324147933284989
Genes,435,0.7338651196519217
Genes,436,0.7338651196519217
Genes,437,0.7338651196519217
Genes,438,0.7356780275562002
Genes,439,0.7356780275562002
Genes,440,0.7356780275562002
Genes,441,0.7371283538796229
Genes,442,0.7389412617839014
Genes,443,0.7389412617839014
Genes,444,0.7389412617839014
Genes,445,0.7389412617839014
Genes,446,0.7396664249456127
Genes,447,0.7403915881073242
Genes,448,0.7403915881073242
Genes,449,0.7422044960116027
Genes,450,0.7436548223350253
Genes,451,0.7436548223350253
Genes,452,0.7443799854967368
Genes,453,0.7443799854967368
Genes,454,0.7443799854967368
Genes,455,0.7461928934010152
Genes,456,0.7461928934010152
Genes,457,0.7461928934010152
Genes,458,0.7461928934010152
Genes,459,0.7461928934010152
Genes,460,0.7461928934010152
Genes,461,0.7469180565627266
Genes,462,0.7469180565627266
Genes,463,0.7469180565627266
Genes,464,0.7469180565627266
Genes,465,0.748730964467005
Genes,466,0.7505438723712835
Genes,467,0.7505438723712835
Genes,468,0.7509064539521393
Genes,469,0.751269035532995
Genes,470,0.7530819434372734
Genes,471,0.7530819434372734
Genes,472,0.7530819434372734
Genes,473,0.7530819434372734
Genes,474,0.7548948513415519
Genes,475,0.7548948513415519
Genes,476,0.7556200145032632
Genes,477,0.7556200145032632
Genes,478,0.757070340826686
Genes,479,0.757070340826686
Genes,480,0.7588832487309645
Genes,481,0.7588832487309645
Genes,482,0.7603335750543873
Genes,483,0.7603335750543873
Genes,484,0.7621464829586657
Genes,485,0.7639593908629442
Genes,486,0.7639593908629442
Genes,487,0.7650471356055112
Genes,488,0.765409717186367
Genes,489,0.7672226250906454
Genes,490,0.7690355329949239
Genes,491,0.7690355329949239
Genes,492,0.7693981145757796
Genes,493,0.7693981145757796
Genes,494,0.7693981145757796
Genes,495,0.7693981145757796
Genes,496,0.7697606961566352
Genes,497,0.7701232777374909
Genes,498,0.7701232777374909
Genes,499,0.7715736040609137
Genes,500,0.7715736040609137
Genes,501,0.7719361856417694
Genes,502,0.7722987672226251
Genes,503,0.7722987672226251
Genes,504,0.7722987672226251
Genes,505,0.7722987672226251
Genes,506,0.7737490935460478
Genes,507,0.7741116751269036
Genes,508,0.7741116751269036
Genes,509,0.7751994198694706
Genes,510,0.7766497461928934
Genes,511,0.7770123277737491
Genes,512,0.7770123277737491
Genes,513,0.7770123277737491
Genes,514,0.7773749093546047
Genes,515,0.7788252356780275
Genes,516,0.779550398839739
Genes,517,0.780638143582306
Genes,518,0.7820884699057288
Genes,519,0.7824510514865844
Genes,520,0.7824510514865844
Genes,521,0.7824510514865844
Genes,522,0.7839013778100072
Genes,523,0.7839013778100072
Genes,524,0.7842639593908629
Genes,525,0.7842639593908629
Genes,526,0.7857142857142857
Genes,527,0.7857142857142857
Genes,528,0.7860768672951414
Genes,529,0.7860768672951414
Genes,530,0.7875271936185642
Genes,531,0.7886149383611313
Genes,532,0.7886149383611313
Genes,533,0.7900652646845541
Genes,534,0.7915155910079767
Genes,535,0.7926033357505439
Genes,536,0.793691080493111
Genes,537,0.794778825235678
Genes,538,0.794778825235678
Genes,539,0.7962291515591008
Genes,540,0.7976794778825236
Genes,541,0.7976794778825236
Genes,542,0.7976794778825236
Genes,543,0.7980420594633792
Genes,544,0.799492385786802
Genes,545,0.8009427121102248
Genes,546,0.8009427121102248
Genes,547,0.8020304568527918
Genes,548,0.8034807831762146
Genes,549,0.8034807831762146
Genes,550,0.8034807831762146
Genes,551,0.8034807831762146
Genes,552,0.8045685279187818
Genes,553,0.8060188542422045
Genes,554,0.8060188542422045
Genes,555,0.8060188542422045
Genes,556,0.8060188542422045
Genes,557,0.8074691805656272
Genes,558,0.8074691805656272
Genes,559,0.80891950688905
Genes,560,0.80891950688905
Genes,561,0.8096446700507615
Genes,562,0.8107324147933285
Genes,563,0.8107324147933285
Genes,564,0.8110949963741841
Genes,565,0.8125453226976069
Genes,566,0.8139956490210297
Genes,567,0.8154459753444525
Genes,568,0.8168963016678753
Genes,569,0.8168963016678753
Genes,570,0.8168963016678753
Genes,571,0.8168963016678753
Genes,572,0.8168963016678753
Genes,573,0.8168963016678753
Genes,574,0.8168963016678753
Genes,575,0.817258883248731
Genes,576,0.8183466279912981
Genes,577,0.8183466279912981
Genes,578,0.8183466279912981
Genes,579,0.8187092095721538
Genes,580,0.8187092095721538
Genes,581,0.8197969543147208
Genes,582,0.8208846990572879
Genes,583,0.8208846990572879
Genes,584,0.8208846990572879
Genes,585,0.8212472806381436
Genes,586,0.8212472806381436
Genes,587,0.8212472806381436
Genes,588,0.8212472806381436
Genes,589,0.8223350253807107
Genes,590,0.8223350253807107
Genes,591,0.8223350253807107
Genes,592,0.8234227701232777
Genes,593,0.8245105148658448
Genes,594,0.8248730964467005
Genes,595,0.8248730964467005
Genes,596,0.8248730964467005
Genes,597,0.8259608411892676
Genes,598,0.8259608411892676
Genes,599,0.8270485859318346
Genes,600,0.8274111675126904
Genes,601,0.8281363306744017
Genes,602,0.8284989122552574
Genes,603,0.8284989122552574
Genes,604,0.8295866569978245
Genes,605,0.8295866569978245
Genes,606,0.8299492385786802
Genes,607,0.8299492385786802
Genes,608,0.8306744017403916
Genes,609,0.8306744017403916
Genes,610,0.8306744017403916
Genes,611,0.8310369833212473
Genes,612,0.8310369833212473
Genes,613,0.8321247280638143
Genes,614,0.8321247280638143
Genes,615,0.8321247280638143
Genes,616,0.8324873096446701
Genes,617,0.8335750543872371
Genes,618,0.8346627991298042
Genes,619,0.8346627991298042
Genes,620,0.8350253807106599
Genes,621,0.8350253807106599
Genes,622,0.8350253807106599
Genes,623,0.836113125453227
Genes,624,0.8368382886149384
Genes,625,0.8375634517766497
Genes,626,0.8382886149383612
Genes,627,0.8382886149383612
Genes,628,0.8382886149383612
Genes,629,0.8393763596809282
Genes,630,0.8393763596809282
Genes,631,0.8397389412617839
Genes,632,0.8401015228426396
Genes,633,0.8401015228426396
Genes,634,0.8401015228426396
Genes,635,0.8401015228426396
Genes,636,0.8411892675852066
Genes,637,0.8411892675852066
Genes,638,0.8411892675852066
Genes,639,0.8422770123277737
Genes,640,0.8422770123277737
Genes,641,0.8426395939086294
Genes,642,0.8437273386511965
Genes,643,0.8448150833937635
Genes,644,0.8459028281363307
Genes,645,0.8469905728788978
Genes,646,0.8469905728788978
Genes,647,0.8469905728788978
Genes,648,0.8469905728788978
Genes,649,0.8469905728788978
Genes,650,0.8469905728788978
Genes,651,0.8469905728788978
Genes,652,0.8480783176214648
Genes,653,0.8491660623640319
Genes,654,0.8491660623640319
Genes,655,0.850253807106599
Genes,656,0.850253807106599
Genes,657,0.850253807106599
Genes,658,0.851341551849166
Genes,659,0.851341551849166
Genes,660,0.8517041334300217
Genes,661,0.8524292965917332
Genes,662,0.8524292965917332
Genes,663,0.8531544597534445
Genes,664,0.8535170413343002
Genes,665,0.8535170413343002
Genes,666,0.8546047860768673
Genes,667,0.8546047860768673
Genes,668,0.8546047860768673
Genes,669,0.854967367657723
Genes,670,0.8553299492385786
Genes,671,0.8553299492385786
Genes,672,0.8556925308194344
Genes,673,0.8564176939811458
Genes,674,0.8575054387237129
Genes,675,0.8585931834662799
Genes,676,0.8585931834662799
Genes,677,0.8585931834662799
Genes,678,0.8589557650471356
Genes,679,0.8589557650471356
Genes,680,0.8589557650471356
Genes,681,0.8600435097897027
Genes,682,0.8600435097897027
Genes,683,0.8600435097897027
Genes,684,0.860768672951414
Genes,685,0.8614938361131255
Genes,686,0.8614938361131255
Genes,687,0.8618564176939811
Genes,688,0.8629441624365483
Genes,689,0.8629441624365483
Genes,690,0.8636693255982596
Genes,691,0.8636693255982596
Genes,692,0.8647570703408267
Genes,693,0.8647570703408267
Genes,694,0.8658448150833937
Genes,695,0.8658448150833937
Genes,696,0.8669325598259608
Genes,697,0.8676577229876722
Genes,698,0.8676577229876722
Genes,699,0.8676577229876722
Genes,700,0.8687454677302393
Genes,701,0.8687454677302393
Genes,702,0.869108049311095
Genes,703,0.8701957940536621
Genes,704,0.8701957940536621
Genes,705,0.8701957940536621
Genes,706,0.8712835387962291
Genes,707,0.8712835387962291
Genes,708,0.8720087019579406
Genes,709,0.8723712835387962
Genes,710,0.8727338651196519
Genes,711,0.873821609862219
Genes,712,0.8741841914430747
Genes,713,0.8741841914430747
Genes,714,0.8752719361856418
Genes,715,0.8752719361856418
Genes,716,0.8759970993473531
Genes,717,0.8759970993473531
Genes,718,0.8770848440899203
Genes,719,0.8770848440899203
Genes,720,0.8770848440899203
Genes,721,0.8770848440899203
Genes,722,0.8781725888324873
Genes,723,0.8781725888324873
Genes,724,0.8781725888324873
Genes,725,0.8781725888324873
Genes,726,0.8781725888324873
Genes,727,0.8781725888324873
Genes,728,0.8788977519941987
Genes,729,0.8799854967367657
Genes,730,0.8799854967367657
Genes,731,0.8807106598984772
Genes,732,0.8807106598984772
Genes,733,0.8807106598984772
Genes,734,0.8817984046410442
Genes,735,0.8817984046410442
Genes,736,0.8817984046410442
Genes,737,0.8821609862219
Genes,738,0.8825235678027556
Genes,739,0.8825235678027556
Genes,740,0.8825235678027556
Genes,741,0.8825235678027556
Genes,742,0.8825235678027556
Genes,743,0.8836113125453227
Genes,744,0.8836113125453227
Genes,745,0.8836113125453227
Genes,746,0.8836113125453227
Genes,747,0.8843364757070341
Genes,748,0.8843364757070341
Genes,749,0.8843364757070341
Genes,750,0.8843364757070341
Genes,751,0.8846990572878898
Genes,752,0.8850616388687454
Genes,753,0.8850616388687454
Genes,754,0.8857868020304569
Genes,755,0.8857868020304569
Genes,756,0.8861493836113126
Genes,757,0.8861493836113126
Genes,758,0.8868745467730239
Genes,759,0.8875997099347354
Genes,760,0.887962291515591
Genes,761,0.8883248730964467
Genes,762,0.8883248730964467
Genes,763,0.889050036258158
Genes,764,0.8897751994198695
Genes,765,0.8897751994198695
Genes,766,0.8897751994198695
Genes,767,0.8897751994198695
Genes,768,0.8897751994198695
Genes,769,0.8897751994198695
Genes,770,0.8897751994198695
Genes,771,0.8897751994198695
Genes,772,0.8897751994198695
Genes,773,0.8897751994198695
Genes,774,0.8901377810007252
Genes,775,0.8908629441624365
Genes,776,0.8908629441624365
Genes,777,0.8908629441624365
Genes,778,0.891588107324148
Genes,779,0.8923132704858593
Genes,780,0.8930384336475707
Genes,781,0.8930384336475707
Genes,782,0.8937635968092821
Genes,783,0.8937635968092821
Genes,784,0.8944887599709934
Genes,785,0.8944887599709934
Genes,786,0.8948513415518492
Genes,787,0.8948513415518492
Genes,788,0.8948513415518492
Genes,789,0.8948513415518492
Genes,790,0.8955765047135605
Genes,791,0.8955765047135605
Genes,792,0.8955765047135605
Genes,793,0.8955765047135605
Genes,794,0.8955765047135605
Genes,795,0.8955765047135605
Genes,796,0.8955765047135605
Genes,797,0.896301667875272
Genes,798,0.896301667875272
Genes,799,0.896301667875272
Genes,800,0.896301667875272
Genes,801,0.896301667875272
Genes,802,0.896301667875272
Genes,803,0.896301667875272
Genes,804,0.896301667875272
Genes,805,0.8966642494561277
Genes,806,0.8966642494561277
Genes,807,0.8966642494561277
Genes,808,0.897389412617839
Genes,809,0.897389412617839
Genes,810,0.897389412617839
Genes,811,0.897389412617839
Genes,812,0.897389412617839
Genes,813,0.897389412617839
Genes,814,0.897389412617839
Genes,815,0.8981145757795505
Genes,816,0.8988397389412618
Genes,817,0.8988397389412618
Genes,818,0.8995649021029731
Genes,819,0.8999274836838289
Genes,820,0.9002900652646846
Genes,821,0.9002900652646846
Genes,822,0.9002900652646846
Genes,823,0.9010152284263959
Genes,824,0.9013778100072516
Genes,825,0.9013778100072516
Genes,826,0.9017403915881074
Genes,827,0.9024655547498187
Genes,828,0.90319071791153
Genes,829,0.90319071791153
Genes,830,0.9035532994923858
Genes,831,0.9035532994923858
Genes,832,0.9035532994923858
Genes,833,0.9035532994923858
Genes,834,0.9035532994923858
Genes,835,0.9035532994923858
Genes,836,0.9042784626540972
Genes,837,0.9042784626540972
Genes,838,0.9050036258158085
Genes,839,0.9050036258158085
Genes,840,0.9050036258158085
Genes,841,0.9050036258158085
Genes,842,0.9050036258158085
Genes,843,0.9050036258158085
Genes,844,0.9050036258158085
Genes,845,0.9050036258158085
Genes,846,0.9050036258158085
Genes,847,0.9050036258158085
Genes,848,0.9053662073966643
Genes,849,0.9060913705583756
Genes,850,0.906816533720087
Genes,851,0.9075416968817984
Genes,852,0.9075416968817984
Genes,853,0.9082668600435098
Genes,854,0.9082668600435098
Genes,855,0.9082668600435098
Genes,856,0.9082668600435098
Genes,857,0.9082668600435098
Genes,858,0.9082668600435098
Genes,859,0.9086294416243654
Genes,860,0.9093546047860769
Genes,861,0.9100797679477882
Genes,862,0.9100797679477882
Genes,863,0.9100797679477882
Genes,864,0.9100797679477882
Genes,865,0.9100797679477882
Genes,866,0.9100797679477882
Genes,867,0.9108049311094997
Genes,868,0.911530094271211
Genes,869,0.911530094271211
Genes,870,0.911530094271211
Genes,871,0.9118926758520667
Genes,872,0.9126178390137781
Genes,873,0.9129804205946338
Genes,874,0.9129804205946338
Genes,875,0.9129804205946338
Genes,876,0.9129804205946338
Genes,877,0.9137055837563451
Genes,878,0.9137055837563451
Genes,879,0.9140681653372009
Genes,880,0.9144307469180566
Genes,881,0.9151559100797679
Genes,882,0.9151559100797679
Genes,883,0.9151559100797679
Genes,884,0.9155184916606236
Genes,885,0.9155184916606236
Genes,886,0.916243654822335
Genes,887,0.9169688179840464
Genes,888,0.9169688179840464
Genes,889,0.9176939811457578
Genes,890,0.9176939811457578
Genes,891,0.9184191443074692
Genes,892,0.9187817258883249
Genes,893,0.9187817258883249
Genes,894,0.9187817258883249
Genes,895,0.9187817258883249
Genes,896,0.9187817258883249
Genes,897,0.9195068890500363
Genes,898,0.9202320522117476
Genes,899,0.9205946337926033
Genes,900,0.9213197969543148
Genes,901,0.9213197969543148
Genes,902,0.9220449601160261
Genes,903,0.9227701232777374
Genes,904,0.9227701232777374
Genes,905,0.9227701232777374
Genes,906,0.9227701232777374
Genes,907,0.9227701232777374
Genes,908,0.9227701232777374
Genes,909,0.9234952864394489
Genes,910,0.9234952864394489
Genes,911,0.9234952864394489
Genes,912,0.9242204496011602
Genes,913,0.9242204496011602
Genes,914,0.9245830311820159
Genes,915,0.9245830311820159
Genes,916,0.9249456127628717
Genes,917,0.9253081943437274
Genes,918,0.9253081943437274
Genes,919,0.9253081943437274
Genes,920,0.9253081943437274
Genes,921,0.9253081943437274
Genes,922,0.925670775924583
Genes,923,0.925670775924583
Genes,924,0.9263959390862944
Genes,925,0.9271211022480058
Genes,926,0.9271211022480058
Genes,927,0.9271211022480058
Genes,928,0.9278462654097172
Genes,929,0.9278462654097172
Genes,930,0.9278462654097172
Genes,931,0.9278462654097172
Genes,932,0.9278462654097172
Genes,933,0.9278462654097172
Genes,934,0.9278462654097172
Genes,935,0.9278462654097172
Genes,936,0.9285714285714286
Genes,937,0.9292965917331399
Genes,938,0.9292965917331399
Genes,939,0.9292965917331399
Genes,940,0.9292965917331399
Genes,941,0.9296591733139956
Genes,942,0.9300217548948514
Genes,943,0.9300217548948514
Genes,944,0.9300217548948514
Genes,945,0.9303843364757071
Genes,946,0.9303843364757071
Genes,947,0.9303843364757071
Genes,948,0.9311094996374184
Genes,949,0.9318346627991299
Genes,950,0.9318346627991299
Genes,951,0.9318346627991299
Genes,952,0.9325598259608412
Genes,953,0.9325598259608412
Genes,954,0.9329224075416969
Genes,955,0.9329224075416969
Genes,956,0.9329224075416969
Genes,957,0.9329224075416969
Genes,958,0.9332849891225525
Genes,959,0.9332849891225525
Genes,960,0.9332849891225525
Genes,961,0.934010152284264
Genes,962,0.934010152284264
Genes,963,0.934010152284264
Genes,964,0.934010152284264
Genes,965,0.9343727338651197
Genes,966,0.935097897026831
Genes,967,0.9358230601885424
Genes,968,0.9365482233502538
Genes,969,0.9365482233502538
Genes,970,0.9365482233502538
Genes,971,0.9372733865119652
Genes,972,0.9372733865119652
Genes,973,0.9372733865119652
Genes,974,0.9376359680928209
Genes,975,0.9383611312545322
Genes,976,0.9383611312545322
Genes,977,0.9383611312545322
Genes,978,0.9390862944162437
Genes,979,0.9390862944162437
Genes,980,0.9390862944162437
Genes,981,0.9394488759970994
Genes,982,0.9394488759970994
Genes,983,0.9394488759970994
Genes,984,0.9394488759970994
Genes,985,0.9401740391588107
Genes,986,0.9401740391588107
Genes,987,0.9408992023205222
Genes,988,0.9408992023205222
Genes,989,0.9412617839013778
Genes,990,0.9412617839013778
Genes,991,0.9416243654822335
Genes,992,0.9419869470630892
Genes,993,0.9419869470630892
Genes,994,0.9419869470630892
Genes,995,0.9419869470630892
Genes,996,0.9419869470630892
Genes,997,0.9419869470630892
Genes,998,0.9419869470630892
Genes,999,0.9423495286439448
Genes,1000,0.9423495286439448
Genes,1001,0.9427121102248006
Genes,1002,0.9430746918056563
Genes,1003,0.9430746918056563
Genes,1004,0.9430746918056563
Genes,1005,0.9430746918056563
Genes,1006,0.9430746918056563
Genes,1007,0.9430746918056563
Genes,1008,0.943437273386512
Genes,1009,0.943437273386512
Genes,1010,0.943437273386512
Genes,1011,0.9437998549673676
Genes,1012,0.9437998549673676
Genes,1013,0.9437998549673676
Genes,1014,0.9437998549673676
Genes,1015,0.9437998549673676
Genes,1016,0.9437998549673676
Genes,1017,0.9437998549673676
Genes,1018,0.9437998549673676
Genes,1019,0.9437998549673676
Genes,1020,0.9437998549673676
Genes,1021,0.9441624365482234
Genes,1022,0.9441624365482234
Genes,1023,0.9441624365482234
Genes,1024,0.9441624365482234
Genes,1025,0.9445250181290791
Genes,1026,0.9445250181290791
Genes,1027,0.9445250181290791
Genes,1028,0.9445250181290791
Genes,1029,0.9445250181290791
Genes,1030,0.9445250181290791
Genes,1031,0.9448875997099347
Genes,1032,0.9448875997099347
Genes,1033,0.9452501812907904
Genes,1034,0.9452501812907904
Genes,1035,0.9452501812907904
Genes,1036,0.9452501812907904
Genes,1037,0.9452501812907904
Genes,1038,0.9452501812907904
Genes,1039,0.9452501812907904
Genes,1040,0.9452501812907904
Genes,1041,0.9456127628716461
Genes,1042,0.9456127628716461
Genes,1043,0.9456127628716461
Genes,1044,0.9456127628716461
Genes,1045,0.9459753444525019
Genes,1046,0.9459753444525019
Genes,1047,0.9459753444525019
Genes,1048,0.9459753444525019
Genes,1049,0.9459753444525019
Genes,1050,0.9459753444525019
Genes,1051,0.9463379260333575
Genes,1052,0.9463379260333575
Genes,1053,0.9463379260333575
Genes,1054,0.9463379260333575
Genes,1055,0.9463379260333575
Genes,1056,0.9463379260333575
Genes,1057,0.9463379260333575
Genes,1058,0.9463379260333575
Genes,1059,0.9467005076142132
Genes,1060,0.9467005076142132
Genes,1061,0.9470630891950689
Genes,1062,0.9470630891950689
Genes,1063,0.9470630891950689
Genes,1064,0.9474256707759245
Genes,1065,0.9474256707759245
Genes,1066,0.9477882523567803
Genes,1067,0.9477882523567803
Genes,1068,0.9477882523567803
Genes,1069,0.948150833937636
Genes,1070,0.948150833937636
Genes,1071,0.9485134155184917
Genes,1072,0.9485134155184917
Genes,1073,0.9485134155184917
Genes,1074,0.9485134155184917
Genes,1075,0.9488759970993473
Genes,1076,0.9488759970993473
Genes,1077,0.9488759970993473
Genes,1078,0.949238578680203
Genes,1079,0.949238578680203
Genes,1080,0.9496011602610588
Genes,1081,0.9496011602610588
Genes,1082,0.9496011602610588
Genes,1083,0.9499637418419145
Genes,1084,0.9503263234227701
Genes,1085,0.9503263234227701
Genes,1086,0.9503263234227701
Genes,1087,0.9503263234227701
Genes,1088,0.9503263234227701
Genes,1089,0.9503263234227701
Genes,1090,0.9503263234227701
Genes,1091,0.9503263234227701
Genes,1092,0.9506889050036258
Genes,1093,0.9510514865844815
Genes,1094,0.9510514865844815
Genes,1095,0.9510514865844815
Genes,1096,0.9510514865844815
Genes,1097,0.9514140681653372
Genes,1098,0.9514140681653372
Genes,1099,0.9514140681653372
Genes,1100,0.9514140681653372
Genes,1101,0.9514140681653372
Genes,1102,0.9514140681653372
Genes,1103,0.9514140681653372
Genes,1104,0.9517766497461929
Genes,1105,0.9521392313270486
Genes,1106,0.9521392313270486
Genes,1107,0.9521392313270486
Genes,1108,0.9525018129079043
Genes,1109,0.9525018129079043
Genes,1110,0.9528643944887599
Genes,1111,0.9528643944887599
Genes,1112,0.9528643944887599
Genes,1113,0.9528643944887599
Genes,1114,0.9528643944887599
Genes,1115,0.9528643944887599
Genes,1116,0.9532269760696157
Genes,1117,0.9535895576504714
Genes,1118,0.953952139231327
Genes,1119,0.953952139231327
Genes,1120,0.953952139231327
Genes,1121,0.9543147208121827
Genes,1122,0.9543147208121827
Genes,1123,0.9543147208121827
Genes,1124,0.9543147208121827
Genes,1125,0.9543147208121827
Genes,1126,0.9543147208121827
Genes,1127,0.9546773023930384
Genes,1128,0.9546773023930384
Genes,1129,0.9546773023930384
Genes,1130,0.9546773023930384
Genes,1131,0.9550398839738942
Genes,1132,0.9554024655547498
Genes,1133,0.9554024655547498
Genes,1134,0.9557650471356055
Genes,1135,0.9557650471356055
Genes,1136,0.9557650471356055
Genes,1137,0.9557650471356055
Genes,1138,0.9557650471356055
Genes,1139,0.9561276287164612
Genes,1140,0.9561276287164612
Genes,1141,0.9561276287164612
Genes,1142,0.9564902102973168
Genes,1143,0.9564902102973168
Genes,1144,0.9568527918781726
Genes,1145,0.9568527918781726
Genes,1146,0.9568527918781726
Genes,1147,0.9568527918781726
Genes,1148,0.9568527918781726
Genes,1149,0.9568527918781726
Genes,1150,0.9572153734590283
Genes,1151,0.9572153734590283
Genes,1152,0.9572153734590283
Genes,1153,0.957577955039884
Genes,1154,0.957577955039884
Genes,1155,0.9579405366207396
Genes,1156,0.9583031182015953
Genes,1157,0.9586656997824511
Genes,1158,0.9586656997824511
Genes,1159,0.9586656997824511
Genes,1160,0.9586656997824511
Genes,1161,0.9586656997824511
Genes,1162,0.9590282813633068
Genes,1163,0.9590282813633068
Genes,1164,0.9590282813633068
Genes,1165,0.9590282813633068
Genes,1166,0.9590282813633068
Genes,1167,0.9593908629441624
Genes,1168,0.9593908629441624
Genes,1169,0.9593908629441624
Genes,1170,0.9593908629441624
Genes,1171,0.9593908629441624
Genes,1172,0.9593908629441624
Genes,1173,0.9593908629441624
Genes,1174,0.9593908629441624
Genes,1175,0.9593908629441624
Genes,1176,0.9593908629441624
Genes,1177,0.9597534445250181
Genes,1178,0.9597534445250181
Genes,1179,0.9597534445250181
Genes,1180,0.9597534445250181
Genes,1181,0.9601160261058739
Genes,1182,0.9601160261058739
Genes,1183,0.9604786076867295
Genes,1184,0.9604786076867295
Genes,1185,0.9608411892675852
Genes,1186,0.9608411892675852
Genes,1187,0.9608411892675852
Genes,1188,0.9612037708484409
Genes,1189,0.9612037708484409
Genes,1190,0.9612037708484409
Genes,1191,0.9612037708484409
Genes,1192,0.9615663524292966
Genes,1193,0.9615663524292966
Genes,1194,0.9619289340101523
Genes,1195,0.9619289340101523
Genes,1196,0.9619289340101523
Genes,1197,0.9619289340101523
Genes,1198,0.962291515591008
Genes,1199,0.9626540971718637
Genes,1200,0.9626540971718637
Genes,1201,0.9630166787527193
Genes,1202,0.963379260333575
Genes,1203,0.963379260333575
Genes,1204,0.963379260333575
Genes,1205,0.9637418419144308
Genes,1206,0.9637418419144308
Genes,1207,0.9641044234952865
Genes,1208,0.9641044234952865
Genes,1209,0.9644670050761421
Genes,1210,0.9644670050761421
Genes,1211,0.9644670050761421
Genes,1212,0.9648295866569978
Genes,1213,0.9651921682378535
Genes,1214,0.9651921682378535
Genes,1215,0.9651921682378535
Genes,1216,0.9655547498187093
Genes,1217,0.9655547498187093
Genes,1218,0.9659173313995649
Genes,1219,0.9659173313995649
Genes,1220,0.9662799129804206
Genes,1221,0.9662799129804206
Genes,1222,0.9666424945612763
Genes,1223,0.9670050761421319
Genes,1224,0.9670050761421319
Genes,1225,0.9673676577229877
Genes,1226,0.9677302393038434
Genes,1227,0.9680928208846991
Genes,1228,0.9684554024655547
Genes,1229,0.9684554024655547
Genes,1230,0.9684554024655547
Genes,1231,0.9688179840464104
Genes,1232,0.9691805656272662
Genes,1233,0.9691805656272662
Genes,1234,0.9691805656272662
Genes,1235,0.9691805656272662
Genes,1236,0.9695431472081218
Genes,1237,0.9695431472081218
Genes,1238,0.9699057287889775
Genes,1239,0.9702683103698332
Genes,1240,0.9702683103698332
Genes,1241,0.9702683103698332
Genes,1242,0.9702683103698332
Genes,1243,0.9702683103698332
Genes,1244,0.9702683103698332
Genes,1245,0.9706308919506889
Genes,1246,0.9706308919506889
Genes,1247,0.9706308919506889
Genes,1248,0.9706308919506889
Genes,1249,0.9709934735315446
Genes,1250,0.9709934735315446
Genes,1251,0.9709934735315446
Genes,1252,0.9709934735315446
Genes,1253,0.9713560551124003
Genes,1254,0.971718636693256
Genes,1255,0.971718636693256
Genes,1256,0.971718636693256
Genes,1257,0.971718636693256
Genes,1258,0.971718636693256
Genes,1259,0.971718636693256
Genes,1260,0.971718636693256
Genes,1261,0.971718636693256
Genes,1262,0.971718636693256
Genes,1263,0.9720812182741116
Genes,1264,0.9724437998549673
Genes,1265,0.9724437998549673
Genes,1266,0.9724437998549673
Genes,1267,0.9728063814358231
Genes,1268,0.9728063814358231
Genes,1269,0.9728063814358231
Genes,1270,0.9728063814358231
Genes,1271,0.9728063814358231
Genes,1272,0.9731689630166788
Genes,1273,0.9731689630166788
Genes,1274,0.9731689630166788
Genes,1275,0.9735315445975344
Genes,1276,0.9735315445975344
Genes,1277,0.9738941261783901
Genes,1278,0.9742567077592458
Genes,1279,0.9746192893401016
Genes,1280,0.9746192893401016
Genes,1281,0.9749818709209572
Genes,1282,0.9753444525018129
Genes,1283,0.9757070340826686
Genes,1284,0.9760696156635243
Genes,1285,0.9760696156635243
Genes,1286,0.9760696156635243
Genes,1287,0.97643219724438
Genes,1288,0.97643219724438
Genes,1289,0.97643219724438
Genes,1290,0.9767947788252357
Genes,1291,0.9771573604060914
Genes,1292,0.977519941986947
Genes,1293,0.977519941986947
Genes,1294,0.977519941986947
Genes,1295,0.9778825235678028
Genes,1296,0.9782451051486585
Genes,1297,0.9782451051486585
Genes,1298,0.9786076867295141
Genes,1299,0.9789702683103698
Genes,1300,0.9789702683103698
Genes,1301,0.9793328498912255
Genes,1302,0.9793328498912255
Genes,1303,0.9793328498912255
Genes,1304,0.9793328498912255
Genes,1305,0.9796954314720813
Genes,1306,0.9796954314720813
Genes,1307,0.9796954314720813
Genes,1308,0.9796954314720813
Genes,1309,0.9800580130529369
Genes,1310,0.9804205946337926
Genes,1311,0.9804205946337926
Genes,1312,0.9807831762146483
Genes,1313,0.981145757795504
Genes,1314,0.9815083393763597
Genes,1315,0.9818709209572154
Genes,1316,0.9822335025380711
Genes,1317,0.9825960841189267
Genes,1318,0.9829586656997824
Genes,1319,0.9829586656997824
Genes,1320,0.9829586656997824
Genes,1321,0.9829586656997824
Genes,1322,0.9833212472806382
Genes,1323,0.9836838288614939
Genes,1324,0.9840464104423495
Genes,1325,0.9840464104423495
Genes,1326,0.9840464104423495
Genes,1327,0.9844089920232052
Genes,1328,0.9847715736040609
Genes,1329,0.9847715736040609
Genes,1330,0.9847715736040609
Genes,1331,0.9847715736040609
Genes,1332,0.9851341551849166
Genes,1333,0.9851341551849166
Genes,1334,0.9854967367657723
Genes,1335,0.9854967367657723
Genes,1336,0.985859318346628
Genes,1337,0.985859318346628
Genes,1338,0.9862218999274837
Genes,1339,0.9862218999274837
Genes,1340,0.9862218999274837
Genes,1341,0.9862218999274837
Genes,1342,0.9862218999274837
Genes,1343,0.9862218999274837
Genes,1344,0.9862218999274837
Genes,1345,0.9865844815083393
Genes,1346,0.9865844815083393
Genes,1347,0.9865844815083393
Genes,1348,0.9865844815083393
Genes,1349,0.9865844815083393
Genes,1350,0.9865844815083393
Genes,1351,0.9865844815083393
Genes,1352,0.9869470630891951
Genes,1353,0.9869470630891951
Genes,1354,0.9869470630891951
Genes,1355,0.9869470630891951
Genes,1356,0.9873096446700508
Genes,1357,0.9873096446700508
Genes,1358,0.9873096446700508
Genes,1359,0.9876722262509064
Genes,1360,0.9876722262509064
Genes,1361,0.9876722262509064
Genes,1362,0.9876722262509064
Genes,1363,0.9876722262509064
Genes,1364,0.9876722262509064
Genes,1365,0.9876722262509064
Genes,1366,0.9876722262509064
Genes,1367,0.9880348078317621
Genes,1368,0.9880348078317621
Genes,1369,0.9880348078317621
Genes,1370,0.9883973894126178
Genes,1371,0.9883973894126178
Genes,1372,0.9883973894126178
Genes,1373,0.9887599709934736
Genes,1374,0.9887599709934736
Genes,1375,0.9887599709934736
Genes,1376,0.9887599709934736
Genes,1377,0.9887599709934736
Genes,1378,0.9887599709934736
Genes,1379,0.9887599709934736
Genes,1380,0.9887599709934736
Genes,1381,0.9887599709934736
Genes,1382,0.9887599709934736
Genes,1383,0.9887599709934736
Genes,1384,0.9887599709934736
Genes,1385,0.9887599709934736
Genes,1386,0.9891225525743292
Genes,1387,0.9891225525743292
Genes,1388,0.9891225525743292
Genes,1389,0.9891225525743292
Genes,1390,0.9891225525743292
Genes,1391,0.9891225525743292
Genes,1392,0.9891225525743292
Genes,1393,0.9891225525743292
Genes,1394,0.9891225525743292
Genes,1395,0.9894851341551849
Genes,1396,0.9894851341551849
Genes,1397,0.9894851341551849
Genes,1398,0.9894851341551849
Genes,1399,0.9894851341551849
Genes,1400,0.9894851341551849
Genes,1401,0.9894851341551849
Genes,1402,0.9894851341551849
Genes,1403,0.9894851341551849
Genes,1404,0.9894851341551849
Genes,1405,0.9898477157360406
Genes,1406,0.9898477157360406
Genes,1407,0.9902102973168962
Genes,1408,0.9902102973168962
Genes,1409,0.9902102973168962
Genes,1410,0.9902102973168962
Genes,1411,0.9902102973168962
Genes,1412,0.9902102973168962
Genes,1413,0.9902102973168962
Genes,1414,0.990572878897752
Genes,1415,0.990572878897752
Genes,1416,0.990572878897752
Genes,1417,0.990572878897752
Genes,1418,0.9909354604786077
Genes,1419,0.9909354604786077
Genes,1420,0.9909354604786077
Genes,1421,0.9912980420594634
Genes,1422,0.9912980420594634
Genes,1423,0.9912980420594634
Genes,1424,0.991660623640319
Genes,1425,0.991660623640319
Genes,1426,0.991660623640319
Genes,1427,0.991660623640319
Genes,1428,0.9920232052211748
Genes,1429,0.9923857868020305
Genes,1430,0.9923857868020305
Genes,1431,0.9927483683828862
Genes,1432,0.9931109499637418
Genes,1433,0.9934735315445975
Genes,1434,0.9934735315445975
Genes,1435,0.9934735315445975
Genes,1436,0.9934735315445975
Genes,1437,0.9934735315445975
Genes,1438,0.9938361131254533
Genes,1439,0.9938361131254533
Genes,1440,0.994198694706309
Genes,1441,0.994198694706309
Genes,1442,0.9945612762871646
Genes,1443,0.9949238578680203
Genes,1444,0.9949238578680203
Genes,1445,0.9949238578680203
Genes,1446,0.995286439448876
Genes,1447,0.9956490210297317
Genes,1448,0.9960116026105874
Genes,1449,0.9963741841914431
Genes,1450,0.9963741841914431
Genes,1451,0.9963741841914431
Genes,1452,0.9963741841914431
Genes,1453,0.9963741841914431
Genes,1454,0.9963741841914431
Genes,1455,0.9967367657722987
Genes,1456,0.9967367657722987
Genes,1457,0.9970993473531544
Genes,1458,0.9974619289340102
Genes,1459,0.9974619289340102
Genes,1460,0.9974619289340102
Genes,1461,0.9978245105148659
Genes,1462,0.9978245105148659
Genes,1463,0.9981870920957215
Genes,1464,0.9981870920957215
Genes,1465,0.9985496736765772
Genes,1466,0.9985496736765772
Genes,1467,0.9985496736765772
Genes,1468,0.9985496736765772
Genes,1469,0.9989122552574329
Genes,1470,0.9989122552574329
Genes,1471,0.9992748368382887
Genes,1472,0.9992748368382887
Genes,1473,0.9992748368382887
Genes,1474,0.9992748368382887
Genes,1475,0.9996374184191443
Genes,1476,1.0
Genes,1477,1.0
Genes,1478,1.0
Genes,1479,1.0
Genes,1480,1.0
Genes,1481,1.0
Genes,1482,1.0
Genes,1483,1.0
Genes,1484,1.0
Enzymes,1,0.03493333333333333
Enzymes,2,0.0448
Enzymes,3,0.0448
Enzymes,4,0.04586666666666667
Enzymes,5,0.04586666666666667
Enzymes,6,0.068
Enzymes,7,0.0768
Enzymes,8,0.09413333333333333
Enzymes,9,0.11093333333333333
Enzymes,10,0.11093333333333333
Enzymes,11,0.11173333333333334
Enzymes,12,0.12853333333333333
Enzymes,13,0.12853333333333333
Enzymes,14,0.12853333333333333
Enzymes,15,0.1304
Enzymes,16,0.13413333333333333
Enzymes,17,0.13466666666666666
Enzymes,18,0.15013333333333334
Enzymes,19,0.16106666666666666
Enzymes,20,0.16293333333333335
Enzymes,21,0.16293333333333335
Enzymes,22,0.17546666666666666
Enzymes,23,0.18773333333333334
Enzymes,24,0.18773333333333334
Enzymes,25,0.1944
Enzymes,26,0.2024
Enzymes,27,0.2024
Enzymes,28,0.2136
Enzymes,29,0.2136
Enzymes,30,0.21413333333333334
Enzymes,31,0.21786666666666665
Enzymes,32,0.22373333333333334
Enzymes,33,0.22373333333333334
Enzymes,34,0.22373333333333334
Enzymes,35,0.2336
Enzymes,36,0.24053333333333332
Enzymes,37,0.2501333333333333
Enzymes,38,0.25093333333333334
Enzymes,39,0.2528
Enzymes,40,0.2552
Enzymes,41,0.264
Enzymes,42,0.26613333333333333
Enzymes,43,0.26826666666666665
Enzymes,44,0.2690666666666667
Enzymes,45,0.2714666666666667
Enzymes,46,0.2754666666666667
Enzymes,47,0.2792
Enzymes,48,0.28346666666666664
Enzymes,49,0.28346666666666664
Enzymes,50,0.288
Enzymes,51,0.2885333333333333
Enzymes,52,0.2906666666666667
Enzymes,53,0.2906666666666667
Enzymes,54,0.292
Enzymes,55,0.2925333333333333
Enzymes,56,0.3002666666666667
Enzymes,57,0.3002666666666667
Enzymes,58,0.30773333333333336
Enzymes,59,0.30773333333333336
Enzymes,60,0.30773333333333336
Enzymes,61,0.30773333333333336
Enzymes,62,0.30773333333333336
Enzymes,63,0.30773333333333336
Enzymes,64,0.3117333333333333
Enzymes,65,0.3117333333333333
Enzymes,66,0.3184
Enzymes,67,0.3192
Enzymes,68,0.32266666666666666
Enzymes,69,0.32266666666666666
Enzymes,70,0.32266666666666666
Enzymes,71,0.3293333333333333
Enzymes,72,0.32986666666666664
Enzymes,73,0.33013333333333333
Enzymes,74,0.33226666666666665
Enzymes,75,0.3344
Enzymes,76,0.3344
Enzymes,77,0.33573333333333333
Enzymes,78,0.33573333333333333
Enzymes,79,0.3368
Enzymes,80,0.3368
Enzymes,81,0.3432
Enzymes,82,0.3432
Enzymes,83,0.344
Enzymes,84,0.34453333333333336
Enzymes,85,0.35013333333333335
Enzymes,86,0.35173333333333334
Enzymes,87,0.35173333333333334
Enzymes,88,0.35786666666666667
Enzymes,89,0.3586666666666667
Enzymes,90,0.3586666666666667
Enzymes,91,0.3586666666666667
Enzymes,92,0.3592
Enzymes,93,0.3592
Enzymes,94,0.35973333333333335
Enzymes,95,0.3656
Enzymes,96,0.37146666666666667
Enzymes,97,0.37146666666666667
Enzymes,98,0.37333333333333335
Enzymes,99,0.37333333333333335
Enzymes,100,0.37333333333333335
Enzymes,101,0.3736
Enzymes,102,0.3776
Enzymes,103,0.37893333333333334
Enzymes,104,0.38453333333333334
Enzymes,105,0.3848
Enzymes,106,0.38506666666666667
Enzymes,107,0.38533333333333336
Enzymes,108,0.3877333333333333
Enzymes,109,0.38826666666666665
Enzymes,110,0.39093333333333335
Enzymes,111,0.39653333333333335
Enzymes,112,0.40186666666666665
Enzymes,113,0.4066666666666667
Enzymes,114,0.4088
Enzymes,115,0.4112
Enzymes,116,0.4136
Enzymes,117,0.4136
Enzymes,118,0.4176
Enzymes,119,0.42133333333333334
Enzymes,120,0.42186666666666667
Enzymes,121,0.42293333333333333
Enzymes,122,0.42746666666666666
Enzymes,123,0.43066666666666664
Enzymes,124,0.4322666666666667
Enzymes,125,0.4325333333333333
Enzymes,126,0.4325333333333333
Enzymes,127,0.4325333333333333
Enzymes,128,0.43333333333333335
Enzymes,129,0.4357333333333333
Enzymes,130,0.44026666666666664
Enzymes,131,0.44133333333333336
Enzymes,132,0.4437333333333333
Enzymes,133,0.4448
Enzymes,134,0.4488
Enzymes,135,0.4514666666666667
Enzymes,136,0.4514666666666667
Enzymes,137,0.4514666666666667
Enzymes,138,0.456
Enzymes,139,0.4568
Enzymes,140,0.4594666666666667
Enzymes,141,0.4594666666666667
Enzymes,142,0.464
Enzymes,143,0.464
Enzymes,144,0.4648
Enzymes,145,0.46586666666666665
Enzymes,146,0.46586666666666665
Enzymes,147,0.4704
Enzymes,148,0.47386666666666666
Enzymes,149,0.47813333333333335
Enzymes,150,0.4789333333333333
Enzymes,151,0.4832
Enzymes,152,0.48346666666666666
Enzymes,153,0.48346666666666666
Enzymes,154,0.48346666666666666
Enzymes,155,0.48346666666666666
Enzymes,156,0.4864
Enzymes,157,0.4864
Enzymes,158,0.4885333333333333
Enzymes,159,0.4888
Enzymes,160,0.4888
Enzymes,161,0.4904
Enzymes,162,0.4904
Enzymes,163,0.4922666666666667
Enzymes,164,0.49546666666666667
Enzymes,165,0.49546666666666667
Enzymes,166,0.496
Enzymes,167,0.496
Enzymes,168,0.4984
Enzymes,169,0.5018666666666667
Enzymes,170,0.5058666666666667
Enzymes,171,0.5058666666666667
Enzymes,172,0.5098666666666667
Enzymes,173,0.5114666666666666
Enzymes,174,0.5154666666666666
Enzymes,175,0.5168
Enzymes,176,0.5181333333333333
Enzymes,177,0.5181333333333333
Enzymes,178,0.52
Enzymes,179,0.52
Enzymes,180,0.52
Enzymes,181,0.52
Enzymes,182,0.52
Enzymes,183,0.52
Enzymes,184,0.5205333333333333
Enzymes,185,0.5242666666666667
Enzymes,186,0.5272
Enzymes,187,0.5293333333333333
Enzymes,188,0.5317333333333333
Enzymes,189,0.5317333333333333
Enzymes,190,0.5322666666666667
Enzymes,191,0.5352
Enzymes,192,0.5357333333333333
Enzymes,193,0.5362666666666667
Enzymes,194,0.5370666666666667
Enzymes,195,0.5376
Enzymes,196,0.5386666666666666
Enzymes,197,0.5386666666666666
Enzymes,198,0.5421333333333334
Enzymes,199,0.5456
Enzymes,200,0.5472
Enzymes,201,0.5472
Enzymes,202,0.5474666666666667
Enzymes,203,0.5474666666666667
Enzymes,204,0.5474666666666667
Enzymes,205,0.5498666666666666
Enzymes,206,0.5528
Enzymes,207,0.5557333333333333
Enzymes,208,0.5576
Enzymes,209,0.5592
Enzymes,210,0.5592
Enzymes,211,0.56
Enzymes,212,0.5605333333333333
Enzymes,213,0.5613333333333334
Enzymes,214,0.5613333333333334
Enzymes,215,0.5613333333333334
Enzymes,216,0.564
Enzymes,217,0.5669333333333333
Enzymes,218,0.5669333333333333
Enzymes,219,0.5669333333333333
Enzymes,220,0.5669333333333333
Enzymes,221,0.5669333333333333
Enzymes,222,0.5682666666666667
Enzymes,223,0.5682666666666667
Enzymes,224,0.5714666666666667
Enzymes,225,0.5746666666666667
Enzymes,226,0.5746666666666667
Enzymes,227,0.5746666666666667
Enzymes,228,0.5752
Enzymes,229,0.5752
Enzymes,230,0.5752
Enzymes,231,0.5754666666666667
Enzymes,232,0.5754666666666667
Enzymes,233,0.5757333333333333
Enzymes,234,0.5789333333333333
Enzymes,235,0.5789333333333333
Enzymes,236,0.5789333333333333
Enzymes,237,0.5789333333333333
Enzymes,238,0.5789333333333333
Enzymes,239,0.5789333333333333
Enzymes,240,0.5818666666666666
Enzymes,241,0.584
Enzymes,242,0.5858666666666666
Enzymes,243,0.5858666666666666
Enzymes,244,0.5861333333333333
Enzymes,245,0.5877333333333333
Enzymes,246,0.5877333333333333
Enzymes,247,0.5890666666666666
Enzymes,248,0.5890666666666666
Enzymes,249,0.5890666666666666
Enzymes,250,0.5890666666666666
Enzymes,251,0.5890666666666666
Enzymes,252,0.5909333333333333
Enzymes,253,0.5938666666666667
Enzymes,254,0.5965333333333334
Enzymes,255,0.5976
Enzymes,256,0.5981333333333333
Enzymes,257,0.5981333333333333
Enzymes,258,0.5981333333333333
Enzymes,259,0.5981333333333333
Enzymes,260,0.5981333333333333
Enzymes,261,0.6010666666666666
Enzymes,262,0.6010666666666666
Enzymes,263,0.6013333333333334
Enzymes,264,0.6013333333333334
Enzymes,265,0.6018666666666667
Enzymes,266,0.6024
Enzymes,267,0.6026666666666667
Enzymes,268,0.6026666666666667
Enzymes,269,0.6056
Enzymes,270,0.6058666666666667
Enzymes,271,0.6058666666666667
Enzymes,272,0.6066666666666667
Enzymes,273,0.6077333333333333
Enzymes,274,0.6077333333333333
Enzymes,275,0.6077333333333333
Enzymes,276,0.6098666666666667
Enzymes,277,0.6117333333333334
Enzymes,278,0.6122666666666666
Enzymes,279,0.6122666666666666
Enzymes,280,0.6130666666666666
Enzymes,281,0.6136
Enzymes,282,0.6136
Enzymes,283,0.6162666666666666
Enzymes,284,0.6165333333333334
Enzymes,285,0.6192
Enzymes,286,0.6192
Enzymes,287,0.6208
Enzymes,288,0.6216
Enzymes,289,0.6216
Enzymes,290,0.6221333333333333
Enzymes,291,0.6226666666666667
Enzymes,292,0.6226666666666667
Enzymes,293,0.6253333333333333
Enzymes,294,0.6256
Enzymes,295,0.6256
Enzymes,296,0.6277333333333334
Enzymes,297,0.6304
Enzymes,298,0.6304
Enzymes,299,0.6330666666666667
Enzymes,300,0.6333333333333333
Enzymes,301,0.6333333333333333
Enzymes,302,0.6333333333333333
Enzymes,303,0.6333333333333333
Enzymes,304,0.6357333333333334
Enzymes,305,0.6376
Enzymes,306,0.6376
Enzymes,307,0.6376
Enzymes,308,0.6376
Enzymes,309,0.6386666666666667
Enzymes,310,0.6410666666666667
Enzymes,311,0.6410666666666667
Enzymes,312,0.6410666666666667
Enzymes,313,0.6434666666666666
Enzymes,314,0.6434666666666666
Enzymes,315,0.6434666666666666
Enzymes,316,0.6434666666666666
Enzymes,317,0.6434666666666666
Enzymes,318,0.6450666666666667
Enzymes,319,0.6474666666666666
Enzymes,320,0.6474666666666666
Enzymes,321,0.6498666666666667
Enzymes,322,0.6498666666666667
Enzymes,323,0.6517333333333334
Enzymes,324,0.6522666666666667
Enzymes,325,0.6522666666666667
Enzymes,326,0.6544
Enzymes,327,0.6544
Enzymes,328,0.6544
Enzymes,329,0.6568
Enzymes,330,0.6568
Enzymes,331,0.6586666666666666
Enzymes,332,0.6586666666666666
Enzymes,333,0.6592
Enzymes,334,0.6616
Enzymes,335,0.664
Enzymes,336,0.6648
Enzymes,337,0.6656
Enzymes,338,0.6658666666666667
Enzymes,339,0.6661333333333334
Enzymes,340,0.6677333333333333
Enzymes,341,0.6677333333333333
Enzymes,342,0.6682666666666667
Enzymes,343,0.6682666666666667
Enzymes,344,0.6682666666666667
Enzymes,345,0.6682666666666667
Enzymes,346,0.6698666666666667
Enzymes,347,0.6698666666666667
Enzymes,348,0.6701333333333334
Enzymes,349,0.6722666666666667
Enzymes,350,0.6722666666666667
Enzymes,351,0.6722666666666667
Enzymes,352,0.6738666666666666
Enzymes,353,0.6754666666666667
Enzymes,354,0.6754666666666667
Enzymes,355,0.6754666666666667
Enzymes,356,0.6754666666666667
Enzymes,357,0.6754666666666667
Enzymes,358,0.6757333333333333
Enzymes,359,0.6757333333333333
Enzymes,360,0.6778666666666666
Enzymes,361,0.6781333333333334
Enzymes,362,0.6781333333333334
Enzymes,363,0.6781333333333334
Enzymes,364,0.6781333333333334
Enzymes,365,0.6786666666666666
Enzymes,366,0.6786666666666666
Enzymes,367,0.6786666666666666
Enzymes,368,0.6797333333333333
Enzymes,369,0.68
Enzymes,370,0.68
Enzymes,371,0.6808
Enzymes,372,0.6810666666666667
Enzymes,373,0.6810666666666667
Enzymes,374,0.6824
Enzymes,375,0.6824
Enzymes,376,0.6824
Enzymes,377,0.6832
Enzymes,378,0.6832
Enzymes,379,0.6832
Enzymes,380,0.6832
Enzymes,381,0.6842666666666667
Enzymes,382,0.6842666666666667
Enzymes,383,0.6848
Enzymes,384,0.6848
Enzymes,385,0.6848
Enzymes,386,0.6848
Enzymes,387,0.6850666666666667
Enzymes,388,0.6850666666666667
Enzymes,389,0.6850666666666667
Enzymes,390,0.6850666666666667
Enzymes,391,0.6850666666666667
Enzymes,392,0.6856
Enzymes,393,0.6874666666666667
Enzymes,394,0.6888
Enzymes,395,0.6893333333333334
Enzymes,396,0.6909333333333333
Enzymes,397,0.6909333333333333
Enzymes,398,0.6909333333333333
Enzymes,399,0.6909333333333333
Enzymes,400,0.6909333333333333
Enzymes,401,0.6909333333333333
Enzymes,402,0.6912
Enzymes,403,0.6917333333333333
Enzymes,404,0.6917333333333333
Enzymes,405,0.6917333333333333
Enzymes,406,0.6928
Enzymes,407,0.6928
Enzymes,408,0.6946666666666667
Enzymes,409,0.696
Enzymes,410,0.696
Enzymes,411,0.696
Enzymes,412,0.6978666666666666
Enzymes,413,0.6978666666666666
Enzymes,414,0.6984
Enzymes,415,0.6986666666666667
Enzymes,416,0.6986666666666667
Enzymes,417,0.6986666666666667
Enzymes,418,0.6986666666666667
Enzymes,419,0.7005333333333333
Enzymes,420,0.7005333333333333
Enzymes,421,0.7013333333333334
Enzymes,422,0.7021333333333334
Enzymes,423,0.7021333333333334
Enzymes,424,0.7021333333333334
Enzymes,425,0.7021333333333334
Enzymes,426,0.7021333333333334
Enzymes,427,0.7021333333333334
Enzymes,428,0.7024
Enzymes,429,0.7024
Enzymes,430,0.7024
Enzymes,431,0.7024
Enzymes,432,0.7026666666666667
Enzymes,433,0.7026666666666667
Enzymes,434,0.7026666666666667
Enzymes,435,0.7026666666666667
Enzymes,436,0.7026666666666667
Enzymes,437,0.7026666666666667
Enzymes,438,0.7042666666666667
Enzymes,439,0.7061333333333333
Enzymes,440,0.7066666666666667
Enzymes,441,0.7066666666666667
Enzymes,442,0.7085333333333333
Enzymes,443,0.7093333333333334
Enzymes,444,0.7112
Enzymes,445,0.7112
Enzymes,446,0.7112
Enzymes,447,0.7130666666666666
Enzymes,448,0.7130666666666666
Enzymes,449,0.7130666666666666
Enzymes,450,0.7130666666666666
Enzymes,451,0.7146666666666667
Enzymes,452,0.7146666666666667
Enzymes,453,0.7146666666666667
Enzymes,454,0.716
Enzymes,455,0.7165333333333334
Enzymes,456,0.7165333333333334
Enzymes,457,0.7176
Enzymes,458,0.7176
Enzymes,459,0.7176
Enzymes,460,0.7178666666666667
Enzymes,461,0.7178666666666667
Enzymes,462,0.7178666666666667
Enzymes,463,0.7192
Enzymes,464,0.7192
Enzymes,465,0.7208
Enzymes,466,0.7208
Enzymes,467,0.7208
Enzymes,468,0.7208
Enzymes,469,0.7208
Enzymes,470,0.7208
Enzymes,471,0.7224
Enzymes,472,0.724
Enzymes,473,0.7256
Enzymes,474,0.7269333333333333
Enzymes,475,0.7269333333333333
Enzymes,476,0.7269333333333333
Enzymes,477,0.7285333333333334
Enzymes,478,0.7298666666666667
Enzymes,479,0.7304
Enzymes,480,0.7304
Enzymes,481,0.7317333333333333
Enzymes,482,0.7317333333333333
Enzymes,483,0.7322666666666666
Enzymes,484,0.7328
Enzymes,485,0.7328
Enzymes,486,0.7328
Enzymes,487,0.7344
Enzymes,488,0.7344
Enzymes,489,0.7346666666666667
Enzymes,490,0.7346666666666667
Enzymes,491,0.7346666666666667
Enzymes,492,0.736
Enzymes,493,0.736
Enzymes,494,0.736
Enzymes,495,0.736
Enzymes,496,0.736
Enzymes,497,0.7376
Enzymes,498,0.7376
Enzymes,499,0.7376
Enzymes,500,0.7392
Enzymes,501,0.7408
Enzymes,502,0.7408
Enzymes,503,0.7408
Enzymes,504,0.7408
Enzymes,505,0.7424
Enzymes,506,0.7429333333333333
Enzymes,507,0.7429333333333333
Enzymes,508,0.7429333333333333
Enzymes,509,0.7429333333333333
Enzymes,510,0.7445333333333334
Enzymes,511,0.7448
Enzymes,512,0.7450666666666667
Enzymes,513,0.7453333333333333
Enzymes,514,0.7469333333333333
Enzymes,515,0.7485333333333334
Enzymes,516,0.7485333333333334
Enzymes,517,0.7485333333333334
Enzymes,518,0.7485333333333334
Enzymes,519,0.7488
Enzymes,520,0.7493333333333333
Enzymes,521,0.7506666666666667
Enzymes,522,0.7506666666666667
Enzymes,523,0.7506666666666667
Enzymes,524,0.7509333333333333
Enzymes,525,0.7509333333333333
Enzymes,526,0.7522666666666666
Enzymes,527,0.7536
Enzymes,528,0.7538666666666667
Enzymes,529,0.7546666666666667
Enzymes,530,0.7546666666666667
Enzymes,531,0.7546666666666667
Enzymes,532,0.7546666666666667
Enzymes,533,0.7557333333333334
Enzymes,534,0.7557333333333334
Enzymes,535,0.7557333333333334
Enzymes,536,0.7557333333333334
Enzymes,537,0.756
Enzymes,538,0.756
Enzymes,539,0.7573333333333333
Enzymes,540,0.7584
Enzymes,541,0.7597333333333334
Enzymes,542,0.76
Enzymes,543,0.76
Enzymes,544,0.7613333333333333
Enzymes,545,0.7613333333333333
Enzymes,546,0.7626666666666667
Enzymes,547,0.7626666666666667
Enzymes,548,0.7626666666666667
Enzymes,549,0.764
Enzymes,550,0.764
Enzymes,551,0.7653333333333333
Enzymes,552,0.7666666666666667
Enzymes,553,0.7677333333333334
Enzymes,554,0.7677333333333334
Enzymes,555,0.7677333333333334
Enzymes,556,0.7677333333333334
Enzymes,557,0.7690666666666667
Enzymes,558,0.7690666666666667
Enzymes,559,0.7693333333333333
Enzymes,560,0.7693333333333333
Enzymes,561,0.7693333333333333
Enzymes,562,0.7704
Enzymes,563,0.7704
Enzymes,564,0.7706666666666667
Enzymes,565,0.7706666666666667
Enzymes,566,0.772
Enzymes,567,0.772
Enzymes,568,0.7730666666666667
Enzymes,569,0.7730666666666667
Enzymes,570,0.7741333333333333
Enzymes,571,0.7754666666666666
Enzymes,572,0.7754666666666666
Enzymes,573,0.7754666666666666
Enzymes,574,0.7768
Enzymes,575,0.7768
Enzymes,576,0.7781333333333333
Enzymes,577,0.7792
Enzymes,578,0.78
Enzymes,579,0.78
Enzymes,580,0.78
Enzymes,581,0.78
Enzymes,582,0.7805333333333333
Enzymes,583,0.7805333333333333
Enzymes,584,0.7818666666666667
Enzymes,585,0.7824
Enzymes,586,0.7837333333333333
Enzymes,587,0.7850666666666667
Enzymes,588,0.7853333333333333
Enzymes,589,0.7866666666666666
Enzymes,590,0.7872
Enzymes,591,0.7872
Enzymes,592,0.7872
Enzymes,593,0.7872
Enzymes,594,0.7885333333333333
Enzymes,595,0.7885333333333333
Enzymes,596,0.7890666666666667
Enzymes,597,0.7890666666666667
Enzymes,598,0.7904
Enzymes,599,0.7904
Enzymes,600,0.7917333333333333
Enzymes,601,0.7930666666666667
Enzymes,602,0.7930666666666667
Enzymes,603,0.7944
Enzymes,604,0.7944
Enzymes,605,0.7952
Enzymes,606,0.7952
Enzymes,607,0.7952
Enzymes,608,0.7952
Enzymes,609,0.7954666666666667
Enzymes,610,0.7954666666666667
Enzymes,611,0.796
Enzymes,612,0.796
Enzymes,613,0.796
Enzymes,614,0.7962666666666667
Enzymes,615,0.7973333333333333
Enzymes,616,0.7976
Enzymes,617,0.7976
Enzymes,618,0.7976
Enzymes,619,0.7984
Enzymes,620,0.7984
Enzymes,621,0.7992
Enzymes,622,0.8002666666666667
Enzymes,623,0.8005333333333333
Enzymes,624,0.8013333333333333
Enzymes,625,0.8024
Enzymes,626,0.8034666666666667
Enzymes,627,0.8045333333333333
Enzymes,628,0.8045333333333333
Enzymes,629,0.8045333333333333
Enzymes,630,0.8056
Enzymes,631,0.8056
Enzymes,632,0.8064
Enzymes,633,0.8064
Enzymes,634,0.8074666666666667
Enzymes,635,0.808
Enzymes,636,0.8090666666666667
Enzymes,637,0.8101333333333334
Enzymes,638,0.8104
Enzymes,639,0.8106666666666666
Enzymes,640,0.8112
Enzymes,641,0.8112
Enzymes,642,0.8112
Enzymes,643,0.8114666666666667
Enzymes,644,0.8125333333333333
Enzymes,645,0.8125333333333333
Enzymes,646,0.8136
Enzymes,647,0.8146666666666667
Enzymes,648,0.8146666666666667
Enzymes,649,0.8146666666666667
Enzymes,650,0.8157333333333333
Enzymes,651,0.8157333333333333
Enzymes,652,0.8168
Enzymes,653,0.8168
Enzymes,654,0.8173333333333334
Enzymes,655,0.8184
Enzymes,656,0.8194666666666667
Enzymes,657,0.8194666666666667
Enzymes,658,0.8205333333333333
Enzymes,659,0.8205333333333333
Enzymes,660,0.8208
Enzymes,661,0.8208
Enzymes,662,0.8208
Enzymes,663,0.8218666666666666
Enzymes,664,0.8224
Enzymes,665,0.8224
Enzymes,666,0.8224
Enzymes,667,0.8224
Enzymes,668,0.8232
Enzymes,669,0.8232
Enzymes,670,0.8234666666666667
Enzymes,671,0.8234666666666667
Enzymes,672,0.8234666666666667
Enzymes,673,0.8245333333333333
Enzymes,674,0.8256
Enzymes,675,0.8256
Enzymes,676,0.8256
Enzymes,677,0.8266666666666667
Enzymes,678,0.8272
Enzymes,679,0.8272
Enzymes,680,0.8272
Enzymes,681,0.8277333333333333
Enzymes,682,0.8277333333333333
Enzymes,683,0.8282666666666667
Enzymes,684,0.8282666666666667
Enzymes,685,0.8282666666666667
Enzymes,686,0.8293333333333334
Enzymes,687,0.8304
Enzymes,688,0.8314666666666667
Enzymes,689,0.8314666666666667
Enzymes,690,0.8325333333333333
Enzymes,691,0.8328
Enzymes,692,0.8328
Enzymes,693,0.8338666666666666
Enzymes,694,0.8338666666666666
Enzymes,695,0.8349333333333333
Enzymes,696,0.836
Enzymes,697,0.8362666666666667
Enzymes,698,0.8373333333333334
Enzymes,699,0.8376
Enzymes,700,0.8376
Enzymes,701,0.8376
Enzymes,702,0.8384
Enzymes,703,0.8386666666666667
Enzymes,704,0.8386666666666667
Enzymes,705,0.8397333333333333
Enzymes,706,0.8397333333333333
Enzymes,707,0.84
Enzymes,708,0.8402666666666667
Enzymes,709,0.8413333333333334
Enzymes,710,0.8413333333333334
Enzymes,711,0.8413333333333334
Enzymes,712,0.8413333333333334
Enzymes,713,0.8424
Enzymes,714,0.8424
Enzymes,715,0.8432
Enzymes,716,0.8434666666666667
Enzymes,717,0.8434666666666667
Enzymes,718,0.8437333333333333
Enzymes,719,0.844
Enzymes,720,0.8448
Enzymes,721,0.8456
Enzymes,722,0.8458666666666667
Enzymes,723,0.8461333333333333
Enzymes,724,0.8466666666666667
Enzymes,725,0.8466666666666667
Enzymes,726,0.8474666666666667
Enzymes,727,0.8482666666666666
Enzymes,728,0.8482666666666666
Enzymes,729,0.8485333333333334
Enzymes,730,0.8485333333333334
Enzymes,731,0.8485333333333334
Enzymes,732,0.8485333333333334
Enzymes,733,0.8488
Enzymes,734,0.8496
Enzymes,735,0.8498666666666667
Enzymes,736,0.8501333333333333
Enzymes,737,0.8501333333333333
Enzymes,738,0.8501333333333333
Enzymes,739,0.8501333333333333
Enzymes,740,0.8509333333333333
Enzymes,741,0.8517333333333333
Enzymes,742,0.8525333333333334
Enzymes,743,0.8533333333333334
Enzymes,744,0.8541333333333333
Enzymes,745,0.8541333333333333
Enzymes,746,0.8544
Enzymes,747,0.8552
Enzymes,748,0.856
Enzymes,749,0.8568
Enzymes,750,0.8568
Enzymes,751,0.8568
Enzymes,752,0.8570666666666666
Enzymes,753,0.8570666666666666
Enzymes,754,0.8573333333333333
Enzymes,755,0.8576
Enzymes,756,0.8576
Enzymes,757,0.8584
Enzymes,758,0.8584
Enzymes,759,0.8589333333333333
Enzymes,760,0.8597333333333333
Enzymes,761,0.8602666666666666
Enzymes,762,0.8610666666666666
Enzymes,763,0.8618666666666667
Enzymes,764,0.8618666666666667
Enzymes,765,0.8618666666666667
Enzymes,766,0.8618666666666667
Enzymes,767,0.8626666666666667
Enzymes,768,0.8626666666666667
Enzymes,769,0.8634666666666667
Enzymes,770,0.8634666666666667
Enzymes,771,0.8642666666666666
Enzymes,772,0.8650666666666667
Enzymes,773,0.8650666666666667
Enzymes,774,0.8650666666666667
Enzymes,775,0.8650666666666667
Enzymes,776,0.8650666666666667
Enzymes,777,0.8650666666666667
Enzymes,778,0.8650666666666667
Enzymes,779,0.8656
Enzymes,780,0.8656
Enzymes,781,0.8656
Enzymes,782,0.8656
Enzymes,783,0.8661333333333333
Enzymes,784,0.8666666666666667
Enzymes,785,0.8674666666666667
Enzymes,786,0.8674666666666667
Enzymes,787,0.8674666666666667
Enzymes,788,0.8674666666666667
Enzymes,789,0.868
Enzymes,790,0.868
Enzymes,791,0.868
Enzymes,792,0.8688
Enzymes,793,0.8693333333333333
Enzymes,794,0.8693333333333333
Enzymes,795,0.8698666666666667
Enzymes,796,0.8698666666666667
Enzymes,797,0.8704
Enzymes,798,0.8704
Enzymes,799,0.8709333333333333
Enzymes,800,0.8714666666666666
Enzymes,801,0.8722666666666666
Enzymes,802,0.8722666666666666
Enzymes,803,0.8722666666666666
Enzymes,804,0.8722666666666666
Enzymes,805,0.8722666666666666
Enzymes,806,0.8730666666666667
Enzymes,807,0.8730666666666667
Enzymes,808,0.8730666666666667
Enzymes,809,0.8733333333333333
Enzymes,810,0.8741333333333333
Enzymes,811,0.8746666666666667
Enzymes,812,0.8749333333333333
Enzymes,813,0.8752
Enzymes,814,0.8757333333333334
Enzymes,815,0.8757333333333334
Enzymes,816,0.8762666666666666
Enzymes,817,0.8765333333333334
Enzymes,818,0.8765333333333334
Enzymes,819,0.8765333333333334
Enzymes,820,0.8765333333333334
Enzymes,821,0.8768
Enzymes,822,0.8776
Enzymes,823,0.8776
Enzymes,824,0.8778666666666667
Enzymes,825,0.8786666666666667
Enzymes,826,0.8794666666666666
Enzymes,827,0.8794666666666666
Enzymes,828,0.8794666666666666
Enzymes,829,0.8797333333333334
Enzymes,830,0.8805333333333333
Enzymes,831,0.8808
Enzymes,832,0.8816
Enzymes,833,0.8821333333333333
Enzymes,834,0.8829333333333333
Enzymes,835,0.8837333333333334
Enzymes,836,0.8842666666666666
Enzymes,837,0.8845333333333333
Enzymes,838,0.8850666666666667
Enzymes,839,0.8858666666666667
Enzymes,840,0.8858666666666667
Enzymes,841,0.8866666666666667
Enzymes,842,0.8869333333333334
Enzymes,843,0.8877333333333334
Enzymes,844,0.8882666666666666
Enzymes,845,0.8890666666666667
Enzymes,846,0.8898666666666667
Enzymes,847,0.8901333333333333
Enzymes,848,0.8901333333333333
Enzymes,849,0.8901333333333333
Enzymes,850,0.8901333333333333
Enzymes,851,0.8901333333333333
Enzymes,852,0.8901333333333333
Enzymes,853,0.8909333333333334
Enzymes,854,0.8917333333333334
Enzymes,855,0.8917333333333334
Enzymes,856,0.8925333333333333
Enzymes,857,0.8925333333333333
Enzymes,858,0.8925333333333333
Enzymes,859,0.8925333333333333
Enzymes,860,0.8925333333333333
Enzymes,861,0.8933333333333333
Enzymes,862,0.8941333333333333
Enzymes,863,0.8949333333333334
Enzymes,864,0.8949333333333334
Enzymes,865,0.8949333333333334
Enzymes,866,0.8952
Enzymes,867,0.8952
Enzymes,868,0.896
Enzymes,869,0.8968
Enzymes,870,0.8968
Enzymes,871,0.8970666666666667
Enzymes,872,0.8973333333333333
Enzymes,873,0.8973333333333333
Enzymes,874,0.8973333333333333
Enzymes,875,0.8973333333333333
Enzymes,876,0.8981333333333333
Enzymes,877,0.8989333333333334
Enzymes,878,0.8989333333333334
Enzymes,879,0.8992
Enzymes,880,0.8992
Enzymes,881,0.8994666666666666
Enzymes,882,0.8994666666666666
Enzymes,883,0.9002666666666667
Enzymes,884,0.9010666666666667
Enzymes,885,0.9010666666666667
Enzymes,886,0.9010666666666667
Enzymes,887,0.9016
Enzymes,888,0.9024
Enzymes,889,0.9024
Enzymes,890,0.9024
Enzymes,891,0.9024
Enzymes,892,0.9024
Enzymes,893,0.9029333333333334
Enzymes,894,0.9034666666666666
Enzymes,895,0.904
Enzymes,896,0.9042666666666667
Enzymes,897,0.9045333333333333
Enzymes,898,0.9045333333333333
Enzymes,899,0.9045333333333333
Enzymes,900,0.9045333333333333
Enzymes,901,0.9045333333333333
Enzymes,902,0.9045333333333333
Enzymes,903,0.9048
Enzymes,904,0.9048
Enzymes,905,0.9048
Enzymes,906,0.9053333333333333
Enzymes,907,0.9056
Enzymes,908,0.9061333333333333
Enzymes,909,0.9061333333333333
Enzymes,910,0.9061333333333333
Enzymes,911,0.9061333333333333
Enzymes,912,0.9061333333333333
Enzymes,913,0.9066666666666666
Enzymes,914,0.9066666666666666
Enzymes,915,0.9072
Enzymes,916,0.9072
Enzymes,917,0.9074666666666666
Enzymes,918,0.9074666666666666
Enzymes,919,0.9074666666666666
Enzymes,920,0.9074666666666666
Enzymes,921,0.908
Enzymes,922,0.908
Enzymes,923,0.9085333333333333
Enzymes,924,0.9085333333333333
Enzymes,925,0.9090666666666667
Enzymes,926,0.9090666666666667
Enzymes,927,0.9090666666666667
Enzymes,928,0.9090666666666667
Enzymes,929,0.9090666666666667
Enzymes,930,0.9090666666666667
Enzymes,931,0.9090666666666667
Enzymes,932,0.9090666666666667
Enzymes,933,0.9090666666666667
Enzymes,934,0.9090666666666667
Enzymes,935,0.9090666666666667
Enzymes,936,0.9090666666666667
Enzymes,937,0.9090666666666667
Enzymes,938,0.9090666666666667
Enzymes,939,0.9090666666666667
Enzymes,940,0.9093333333333333
Enzymes,941,0.9096
Enzymes,942,0.9096
Enzymes,943,0.9096
Enzymes,944,0.9098666666666667
Enzymes,945,0.9098666666666667
Enzymes,946,0.9104
Enzymes,947,0.9104
Enzymes,948,0.9109333333333334
Enzymes,949,0.9109333333333334
Enzymes,950,0.9109333333333334
Enzymes,951,0.9109333333333334
Enzymes,952,0.9109333333333334
Enzymes,953,0.9114666666666666
Enzymes,954,0.9114666666666666
Enzymes,955,0.9114666666666666
Enzymes,956,0.912
Enzymes,957,0.9125333333333333
Enzymes,958,0.9125333333333333
Enzymes,959,0.9130666666666667
Enzymes,960,0.9130666666666667
Enzymes,961,0.9130666666666667
Enzymes,962,0.9136
Enzymes,963,0.9141333333333334
Enzymes,964,0.9141333333333334
Enzymes,965,0.9141333333333334
Enzymes,966,0.9144
Enzymes,967,0.9144
Enzymes,968,0.9144
Enzymes,969,0.9144
Enzymes,970,0.9144
Enzymes,971,0.9149333333333334
Enzymes,972,0.9149333333333334
Enzymes,973,0.9149333333333334
Enzymes,974,0.9149333333333334
Enzymes,975,0.9152
Enzymes,976,0.9157333333333333
Enzymes,977,0.9162666666666667
Enzymes,978,0.9162666666666667
Enzymes,979,0.9162666666666667
Enzymes,980,0.9162666666666667
Enzymes,981,0.9162666666666667
Enzymes,982,0.9162666666666667
Enzymes,983,0.9162666666666667
Enzymes,984,0.9162666666666667
Enzymes,985,0.9162666666666667
Enzymes,986,0.9162666666666667
Enzymes,987,0.9168
Enzymes,988,0.9168
Enzymes,989,0.9168
Enzymes,990,0.9168
Enzymes,991,0.9168
Enzymes,992,0.9170666666666667
Enzymes,993,0.9170666666666667
Enzymes,994,0.9170666666666667
Enzymes,995,0.9173333333333333
Enzymes,996,0.9176
Enzymes,997,0.9176
Enzymes,998,0.9176
Enzymes,999,0.9176
Enzymes,1000,0.9176
Enzymes,1001,0.9176
Enzymes,1002,0.9176
Enzymes,1003,0.9176
Enzymes,1004,0.9181333333333334
Enzymes,1005,0.9181333333333334
Enzymes,1006,0.9186666666666666
Enzymes,1007,0.9186666666666666
Enzymes,1008,0.9192
Enzymes,1009,0.9192
Enzymes,1010,0.9192
Enzymes,1011,0.9192
Enzymes,1012,0.9192
Enzymes,1013,0.9192
Enzymes,1014,0.9192
Enzymes,1015,0.9192
Enzymes,1016,0.9192
Enzymes,1017,0.9192
Enzymes,1018,0.9197333333333333
Enzymes,1019,0.9202666666666667
Enzymes,1020,0.9208
Enzymes,1021,0.9208
Enzymes,1022,0.9213333333333333
Enzymes,1023,0.9218666666666666
Enzymes,1024,0.9224
Enzymes,1025,0.9224
Enzymes,1026,0.9224
Enzymes,1027,0.9224
Enzymes,1028,0.9224
Enzymes,1029,0.9229333333333334
Enzymes,1030,0.9234666666666667
Enzymes,1031,0.9234666666666667
Enzymes,1032,0.924
Enzymes,1033,0.924
Enzymes,1034,0.924
Enzymes,1035,0.924
Enzymes,1036,0.924
Enzymes,1037,0.9245333333333333
Enzymes,1038,0.9245333333333333
Enzymes,1039,0.9245333333333333
Enzymes,1040,0.9245333333333333
Enzymes,1041,0.9245333333333333
Enzymes,1042,0.9248
Enzymes,1043,0.9248
Enzymes,1044,0.9248
Enzymes,1045,0.9248
Enzymes,1046,0.9250666666666667
Enzymes,1047,0.9250666666666667
Enzymes,1048,0.9256
Enzymes,1049,0.9256
Enzymes,1050,0.9256
Enzymes,1051,0.9261333333333334
Enzymes,1052,0.9266666666666666
Enzymes,1053,0.9272
Enzymes,1054,0.9277333333333333
Enzymes,1055,0.9282666666666667
Enzymes,1056,0.9282666666666667
Enzymes,1057,0.9288
Enzymes,1058,0.9288
Enzymes,1059,0.9290666666666667
Enzymes,1060,0.9296
Enzymes,1061,0.9298666666666666
Enzymes,1062,0.9304
Enzymes,1063,0.9309333333333333
Enzymes,1064,0.9314666666666667
Enzymes,1065,0.9314666666666667
Enzymes,1066,0.9314666666666667
Enzymes,1067,0.932
Enzymes,1068,0.932
Enzymes,1069,0.9325333333333333
Enzymes,1070,0.9330666666666667
Enzymes,1071,0.9330666666666667
Enzymes,1072,0.9330666666666667
Enzymes,1073,0.9336
Enzymes,1074,0.9341333333333334
Enzymes,1075,0.9344
Enzymes,1076,0.9344
Enzymes,1077,0.9346666666666666
Enzymes,1078,0.9352
Enzymes,1079,0.9357333333333333
Enzymes,1080,0.9362666666666667
Enzymes,1081,0.9362666666666667
Enzymes,1082,0.9362666666666667
Enzymes,1083,0.9362666666666667
Enzymes,1084,0.9362666666666667
Enzymes,1085,0.9368
Enzymes,1086,0.9368
Enzymes,1087,0.9368
Enzymes,1088,0.9373333333333334
Enzymes,1089,0.9378666666666666
Enzymes,1090,0.9381333333333334
Enzymes,1091,0.9381333333333334
Enzymes,1092,0.9381333333333334
Enzymes,1093,0.9381333333333334
Enzymes,1094,0.9381333333333334
Enzymes,1095,0.9381333333333334
Enzymes,1096,0.9381333333333334
Enzymes,1097,0.9381333333333334
Enzymes,1098,0.9381333333333334
Enzymes,1099,0.9386666666666666
Enzymes,1100,0.9386666666666666
Enzymes,1101,0.9386666666666666
Enzymes,1102,0.9392
Enzymes,1103,0.9397333333333333
Enzymes,1104,0.94
Enzymes,1105,0.9402666666666667
Enzymes,1106,0.9402666666666667
Enzymes,1107,0.9402666666666667
Enzymes,1108,0.9408
Enzymes,1109,0.9408
Enzymes,1110,0.9413333333333334
Enzymes,1111,0.9418666666666666
Enzymes,1112,0.9418666666666666
Enzymes,1113,0.9421333333333334
Enzymes,1114,0.9424
Enzymes,1115,0.9426666666666667
Enzymes,1116,0.9432
Enzymes,1117,0.9432
Enzymes,1118,0.9437333333333333
Enzymes,1119,0.9437333333333333
Enzymes,1120,0.9437333333333333
Enzymes,1121,0.9437333333333333
Enzymes,1122,0.9437333333333333
Enzymes,1123,0.9437333333333333
Enzymes,1124,0.9442666666666667
Enzymes,1125,0.9442666666666667
Enzymes,1126,0.9448
Enzymes,1127,0.9453333333333334
Enzymes,1128,0.9453333333333334
Enzymes,1129,0.9458666666666666
Enzymes,1130,0.9458666666666666
Enzymes,1131,0.9464
Enzymes,1132,0.9464
Enzymes,1133,0.9469333333333333
Enzymes,1134,0.9469333333333333
Enzymes,1135,0.9474666666666667
Enzymes,1136,0.948
Enzymes,1137,0.948
Enzymes,1138,0.948
Enzymes,1139,0.948
Enzymes,1140,0.948
Enzymes,1141,0.948
Enzymes,1142,0.948
Enzymes,1143,0.948
Enzymes,1144,0.9485333333333333
Enzymes,1145,0.9485333333333333
Enzymes,1146,0.9490666666666666
Enzymes,1147,0.9496
Enzymes,1148,0.9496
Enzymes,1149,0.9496
Enzymes,1150,0.9498666666666666
Enzymes,1151,0.9501333333333334
Enzymes,1152,0.9501333333333334
Enzymes,1153,0.9506666666666667
Enzymes,1154,0.9506666666666667
Enzymes,1155,0.9506666666666667
Enzymes,1156,0.9506666666666667
Enzymes,1157,0.9509333333333333
Enzymes,1158,0.9512
Enzymes,1159,0.9514666666666667
Enzymes,1160,0.9517333333333333
Enzymes,1161,0.952
Enzymes,1162,0.9522666666666667
Enzymes,1163,0.9525333333333333
Enzymes,1164,0.9528
Enzymes,1165,0.9530666666666666
Enzymes,1166,0.9533333333333334
Enzymes,1167,0.9536
Enzymes,1168,0.9538666666666666
Enzymes,1169,0.9538666666666666
Enzymes,1170,0.9538666666666666
Enzymes,1171,0.9538666666666666
Enzymes,1172,0.9538666666666666
Enzymes,1173,0.9538666666666666
Enzymes,1174,0.9538666666666666
Enzymes,1175,0.9541333333333334
Enzymes,1176,0.9544
Enzymes,1177,0.9544
Enzymes,1178,0.9546666666666667
Enzymes,1179,0.9546666666666667
Enzymes,1180,0.9549333333333333
Enzymes,1181,0.9552
Enzymes,1182,0.9554666666666667
Enzymes,1183,0.9554666666666667
Enzymes,1184,0.9554666666666667
Enzymes,1185,0.9554666666666667
Enzymes,1186,0.9554666666666667
Enzymes,1187,0.9557333333333333
Enzymes,1188,0.9557333333333333
Enzymes,1189,0.956
Enzymes,1190,0.9562666666666667
Enzymes,1191,0.9562666666666667
Enzymes,1192,0.9562666666666667
Enzymes,1193,0.9565333333333333
Enzymes,1194,0.9565333333333333
Enzymes,1195,0.9565333333333333
Enzymes,1196,0.9568
Enzymes,1197,0.9568
Enzymes,1198,0.9570666666666666
Enzymes,1199,0.9573333333333334
Enzymes,1200,0.9573333333333334
Enzymes,1201,0.9576
Enzymes,1202,0.9578666666666666
Enzymes,1203,0.9581333333333333
Enzymes,1204,0.9584
Enzymes,1205,0.9586666666666667
Enzymes,1206,0.9586666666666667
Enzymes,1207,0.9586666666666667
Enzymes,1208,0.9589333333333333
Enzymes,1209,0.9589333333333333
Enzymes,1210,0.9589333333333333
Enzymes,1211,0.9589333333333333
Enzymes,1212,0.9589333333333333
Enzymes,1213,0.9589333333333333
Enzymes,1214,0.9589333333333333
Enzymes,1215,0.9589333333333333
Enzymes,1216,0.9589333333333333
Enzymes,1217,0.9589333333333333
Enzymes,1218,0.9589333333333333
Enzymes,1219,0.9589333333333333
Enzymes,1220,0.9589333333333333
Enzymes,1221,0.9589333333333333
Enzymes,1222,0.9589333333333333
Enzymes,1223,0.9589333333333333
Enzymes,1224,0.9592
Enzymes,1225,0.9592
Enzymes,1226,0.9592
Enzymes,1227,0.9592
Enzymes,1228,0.9592
Enzymes,1229,0.9594666666666667
Enzymes,1230,0.9597333333333333
Enzymes,1231,0.96
Enzymes,1232,0.96
Enzymes,1233,0.96
Enzymes,1234,0.9602666666666667
Enzymes,1235,0.9602666666666667
Enzymes,1236,0.9602666666666667
Enzymes,1237,0.9602666666666667
Enzymes,1238,0.9605333333333334
Enzymes,1239,0.9605333333333334
Enzymes,1240,0.9608
Enzymes,1241,0.9608
Enzymes,1242,0.9608
Enzymes,1243,0.9608
Enzymes,1244,0.9610666666666666
Enzymes,1245,0.9610666666666666
Enzymes,1246,0.9610666666666666
Enzymes,1247,0.9610666666666666
Enzymes,1248,0.9613333333333334
Enzymes,1249,0.9613333333333334
Enzymes,1250,0.9616
Enzymes,1251,0.9616
Enzymes,1252,0.9616
Enzymes,1253,0.9616
Enzymes,1254,0.9616
Enzymes,1255,0.9618666666666666
Enzymes,1256,0.9618666666666666
Enzymes,1257,0.9618666666666666
Enzymes,1258,0.9621333333333333
Enzymes,1259,0.9624
Enzymes,1260,0.9626666666666667
Enzymes,1261,0.9629333333333333
Enzymes,1262,0.9629333333333333
Enzymes,1263,0.9629333333333333
Enzymes,1264,0.9632
Enzymes,1265,0.9632
Enzymes,1266,0.9634666666666667
Enzymes,1267,0.9634666666666667
Enzymes,1268,0.9634666666666667
Enzymes,1269,0.9634666666666667
Enzymes,1270,0.9637333333333333
Enzymes,1271,0.9637333333333333
Enzymes,1272,0.964
Enzymes,1273,0.9642666666666667
Enzymes,1274,0.9642666666666667
Enzymes,1275,0.9642666666666667
Enzymes,1276,0.9642666666666667
Enzymes,1277,0.9645333333333334
Enzymes,1278,0.9648
Enzymes,1279,0.9650666666666666
Enzymes,1280,0.9650666666666666
Enzymes,1281,0.9650666666666666
Enzymes,1282,0.9653333333333334
Enzymes,1283,0.9653333333333334
Enzymes,1284,0.9656
Enzymes,1285,0.9656
Enzymes,1286,0.9656
Enzymes,1287,0.9656
Enzymes,1288,0.9658666666666667
Enzymes,1289,0.9661333333333333
Enzymes,1290,0.9664
Enzymes,1291,0.9666666666666667
Enzymes,1292,0.9669333333333333
Enzymes,1293,0.9672
Enzymes,1294,0.9672
Enzymes,1295,0.9674666666666667
Enzymes,1296,0.9674666666666667
Enzymes,1297,0.9677333333333333
Enzymes,1298,0.968
Enzymes,1299,0.9682666666666667
Enzymes,1300,0.9682666666666667
Enzymes,1301,0.9682666666666667
Enzymes,1302,0.9682666666666667
Enzymes,1303,0.9682666666666667
Enzymes,1304,0.9682666666666667
Enzymes,1305,0.9682666666666667
Enzymes,1306,0.9682666666666667
Enzymes,1307,0.9685333333333334
Enzymes,1308,0.9685333333333334
Enzymes,1309,0.9685333333333334
Enzymes,1310,0.9688
Enzymes,1311,0.9688
Enzymes,1312,0.9690666666666666
Enzymes,1313,0.9690666666666666
Enzymes,1314,0.9693333333333334
Enzymes,1315,0.9696
Enzymes,1316,0.9696
Enzymes,1317,0.9696
Enzymes,1318,0.9696
Enzymes,1319,0.9698666666666667
Enzymes,1320,0.9698666666666667
Enzymes,1321,0.9698666666666667
Enzymes,1322,0.9698666666666667
Enzymes,1323,0.9698666666666667
Enzymes,1324,0.9698666666666667
Enzymes,1325,0.9701333333333333
Enzymes,1326,0.9704
Enzymes,1327,0.9704
Enzymes,1328,0.9704
Enzymes,1329,0.9704
Enzymes,1330,0.9704
Enzymes,1331,0.9704
Enzymes,1332,0.9704
Enzymes,1333,0.9704
Enzymes,1334,0.9704
Enzymes,1335,0.9704
Enzymes,1336,0.9704
Enzymes,1337,0.9706666666666667
Enzymes,1338,0.9706666666666667
Enzymes,1339,0.9706666666666667
Enzymes,1340,0.9706666666666667
Enzymes,1341,0.9706666666666667
Enzymes,1342,0.9709333333333333
Enzymes,1343,0.9709333333333333
Enzymes,1344,0.9709333333333333
Enzymes,1345,0.9712
Enzymes,1346,0.9714666666666667
Enzymes,1347,0.9714666666666667
Enzymes,1348,0.9717333333333333
Enzymes,1349,0.972
Enzymes,1350,0.972
Enzymes,1351,0.9722666666666666
Enzymes,1352,0.9725333333333334
Enzymes,1353,0.9725333333333334
Enzymes,1354,0.9728
Enzymes,1355,0.9728
Enzymes,1356,0.9728
Enzymes,1357,0.9728
Enzymes,1358,0.9728
Enzymes,1359,0.9730666666666666
Enzymes,1360,0.9730666666666666
Enzymes,1361,0.9730666666666666
Enzymes,1362,0.9730666666666666
Enzymes,1363,0.9730666666666666
Enzymes,1364,0.9730666666666666
Enzymes,1365,0.9733333333333334
Enzymes,1366,0.9733333333333334
Enzymes,1367,0.9736
Enzymes,1368,0.9736
Enzymes,1369,0.9738666666666667
Enzymes,1370,0.9738666666666667
Enzymes,1371,0.9738666666666667
Enzymes,1372,0.9738666666666667
Enzymes,1373,0.9738666666666667
Enzymes,1374,0.9741333333333333
Enzymes,1375,0.9744
Enzymes,1376,0.9744
Enzymes,1377,0.9744
Enzymes,1378,0.9744
Enzymes,1379,0.9744
Enzymes,1380,0.9744
Enzymes,1381,0.9746666666666667
Enzymes,1382,0.9746666666666667
Enzymes,1383,0.9746666666666667
Enzymes,1384,0.9746666666666667
Enzymes,1385,0.9746666666666667
Enzymes,1386,0.9746666666666667
Enzymes,1387,0.9746666666666667
Enzymes,1388,0.9749333333333333
Enzymes,1389,0.9752
Enzymes,1390,0.9752
Enzymes,1391,0.9752
Enzymes,1392,0.9752
Enzymes,1393,0.9752
Enzymes,1394,0.9752
Enzymes,1395,0.9754666666666667
Enzymes,1396,0.9757333333333333
Enzymes,1397,0.976
Enzymes,1398,0.976
Enzymes,1399,0.9762666666666666
Enzymes,1400,0.9762666666666666
Enzymes,1401,0.9765333333333334
Enzymes,1402,0.9765333333333334
Enzymes,1403,0.9765333333333334
Enzymes,1404,0.9765333333333334
Enzymes,1405,0.9768
Enzymes,1406,0.9770666666666666
Enzymes,1407,0.9773333333333334
Enzymes,1408,0.9773333333333334
Enzymes,1409,0.9776
Enzymes,1410,0.9776
Enzymes,1411,0.9776
Enzymes,1412,0.9778666666666667
Enzymes,1413,0.9778666666666667
Enzymes,1414,0.9781333333333333
Enzymes,1415,0.9781333333333333
Enzymes,1416,0.9781333333333333
Enzymes,1417,0.9784
Enzymes,1418,0.9784
Enzymes,1419,0.9786666666666667
Enzymes,1420,0.9786666666666667
Enzymes,1421,0.9786666666666667
Enzymes,1422,0.9786666666666667
Enzymes,1423,0.9786666666666667
Enzymes,1424,0.9789333333333333
Enzymes,1425,0.9792
Enzymes,1426,0.9792
Enzymes,1427,0.9792
Enzymes,1428,0.9794666666666667
Enzymes,1429,0.9797333333333333
Enzymes,1430,0.98
Enzymes,1431,0.98
Enzymes,1432,0.9802666666666666
Enzymes,1433,0.9802666666666666
Enzymes,1434,0.9805333333333334
Enzymes,1435,0.9805333333333334
Enzymes,1436,0.9805333333333334
Enzymes,1437,0.9805333333333334
Enzymes,1438,0.9808
Enzymes,1439,0.9808
Enzymes,1440,0.9810666666666666
Enzymes,1441,0.9813333333333333
Enzymes,1442,0.9813333333333333
Enzymes,1443,0.9816
Enzymes,1444,0.9816
Enzymes,1445,0.9816
Enzymes,1446,0.9816
Enzymes,1447,0.9818666666666667
Enzymes,1448,0.9821333333333333
Enzymes,1449,0.9821333333333333
Enzymes,1450,0.9824
Enzymes,1451,0.9826666666666667
Enzymes,1452,0.9826666666666667
Enzymes,1453,0.9829333333333333
Enzymes,1454,0.9829333333333333
Enzymes,1455,0.9832
Enzymes,1456,0.9834666666666667
Enzymes,1457,0.9834666666666667
Enzymes,1458,0.9837333333333333
Enzymes,1459,0.9837333333333333
Enzymes,1460,0.9837333333333333
Enzymes,1461,0.984
Enzymes,1462,0.984
Enzymes,1463,0.9842666666666666
Enzymes,1464,0.9845333333333334
Enzymes,1465,0.9845333333333334
Enzymes,1466,0.9848
Enzymes,1467,0.9848
Enzymes,1468,0.9850666666666666
Enzymes,1469,0.9853333333333333
Enzymes,1470,0.9856
Enzymes,1471,0.9858666666666667
Enzymes,1472,0.9858666666666667
Enzymes,1473,0.9858666666666667
Enzymes,1474,0.9858666666666667
Enzymes,1475,0.9861333333333333
Enzymes,1476,0.9861333333333333
Enzymes,1477,0.9864
Enzymes,1478,0.9864
Enzymes,1479,0.9866666666666667
Enzymes,1480,0.9866666666666667
Enzymes,1481,0.9866666666666667
Enzymes,1482,0.9869333333333333
Enzymes,1483,0.9869333333333333
Enzymes,1484,0.9872
Enzymes,1485,0.9874666666666667
Enzymes,1486,0.9874666666666667
Enzymes,1487,0.9874666666666667
Enzymes,1488,0.9874666666666667
Enzymes,1489,0.9877333333333334
Enzymes,1490,0.9877333333333334
Enzymes,1491,0.988
Enzymes,1492,0.9882666666666666
Enzymes,1493,0.9885333333333334
Enzymes,1494,0.9885333333333334
Enzymes,1495,0.9885333333333334
Enzymes,1496,0.9888
Enzymes,1497,0.9888
Enzymes,1498,0.9888
Enzymes,1499,0.9888
Enzymes,1500,0.9888
Enzymes,1501,0.9890666666666666
Enzymes,1502,0.9893333333333333
Enzymes,1503,0.9896
Enzymes,1504,0.9898666666666667
Enzymes,1505,0.9898666666666667
Enzymes,1506,0.9901333333333333
Enzymes,1507,0.9904
Enzymes,1508,0.9904
Enzymes,1509,0.9904
Enzymes,1510,0.9904
Enzymes,1511,0.9906666666666667
Enzymes,1512,0.9906666666666667
Enzymes,1513,0.9906666666666667
Enzymes,1514,0.9906666666666667
Enzymes,1515,0.9909333333333333
Enzymes,1516,0.9909333333333333
Enzymes,1517,0.9909333333333333
Enzymes,1518,0.9909333333333333
Enzymes,1519,0.9909333333333333
Enzymes,1520,0.9909333333333333
Enzymes,1521,0.9909333333333333
Enzymes,1522,0.9909333333333333
Enzymes,1523,0.9909333333333333
Enzymes,1524,0.9912
Enzymes,1525,0.9912
Enzymes,1526,0.9914666666666667
Enzymes,1527,0.9914666666666667
Enzymes,1528,0.9914666666666667
Enzymes,1529,0.9917333333333334
Enzymes,1530,0.9917333333333334
Enzymes,1531,0.9917333333333334
Enzymes,1532,0.992
Enzymes,1533,0.992
Enzymes,1534,0.9922666666666666
Enzymes,1535,0.9922666666666666
Enzymes,1536,0.9922666666666666
Enzymes,1537,0.9922666666666666
Enzymes,1538,0.9922666666666666
Enzymes,1539,0.9925333333333334
Enzymes,1540,0.9925333333333334
Enzymes,1541,0.9925333333333334
Enzymes,1542,0.9925333333333334
Enzymes,1543,0.9925333333333334
Enzymes,1544,0.9925333333333334
Enzymes,1545,0.9925333333333334
Enzymes,1546,0.9925333333333334
Enzymes,1547,0.9925333333333334
Enzymes,1548,0.9925333333333334
Enzymes,1549,0.9928
Enzymes,1550,0.9928
Enzymes,1551,0.9928
Enzymes,1552,0.9928
Enzymes,1553,0.9928
Enzymes,1554,0.9930666666666667
Enzymes,1555,0.9930666666666667
Enzymes,1556,0.9930666666666667
Enzymes,1557,0.9930666666666667
Enzymes,1558,0.9930666666666667
Enzymes,1559,0.9930666666666667
Enzymes,1560,0.9933333333333333
Enzymes,1561,0.9933333333333333
Enzymes,1562,0.9933333333333333
Enzymes,1563,0.9936
Enzymes,1564,0.9936
Enzymes,1565,0.9936
Enzymes,1566,0.9938666666666667
Enzymes,1567,0.9938666666666667
Enzymes,1568,0.9941333333333333
Enzymes,1569,0.9941333333333333
Enzymes,1570,0.9941333333333333
Enzymes,1571,0.9941333333333333
Enzymes,1572,0.9941333333333333
Enzymes,1573,0.9941333333333333
Enzymes,1574,0.9941333333333333
Enzymes,1575,0.9941333333333333
Enzymes,1576,0.9941333333333333
Enzymes,1577,0.9941333333333333
Enzymes,1578,0.9944
Enzymes,1579,0.9944
Enzymes,1580,0.9946666666666667
Enzymes,1581,0.9946666666666667
Enzymes,1582,0.9946666666666667
Enzymes,1583,0.9946666666666667
Enzymes,1584,0.9949333333333333
Enzymes,1585,0.9949333333333333
Enzymes,1586,0.9952
Enzymes,1587,0.9952
Enzymes,1588,0.9952
Enzymes,1589,0.9952
Enzymes,1590,0.9952
Enzymes,1591,0.9952
Enzymes,1592,0.9954666666666667
Enzymes,1593,0.9957333333333334
Enzymes,1594,0.9957333333333334
Enzymes,1595,0.9957333333333334
Enzymes,1596,0.9957333333333334
Enzymes,1597,0.996
Enzymes,1598,0.996
Enzymes,1599,0.996
Enzymes,1600,0.996
Enzymes,1601,0.9962666666666666
Enzymes,1602,0.9962666666666666
Enzymes,1603,0.9962666666666666
Enzymes,1604,0.9965333333333334
Enzymes,1605,0.9965333333333334
Enzymes,1606,0.9965333333333334
Enzymes,1607,0.9965333333333334
Enzymes,1608,0.9965333333333334
Enzymes,1609,0.9968
Enzymes,1610,0.9968
Enzymes,1611,0.9968
Enzymes,1612,0.9970666666666667
Enzymes,1613,0.9970666666666667
Enzymes,1614,0.9970666666666667
Enzymes,1615,0.9973333333333333
Enzymes,1616,0.9973333333333333
Enzymes,1617,0.9976
Enzymes,1618,0.9976
Enzymes,1619,0.9976
Enzymes,1620,0.9976
Enzymes,1621,0.9976
Enzymes,1622,0.9976
Enzymes,1623,0.9976
Enzymes,1624,0.9978666666666667
Enzymes,1625,0.9981333333333333
Enzymes,1626,0.9984
Enzymes,1627,0.9984
Enzymes,1628,0.9986666666666667
Enzymes,1629,0.9986666666666667
Enzymes,1630,0.9986666666666667
Enzymes,1631,0.9989333333333333
Enzymes,1632,0.9992
Enzymes,1633,0.9992
Enzymes,1634,0.9994666666666666
Enzymes,1635,0.9994666666666666
Enzymes,1636,0.9994666666666666
Enzymes,1637,0.9994666666666666
Enzymes,1638,0.9994666666666666
Enzymes,1639,0.9994666666666666
Enzymes,1640,0.9997333333333334
Enzymes,1641,0.9997333333333334
Enzymes,1642,0.9997333333333334
Enzymes,1643,0.9997333333333334
Enzymes,1644,0.9997333333333334
Enzymes,1645,1.0
Enzymes,1646,1.0
Enzymes,1647,1.0
Enzymes,1648,1.0
Metabolites,1,0.01813414900589906
Metabolites,2,0.02993227004588158
Metabolites,3,0.032991042167358535
Metabolites,4,0.03364649333624645
Metabolites,5,0.041948874808826746
Metabolites,6,0.041948874808826746
Metabolites,7,0.0489403539436312
Metabolites,8,0.05462093074065982
Metabolites,9,0.062267861044352196
Metabolites,10,0.06925934017915665
Metabolites,11,0.06925934017915665
Metabolites,12,0.06925934017915665
Metabolites,13,0.07493991697618528
Metabolites,14,0.07909110771247542
Metabolites,15,0.07909110771247542
Metabolites,16,0.08520865195542932
Metabolites,17,0.08957832641468211
Metabolites,18,0.09438496831986017
Metabolites,19,0.1000655451168888
Metabolites,20,0.10574612191391741
Metabolites,21,0.11077124754205811
Metabolites,22,0.11361153594057243
Metabolites,23,0.12060301507537688
Metabolites,24,0.12540965698055495
Metabolites,25,0.12781297793314397
Metabolites,26,0.1317456849464715
Metabolites,27,0.1363338431286869
Metabolites,28,0.14223290364867816
Metabolites,29,0.14310683854052872
Metabolites,30,0.1474765129997815
Metabolites,31,0.15424950841162333
Metabolites,32,0.15993008520865196
Metabolites,33,0.16429975966790475
Metabolites,34,0.16473672711383003
Metabolites,35,0.1708542713567839
Metabolites,36,0.1708542713567839
Metabolites,37,0.1745684946471488
Metabolites,38,0.1745684946471488
Metabolites,39,0.17981210399825212
Metabolites,40,0.17981210399825212
Metabolites,41,0.18330784356565435
Metabolites,42,0.183526327288617
Metabolites,43,0.1857111645182434
Metabolites,44,0.1885514529167577
Metabolites,45,0.18876993663972033
Metabolites,46,0.19466899715971162
Metabolites,47,0.19554293205156215
Metabolites,48,0.1996941227878523
Metabolites,49,0.2029713786322919
Metabolites,50,0.20668560192265675
Metabolites,51,0.20668560192265675
Metabolites,52,0.20821498798339524
Metabolites,53,0.20952589032117108
Metabolites,54,0.21236617871968538
Metabolites,55,0.21542495084116234
Metabolites,56,0.21826523923967664
Metabolites,57,0.21826523923967664
Metabolites,58,0.22110552763819097
Metabolites,59,0.2241642997596679
Metabolites,60,0.22766003932707013
Metabolites,61,0.23115577889447236
Metabolites,62,0.23574393707668778
Metabolites,63,0.23771029058335155
Metabolites,64,0.24076906270482848
Metabolites,65,0.24229844876556697
Metabolites,66,0.24557570461000655
Metabolites,67,0.2486344767314835
Metabolites,68,0.25278566746777364
Metabolites,69,0.25322263491369895
Metabolites,70,0.25671837448110113
Metabolites,71,0.26065108149442867
Metabolites,72,0.2639283373388683
Metabolites,73,0.26567620712256934
Metabolites,74,0.2685164955210837
Metabolites,75,0.2687349792440463
Metabolites,76,0.2698273978588595
Metabolites,77,0.2698273978588595
Metabolites,78,0.2726676862573738
Metabolites,79,0.2741970723181123
Metabolites,80,0.2772558444395892
Metabolites,81,0.2772558444395892
Metabolites,82,0.27834826305440247
Metabolites,83,0.27944068166921565
Metabolites,84,0.27944068166921565
Metabolites,85,0.28381035612846844
Metabolites,86,0.28381035612846844
Metabolites,87,0.28381035612846844
Metabolites,88,0.28839851431068386
Metabolites,89,0.2890539654795718
Metabolites,90,0.28949093292549705
Metabolites,91,0.28949093292549705
Metabolites,92,0.294953025999563
Metabolites,93,0.2975748306751147
Metabolites,94,0.3025999563032554
Metabolites,95,0.3032554074721433
Metabolites,96,0.30456630980991917
Metabolites,97,0.30565872842473235
Metabolites,98,0.30565872842473235
Metabolites,99,0.30849901682324665
Metabolites,100,0.31155778894472363
Metabolites,101,0.31155778894472363
Metabolites,102,0.31155778894472363
Metabolites,103,0.31461656106620056
Metabolites,104,0.316801398295827
Metabolites,105,0.31898623552545335
Metabolites,106,0.3209525890321171
Metabolites,107,0.3209525890321171
Metabolites,108,0.3213895564780424
Metabolites,109,0.32182652392396766
Metabolites,110,0.3240113611535941
Metabolites,111,0.3240113611535941
Metabolites,112,0.32510377976840726
Metabolites,113,0.32510377976840726
Metabolites,114,0.32510377976840726
Metabolites,115,0.32510377976840726
Metabolites,116,0.3259777146602578
Metabolites,117,0.3281625518898842
Metabolites,118,0.3303473891195106
Metabolites,119,0.33056587284247324
Metabolites,120,0.3310028402883985
Metabolites,121,0.332532226349137
Metabolites,122,0.332532226349137
Metabolites,123,0.33384312868691285
Metabolites,124,0.3358094821935766
Metabolites,125,0.3358094821935766
Metabolites,126,0.340397640375792
Metabolites,127,0.34236399388245575
Metabolites,128,0.3465151846187459
Metabolites,129,0.3465151846187459
Metabolites,130,0.34782608695652173
Metabolites,131,0.3502294079091108
Metabolites,132,0.3521957614157745
Metabolites,133,0.3521957614157745
Metabolites,134,0.35525453353725145
Metabolites,135,0.359187240550579
Metabolites,136,0.359187240550579
Metabolites,137,0.3604981428883548
Metabolites,138,0.3620275289490933
Metabolites,139,0.3635569150098318
Metabolites,140,0.3635569150098318
Metabolites,141,0.3635569150098318
Metabolites,142,0.36421236617871966
Metabolites,143,0.36421236617871966
Metabolites,144,0.36464933362464497
Metabolites,145,0.3677081057461219
Metabolites,146,0.3679265894690846
Metabolites,147,0.369455975529823
Metabolites,148,0.37120384531352413
Metabolites,149,0.3736071662661132
Metabolites,150,0.3768844221105528
Metabolites,151,0.37950622678610446
Metabolites,152,0.3799431942320297
Metabolites,153,0.380380161677955
Metabolites,154,0.38169106401573083
Metabolites,155,0.38169106401573083
Metabolites,156,0.3843128686912825
Metabolites,157,0.3843128686912825
Metabolites,158,0.3843128686912825
Metabolites,159,0.3843128686912825
Metabolites,160,0.38627922219794625
Metabolites,161,0.38627922219794625
Metabolites,162,0.38824557570461
Metabolites,163,0.3910858641031243
Metabolites,164,0.3926152501638628
Metabolites,165,0.3932707013327507
Metabolites,166,0.3932707013327507
Metabolites,167,0.3932707013327507
Metabolites,168,0.3932707013327507
Metabolites,169,0.3954555385623771
Metabolites,170,0.39676644090015295
Metabolites,171,0.3989512781297793
Metabolites,172,0.4020100502512563
Metabolites,173,0.4037579200349574
Metabolites,174,0.40550578981865854
Metabolites,175,0.4059427572645838
Metabolites,176,0.40812759449421016
Metabolites,177,0.40987546427791127
Metabolites,178,0.41293423639938825
Metabolites,179,0.41293423639938825
Metabolites,180,0.4164299759667905
Metabolites,181,0.4177408783045663
Metabolites,182,0.4177408783045663
Metabolites,183,0.41861481319641686
Metabolites,184,0.41861481319641686
Metabolites,185,0.4207996504260433
Metabolites,186,0.4207996504260433
Metabolites,187,0.4207996504260433
Metabolites,188,0.42145510159493116
Metabolites,189,0.42167358531789384
Metabolites,190,0.42167358531789384
Metabolites,191,0.42189206904085647
Metabolites,192,0.42189206904085647
Metabolites,193,0.4221105527638191
Metabolites,194,0.4221105527638191
Metabolites,195,0.4221105527638191
Metabolites,196,0.4221105527638191
Metabolites,197,0.4221105527638191
Metabolites,198,0.42473235743937077
Metabolites,199,0.42473235743937077
Metabolites,200,0.425169324885296
Metabolites,201,0.42910203189862356
Metabolites,202,0.42910203189862356
Metabolites,203,0.42910203189862356
Metabolites,204,0.42910203189862356
Metabolites,205,0.42910203189862356
Metabolites,206,0.4308499016823247
Metabolites,207,0.4308499016823247
Metabolites,208,0.43128686912824993
Metabolites,209,0.4339086738038016
Metabolites,210,0.43478260869565216
Metabolites,211,0.4367489622023159
Metabolites,212,0.43740441337120384
Metabolites,213,0.43762289709416646
Metabolites,214,0.43893379943194233
Metabolites,215,0.44024470176971814
Metabolites,216,0.44308499016823244
Metabolites,217,0.44308499016823244
Metabolites,218,0.44526982739785886
Metabolites,219,0.4461437622897094
Metabolites,220,0.44789163207341054
Metabolites,221,0.44963950185711166
Metabolites,222,0.44963950185711166
Metabolites,223,0.4500764693030369
Metabolites,224,0.451824339086738
Metabolites,225,0.451824339086738
Metabolites,226,0.45357220887043914
Metabolites,227,0.4544461437622897
Metabolites,228,0.45510159493117763
Metabolites,229,0.4570679484378414
Metabolites,230,0.45816036705265456
Metabolites,231,0.4588158182215425
Metabolites,232,0.4588158182215425
Metabolites,233,0.4588158182215425
Metabolites,234,0.460345204282281
Metabolites,235,0.4620930740659821
Metabolites,236,0.46405942757264584
Metabolites,237,0.4644963950185711
Metabolites,238,0.46558881363338434
Metabolites,239,0.46733668341708545
Metabolites,240,0.46974000436967445
Metabolites,241,0.46974000436967445
Metabolites,242,0.46995848809263707
Metabolites,243,0.47192484159930087
Metabolites,244,0.4723618090452261
Metabolites,245,0.4738911951059646
Metabolites,246,0.47585754861262836
Metabolites,247,0.47585754861262836
Metabolites,248,0.47694996722744154
Metabolites,249,0.47847935328818003
Metabolites,250,0.47847935328818003
Metabolites,251,0.4795717719029932
Metabolites,252,0.4837229626392834
Metabolites,253,0.4837229626392834
Metabolites,254,0.48415993008520863
Metabolites,255,0.48415993008520863
Metabolites,256,0.4854708324229845
Metabolites,257,0.4854708324229845
Metabolites,258,0.48634476731483506
Metabolites,259,0.48700021848372294
Metabolites,260,0.48765566965261087
Metabolites,261,0.48765566965261087
Metabolites,262,0.48765566965261087
Metabolites,263,0.4898405068822373
Metabolites,264,0.49202534411186366
Metabolites,265,0.49202534411186366
Metabolites,266,0.49311776272667684
Metabolites,267,0.49486563251037796
Metabolites,268,0.49486563251037796
Metabolites,269,0.49486563251037796
Metabolites,270,0.49486563251037796
Metabolites,271,0.49486563251037796
Metabolites,272,0.49486563251037796
Metabolites,273,0.49486563251037796
Metabolites,274,0.49486563251037796
Metabolites,275,0.4955210836792659
Metabolites,276,0.4955210836792659
Metabolites,277,0.49639501857111645
Metabolites,278,0.4970504697400044
Metabolites,279,0.4970504697400044
Metabolites,280,0.49770592090889226
Metabolites,281,0.49770592090889226
Metabolites,282,0.49967227441555606
Metabolites,283,0.49967227441555606
Metabolites,284,0.5001092418614813
Metabolites,285,0.5005462093074066
Metabolites,286,0.5005462093074066
Metabolites,287,0.5029495302599957
Metabolites,288,0.5029495302599957
Metabolites,289,0.504478916320734
Metabolites,290,0.5055713349355473
Metabolites,291,0.5062267861044352
Metabolites,292,0.5066637535503605
Metabolites,293,0.5066637535503605
Metabolites,294,0.5090670745029495
Metabolites,295,0.5103779768407254
Metabolites,296,0.510596460563688
Metabolites,297,0.510596460563688
Metabolites,298,0.510596460563688
Metabolites,299,0.5125628140703518
Metabolites,300,0.5125628140703518
Metabolites,301,0.512999781516277
Metabolites,302,0.5134367489622023
Metabolites,303,0.5134367489622023
Metabolites,304,0.5134367489622023
Metabolites,305,0.5134367489622023
Metabolites,306,0.5134367489622023
Metabolites,307,0.5138737164081276
Metabolites,308,0.5138737164081276
Metabolites,309,0.5143106838540529
Metabolites,310,0.5156215861918287
Metabolites,311,0.5156215861918287
Metabolites,312,0.5156215861918287
Metabolites,313,0.5156215861918287
Metabolites,314,0.5171509722525672
Metabolites,315,0.5171509722525672
Metabolites,316,0.5175879396984925
Metabolites,317,0.5175879396984925
Metabolites,318,0.5202097443740441
Metabolites,319,0.5217391304347826
Metabolites,320,0.5230500327725585
Metabolites,321,0.5247979025562596
Metabolites,322,0.5261088048940354
Metabolites,323,0.5267642560629233
Metabolites,324,0.5274197072318112
Metabolites,325,0.5274197072318112
Metabolites,326,0.5282936421236618
Metabolites,327,0.5287306095695871
Metabolites,328,0.5300415119073629
Metabolites,329,0.5322263491369893
Metabolites,330,0.5331002840288398
Metabolites,331,0.5337557351977278
Metabolites,332,0.5337557351977278
Metabolites,333,0.534192702643653
Metabolites,334,0.534192702643653
Metabolites,335,0.534192702643653
Metabolites,336,0.5357220887043915
Metabolites,337,0.5361590561503168
Metabolites,338,0.5368145073192048
Metabolites,339,0.53725147476513
Metabolites,340,0.53725147476513
Metabolites,341,0.5376884422110553
Metabolites,342,0.5379069259340179
Metabolites,343,0.5400917631636443
Metabolites,344,0.5400917631636443
Metabolites,345,0.5405287306095696
Metabolites,346,0.5418396329473454
Metabolites,347,0.5418396329473454
Metabolites,348,0.5429320515621586
Metabolites,349,0.5431505352851212
Metabolites,350,0.5442429538999345
Metabolites,351,0.5470832422984487
Metabolites,352,0.5475202097443741
Metabolites,353,0.5477386934673367
Metabolites,354,0.5477386934673367
Metabolites,355,0.5483941446362246
Metabolites,356,0.5490495958051125
Metabolites,357,0.5501420144199257
Metabolites,358,0.5501420144199257
Metabolites,359,0.5501420144199257
Metabolites,360,0.551234433034739
Metabolites,361,0.5518898842036268
Metabolites,362,0.5532007865414027
Metabolites,363,0.553637753987328
Metabolites,364,0.553637753987328
Metabolites,365,0.5545116888791785
Metabolites,366,0.5545116888791785
Metabolites,367,0.5558225912169543
Metabolites,368,0.5558225912169543
Metabolites,369,0.5564780423858423
Metabolites,370,0.5580074284465807
Metabolites,371,0.5580074284465807
Metabolites,372,0.5580074284465807
Metabolites,373,0.5595368145073192
Metabolites,374,0.5612846842910203
Metabolites,375,0.5617216517369455
Metabolites,376,0.5617216517369455
Metabolites,377,0.5617216517369455
Metabolites,378,0.5628140703517588
Metabolites,379,0.5634695215206467
Metabolites,380,0.5660913261961984
Metabolites,381,0.5669652610880489
Metabolites,382,0.5698055494865633
Metabolites,383,0.5698055494865633
Metabolites,384,0.5708979681013765
Metabolites,385,0.5722088704391523
Metabolites,386,0.5724273541621149
Metabolites,387,0.5739567402228534
Metabolites,388,0.5739567402228534
Metabolites,389,0.5739567402228534
Metabolites,390,0.5752676425606292
Metabolites,391,0.5757046100065545
Metabolites,392,0.5770155123443304
Metabolites,393,0.5794188332969193
Metabolites,394,0.5798558007428447
Metabolites,395,0.5800742844658073
Metabolites,396,0.5800742844658073
Metabolites,397,0.5822591216954337
Metabolites,398,0.5837885077561722
Metabolites,399,0.5837885077561722
Metabolites,400,0.5837885077561722
Metabolites,401,0.5840069914791348
Metabolites,402,0.5840069914791348
Metabolites,403,0.5853178938169107
Metabolites,404,0.5859733449857986
Metabolites,405,0.5859733449857986
Metabolites,406,0.5861918287087612
Metabolites,407,0.587502731046537
Metabolites,408,0.5885951496613502
Metabolites,409,0.5901245357220887
Metabolites,410,0.5914354380598645
Metabolites,411,0.5914354380598645
Metabolites,412,0.5914354380598645
Metabolites,413,0.5925278566746778
Metabolites,414,0.5925278566746778
Metabolites,415,0.592964824120603
Metabolites,416,0.592964824120603
Metabolites,417,0.592964824120603
Metabolites,418,0.5940572427354162
Metabolites,419,0.5940572427354162
Metabolites,420,0.5962420799650426
Metabolites,421,0.5973344985798558
Metabolites,422,0.598426917194669
Metabolites,423,0.5986454009176316
Metabolites,424,0.5986454009176316
Metabolites,425,0.5986454009176316
Metabolites,426,0.5988638846405943
Metabolites,427,0.5988638846405943
Metabolites,428,0.6006117544242954
Metabolites,429,0.600830238147258
Metabolites,430,0.6023596242079965
Metabolites,431,0.6043259777146602
Metabolites,432,0.6049814288835482
Metabolites,433,0.6058553637753987
Metabolites,434,0.606947782390212
Metabolites,435,0.6073847498361372
Metabolites,436,0.6073847498361372
Metabolites,437,0.6082586847279877
Metabolites,438,0.6086956521739131
Metabolites,439,0.6097880707887262
Metabolites,440,0.6100065545116888
Metabolites,441,0.6108804894035395
Metabolites,442,0.6113174568494647
Metabolites,443,0.61175442429539
Metabolites,444,0.61175442429539
Metabolites,445,0.6124098754642779
Metabolites,446,0.6124098754642779
Metabolites,447,0.6128468429102032
Metabolites,448,0.6139392615250164
Metabolites,449,0.6152501638627922
Metabolites,450,0.616561066200568
Metabolites,451,0.6176534848153813
Metabolites,452,0.6187459034301944
Metabolites,453,0.6194013545990824
Metabolites,454,0.6202752894909329
Metabolites,455,0.6211492243827835
Metabolites,456,0.622023159274634
Metabolites,457,0.622023159274634
Metabolites,458,0.622023159274634
Metabolites,459,0.6233340616124099
Metabolites,460,0.6239895127812978
Metabolites,461,0.6239895127812978
Metabolites,462,0.624426480227223
Metabolites,463,0.6257373825649989
Metabolites,464,0.6257373825649989
Metabolites,465,0.6257373825649989
Metabolites,466,0.6257373825649989
Metabolites,467,0.6259558662879615
Metabolites,468,0.6261743500109241
Metabolites,469,0.6274852523487
Metabolites,470,0.628140703517588
Metabolites,471,0.6285776709635132
Metabolites,472,0.6292331221324011
Metabolites,473,0.6294516058553637
Metabolites,474,0.6303255407472144
Metabolites,475,0.630544024470177
Metabolites,476,0.6318549268079529
Metabolites,477,0.6318549268079529
Metabolites,478,0.6327288616998034
Metabolites,479,0.6338212803146166
Metabolites,480,0.6338212803146166
Metabolites,481,0.6351321826523924
Metabolites,482,0.6366615687131308
Metabolites,483,0.6366615687131308
Metabolites,484,0.6375355036049815
Metabolites,485,0.6375355036049815
Metabolites,486,0.6381909547738693
Metabolites,487,0.6381909547738693
Metabolites,488,0.63906488966572
Metabolites,489,0.6399388245575705
Metabolites,490,0.6410312431723837
Metabolites,491,0.6416866943412716
Metabolites,492,0.6416866943412716
Metabolites,493,0.6429975966790474
Metabolites,494,0.6443084990168233
Metabolites,495,0.6443084990168233
Metabolites,496,0.6445269827397859
Metabolites,497,0.6458378850775617
Metabolites,498,0.6458378850775617
Metabolites,499,0.6458378850775617
Metabolites,500,0.6469303036923749
Metabolites,501,0.6469303036923749
Metabolites,502,0.6482412060301508
Metabolites,503,0.6502075595368145
Metabolites,504,0.6515184618745904
Metabolites,505,0.6515184618745904
Metabolites,506,0.6528293642123661
Metabolites,507,0.6537032991042168
Metabolites,508,0.6552326851649553
Metabolites,509,0.6552326851649553
Metabolites,510,0.6567620712256936
Metabolites,511,0.6567620712256936
Metabolites,512,0.6567620712256936
Metabolites,513,0.6582914572864321
Metabolites,514,0.6582914572864321
Metabolites,515,0.6598208433471706
Metabolites,516,0.6598208433471706
Metabolites,517,0.6598208433471706
Metabolites,518,0.6598208433471706
Metabolites,519,0.6598208433471706
Metabolites,520,0.6598208433471706
Metabolites,521,0.6609132619619839
Metabolites,522,0.6613502294079091
Metabolites,523,0.6615687131308717
Metabolites,524,0.6615687131308717
Metabolites,525,0.6615687131308717
Metabolites,526,0.6615687131308717
Metabolites,527,0.6615687131308717
Metabolites,528,0.6615687131308717
Metabolites,529,0.662661131745685
Metabolites,530,0.6633165829145728
Metabolites,531,0.6633165829145728
Metabolites,532,0.6641905178064235
Metabolites,533,0.6641905178064235
Metabolites,534,0.6641905178064235
Metabolites,535,0.6652829364212366
Metabolites,536,0.6652829364212366
Metabolites,537,0.6657199038671618
Metabolites,538,0.6659383875901246
Metabolites,539,0.6659383875901246
Metabolites,540,0.6659383875901246
Metabolites,541,0.6659383875901246
Metabolites,542,0.6659383875901246
Metabolites,543,0.6665938387590125
Metabolites,544,0.6665938387590125
Metabolites,545,0.6665938387590125
Metabolites,546,0.667467773650863
Metabolites,547,0.667467773650863
Metabolites,548,0.6676862573738257
Metabolites,549,0.6689971597116015
Metabolites,550,0.6689971597116015
Metabolites,551,0.6707450294953026
Metabolites,552,0.6707450294953026
Metabolites,553,0.6707450294953026
Metabolites,554,0.6707450294953026
Metabolites,555,0.6714004806641906
Metabolites,556,0.6714004806641906
Metabolites,557,0.6714004806641906
Metabolites,558,0.6716189643871532
Metabolites,559,0.6729298667249289
Metabolites,560,0.6729298667249289
Metabolites,561,0.6729298667249289
Metabolites,562,0.6729298667249289
Metabolites,563,0.6729298667249289
Metabolites,564,0.6729298667249289
Metabolites,565,0.6738038016167796
Metabolites,566,0.6742407690627048
Metabolites,567,0.6742407690627048
Metabolites,568,0.675333187677518
Metabolites,569,0.6762071225693685
Metabolites,570,0.6762071225693685
Metabolites,571,0.6762071225693685
Metabolites,572,0.6764256062923312
Metabolites,573,0.6772995411841818
Metabolites,574,0.6779549923530697
Metabolites,575,0.6786104435219577
Metabolites,576,0.6786104435219577
Metabolites,577,0.6786104435219577
Metabolites,578,0.6786104435219577
Metabolites,579,0.6786104435219577
Metabolites,580,0.6786104435219577
Metabolites,581,0.6786104435219577
Metabolites,582,0.6790474109678829
Metabolites,583,0.6792658946908455
Metabolites,584,0.6792658946908455
Metabolites,585,0.6792658946908455
Metabolites,586,0.6792658946908455
Metabolites,587,0.6792658946908455
Metabolites,588,0.6794843784138082
Metabolites,589,0.6803583133056588
Metabolites,590,0.680795280751584
Metabolites,591,0.6825431505352851
Metabolites,592,0.6827616342582478
Metabolites,593,0.6829801179812104
Metabolites,594,0.6829801179812104
Metabolites,595,0.6829801179812104
Metabolites,596,0.6829801179812104
Metabolites,597,0.6829801179812104
Metabolites,598,0.6829801179812104
Metabolites,599,0.6834170854271356
Metabolites,600,0.683854052873061
Metabolites,601,0.6845095040419489
Metabolites,602,0.6845095040419489
Metabolites,603,0.6845095040419489
Metabolites,604,0.6849464714878741
Metabolites,605,0.6851649552108368
Metabolites,606,0.6860388901026874
Metabolites,607,0.6860388901026874
Metabolites,608,0.6873497924404632
Metabolites,609,0.6873497924404632
Metabolites,610,0.6873497924404632
Metabolites,611,0.6873497924404632
Metabolites,612,0.6880052436093511
Metabolites,613,0.6880052436093511
Metabolites,614,0.6880052436093511
Metabolites,615,0.6882237273323137
Metabolites,616,0.6882237273323137
Metabolites,617,0.6882237273323137
Metabolites,618,0.6888791785012016
Metabolites,619,0.6888791785012016
Metabolites,620,0.689316145947127
Metabolites,621,0.6899715971160149
Metabolites,622,0.6904085645619401
Metabolites,623,0.6912824994537907
Metabolites,624,0.6923749180686039
Metabolites,625,0.6928118855145292
Metabolites,626,0.6936858204063797
Metabolites,627,0.6936858204063797
Metabolites,628,0.6936858204063797
Metabolites,629,0.6936858204063797
Metabolites,630,0.6939043041293423
Metabolites,631,0.694778239021193
Metabolites,632,0.6952152064671182
Metabolites,633,0.6960891413589687
Metabolites,634,0.6960891413589687
Metabolites,635,0.6960891413589687
Metabolites,636,0.6960891413589687
Metabolites,637,0.6960891413589687
Metabolites,638,0.6978370111426698
Metabolites,639,0.6980554948656326
Metabolites,640,0.6980554948656326
Metabolites,641,0.6984924623115578
Metabolites,642,0.6993663972034083
Metabolites,643,0.6993663972034083
Metabolites,644,0.7004588158182216
Metabolites,645,0.7006772995411842
Metabolites,646,0.70198820187896
Metabolites,647,0.7028621367708106
Metabolites,648,0.7037360716626612
Metabolites,649,0.7037360716626612
Metabolites,650,0.7039545553856238
Metabolites,651,0.7050469740004369
Metabolites,652,0.7052654577233997
Metabolites,653,0.7054839414463623
Metabolites,654,0.7054839414463623
Metabolites,655,0.7054839414463623
Metabolites,656,0.7061393926152502
Metabolites,657,0.7061393926152502
Metabolites,658,0.706794843784138
Metabolites,659,0.7072318112300634
Metabolites,660,0.7083242298448765
Metabolites,661,0.7085427135678392
Metabolites,662,0.7094166484596898
Metabolites,663,0.7094166484596898
Metabolites,664,0.7094166484596898
Metabolites,665,0.7100720996285776
Metabolites,666,0.7107275507974656
Metabolites,667,0.7107275507974656
Metabolites,668,0.7107275507974656
Metabolites,669,0.7111645182433909
Metabolites,670,0.7118199694122788
Metabolites,671,0.7118199694122788
Metabolites,672,0.712256936858204
Metabolites,673,0.712256936858204
Metabolites,674,0.712256936858204
Metabolites,675,0.712256936858204
Metabolites,676,0.712256936858204
Metabolites,677,0.7126939043041294
Metabolites,678,0.7126939043041294
Metabolites,679,0.7126939043041294
Metabolites,680,0.7126939043041294
Metabolites,681,0.7137863229189425
Metabolites,682,0.7148787415337557
Metabolites,683,0.7157526764256062
Metabolites,684,0.715971160148569
Metabolites,685,0.715971160148569
Metabolites,686,0.7161896438715316
Metabolites,687,0.7168450950404195
Metabolites,688,0.7168450950404195
Metabolites,689,0.7170635787633821
Metabolites,690,0.7170635787633821
Metabolites,691,0.7175005462093074
Metabolites,692,0.7185929648241206
Metabolites,693,0.7185929648241206
Metabolites,694,0.7185929648241206
Metabolites,695,0.7196853834389338
Metabolites,696,0.7196853834389338
Metabolites,697,0.7196853834389338
Metabolites,698,0.7201223508848591
Metabolites,699,0.7201223508848591
Metabolites,700,0.7201223508848591
Metabolites,701,0.7201223508848591
Metabolites,702,0.7201223508848591
Metabolites,703,0.720777802053747
Metabolites,704,0.720777802053747
Metabolites,705,0.721433253222635
Metabolites,706,0.7220887043915228
Metabolites,707,0.7225256718374481
Metabolites,708,0.7225256718374481
Metabolites,709,0.7225256718374481
Metabolites,710,0.7227441555604107
Metabolites,711,0.7231811230063361
Metabolites,712,0.7236180904522613
Metabolites,713,0.7236180904522613
Metabolites,714,0.7236180904522613
Metabolites,715,0.723836574175224
Metabolites,716,0.7244920253441118
Metabolites,717,0.7244920253441118
Metabolites,718,0.7251474765129998
Metabolites,719,0.7251474765129998
Metabolites,720,0.7258029276818877
Metabolites,721,0.726239895127813
Metabolites,722,0.7271138300196636
Metabolites,723,0.7284247323574393
Metabolites,724,0.7288616998033647
Metabolites,725,0.7288616998033647
Metabolites,726,0.7288616998033647
Metabolites,727,0.7299541184181778
Metabolites,728,0.7303910858641032
Metabolites,729,0.7314835044789163
Metabolites,730,0.7314835044789163
Metabolites,731,0.7314835044789163
Metabolites,732,0.7319204719248416
Metabolites,733,0.7319204719248416
Metabolites,734,0.7327944068166922
Metabolites,735,0.7327944068166922
Metabolites,736,0.7336683417085427
Metabolites,737,0.7336683417085427
Metabolites,738,0.7347607603233559
Metabolites,739,0.7347607603233559
Metabolites,740,0.7347607603233559
Metabolites,741,0.7347607603233559
Metabolites,742,0.7354162114922438
Metabolites,743,0.7360716626611318
Metabolites,744,0.7360716626611318
Metabolites,745,0.7360716626611318
Metabolites,746,0.7362901463840944
Metabolites,747,0.7362901463840944
Metabolites,748,0.7362901463840944
Metabolites,749,0.7362901463840944
Metabolites,750,0.7362901463840944
Metabolites,751,0.736508630107057
Metabolites,752,0.736508630107057
Metabolites,753,0.736508630107057
Metabolites,754,0.736508630107057
Metabolites,755,0.7371640812759449
Metabolites,756,0.7376010487218703
Metabolites,757,0.7384749836137208
Metabolites,758,0.7384749836137208
Metabolites,759,0.7384749836137208
Metabolites,760,0.7393489185055714
Metabolites,761,0.7400043696744593
Metabolites,762,0.7406598208433471
Metabolites,763,0.7406598208433471
Metabolites,764,0.7406598208433471
Metabolites,765,0.7406598208433471
Metabolites,766,0.7406598208433471
Metabolites,767,0.7417522394581604
Metabolites,768,0.7417522394581604
Metabolites,769,0.7424076906270483
Metabolites,770,0.7426261743500109
Metabolites,771,0.7426261743500109
Metabolites,772,0.7432816255188989
Metabolites,773,0.7437185929648241
Metabolites,774,0.7437185929648241
Metabolites,775,0.7439370766877867
Metabolites,776,0.7439370766877867
Metabolites,777,0.7441555604107494
Metabolites,778,0.7441555604107494
Metabolites,779,0.7441555604107494
Metabolites,780,0.7445925278566746
Metabolites,781,0.7445925278566746
Metabolites,782,0.7448110115796374
Metabolites,783,0.7452479790255626
Metabolites,784,0.7452479790255626
Metabolites,785,0.7459034301944505
Metabolites,786,0.7467773650863011
Metabolites,787,0.7467773650863011
Metabolites,788,0.7467773650863011
Metabolites,789,0.7469958488092637
Metabolites,790,0.7469958488092637
Metabolites,791,0.7483067511470396
Metabolites,792,0.7485252348700022
Metabolites,793,0.7487437185929648
Metabolites,794,0.7496176534848153
Metabolites,795,0.7496176534848153
Metabolites,796,0.7502731046537033
Metabolites,797,0.7502731046537033
Metabolites,798,0.7502731046537033
Metabolites,799,0.7502731046537033
Metabolites,800,0.7507100720996286
Metabolites,801,0.7513655232685165
Metabolites,802,0.7518024907144418
Metabolites,803,0.7522394581603671
Metabolites,804,0.7522394581603671
Metabolites,805,0.752894909329255
Metabolites,806,0.7535503604981428
Metabolites,807,0.7537688442211056
Metabolites,808,0.7542058116670308
Metabolites,809,0.7550797465588813
Metabolites,810,0.7550797465588813
Metabolites,811,0.7561721651736946
Metabolites,812,0.7566091326196198
Metabolites,813,0.7570461000655451
Metabolites,814,0.7574830675114704
Metabolites,815,0.7574830675114704
Metabolites,816,0.7585754861262836
Metabolites,817,0.7585754861262836
Metabolites,818,0.7585754861262836
Metabolites,819,0.7592309372951715
Metabolites,820,0.7592309372951715
Metabolites,821,0.7594494210181342
Metabolites,822,0.7596679047410968
Metabolites,823,0.7596679047410968
Metabolites,824,0.7596679047410968
Metabolites,825,0.7598863884640594
Metabolites,826,0.7598863884640594
Metabolites,827,0.7598863884640594
Metabolites,828,0.7598863884640594
Metabolites,829,0.7605418396329473
Metabolites,830,0.7609788070788727
Metabolites,831,0.7618527419707232
Metabolites,832,0.7622897094166484
Metabolites,833,0.7622897094166484
Metabolites,834,0.7629451605855364
Metabolites,835,0.7633821280314617
Metabolites,836,0.7633821280314617
Metabolites,837,0.7633821280314617
Metabolites,838,0.7633821280314617
Metabolites,839,0.7633821280314617
Metabolites,840,0.7633821280314617
Metabolites,841,0.7633821280314617
Metabolites,842,0.7638190954773869
Metabolites,843,0.7638190954773869
Metabolites,844,0.7644745466462749
Metabolites,845,0.7646930303692375
Metabolites,846,0.765566965261088
Metabolites,847,0.766222416429976
Metabolites,848,0.766222416429976
Metabolites,849,0.766222416429976
Metabolites,850,0.7664409001529386
Metabolites,851,0.7673148350447891
Metabolites,852,0.7673148350447891
Metabolites,853,0.7679702862136771
Metabolites,854,0.7684072536596024
Metabolites,855,0.7684072536596024
Metabolites,856,0.768625737382565
Metabolites,857,0.768625737382565
Metabolites,858,0.7692811885514529
Metabolites,859,0.7697181559973783
Metabolites,860,0.7697181559973783
Metabolites,861,0.7701551234433035
Metabolites,862,0.7701551234433035
Metabolites,863,0.7705920908892288
Metabolites,864,0.7708105746121914
Metabolites,865,0.771029058335154
Metabolites,866,0.771029058335154
Metabolites,867,0.771684509504042
Metabolites,868,0.7725584443958925
Metabolites,869,0.7725584443958925
Metabolites,870,0.7725584443958925
Metabolites,871,0.7725584443958925
Metabolites,872,0.7725584443958925
Metabolites,873,0.7725584443958925
Metabolites,874,0.7729954118418177
Metabolites,875,0.7734323792877431
Metabolites,876,0.7734323792877431
Metabolites,877,0.7734323792877431
Metabolites,878,0.7734323792877431
Metabolites,879,0.7736508630107057
Metabolites,880,0.7743063141795936
Metabolites,881,0.7745247979025562
Metabolites,882,0.7745247979025562
Metabolites,883,0.7745247979025562
Metabolites,884,0.7745247979025562
Metabolites,885,0.7756172165173695
Metabolites,886,0.7758357002403321
Metabolites,887,0.7758357002403321
Metabolites,888,0.7762726676862574
Metabolites,889,0.77649115140922
Metabolites,890,0.77649115140922
Metabolites,891,0.77649115140922
Metabolites,892,0.77649115140922
Metabolites,893,0.77649115140922
Metabolites,894,0.7767096351321826
Metabolites,895,0.7767096351321826
Metabolites,896,0.7767096351321826
Metabolites,897,0.7769281188551453
Metabolites,898,0.7769281188551453
Metabolites,899,0.7769281188551453
Metabolites,900,0.7769281188551453
Metabolites,901,0.7769281188551453
Metabolites,902,0.777146602578108
Metabolites,903,0.777146602578108
Metabolites,904,0.7780205374699585
Metabolites,905,0.7782390211929211
Metabolites,906,0.7784575049158837
Metabolites,907,0.7788944723618091
Metabolites,908,0.779549923530697
Metabolites,909,0.779549923530697
Metabolites,910,0.7806423421455102
Metabolites,911,0.7806423421455102
Metabolites,912,0.7815162770373607
Metabolites,913,0.7815162770373607
Metabolites,914,0.781953244483286
Metabolites,915,0.7823902119292113
Metabolites,916,0.7830456630980992
Metabolites,917,0.7832641468210618
Metabolites,918,0.7841380817129124
Metabolites,919,0.7841380817129124
Metabolites,920,0.7843565654358751
Metabolites,921,0.7845750491588377
Metabolites,922,0.7845750491588377
Metabolites,923,0.7845750491588377
Metabolites,924,0.7850120166047629
Metabolites,925,0.7850120166047629
Metabolites,926,0.7850120166047629
Metabolites,927,0.7850120166047629
Metabolites,928,0.7852305003277256
Metabolites,929,0.7856674677736508
Metabolites,930,0.7856674677736508
Metabolites,931,0.7856674677736508
Metabolites,932,0.7861044352195762
Metabolites,933,0.7865414026655014
Metabolites,934,0.7865414026655014
Metabolites,935,0.7867598863884641
Metabolites,936,0.7871968538343893
Metabolites,937,0.7874153375573519
Metabolites,938,0.7874153375573519
Metabolites,939,0.7874153375573519
Metabolites,940,0.7876338212803146
Metabolites,941,0.7880707887262399
Metabolites,942,0.7887262398951278
Metabolites,943,0.7887262398951278
Metabolites,944,0.7893816910640157
Metabolites,945,0.789818658509941
Metabolites,946,0.789818658509941
Metabolites,947,0.7902556259558663
Metabolites,948,0.7902556259558663
Metabolites,949,0.7904741096788289
Metabolites,950,0.7904741096788289
Metabolites,951,0.7906925934017915
Metabolites,952,0.7906925934017915
Metabolites,953,0.7915665282936422
Metabolites,954,0.7917850120166048
Metabolites,955,0.7920034957395674
Metabolites,956,0.7920034957395674
Metabolites,957,0.7924404631854927
Metabolites,958,0.7928774306314179
Metabolites,959,0.7928774306314179
Metabolites,960,0.7928774306314179
Metabolites,961,0.7928774306314179
Metabolites,962,0.7930959143543806
Metabolites,963,0.7933143980773433
Metabolites,964,0.7933143980773433
Metabolites,965,0.7941883329691938
Metabolites,966,0.7944068166921564
Metabolites,967,0.7944068166921564
Metabolites,968,0.795280751584007
Metabolites,969,0.7954992353069696
Metabolites,970,0.7959362027528949
Metabolites,971,0.7959362027528949
Metabolites,972,0.7963731701988201
Metabolites,973,0.7963731701988201
Metabolites,974,0.7963731701988201
Metabolites,975,0.7963731701988201
Metabolites,976,0.7963731701988201
Metabolites,977,0.7965916539217828
Metabolites,978,0.7968101376447455
Metabolites,979,0.7970286213677081
Metabolites,980,0.7970286213677081
Metabolites,981,0.7972471050906708
Metabolites,982,0.7972471050906708
Metabolites,983,0.7972471050906708
Metabolites,984,0.7974655888136334
Metabolites,985,0.7974655888136334
Metabolites,986,0.797684072536596
Metabolites,987,0.797684072536596
Metabolites,988,0.797684072536596
Metabolites,989,0.797684072536596
Metabolites,990,0.7981210399825213
Metabolites,991,0.7983395237054839
Metabolites,992,0.7983395237054839
Metabolites,993,0.7985580074284466
Metabolites,994,0.7985580074284466
Metabolites,995,0.7987764911514093
Metabolites,996,0.7994319423202971
Metabolites,997,0.800087393489185
Metabolites,998,0.8003058772121477
Metabolites,999,0.8003058772121477
Metabolites,1000,0.800742844658073
Metabolites,1001,0.800742844658073
Metabolites,1002,0.8009613283810356
Metabolites,1003,0.8009613283810356
Metabolites,1004,0.8009613283810356
Metabolites,1005,0.8009613283810356
Metabolites,1006,0.8009613283810356
Metabolites,1007,0.8009613283810356
Metabolites,1008,0.8011798121039982
Metabolites,1009,0.8011798121039982
Metabolites,1010,0.8016167795499235
Metabolites,1011,0.8018352632728861
Metabolites,1012,0.8020537469958489
Metabolites,1013,0.8020537469958489
Metabolites,1014,0.8020537469958489
Metabolites,1015,0.8020537469958489
Metabolites,1016,0.8022722307188115
Metabolites,1017,0.8022722307188115
Metabolites,1018,0.8024907144417741
Metabolites,1019,0.803146165610662
Metabolites,1020,0.8040201005025126
Metabolites,1021,0.8040201005025126
Metabolites,1022,0.8040201005025126
Metabolites,1023,0.8042385842254752
Metabolites,1024,0.8048940353943631
Metabolites,1025,0.8051125191173257
Metabolites,1026,0.805549486563251
Metabolites,1027,0.805549486563251
Metabolites,1028,0.8057679702862137
Metabolites,1029,0.8059864540091763
Metabolites,1030,0.8068603889010268
Metabolites,1031,0.8072973563469521
Metabolites,1032,0.8072973563469521
Metabolites,1033,0.8072973563469521
Metabolites,1034,0.8072973563469521
Metabolites,1035,0.8072973563469521
Metabolites,1036,0.8075158400699148
Metabolites,1037,0.8077343237928775
Metabolites,1038,0.8083897749617653
Metabolites,1039,0.808608258684728
Metabolites,1040,0.8088267424076906
Metabolites,1041,0.8090452261306532
Metabolites,1042,0.8094821935765786
Metabolites,1043,0.8099191610225038
Metabolites,1044,0.8101376447454665
Metabolites,1045,0.8103561284684291
Metabolites,1046,0.8103561284684291
Metabolites,1047,0.8105746121913917
Metabolites,1048,0.8105746121913917
Metabolites,1049,0.8107930959143543
Metabolites,1050,0.8110115796373171
Metabolites,1051,0.8110115796373171
Metabolites,1052,0.811667030806205
Metabolites,1053,0.8123224819750928
Metabolites,1054,0.8125409656980555
Metabolites,1055,0.8125409656980555
Metabolites,1056,0.8125409656980555
Metabolites,1057,0.8129779331439808
Metabolites,1058,0.8134149005899061
Metabolites,1059,0.8134149005899061
Metabolites,1060,0.8136333843128687
Metabolites,1061,0.8138518680358313
Metabolites,1062,0.8140703517587939
Metabolites,1063,0.8140703517587939
Metabolites,1064,0.8140703517587939
Metabolites,1065,0.8142888354817566
Metabolites,1066,0.8142888354817566
Metabolites,1067,0.8145073192047192
Metabolites,1068,0.8145073192047192
Metabolites,1069,0.8147258029276819
Metabolites,1070,0.8147258029276819
Metabolites,1071,0.8149442866506446
Metabolites,1072,0.8149442866506446
Metabolites,1073,0.8158182215424951
Metabolites,1074,0.8160367052654577
Metabolites,1075,0.8160367052654577
Metabolites,1076,0.8162551889884203
Metabolites,1077,0.8166921564343457
Metabolites,1078,0.8169106401573083
Metabolites,1079,0.8171291238802709
Metabolites,1080,0.8171291238802709
Metabolites,1081,0.8173476076032336
Metabolites,1082,0.8177845750491588
Metabolites,1083,0.8182215424950842
Metabolites,1084,0.8186585099410094
Metabolites,1085,0.8186585099410094
Metabolites,1086,0.818876993663972
Metabolites,1087,0.818876993663972
Metabolites,1088,0.8190954773869347
Metabolites,1089,0.8193139611098973
Metabolites,1090,0.8197509285558225
Metabolites,1091,0.8197509285558225
Metabolites,1092,0.8201878960017479
Metabolites,1093,0.8206248634476732
Metabolites,1094,0.8208433471706358
Metabolites,1095,0.821280314616561
Metabolites,1096,0.821280314616561
Metabolites,1097,0.821280314616561
Metabolites,1098,0.8214987983395237
Metabolites,1099,0.8214987983395237
Metabolites,1100,0.8217172820624864
Metabolites,1101,0.821935765785449
Metabolites,1102,0.8221542495084116
Metabolites,1103,0.8228097006772995
Metabolites,1104,0.8230281844002622
Metabolites,1105,0.8232466681232248
Metabolites,1106,0.8232466681232248
Metabolites,1107,0.8232466681232248
Metabolites,1108,0.8232466681232248
Metabolites,1109,0.8232466681232248
Metabolites,1110,0.8232466681232248
Metabolites,1111,0.8232466681232248
Metabolites,1112,0.8232466681232248
Metabolites,1113,0.8236836355691501
Metabolites,1114,0.8236836355691501
Metabolites,1115,0.8236836355691501
Metabolites,1116,0.824339086738038
Metabolites,1117,0.8247760541839633
Metabolites,1118,0.8249945379069259
Metabolites,1119,0.8249945379069259
Metabolites,1120,0.8254315053528513
Metabolites,1121,0.8256499890758139
Metabolites,1122,0.8256499890758139
Metabolites,1123,0.8258684727987765
Metabolites,1124,0.8258684727987765
Metabolites,1125,0.8260869565217391
Metabolites,1126,0.8260869565217391
Metabolites,1127,0.8263054402447018
Metabolites,1128,0.8263054402447018
Metabolites,1129,0.8265239239676644
Metabolites,1130,0.8269608914135896
Metabolites,1131,0.8269608914135896
Metabolites,1132,0.827397858859515
Metabolites,1133,0.8280533100284029
Metabolites,1134,0.8280533100284029
Metabolites,1135,0.8280533100284029
Metabolites,1136,0.8284902774743281
Metabolites,1137,0.8291457286432161
Metabolites,1138,0.8291457286432161
Metabolites,1139,0.8291457286432161
Metabolites,1140,0.829801179812104
Metabolites,1141,0.8300196635350666
Metabolites,1142,0.8300196635350666
Metabolites,1143,0.8300196635350666
Metabolites,1144,0.8302381472580292
Metabolites,1145,0.8302381472580292
Metabolites,1146,0.8302381472580292
Metabolites,1147,0.8306751147039546
Metabolites,1148,0.8308935984269172
Metabolites,1149,0.8313305658728425
Metabolites,1150,0.8319860170417304
Metabolites,1151,0.8319860170417304
Metabolites,1152,0.8319860170417304
Metabolites,1153,0.832204500764693
Metabolites,1154,0.832204500764693
Metabolites,1155,0.832204500764693
Metabolites,1156,0.8326414682106184
Metabolites,1157,0.8326414682106184
Metabolites,1158,0.832859951933581
Metabolites,1159,0.8337338868254315
Metabolites,1160,0.8337338868254315
Metabolites,1161,0.8339523705483941
Metabolites,1162,0.8339523705483941
Metabolites,1163,0.8346078217172821
Metabolites,1164,0.83526327288617
Metabolites,1165,0.83526327288617
Metabolites,1166,0.8357002403320952
Metabolites,1167,0.8357002403320952
Metabolites,1168,0.8357002403320952
Metabolites,1169,0.8359187240550578
Metabolites,1170,0.8359187240550578
Metabolites,1171,0.8359187240550578
Metabolites,1172,0.8365741752239458
Metabolites,1173,0.8365741752239458
Metabolites,1174,0.8365741752239458
Metabolites,1175,0.8374481101157963
Metabolites,1176,0.8374481101157963
Metabolites,1177,0.8378850775617217
Metabolites,1178,0.838322045007647
Metabolites,1179,0.8387590124535722
Metabolites,1180,0.8387590124535722
Metabolites,1181,0.8387590124535722
Metabolites,1182,0.8387590124535722
Metabolites,1183,0.8389774961765348
Metabolites,1184,0.8391959798994975
Metabolites,1185,0.8400699147913481
Metabolites,1186,0.8400699147913481
Metabolites,1187,0.8405068822372733
Metabolites,1188,0.8405068822372733
Metabolites,1189,0.8409438496831986
Metabolites,1190,0.8409438496831986
Metabolites,1191,0.8409438496831986
Metabolites,1192,0.8409438496831986
Metabolites,1193,0.8409438496831986
Metabolites,1194,0.8409438496831986
Metabolites,1195,0.8409438496831986
Metabolites,1196,0.8409438496831986
Metabolites,1197,0.8409438496831986
Metabolites,1198,0.8409438496831986
Metabolites,1199,0.8411623334061612
Metabolites,1200,0.8411623334061612
Metabolites,1201,0.8415993008520866
Metabolites,1202,0.8418177845750492
Metabolites,1203,0.8420362682980118
Metabolites,1204,0.8420362682980118
Metabolites,1205,0.8422547520209744
Metabolites,1206,0.8424732357439371
Metabolites,1207,0.8424732357439371
Metabolites,1208,0.8426917194668997
Metabolites,1209,0.8431286869128249
Metabolites,1210,0.8431286869128249
Metabolites,1211,0.8431286869128249
Metabolites,1212,0.8435656543587503
Metabolites,1213,0.8440026218046756
Metabolites,1214,0.8442211055276382
Metabolites,1215,0.8444395892506008
Metabolites,1216,0.8446580729735634
Metabolites,1217,0.8446580729735634
Metabolites,1218,0.8448765566965261
Metabolites,1219,0.8448765566965261
Metabolites,1220,0.8448765566965261
Metabolites,1221,0.8453135241424514
Metabolites,1222,0.8457504915883767
Metabolites,1223,0.8457504915883767
Metabolites,1224,0.8461874590343019
Metabolites,1225,0.8461874590343019
Metabolites,1226,0.8461874590343019
Metabolites,1227,0.8461874590343019
Metabolites,1228,0.8464059427572646
Metabolites,1229,0.8468429102031899
Metabolites,1230,0.8470613939261525
Metabolites,1231,0.8470613939261525
Metabolites,1232,0.8470613939261525
Metabolites,1233,0.8474983613720778
Metabolites,1234,0.8477168450950404
Metabolites,1235,0.847935328818003
Metabolites,1236,0.847935328818003
Metabolites,1237,0.847935328818003
Metabolites,1238,0.847935328818003
Metabolites,1239,0.8481538125409657
Metabolites,1240,0.848590779986891
Metabolites,1241,0.848590779986891
Metabolites,1242,0.848590779986891
Metabolites,1243,0.848590779986891
Metabolites,1244,0.848590779986891
Metabolites,1245,0.8488092637098537
Metabolites,1246,0.8490277474328163
Metabolites,1247,0.8494647148787415
Metabolites,1248,0.8494647148787415
Metabolites,1249,0.8496831986017042
Metabolites,1250,0.850338649770592
Metabolites,1251,0.8505571334935548
Metabolites,1252,0.8507756172165174
Metabolites,1253,0.85099410093948
Metabolites,1254,0.8512125846624427
Metabolites,1255,0.8512125846624427
Metabolites,1256,0.8512125846624427
Metabolites,1257,0.8512125846624427
Metabolites,1258,0.8514310683854053
Metabolites,1259,0.8514310683854053
Metabolites,1260,0.8514310683854053
Metabolites,1261,0.8514310683854053
Metabolites,1262,0.8516495521083679
Metabolites,1263,0.8516495521083679
Metabolites,1264,0.8516495521083679
Metabolites,1265,0.8520865195542932
Metabolites,1266,0.8520865195542932
Metabolites,1267,0.8520865195542932
Metabolites,1268,0.8523050032772559
Metabolites,1269,0.8523050032772559
Metabolites,1270,0.8525234870002185
Metabolites,1271,0.8527419707231811
Metabolites,1272,0.8527419707231811
Metabolites,1273,0.8529604544461438
Metabolites,1274,0.8531789381691064
Metabolites,1275,0.853397421892069
Metabolites,1276,0.8536159056150316
Metabolites,1277,0.8538343893379943
Metabolites,1278,0.8538343893379943
Metabolites,1279,0.8538343893379943
Metabolites,1280,0.854052873060957
Metabolites,1281,0.854052873060957
Metabolites,1282,0.854052873060957
Metabolites,1283,0.8542713567839196
Metabolites,1284,0.8547083242298449
Metabolites,1285,0.8547083242298449
Metabolites,1286,0.8547083242298449
Metabolites,1287,0.8547083242298449
Metabolites,1288,0.8547083242298449
Metabolites,1289,0.8551452916757701
Metabolites,1290,0.8551452916757701
Metabolites,1291,0.8551452916757701
Metabolites,1292,0.8551452916757701
Metabolites,1293,0.8553637753987328
Metabolites,1294,0.8555822591216954
Metabolites,1295,0.8560192265676208
Metabolites,1296,0.8560192265676208
Metabolites,1297,0.8560192265676208
Metabolites,1298,0.8560192265676208
Metabolites,1299,0.8560192265676208
Metabolites,1300,0.856456194013546
Metabolites,1301,0.856456194013546
Metabolites,1302,0.856456194013546
Metabolites,1303,0.8566746777365086
Metabolites,1304,0.8568931614594713
Metabolites,1305,0.8568931614594713
Metabolites,1306,0.8568931614594713
Metabolites,1307,0.8568931614594713
Metabolites,1308,0.8568931614594713
Metabolites,1309,0.8568931614594713
Metabolites,1310,0.8571116451824339
Metabolites,1311,0.8573301289053965
Metabolites,1312,0.8573301289053965
Metabolites,1313,0.8577670963513219
Metabolites,1314,0.8584225475202097
Metabolites,1315,0.8586410312431724
Metabolites,1316,0.8586410312431724
Metabolites,1317,0.8586410312431724
Metabolites,1318,0.8586410312431724
Metabolites,1319,0.8586410312431724
Metabolites,1320,0.8586410312431724
Metabolites,1321,0.858859514966135
Metabolites,1322,0.8590779986890976
Metabolites,1323,0.8590779986890976
Metabolites,1324,0.8592964824120602
Metabolites,1325,0.8597334498579856
Metabolites,1326,0.8601704173039109
Metabolites,1327,0.8603889010268735
Metabolites,1328,0.8608258684727987
Metabolites,1329,0.8608258684727987
Metabolites,1330,0.8612628359187241
Metabolites,1331,0.8612628359187241
Metabolites,1332,0.8614813196416867
Metabolites,1333,0.8614813196416867
Metabolites,1334,0.8614813196416867
Metabolites,1335,0.8614813196416867
Metabolites,1336,0.8614813196416867
Metabolites,1337,0.8614813196416867
Metabolites,1338,0.8614813196416867
Metabolites,1339,0.8616998033646494
Metabolites,1340,0.861918287087612
Metabolites,1341,0.8621367708105746
Metabolites,1342,0.8625737382564999
Metabolites,1343,0.8625737382564999
Metabolites,1344,0.8630107057024252
Metabolites,1345,0.8634476731483505
Metabolites,1346,0.8634476731483505
Metabolites,1347,0.8634476731483505
Metabolites,1348,0.8634476731483505
Metabolites,1349,0.8636661568713131
Metabolites,1350,0.8641031243172383
Metabolites,1351,0.8645400917631636
Metabolites,1352,0.8645400917631636
Metabolites,1353,0.8645400917631636
Metabolites,1354,0.8645400917631636
Metabolites,1355,0.864977059209089
Metabolites,1356,0.864977059209089
Metabolites,1357,0.8651955429320516
Metabolites,1358,0.8654140266550142
Metabolites,1359,0.8656325103779768
Metabolites,1360,0.8658509941009395
Metabolites,1361,0.8660694778239021
Metabolites,1362,0.8662879615468647
Metabolites,1363,0.8662879615468647
Metabolites,1364,0.8662879615468647
Metabolites,1365,0.8662879615468647
Metabolites,1366,0.8662879615468647
Metabolites,1367,0.8665064452698275
Metabolites,1368,0.8665064452698275
Metabolites,1369,0.8665064452698275
Metabolites,1370,0.8665064452698275
Metabolites,1371,0.8665064452698275
Metabolites,1372,0.8665064452698275
Metabolites,1373,0.8667249289927901
Metabolites,1374,0.8669434127157527
Metabolites,1375,0.8675988638846406
Metabolites,1376,0.8680358313305658
Metabolites,1377,0.8684727987764912
Metabolites,1378,0.8684727987764912
Metabolites,1379,0.8684727987764912
Metabolites,1380,0.8684727987764912
Metabolites,1381,0.8684727987764912
Metabolites,1382,0.8684727987764912
Metabolites,1383,0.8684727987764912
Metabolites,1384,0.8684727987764912
Metabolites,1385,0.8686912824994538
Metabolites,1386,0.8689097662224164
Metabolites,1387,0.8691282499453791
Metabolites,1388,0.8691282499453791
Metabolites,1389,0.8691282499453791
Metabolites,1390,0.8695652173913043
Metabolites,1391,0.8695652173913043
Metabolites,1392,0.869783701114267
Metabolites,1393,0.869783701114267
Metabolites,1394,0.8700021848372296
Metabolites,1395,0.8704391522831549
Metabolites,1396,0.8706576360061176
Metabolites,1397,0.8708761197290802
Metabolites,1398,0.8710946034520428
Metabolites,1399,0.8710946034520428
Metabolites,1400,0.8715315708979681
Metabolites,1401,0.8715315708979681
Metabolites,1402,0.8717500546209307
Metabolites,1403,0.8717500546209307
Metabolites,1404,0.872187022066856
Metabolites,1405,0.8724055057898187
Metabolites,1406,0.8728424732357439
Metabolites,1407,0.8732794406816692
Metabolites,1408,0.8732794406816692
Metabolites,1409,0.8734979244046318
Metabolites,1410,0.8734979244046318
Metabolites,1411,0.8739348918505572
Metabolites,1412,0.8741533755735198
Metabolites,1413,0.8741533755735198
Metabolites,1414,0.874590343019445
Metabolites,1415,0.874590343019445
Metabolites,1416,0.874590343019445
Metabolites,1417,0.874590343019445
Metabolites,1418,0.874590343019445
Metabolites,1419,0.874590343019445
Metabolites,1420,0.874590343019445
Metabolites,1421,0.874590343019445
Metabolites,1422,0.8750273104653703
Metabolites,1423,0.8750273104653703
Metabolites,1424,0.8752457941883329
Metabolites,1425,0.8754642779112957
Metabolites,1426,0.8756827616342583
Metabolites,1427,0.8759012453572209
Metabolites,1428,0.8761197290801835
Metabolites,1429,0.8763382128031462
Metabolites,1430,0.8765566965261088
Metabolites,1431,0.8767751802490714
Metabolites,1432,0.8767751802490714
Metabolites,1433,0.8767751802490714
Metabolites,1434,0.8767751802490714
Metabolites,1435,0.8767751802490714
Metabolites,1436,0.8767751802490714
Metabolites,1437,0.876993663972034
Metabolites,1438,0.876993663972034
Metabolites,1439,0.8772121476949967
Metabolites,1440,0.8772121476949967
Metabolites,1441,0.8772121476949967
Metabolites,1442,0.8772121476949967
Metabolites,1443,0.8772121476949967
Metabolites,1444,0.8774306314179594
Metabolites,1445,0.8774306314179594
Metabolites,1446,0.877649115140922
Metabolites,1447,0.877649115140922
Metabolites,1448,0.8778675988638847
Metabolites,1449,0.8778675988638847
Metabolites,1450,0.8778675988638847
Metabolites,1451,0.8778675988638847
Metabolites,1452,0.8778675988638847
Metabolites,1453,0.8778675988638847
Metabolites,1454,0.8783045663098099
Metabolites,1455,0.8783045663098099
Metabolites,1456,0.8787415337557352
Metabolites,1457,0.8789600174786978
Metabolites,1458,0.8789600174786978
Metabolites,1459,0.8789600174786978
Metabolites,1460,0.8793969849246231
Metabolites,1461,0.8796154686475858
Metabolites,1462,0.880052436093511
Metabolites,1463,0.8802709198164737
Metabolites,1464,0.8802709198164737
Metabolites,1465,0.8802709198164737
Metabolites,1466,0.8802709198164737
Metabolites,1467,0.8802709198164737
Metabolites,1468,0.8802709198164737
Metabolites,1469,0.8802709198164737
Metabolites,1470,0.8802709198164737
Metabolites,1471,0.8802709198164737
Metabolites,1472,0.8802709198164737
Metabolites,1473,0.8802709198164737
Metabolites,1474,0.8802709198164737
Metabolites,1475,0.8802709198164737
Metabolites,1476,0.8802709198164737
Metabolites,1477,0.8802709198164737
Metabolites,1478,0.8807078872623989
Metabolites,1479,0.8807078872623989
Metabolites,1480,0.8807078872623989
Metabolites,1481,0.8807078872623989
Metabolites,1482,0.8809263709853616
Metabolites,1483,0.8811448547083243
Metabolites,1484,0.8813633384312869
Metabolites,1485,0.8813633384312869
Metabolites,1486,0.8818003058772121
Metabolites,1487,0.8822372733231374
Metabolites,1488,0.8822372733231374
Metabolites,1489,0.8822372733231374
Metabolites,1490,0.8822372733231374
Metabolites,1491,0.8822372733231374
Metabolites,1492,0.8822372733231374
Metabolites,1493,0.8824557570461
Metabolites,1494,0.8824557570461
Metabolites,1495,0.8828927244920254
Metabolites,1496,0.883111208214988
Metabolites,1497,0.8833296919379506
Metabolites,1498,0.8833296919379506
Metabolites,1499,0.8833296919379506
Metabolites,1500,0.8835481756609133
Metabolites,1501,0.8835481756609133
Metabolites,1502,0.8835481756609133
Metabolites,1503,0.8837666593838759
Metabolites,1504,0.8837666593838759
Metabolites,1505,0.8842036268298011
Metabolites,1506,0.8842036268298011
Metabolites,1507,0.8842036268298011
Metabolites,1508,0.8842036268298011
Metabolites,1509,0.8842036268298011
Metabolites,1510,0.8848590779986891
Metabolites,1511,0.8848590779986891
Metabolites,1512,0.8848590779986891
Metabolites,1513,0.8848590779986891
Metabolites,1514,0.8848590779986891
Metabolites,1515,0.8848590779986891
Metabolites,1516,0.8848590779986891
Metabolites,1517,0.8852960454446144
Metabolites,1518,0.8852960454446144
Metabolites,1519,0.8861699803364649
Metabolites,1520,0.8863884640594276
Metabolites,1521,0.8863884640594276
Metabolites,1522,0.8863884640594276
Metabolites,1523,0.8863884640594276
Metabolites,1524,0.8863884640594276
Metabolites,1525,0.8866069477823902
Metabolites,1526,0.8866069477823902
Metabolites,1527,0.8868254315053529
Metabolites,1528,0.8868254315053529
Metabolites,1529,0.8868254315053529
Metabolites,1530,0.8870439152283155
Metabolites,1531,0.8870439152283155
Metabolites,1532,0.8870439152283155
Metabolites,1533,0.8870439152283155
Metabolites,1534,0.8870439152283155
Metabolites,1535,0.8872623989512781
Metabolites,1536,0.8876993663972034
Metabolites,1537,0.887917850120166
Metabolites,1538,0.8881363338431287
Metabolites,1539,0.8883548175660914
Metabolites,1540,0.8883548175660914
Metabolites,1541,0.888573301289054
Metabolites,1542,0.888573301289054
Metabolites,1543,0.8887917850120166
Metabolites,1544,0.8894472361809045
Metabolites,1545,0.8896657199038671
Metabolites,1546,0.8896657199038671
Metabolites,1547,0.8896657199038671
Metabolites,1548,0.8896657199038671
Metabolites,1549,0.8898842036268299
Metabolites,1550,0.8901026873497925
Metabolites,1551,0.8901026873497925
Metabolites,1552,0.8903211710727551
Metabolites,1553,0.8903211710727551
Metabolites,1554,0.8907581385186804
Metabolites,1555,0.8907581385186804
Metabolites,1556,0.8907581385186804
Metabolites,1557,0.8911951059646056
Metabolites,1558,0.8914135896875682
Metabolites,1559,0.8914135896875682
Metabolites,1560,0.8914135896875682
Metabolites,1561,0.8918505571334936
Metabolites,1562,0.8920690408564562
Metabolites,1563,0.8922875245794188
Metabolites,1564,0.8925060083023815
Metabolites,1565,0.8925060083023815
Metabolites,1566,0.8927244920253441
Metabolites,1567,0.8931614594712693
Metabolites,1568,0.8931614594712693
Metabolites,1569,0.8931614594712693
Metabolites,1570,0.8935984269171947
Metabolites,1571,0.8938169106401573
Metabolites,1572,0.8938169106401573
Metabolites,1573,0.8938169106401573
Metabolites,1574,0.8938169106401573
Metabolites,1575,0.89403539436312
Metabolites,1576,0.8944723618090452
Metabolites,1577,0.8944723618090452
Metabolites,1578,0.8946908455320078
Metabolites,1579,0.8949093292549705
Metabolites,1580,0.8949093292549705
Metabolites,1581,0.8949093292549705
Metabolites,1582,0.8951278129779331
Metabolites,1583,0.8953462967008958
Metabolites,1584,0.8955647804238585
Metabolites,1585,0.8955647804238585
Metabolites,1586,0.8955647804238585
Metabolites,1587,0.8960017478697837
Metabolites,1588,0.8962202315927463
Metabolites,1589,0.896438715315709
Metabolites,1590,0.8968756827616342
Metabolites,1591,0.8970941664845969
Metabolites,1592,0.8973126502075596
Metabolites,1593,0.8977496176534848
Metabolites,1594,0.8979681013764474
Metabolites,1595,0.8981865850994101
Metabolites,1596,0.8981865850994101
Metabolites,1597,0.8984050688223727
Metabolites,1598,0.8986235525453353
Metabolites,1599,0.8986235525453353
Metabolites,1600,0.8990605199912607
Metabolites,1601,0.8990605199912607
Metabolites,1602,0.8990605199912607
Metabolites,1603,0.8994974874371859
Metabolites,1604,0.8994974874371859
Metabolites,1605,0.8994974874371859
Metabolites,1606,0.8994974874371859
Metabolites,1607,0.8994974874371859
Metabolites,1608,0.9001529386060738
Metabolites,1609,0.9001529386060738
Metabolites,1610,0.9003714223290364
Metabolites,1611,0.9005899060519992
Metabolites,1612,0.9005899060519992
Metabolites,1613,0.9005899060519992
Metabolites,1614,0.9005899060519992
Metabolites,1615,0.9005899060519992
Metabolites,1616,0.9005899060519992
Metabolites,1617,0.9005899060519992
Metabolites,1618,0.9005899060519992
Metabolites,1619,0.9005899060519992
Metabolites,1620,0.9010268734979244
Metabolites,1621,0.9010268734979244
Metabolites,1622,0.9014638409438497
Metabolites,1623,0.9016823246668123
Metabolites,1624,0.9016823246668123
Metabolites,1625,0.9016823246668123
Metabolites,1626,0.9021192921127376
Metabolites,1627,0.9021192921127376
Metabolites,1628,0.9023377758357003
Metabolites,1629,0.9025562595586629
Metabolites,1630,0.9027747432816255
Metabolites,1631,0.9029932270045882
Metabolites,1632,0.9034301944505134
Metabolites,1633,0.9034301944505134
Metabolites,1634,0.9034301944505134
Metabolites,1635,0.9034301944505134
Metabolites,1636,0.9034301944505134
Metabolites,1637,0.9034301944505134
Metabolites,1638,0.903648678173476
Metabolites,1639,0.903648678173476
Metabolites,1640,0.9038671618964387
Metabolites,1641,0.9038671618964387
Metabolites,1642,0.9040856456194013
Metabolites,1643,0.9045226130653267
Metabolites,1644,0.9045226130653267
Metabolites,1645,0.9049595805112519
Metabolites,1646,0.9051780642342145
Metabolites,1647,0.9056150316801398
Metabolites,1648,0.9056150316801398
Metabolites,1649,0.9056150316801398
Metabolites,1650,0.9058335154031024
Metabolites,1651,0.9062704828490278
Metabolites,1652,0.9062704828490278
Metabolites,1653,0.9064889665719904
Metabolites,1654,0.906707450294953
Metabolites,1655,0.906707450294953
Metabolites,1656,0.9071444177408783
Metabolites,1657,0.9073629014638409
Metabolites,1658,0.9077998689097663
Metabolites,1659,0.9077998689097663
Metabolites,1660,0.9077998689097663
Metabolites,1661,0.9077998689097663
Metabolites,1662,0.9080183526327289
Metabolites,1663,0.9082368363556915
Metabolites,1664,0.9082368363556915
Metabolites,1665,0.9084553200786541
Metabolites,1666,0.9086738038016168
Metabolites,1667,0.9086738038016168
Metabolites,1668,0.9088922875245794
Metabolites,1669,0.9088922875245794
Metabolites,1670,0.909110771247542
Metabolites,1671,0.909110771247542
Metabolites,1672,0.909110771247542
Metabolites,1673,0.9095477386934674
Metabolites,1674,0.9095477386934674
Metabolites,1675,0.90976622241643
Metabolites,1676,0.9099847061393926
Metabolites,1677,0.9104216735853179
Metabolites,1678,0.9104216735853179
Metabolites,1679,0.9106401573082805
Metabolites,1680,0.9108586410312431
Metabolites,1681,0.9108586410312431
Metabolites,1682,0.9112956084771685
Metabolites,1683,0.9115140922001311
Metabolites,1684,0.9119510596460564
Metabolites,1685,0.9123880270919816
Metabolites,1686,0.9123880270919816
Metabolites,1687,0.9128249945379069
Metabolites,1688,0.9128249945379069
Metabolites,1689,0.9128249945379069
Metabolites,1690,0.9130434782608695
Metabolites,1691,0.9132619619838322
Metabolites,1692,0.9134804457067949
Metabolites,1693,0.9134804457067949
Metabolites,1694,0.9139174131527201
Metabolites,1695,0.9141358968756828
Metabolites,1696,0.9143543805986454
Metabolites,1697,0.9147913480445706
Metabolites,1698,0.915228315490496
Metabolites,1699,0.9156652829364212
Metabolites,1700,0.9158837666593839
Metabolites,1701,0.9161022503823465
Metabolites,1702,0.9165392178282717
Metabolites,1703,0.9167577015512345
Metabolites,1704,0.9169761852741971
Metabolites,1705,0.9171946689971597
Metabolites,1706,0.9174131527201224
Metabolites,1707,0.9174131527201224
Metabolites,1708,0.9174131527201224
Metabolites,1709,0.9174131527201224
Metabolites,1710,0.9174131527201224
Metabolites,1711,0.917631636443085
Metabolites,1712,0.9178501201660476
Metabolites,1713,0.9178501201660476
Metabolites,1714,0.9180686038890102
Metabolites,1715,0.9182870876119729
Metabolites,1716,0.9182870876119729
Metabolites,1717,0.9185055713349356
Metabolites,1718,0.9185055713349356
Metabolites,1719,0.9185055713349356
Metabolites,1720,0.9185055713349356
Metabolites,1721,0.9187240550578982
Metabolites,1722,0.9191610225038235
Metabolites,1723,0.9191610225038235
Metabolites,1724,0.9193795062267861
Metabolites,1725,0.9198164736727114
Metabolites,1726,0.920034957395674
Metabolites,1727,0.920034957395674
Metabolites,1728,0.9202534411186367
Metabolites,1729,0.9204719248415993
Metabolites,1730,0.920690408564562
Metabolites,1731,0.9209088922875246
Metabolites,1732,0.9209088922875246
Metabolites,1733,0.9213458597334498
Metabolites,1734,0.9213458597334498
Metabolites,1735,0.9215643434564125
Metabolites,1736,0.9217828271793751
Metabolites,1737,0.9217828271793751
Metabolites,1738,0.9220013109023377
Metabolites,1739,0.9222197946253005
Metabolites,1740,0.9226567620712257
Metabolites,1741,0.9228752457941883
Metabolites,1742,0.923093729517151
Metabolites,1743,0.9233122132401136
Metabolites,1744,0.9233122132401136
Metabolites,1745,0.9237491806860388
Metabolites,1746,0.9241861481319642
Metabolites,1747,0.9244046318549268
Metabolites,1748,0.9246231155778895
Metabolites,1749,0.9246231155778895
Metabolites,1750,0.9246231155778895
Metabolites,1751,0.9248415993008521
Metabolites,1752,0.9248415993008521
Metabolites,1753,0.9248415993008521
Metabolites,1754,0.9248415993008521
Metabolites,1755,0.9248415993008521
Metabolites,1756,0.9248415993008521
Metabolites,1757,0.9248415993008521
Metabolites,1758,0.9250600830238147
Metabolites,1759,0.9252785667467773
Metabolites,1760,0.92549705046974
Metabolites,1761,0.92549705046974
Metabolites,1762,0.92549705046974
Metabolites,1763,0.9259340179156653
Metabolites,1764,0.926152501638628
Metabolites,1765,0.9263709853615906
Metabolites,1766,0.9263709853615906
Metabolites,1767,0.9263709853615906
Metabolites,1768,0.9263709853615906
Metabolites,1769,0.9263709853615906
Metabolites,1770,0.9263709853615906
Metabolites,1771,0.9263709853615906
Metabolites,1772,0.9263709853615906
Metabolites,1773,0.9263709853615906
Metabolites,1774,0.9263709853615906
Metabolites,1775,0.9263709853615906
Metabolites,1776,0.9265894690845532
Metabolites,1777,0.9270264365304784
Metabolites,1778,0.9272449202534411
Metabolites,1779,0.9274634039764038
Metabolites,1780,0.9274634039764038
Metabolites,1781,0.9276818876993664
Metabolites,1782,0.9276818876993664
Metabolites,1783,0.9276818876993664
Metabolites,1784,0.9276818876993664
Metabolites,1785,0.9276818876993664
Metabolites,1786,0.9279003714223291
Metabolites,1787,0.9281188551452917
Metabolites,1788,0.9281188551452917
Metabolites,1789,0.9281188551452917
Metabolites,1790,0.9281188551452917
Metabolites,1791,0.9283373388682543
Metabolites,1792,0.9285558225912169
Metabolites,1793,0.9289927900371422
Metabolites,1794,0.9289927900371422
Metabolites,1795,0.9294297574830676
Metabolites,1796,0.9294297574830676
Metabolites,1797,0.9294297574830676
Metabolites,1798,0.9294297574830676
Metabolites,1799,0.9294297574830676
Metabolites,1800,0.9296482412060302
Metabolites,1801,0.9298667249289928
Metabolites,1802,0.9300852086519554
Metabolites,1803,0.9300852086519554
Metabolites,1804,0.9305221760978807
Metabolites,1805,0.9307406598208433
Metabolites,1806,0.9307406598208433
Metabolites,1807,0.9307406598208433
Metabolites,1808,0.9307406598208433
Metabolites,1809,0.9311776272667687
Metabolites,1810,0.9316145947126939
Metabolites,1811,0.9318330784356565
Metabolites,1812,0.9322700458815818
Metabolites,1813,0.9324885296045444
Metabolites,1814,0.9331439807734324
Metabolites,1815,0.9331439807734324
Metabolites,1816,0.9331439807734324
Metabolites,1817,0.9331439807734324
Metabolites,1818,0.933362464496395
Metabolites,1819,0.9337994319423203
Metabolites,1820,0.9337994319423203
Metabolites,1821,0.9340179156652829
Metabolites,1822,0.9340179156652829
Metabolites,1823,0.9340179156652829
Metabolites,1824,0.9342363993882455
Metabolites,1825,0.9344548831112082
Metabolites,1826,0.9344548831112082
Metabolites,1827,0.9344548831112082
Metabolites,1828,0.9344548831112082
Metabolites,1829,0.9344548831112082
Metabolites,1830,0.9346733668341709
Metabolites,1831,0.9346733668341709
Metabolites,1832,0.9348918505571335
Metabolites,1833,0.9353288180030588
Metabolites,1834,0.9355473017260214
Metabolites,1835,0.9355473017260214
Metabolites,1836,0.935765785448984
Metabolites,1837,0.9359842691719467
Metabolites,1838,0.936421236617872
Metabolites,1839,0.936421236617872
Metabolites,1840,0.936421236617872
Metabolites,1841,0.936421236617872
Metabolites,1842,0.936421236617872
Metabolites,1843,0.9366397203408346
Metabolites,1844,0.9366397203408346
Metabolites,1845,0.9366397203408346
Metabolites,1846,0.9368582040637973
Metabolites,1847,0.9370766877867599
Metabolites,1848,0.9370766877867599
Metabolites,1849,0.9370766877867599
Metabolites,1850,0.9370766877867599
Metabolites,1851,0.9372951715097225
Metabolites,1852,0.9372951715097225
Metabolites,1853,0.9372951715097225
Metabolites,1854,0.9375136552326852
Metabolites,1855,0.9377321389556478
Metabolites,1856,0.9377321389556478
Metabolites,1857,0.9377321389556478
Metabolites,1858,0.9377321389556478
Metabolites,1859,0.9377321389556478
Metabolites,1860,0.9377321389556478
Metabolites,1861,0.938169106401573
Metabolites,1862,0.9383875901245358
Metabolites,1863,0.938824557570461
Metabolites,1864,0.938824557570461
Metabolites,1865,0.9390430412934236
Metabolites,1866,0.9392615250163863
Metabolites,1867,0.9394800087393489
Metabolites,1868,0.9396984924623115
Metabolites,1869,0.9399169761852741
Metabolites,1870,0.9401354599082369
Metabolites,1871,0.9401354599082369
Metabolites,1872,0.9403539436311995
Metabolites,1873,0.9405724273541621
Metabolites,1874,0.9405724273541621
Metabolites,1875,0.9407909110771248
Metabolites,1876,0.9410093948000874
Metabolites,1877,0.94122787852305
Metabolites,1878,0.94122787852305
Metabolites,1879,0.9414463622460126
Metabolites,1880,0.941883329691938
Metabolites,1881,0.941883329691938
Metabolites,1882,0.9421018134149006
Metabolites,1883,0.9425387808608259
Metabolites,1884,0.9427572645837885
Metabolites,1885,0.9431942320297138
Metabolites,1886,0.9431942320297138
Metabolites,1887,0.9431942320297138
Metabolites,1888,0.9431942320297138
Metabolites,1889,0.9431942320297138
Metabolites,1890,0.9434127157526764
Metabolites,1891,0.9434127157526764
Metabolites,1892,0.9434127157526764
Metabolites,1893,0.9434127157526764
Metabolites,1894,0.9436311994756391
Metabolites,1895,0.9438496831986017
Metabolites,1896,0.9438496831986017
Metabolites,1897,0.9440681669215644
Metabolites,1898,0.944286650644527
Metabolites,1899,0.944286650644527
Metabolites,1900,0.944286650644527
Metabolites,1901,0.9445051343674896
Metabolites,1902,0.9445051343674896
Metabolites,1903,0.9445051343674896
Metabolites,1904,0.9445051343674896
Metabolites,1905,0.9447236180904522
Metabolites,1906,0.9447236180904522
Metabolites,1907,0.9447236180904522
Metabolites,1908,0.9447236180904522
Metabolites,1909,0.9447236180904522
Metabolites,1910,0.9447236180904522
Metabolites,1911,0.9449421018134149
Metabolites,1912,0.9453790692593402
Metabolites,1913,0.9462530041511907
Metabolites,1914,0.9464714878741534
Metabolites,1915,0.9464714878741534
Metabolites,1916,0.9464714878741534
Metabolites,1917,0.9464714878741534
Metabolites,1918,0.9469084553200786
Metabolites,1919,0.9469084553200786
Metabolites,1920,0.9469084553200786
Metabolites,1921,0.947345422766004
Metabolites,1922,0.9477823902119292
Metabolites,1923,0.9480008739348919
Metabolites,1924,0.9480008739348919
Metabolites,1925,0.9480008739348919
Metabolites,1926,0.9482193576578545
Metabolites,1927,0.9486563251037797
Metabolites,1928,0.9488748088267424
Metabolites,1929,0.9488748088267424
Metabolites,1930,0.9488748088267424
Metabolites,1931,0.9488748088267424
Metabolites,1932,0.9490932925497051
Metabolites,1933,0.9493117762726677
Metabolites,1934,0.9493117762726677
Metabolites,1935,0.949748743718593
Metabolites,1936,0.949748743718593
Metabolites,1937,0.9499672274415556
Metabolites,1938,0.9499672274415556
Metabolites,1939,0.9499672274415556
Metabolites,1940,0.9499672274415556
Metabolites,1941,0.9499672274415556
Metabolites,1942,0.9501857111645182
Metabolites,1943,0.9501857111645182
Metabolites,1944,0.9501857111645182
Metabolites,1945,0.9501857111645182
Metabolites,1946,0.9501857111645182
Metabolites,1947,0.9501857111645182
Metabolites,1948,0.9501857111645182
Metabolites,1949,0.9501857111645182
Metabolites,1950,0.9504041948874808
Metabolites,1951,0.9504041948874808
Metabolites,1952,0.9506226786104435
Metabolites,1953,0.9508411623334062
Metabolites,1954,0.9510596460563688
Metabolites,1955,0.9512781297793315
Metabolites,1956,0.9514966135022941
Metabolites,1957,0.9517150972252567
Metabolites,1958,0.9519335809482193
Metabolites,1959,0.9519335809482193
Metabolites,1960,0.9519335809482193
Metabolites,1961,0.952152064671182
Metabolites,1962,0.952152064671182
Metabolites,1963,0.952152064671182
Metabolites,1964,0.952152064671182
Metabolites,1965,0.9525890321171073
Metabolites,1966,0.95280751584007
Metabolites,1967,0.9532444832859952
Metabolites,1968,0.9534629670089578
Metabolites,1969,0.9534629670089578
Metabolites,1970,0.9534629670089578
Metabolites,1971,0.9534629670089578
Metabolites,1972,0.9534629670089578
Metabolites,1973,0.9536814507319205
Metabolites,1974,0.9536814507319205
Metabolites,1975,0.9536814507319205
Metabolites,1976,0.9536814507319205
Metabolites,1977,0.9536814507319205
Metabolites,1978,0.9536814507319205
Metabolites,1979,0.9536814507319205
Metabolites,1980,0.9538999344548831
Metabolites,1981,0.9541184181778457
Metabolites,1982,0.9543369019008084
Metabolites,1983,0.9543369019008084
Metabolites,1984,0.9543369019008084
Metabolites,1985,0.9543369019008084
Metabolites,1986,0.9543369019008084
Metabolites,1987,0.9543369019008084
Metabolites,1988,0.9545553856237711
Metabolites,1989,0.9545553856237711
Metabolites,1990,0.9545553856237711
Metabolites,1991,0.9549923530696963
Metabolites,1992,0.955210836792659
Metabolites,1993,0.955210836792659
Metabolites,1994,0.955210836792659
Metabolites,1995,0.9554293205156216
Metabolites,1996,0.9554293205156216
Metabolites,1997,0.9554293205156216
Metabolites,1998,0.9554293205156216
Metabolites,1999,0.9558662879615468
Metabolites,2000,0.9558662879615468
Metabolites,2001,0.9558662879615468
Metabolites,2002,0.9558662879615468
Metabolites,2003,0.9560847716845094
Metabolites,2004,0.9563032554074722
Metabolites,2005,0.9563032554074722
Metabolites,2006,0.9567402228533974
Metabolites,2007,0.9569587065763601
Metabolites,2008,0.9569587065763601
Metabolites,2009,0.9569587065763601
Metabolites,2010,0.9569587065763601
Metabolites,2011,0.9571771902993227
Metabolites,2012,0.9571771902993227
Metabolites,2013,0.9573956740222853
Metabolites,2014,0.9573956740222853
Metabolites,2015,0.9576141577452479
Metabolites,2016,0.9578326414682106
Metabolites,2017,0.9578326414682106
Metabolites,2018,0.9578326414682106
Metabolites,2019,0.9578326414682106
Metabolites,2020,0.9580511251911733
Metabolites,2021,0.9582696089141359
Metabolites,2022,0.9584880926370986
Metabolites,2023,0.9584880926370986
Metabolites,2024,0.9587065763600612
Metabolites,2025,0.9589250600830238
Metabolites,2026,0.9591435438059864
Metabolites,2027,0.9591435438059864
Metabolites,2028,0.9593620275289491
Metabolites,2029,0.9593620275289491
Metabolites,2030,0.9593620275289491
Metabolites,2031,0.9593620275289491
Metabolites,2032,0.9595805112519117
Metabolites,2033,0.9597989949748744
Metabolites,2034,0.960017478697837
Metabolites,2035,0.9602359624207997
Metabolites,2036,0.9606729298667249
Metabolites,2037,0.9606729298667249
Metabolites,2038,0.9606729298667249
Metabolites,2039,0.9608914135896875
Metabolites,2040,0.9608914135896875
Metabolites,2041,0.9611098973126502
Metabolites,2042,0.9611098973126502
Metabolites,2043,0.9613283810356128
Metabolites,2044,0.9615468647585755
Metabolites,2045,0.9615468647585755
Metabolites,2046,0.9619838322045008
Metabolites,2047,0.9619838322045008
Metabolites,2048,0.9619838322045008
Metabolites,2049,0.9622023159274634
Metabolites,2050,0.9622023159274634
Metabolites,2051,0.9622023159274634
Metabolites,2052,0.962420799650426
Metabolites,2053,0.9628577670963513
Metabolites,2054,0.9628577670963513
Metabolites,2055,0.9630762508193139
Metabolites,2056,0.9635132182652393
Metabolites,2057,0.9635132182652393
Metabolites,2058,0.9637317019882019
Metabolites,2059,0.9637317019882019
Metabolites,2060,0.9637317019882019
Metabolites,2061,0.9639501857111645
Metabolites,2062,0.9639501857111645
Metabolites,2063,0.9641686694341272
Metabolites,2064,0.9641686694341272
Metabolites,2065,0.9641686694341272
Metabolites,2066,0.9641686694341272
Metabolites,2067,0.9643871531570898
Metabolites,2068,0.9646056368800524
Metabolites,2069,0.964824120603015
Metabolites,2070,0.964824120603015
Metabolites,2071,0.9650426043259777
Metabolites,2072,0.9650426043259777
Metabolites,2073,0.9650426043259777
Metabolites,2074,0.9650426043259777
Metabolites,2075,0.9652610880489404
Metabolites,2076,0.9652610880489404
Metabolites,2077,0.9652610880489404
Metabolites,2078,0.9652610880489404
Metabolites,2079,0.965479571771903
Metabolites,2080,0.9656980554948656
Metabolites,2081,0.9656980554948656
Metabolites,2082,0.9656980554948656
Metabolites,2083,0.9659165392178283
Metabolites,2084,0.9661350229407909
Metabolites,2085,0.9663535066637535
Metabolites,2086,0.9665719903867162
Metabolites,2087,0.9667904741096788
Metabolites,2088,0.9672274415556041
Metabolites,2089,0.9672274415556041
Metabolites,2090,0.9676644090015294
Metabolites,2091,0.967882892724492
Metabolites,2092,0.967882892724492
Metabolites,2093,0.967882892724492
Metabolites,2094,0.967882892724492
Metabolites,2095,0.9681013764474546
Metabolites,2096,0.9683198601704173
Metabolites,2097,0.9683198601704173
Metabolites,2098,0.9683198601704173
Metabolites,2099,0.9683198601704173
Metabolites,2100,0.9685383438933799
Metabolites,2101,0.9689753113393053
Metabolites,2102,0.9689753113393053
Metabolites,2103,0.9689753113393053
Metabolites,2104,0.9691937950622679
Metabolites,2105,0.9691937950622679
Metabolites,2106,0.9694122787852305
Metabolites,2107,0.9696307625081931
Metabolites,2108,0.9698492462311558
Metabolites,2109,0.9698492462311558
Metabolites,2110,0.9698492462311558
Metabolites,2111,0.9698492462311558
Metabolites,2112,0.9698492462311558
Metabolites,2113,0.9698492462311558
Metabolites,2114,0.9698492462311558
Metabolites,2115,0.9698492462311558
Metabolites,2116,0.9698492462311558
Metabolites,2117,0.9698492462311558
Metabolites,2118,0.9698492462311558
Metabolites,2119,0.9698492462311558
Metabolites,2120,0.9698492462311558
Metabolites,2121,0.9700677299541184
Metabolites,2122,0.970286213677081
Metabolites,2123,0.970286213677081
Metabolites,2124,0.970286213677081
Metabolites,2125,0.9707231811230064
Metabolites,2126,0.970941664845969
Metabolites,2127,0.970941664845969
Metabolites,2128,0.9711601485689316
Metabolites,2129,0.9713786322918943
Metabolites,2130,0.9713786322918943
Metabolites,2131,0.9713786322918943
Metabolites,2132,0.9713786322918943
Metabolites,2133,0.9713786322918943
Metabolites,2134,0.9713786322918943
Metabolites,2135,0.9715971160148569
Metabolites,2136,0.9718155997378195
Metabolites,2137,0.9718155997378195
Metabolites,2138,0.9720340834607821
Metabolites,2139,0.9720340834607821
Metabolites,2140,0.9720340834607821
Metabolites,2141,0.9720340834607821
Metabolites,2142,0.9722525671837449
Metabolites,2143,0.9724710509067075
Metabolites,2144,0.9724710509067075
Metabolites,2145,0.9726895346296701
Metabolites,2146,0.9729080183526327
Metabolites,2147,0.9729080183526327
Metabolites,2148,0.9729080183526327
Metabolites,2149,0.9729080183526327
Metabolites,2150,0.9731265020755954
Metabolites,2151,0.973344985798558
Metabolites,2152,0.9737819532444832
Metabolites,2153,0.9737819532444832
Metabolites,2154,0.9737819532444832
Metabolites,2155,0.9737819532444832
Metabolites,2156,0.9740004369674459
Metabolites,2157,0.9742189206904086
Metabolites,2158,0.9742189206904086
Metabolites,2159,0.9742189206904086
Metabolites,2160,0.9746558881363339
Metabolites,2161,0.9748743718592965
Metabolites,2162,0.9748743718592965
Metabolites,2163,0.9748743718592965
Metabolites,2164,0.9750928555822591
Metabolites,2165,0.9750928555822591
Metabolites,2166,0.9753113393052217
Metabolites,2167,0.9753113393052217
Metabolites,2168,0.9753113393052217
Metabolites,2169,0.9755298230281844
Metabolites,2170,0.9755298230281844
Metabolites,2171,0.975748306751147
Metabolites,2172,0.975748306751147
Metabolites,2173,0.9759667904741097
Metabolites,2174,0.9761852741970724
Metabolites,2175,0.9761852741970724
Metabolites,2176,0.9761852741970724
Metabolites,2177,0.9761852741970724
Metabolites,2178,0.976403757920035
Metabolites,2179,0.9766222416429976
Metabolites,2180,0.9766222416429976
Metabolites,2181,0.9766222416429976
Metabolites,2182,0.9768407253659602
Metabolites,2183,0.9770592090889229
Metabolites,2184,0.9770592090889229
Metabolites,2185,0.9770592090889229
Metabolites,2186,0.9770592090889229
Metabolites,2187,0.9770592090889229
Metabolites,2188,0.9770592090889229
Metabolites,2189,0.9772776928118855
Metabolites,2190,0.9772776928118855
Metabolites,2191,0.9777146602578108
Metabolites,2192,0.9777146602578108
Metabolites,2193,0.9779331439807735
Metabolites,2194,0.9781516277037361
Metabolites,2195,0.9781516277037361
Metabolites,2196,0.9783701114266987
Metabolites,2197,0.9785885951496613
Metabolites,2198,0.9785885951496613
Metabolites,2199,0.978807078872624
Metabolites,2200,0.978807078872624
Metabolites,2201,0.9790255625955866
Metabolites,2202,0.9790255625955866
Metabolites,2203,0.9790255625955866
Metabolites,2204,0.9792440463185492
Metabolites,2205,0.9792440463185492
Metabolites,2206,0.9792440463185492
Metabolites,2207,0.979462530041512
Metabolites,2208,0.9796810137644746
Metabolites,2209,0.9796810137644746
Metabolites,2210,0.9801179812103998
Metabolites,2211,0.9801179812103998
Metabolites,2212,0.9803364649333625
Metabolites,2213,0.9803364649333625
Metabolites,2214,0.9805549486563251
Metabolites,2215,0.9807734323792877
Metabolites,2216,0.9807734323792877
Metabolites,2217,0.9807734323792877
Metabolites,2218,0.9809919161022503
Metabolites,2219,0.9809919161022503
Metabolites,2220,0.9812103998252131
Metabolites,2221,0.9814288835481757
Metabolites,2222,0.9814288835481757
Metabolites,2223,0.9814288835481757
Metabolites,2224,0.9814288835481757
Metabolites,2225,0.9814288835481757
Metabolites,2226,0.9816473672711383
Metabolites,2227,0.9816473672711383
Metabolites,2228,0.9816473672711383
Metabolites,2229,0.9816473672711383
Metabolites,2230,0.981865850994101
Metabolites,2231,0.9820843347170636
Metabolites,2232,0.9823028184400262
Metabolites,2233,0.9823028184400262
Metabolites,2234,0.9825213021629888
Metabolites,2235,0.9825213021629888
Metabolites,2236,0.9825213021629888
Metabolites,2237,0.9825213021629888
Metabolites,2238,0.9825213021629888
Metabolites,2239,0.9825213021629888
Metabolites,2240,0.9825213021629888
Metabolites,2241,0.9827397858859515
Metabolites,2242,0.9827397858859515
Metabolites,2243,0.9827397858859515
Metabolites,2244,0.9827397858859515
Metabolites,2245,0.9827397858859515
Metabolites,2246,0.9829582696089141
Metabolites,2247,0.9829582696089141
Metabolites,2248,0.9829582696089141
Metabolites,2249,0.9829582696089141
Metabolites,2250,0.9829582696089141
Metabolites,2251,0.9829582696089141
Metabolites,2252,0.9829582696089141
Metabolites,2253,0.9831767533318768
Metabolites,2254,0.9836137207778021
Metabolites,2255,0.9836137207778021
Metabolites,2256,0.9838322045007647
Metabolites,2257,0.9838322045007647
Metabolites,2258,0.9838322045007647
Metabolites,2259,0.9838322045007647
Metabolites,2260,0.9838322045007647
Metabolites,2261,0.9840506882237273
Metabolites,2262,0.9840506882237273
Metabolites,2263,0.9840506882237273
Metabolites,2264,0.98426917194669
Metabolites,2265,0.98426917194669
Metabolites,2266,0.98426917194669
Metabolites,2267,0.98426917194669
Metabolites,2268,0.98426917194669
Metabolites,2269,0.98426917194669
Metabolites,2270,0.9844876556696526
Metabolites,2271,0.9847061393926152
Metabolites,2272,0.9847061393926152
Metabolites,2273,0.9847061393926152
Metabolites,2274,0.9849246231155779
Metabolites,2275,0.9851431068385406
Metabolites,2276,0.9853615905615032
Metabolites,2277,0.9853615905615032
Metabolites,2278,0.9853615905615032
Metabolites,2279,0.9853615905615032
Metabolites,2280,0.9855800742844658
Metabolites,2281,0.9855800742844658
Metabolites,2282,0.9855800742844658
Metabolites,2283,0.9855800742844658
Metabolites,2284,0.9857985580074284
Metabolites,2285,0.9860170417303911
Metabolites,2286,0.9862355254533537
Metabolites,2287,0.9862355254533537
Metabolites,2288,0.9862355254533537
Metabolites,2289,0.986672492899279
Metabolites,2290,0.9868909766222417
Metabolites,2291,0.9873279440681669
Metabolites,2292,0.9877649115140922
Metabolites,2293,0.9877649115140922
Metabolites,2294,0.9877649115140922
Metabolites,2295,0.9877649115140922
Metabolites,2296,0.9877649115140922
Metabolites,2297,0.9877649115140922
Metabolites,2298,0.9877649115140922
Metabolites,2299,0.9877649115140922
Metabolites,2300,0.9879833952370548
Metabolites,2301,0.9882018789600174
Metabolites,2302,0.9882018789600174
Metabolites,2303,0.9884203626829802
Metabolites,2304,0.9884203626829802
Metabolites,2305,0.9888573301289054
Metabolites,2306,0.9888573301289054
Metabolites,2307,0.989075813851868
Metabolites,2308,0.9892942975748307
Metabolites,2309,0.9895127812977933
Metabolites,2310,0.9895127812977933
Metabolites,2311,0.9897312650207559
Metabolites,2312,0.9897312650207559
Metabolites,2313,0.9897312650207559
Metabolites,2314,0.9899497487437185
Metabolites,2315,0.9901682324666813
Metabolites,2316,0.9901682324666813
Metabolites,2317,0.9901682324666813
Metabolites,2318,0.9903867161896439
Metabolites,2319,0.9908236836355692
Metabolites,2320,0.9908236836355692
Metabolites,2321,0.9910421673585318
Metabolites,2322,0.9910421673585318
Metabolites,2323,0.9910421673585318
Metabolites,2324,0.9910421673585318
Metabolites,2325,0.9910421673585318
Metabolites,2326,0.9910421673585318
Metabolites,2327,0.9910421673585318
Metabolites,2328,0.9910421673585318
Metabolites,2329,0.991479134804457
Metabolites,2330,0.991479134804457
Metabolites,2331,0.991479134804457
Metabolites,2332,0.991479134804457
Metabolites,2333,0.991479134804457
Metabolites,2334,0.9919161022503823
Metabolites,2335,0.992134585973345
Metabolites,2336,0.9923530696963077
Metabolites,2337,0.9925715534192703
Metabolites,2338,0.9925715534192703
Metabolites,2339,0.9927900371422329
Metabolites,2340,0.9930085208651955
Metabolites,2341,0.9930085208651955
Metabolites,2342,0.9930085208651955
Metabolites,2343,0.9932270045881582
Metabolites,2344,0.9932270045881582
Metabolites,2345,0.9934454883111208
Metabolites,2346,0.9936639720340834
Metabolites,2347,0.9936639720340834
Metabolites,2348,0.9936639720340834
Metabolites,2349,0.9936639720340834
Metabolites,2350,0.9936639720340834
Metabolites,2351,0.9936639720340834
Metabolites,2352,0.9938824557570461
Metabolites,2353,0.9938824557570461
Metabolites,2354,0.9938824557570461
Metabolites,2355,0.9938824557570461
Metabolites,2356,0.9938824557570461
Metabolites,2357,0.9941009394800088
Metabolites,2358,0.9941009394800088
Metabolites,2359,0.9943194232029714
Metabolites,2360,0.9943194232029714
Metabolites,2361,0.9943194232029714
Metabolites,2362,0.994537906925934
Metabolites,2363,0.994537906925934
Metabolites,2364,0.9947563906488966
Metabolites,2365,0.9947563906488966
Metabolites,2366,0.9947563906488966
Metabolites,2367,0.9947563906488966
Metabolites,2368,0.9947563906488966
Metabolites,2369,0.9947563906488966
Metabolites,2370,0.9947563906488966
Metabolites,2371,0.9947563906488966
Metabolites,2372,0.9947563906488966
Metabolites,2373,0.9947563906488966
Metabolites,2374,0.9947563906488966
Metabolites,2375,0.9947563906488966
Metabolites,2376,0.9949748743718593
Metabolites,2377,0.9951933580948219
Metabolites,2378,0.9951933580948219
Metabolites,2379,0.9951933580948219
Metabolites,2380,0.9954118418177845
Metabolites,2381,0.9956303255407473
Metabolites,2382,0.9956303255407473
Metabolites,2383,0.9960672929866725
Metabolites,2384,0.9960672929866725
Metabolites,2385,0.9960672929866725
Metabolites,2386,0.9960672929866725
Metabolites,2387,0.9962857767096351
Metabolites,2388,0.9962857767096351
Metabolites,2389,0.9962857767096351
Metabolites,2390,0.9962857767096351
Metabolites,2391,0.9962857767096351
Metabolites,2392,0.9965042604325978
Metabolites,2393,0.9965042604325978
Metabolites,2394,0.9965042604325978
Metabolites,2395,0.9965042604325978
Metabolites,2396,0.996941227878523
Metabolites,2397,0.996941227878523
Metabolites,2398,0.996941227878523
Metabolites,2399,0.9971597116014856
Metabolites,2400,0.9973781953244484
Metabolites,2401,0.9973781953244484
Metabolites,2402,0.997596679047411
Metabolites,2403,0.997596679047411
Metabolites,2404,0.997596679047411
Metabolites,2405,0.997596679047411
Metabolites,2406,0.9978151627703736
Metabolites,2407,0.9978151627703736
Metabolites,2408,0.9980336464933363
Metabolites,2409,0.9980336464933363
Metabolites,2410,0.9980336464933363
Metabolites,2411,0.9980336464933363
Metabolites,2412,0.9982521302162989
Metabolites,2413,0.9982521302162989
Metabolites,2414,0.9982521302162989
Metabolites,2415,0.9984706139392615
Metabolites,2416,0.9984706139392615
Metabolites,2417,0.9984706139392615
Metabolites,2418,0.9984706139392615
Metabolites,2419,0.9984706139392615
Metabolites,2420,0.9986890976622241
Metabolites,2421,0.9986890976622241
Metabolites,2422,0.9989075813851868
Metabolites,2423,0.9989075813851868
Metabolites,2424,0.9989075813851868
Metabolites,2425,0.9989075813851868
Metabolites,2426,0.9989075813851868
Metabolites,2427,0.9989075813851868
Metabolites,2428,0.9989075813851868
Metabolites,2429,0.9989075813851868
Metabolites,2430,0.9989075813851868
Metabolites,2431,0.9991260651081495
Metabolites,2432,0.9993445488311121
Metabolites,2433,0.9997815162770374
Metabolites,2434,0.9997815162770374
Metabolites,2435,0.9997815162770374
Metabolites,2436,0.9997815162770374
Metabolites,2437,0.9997815162770374
Metabolites,2438,0.9997815162770374
Metabolites,2439,0.9997815162770374
Metabolites,2440,0.9997815162770374
Metabolites,2441,0.9997815162770374
Metabolites,2442,0.9997815162770374
Metabolites,2443,1.0
Metabolites,2444,1.0
Metabolites,2445,1.0
Metabolites,2446,1.0
Metabolites,2447,1.0
Metabolites,2448,1.0
Metabolites,2449,1.0
Metabolites,2450,1.0
Metabolites,2451,1.0
Metabolites,2452,1.0
Metabolites,2453,1.0
Metabolites,2454,1.0
Metabolites,2455,1.0
Metabolites,2456,1.0
Metabolites,2457,1.0
Metabolites,2458,1.0
Metabolites,2459,1.0
Metabolites,2460,1.0
Metabolites,2461,1.0
Metabolites,2462,1.0
Conversions,1,0.006774727756310534
Conversions,2,0.013198173332664225
Conversions,3,0.018517589200582125
Conversions,4,0.023535906057108445
Conversions,5,0.02845385657650424
Conversions,6,0.03276960907311688
Conversions,7,0.03698499523259899
Conversions,8,0.04104983188638531
Conversions,9,0.04486375269734531
Conversions,10,0.04862749033974005
Conversions,11,0.05234104481356953
Conversions,12,0.05600441611883374
Conversions,13,0.0596176042555327
Conversions,14,0.06297987654940533
Conversions,15,0.0662919656747127
Conversions,16,0.06955387163145481
Conversions,17,0.07281577758819692
Conversions,18,0.0759773172078085
Conversions,19,0.07908867365885482
Conversions,20,0.08214984694133588
Conversions,21,0.08521102022381694
Conversions,22,0.08827219350629799
Conversions,23,0.09128318362021379
Conversions,24,0.0942439905655643
Conversions,25,0.09715461434234958
Conversions,26,0.10001505495056957
Conversions,27,0.10277512922165906
Conversions,28,0.10553520349274853
Conversions,29,0.108295277763838
Conversions,30,0.11095498569779697
Conversions,31,0.11361469363175591
Conversions,32,0.11627440156571486
Conversions,33,0.11888392633110854
Conversions,34,0.12149345109650224
Conversions,35,0.12405279269333065
Conversions,36,0.12651176795302854
Conversions,37,0.12897074321272645
Conversions,38,0.1313795353038591
Conversions,39,0.13378832739499172
Conversions,40,0.13619711948612434
Conversions,41,0.138605911577257
Conversions,42,0.1410147036683896
Conversions,43,0.14342349575952226
Conversions,44,0.14578210468208963
Conversions,45,0.148140713604657
Conversions,46,0.15039895619009383
Conversions,47,0.1526571987755307
Conversions,48,0.15491544136096752
Conversions,49,0.15712350077783913
Conversions,50,0.1593315601947107
Conversions,51,0.16153961961158228
Conversions,52,0.1636974958598886
Conversions,53,0.1658553721081949
Conversions,54,0.16801324835650122
Conversions,55,0.1701209414362423
Conversions,56,0.17222863451598333
Conversions,57,0.1743363275957244
Conversions,58,0.17644402067546544
Conversions,59,0.1785517137552065
Conversions,60,0.18065940683494755
Conversions,61,0.18271691674612334
Conversions,62,0.18472424348873387
Conversions,63,0.1867315702313444
Conversions,64,0.18868871380538968
Conversions,65,0.19064585737943493
Conversions,66,0.1926030009534802
Conversions,67,0.1945099613589602
Conversions,68,0.1964169217644402
Conversions,69,0.1983238821699202
Conversions,70,0.20023084257540022
Conversions,71,0.20213780298088022
Conversions,72,0.2040447633863602
Conversions,73,0.2059517237918402
Conversions,74,0.20785868419732023
Conversions,75,0.20971546143423495
Conversions,76,0.21152205550258443
Conversions,77,0.21332864957093392
Conversions,78,0.21513524363928338
Conversions,79,0.21694183770763287
Conversions,80,0.21874843177598233
Conversions,81,0.22055502584433181
Conversions,82,0.22236161991268127
Conversions,83,0.2241180308124655
Conversions,84,0.2258744417122497
Conversions,85,0.22763085261203392
Conversions,86,0.22933708034325287
Conversions,87,0.23104330807447182
Conversions,88,0.23269935263712552
Conversions,89,0.2343553971997792
Conversions,90,0.23601144176243288
Conversions,91,0.23766748632508655
Conversions,92,0.23932353088774025
Conversions,93,0.24097957545039395
Conversions,94,0.24258543684448236
Conversions,95,0.24419129823857078
Conversions,96,0.24579715963265922
Conversions,97,0.24740302102674763
Conversions,98,0.24900888242083605
Conversions,99,0.2506147438149245
Conversions,100,0.2522206052090129
Conversions,101,0.2538264666031013
Conversions,102,0.2553821448286245
Conversions,103,0.25693782305414764
Conversions,104,0.2584935012796708
Conversions,105,0.26004917950519396
Conversions,106,0.2616048577307171
Conversions,107,0.2631605359562403
Conversions,108,0.26471621418176344
Conversions,109,0.26622170923872135
Conversions,110,0.26772720429567926
Conversions,111,0.2692326993526371
Conversions,112,0.270738194409595
Conversions,113,0.2722436894665529
Conversions,114,0.2737491845235108
Conversions,115,0.27525467958046873
Conversions,116,0.2767601746374266
Conversions,117,0.2782656696943845
Conversions,118,0.2797711647513424
Conversions,119,0.2812766598083003
Conversions,120,0.2827821548652582
Conversions,121,0.2842876499222161
Conversions,122,0.2857429618106087
Conversions,123,0.28719827369900136
Conversions,124,0.288653585587394
Conversions,125,0.2901088974757866
Conversions,126,0.29156420936417926
Conversions,127,0.2930195212525719
Conversions,128,0.29442464997239925
Conversions,129,0.29582977869222665
Conversions,130,0.297234907412054
Conversions,131,0.2986400361318814
Conversions,132,0.30004516485170873
Conversions,133,0.30145029357153613
Conversions,134,0.3028554222913635
Conversions,135,0.30426055101119087
Conversions,136,0.3056656797310182
Conversions,137,0.3070708084508456
Conversions,138,0.30847593717067295
Conversions,139,0.30988106589050035
Conversions,140,0.3112861946103277
Conversions,141,0.3126411401615898
Conversions,142,0.3139960857128519
Conversions,143,0.315351031264114
Conversions,144,0.3167059768153761
Conversions,145,0.31806092236663824
Conversions,146,0.31941586791790033
Conversions,147,0.3207708134691624
Conversions,148,0.32212575902042456
Conversions,149,0.32348070457168665
Conversions,150,0.32483565012294874
Conversions,151,0.3261905956742109
Conversions,152,0.32754554122547297
Conversions,153,0.32890048677673506
Conversions,154,0.3302554323279972
Conversions,155,0.3316103778792593
Conversions,156,0.3329653234305214
Conversions,157,0.3343202689817835
Conversions,158,0.3356752145330456
Conversions,159,0.33703016008430775
Conversions,160,0.33838510563556984
Conversions,161,0.3397400511868319
Conversions,162,0.34104481356952876
Conversions,163,0.34234957595222565
Conversions,164,0.3436543383349225
Conversions,165,0.3449591007176193
Conversions,166,0.34626386310031615
Conversions,167,0.347568625483013
Conversions,168,0.3488733878657098
Conversions,169,0.3501781502484067
Conversions,170,0.35148291263110354
Conversions,171,0.3527876750138004
Conversions,172,0.3540924373964972
Conversions,173,0.3553470166106288
Conversions,174,0.35660159582476036
Conversions,175,0.35785617503889194
Conversions,176,0.3591107542530235
Conversions,177,0.3603653334671551
Conversions,178,0.3616199126812867
Conversions,179,0.36287449189541826
Conversions,180,0.36412907110954984
Conversions,181,0.3653836503236814
Conversions,182,0.366638229537813
Conversions,183,0.3678928087519446
Conversions,184,0.36914738796607616
Conversions,185,0.37040196718020774
Conversions,186,0.3716565463943393
Conversions,187,0.3729111256084709
Conversions,188,0.3741657048226025
Conversions,189,0.3753701008681688
Conversions,190,0.3765744969137351
Conversions,191,0.37777889295930145
Conversions,192,0.3789832890048678
Conversions,193,0.3801876850504341
Conversions,194,0.3813920810960004
Conversions,195,0.3825964771415667
Conversions,196,0.383800873187133
Conversions,197,0.38500526923269934
Conversions,198,0.38620966527826567
Conversions,199,0.387414061323832
Conversions,200,0.3886184573693983
Conversions,201,0.38982285341496464
Conversions,202,0.39097706629196566
Conversions,203,0.39213127916896673
Conversions,204,0.3932854920459678
Conversions,205,0.3944397049229688
Conversions,206,0.3955939177999699
Conversions,207,0.39674813067697096
Conversions,208,0.39790234355397197
Conversions,209,0.39905655643097304
Conversions,210,0.4002107693079741
Conversions,211,0.4013649821849752
Conversions,212,0.4025191950619762
Conversions,213,0.40367340793897727
Conversions,214,0.40482762081597834
Conversions,215,0.40598183369297935
Conversions,216,0.4071360465699804
Conversions,217,0.4082902594469815
Conversions,218,0.40939428915541726
Conversions,219,0.4104983188638531
Conversions,220,0.41160234857228883
Conversions,221,0.41270637828072465
Conversions,222,0.4138104079891604
Conversions,223,0.41491443769759623
Conversions,224,0.41596828423746673
Conversions,225,0.4170221307773373
Conversions,226,0.4180759773172078
Conversions,227,0.4191298238570783
Conversions,228,0.42018367039694887
Conversions,229,0.4212375169368194
Conversions,230,0.42229136347668994
Conversions,231,0.42334521001656045
Conversions,232,0.42439905655643095
Conversions,233,0.4254529030963015
Conversions,234,0.426506749636172
Conversions,235,0.42756059617604253
Conversions,236,0.4286144427159131
Conversions,237,0.4296682892557836
Conversions,238,0.43072213579565416
Conversions,239,0.43177598233552467
Conversions,240,0.4327796457068299
Conversions,241,0.43378330907813517
Conversions,242,0.4347869724494405
Conversions,243,0.43579063582074573
Conversions,244,0.436794299192051
Conversions,245,0.43779796256335624
Conversions,246,0.4388016259346615
Conversions,247,0.4398052893059668
Conversions,248,0.44080895267727205
Conversions,249,0.4418126160485773
Conversions,250,0.44281627941988255
Conversions,251,0.44381994279118786
Conversions,252,0.4448236061624931
Conversions,253,0.4457770863652331
Conversions,254,0.4467305665679731
Conversions,255,0.4476840467707131
Conversions,256,0.4486375269734531
Conversions,257,0.4495910071761931
Conversions,258,0.4505444873789331
Conversions,259,0.4514979675816731
Conversions,260,0.4524514477844131
Conversions,261,0.4534049279871531
Conversions,262,0.4543584081898931
Conversions,263,0.4553118883926331
Conversions,264,0.4562653685953731
Conversions,265,0.4572188487981131
Conversions,266,0.45817232900085314
Conversions,267,0.45912580920359314
Conversions,268,0.46007928940633314
Conversions,269,0.46103276960907313
Conversions,270,0.46198624981181313
Conversions,271,0.46293973001455313
Conversions,272,0.46389321021729313
Conversions,273,0.46479650725146787
Conversions,274,0.4656998042856426
Conversions,275,0.46660310131981736
Conversions,276,0.46750639835399205
Conversions,277,0.4684096953881668
Conversions,278,0.46931299242234154
Conversions,279,0.4702162894565163
Conversions,280,0.471119586490691
Conversions,281,0.47202288352486577
Conversions,282,0.4729261805590405
Conversions,283,0.47382947759321525
Conversions,284,0.47473277462739
Conversions,285,0.4756360716615647
Conversions,286,0.47653936869573943
Conversions,287,0.4774426657299142
Conversions,288,0.4783459627640889
Conversions,289,0.47924925979826366
Conversions,290,0.4801525568324384
Conversions,291,0.48105585386661315
Conversions,292,0.4819591509007879
Conversions,293,0.4828122647663973
Conversions,294,0.4836653786320068
Conversions,295,0.4845184924976163
Conversions,296,0.4853716063632258
Conversions,297,0.4862247202288352
Conversions,298,0.4870778340944447
Conversions,299,0.4879309479600542
Conversions,300,0.4887840618256637
Conversions,301,0.48963717569127313
Conversions,302,0.4904902895568826
Conversions,303,0.4913434034224921
Conversions,304,0.4921965172881016
Conversions,305,0.49304963115371103
Conversions,306,0.4939027450193205
Conversions,307,0.49475585888493
Conversions,308,0.49560897275053944
Conversions,309,0.49646208661614893
Conversions,310,0.4973152004817584
Conversions,311,0.4981683143473679
Conversions,312,0.49902142821297735
Conversions,313,0.49987454207858684
Conversions,314,0.5007276559441963
Conversions,315,0.5015305866412405
Conversions,316,0.5023335173382847
Conversions,317,0.503136448035329
Conversions,318,0.5039393787323732
Conversions,319,0.5047423094294173
Conversions,320,0.5055452401264616
Conversions,321,0.5063481708235058
Conversions,322,0.50715110152055
Conversions,323,0.5079540322175942
Conversions,324,0.5087569629146385
Conversions,325,0.5095598936116826
Conversions,326,0.5103628243087268
Conversions,327,0.5111657550057711
Conversions,328,0.5119686857028153
Conversions,329,0.5127716163998595
Conversions,330,0.5135745470969036
Conversions,331,0.5143774777939479
Conversions,332,0.5151804084909921
Conversions,333,0.5159833391880363
Conversions,334,0.5167862698850806
Conversions,335,0.5175892005821248
Conversions,336,0.5183921312791689
Conversions,337,0.5191950619762131
Conversions,338,0.5199979926732574
Conversions,339,0.5208009233703016
Conversions,340,0.5216038540673458
Conversions,341,0.5224067847643901
Conversions,342,0.5232097154614342
Conversions,343,0.5240126461584784
Conversions,344,0.5248155768555226
Conversions,345,0.5256185075525669
Conversions,346,0.5264214382496111
Conversions,347,0.5272243689466553
Conversions,348,0.5280272996436995
Conversions,349,0.5288302303407437
Conversions,350,0.5295829778692227
Conversions,351,0.5303357253977016
Conversions,352,0.5310884729261806
Conversions,353,0.5318412204546595
Conversions,354,0.5325939679831384
Conversions,355,0.5333467155116174
Conversions,356,0.5340994630400964
Conversions,357,0.5348522105685753
Conversions,358,0.5356049580970542
Conversions,359,0.5363577056255332
Conversions,360,0.5371104531540122
Conversions,361,0.537863200682491
Conversions,362,0.53861594821097
Conversions,363,0.539368695739449
Conversions,364,0.540121443267928
Conversions,365,0.5408741907964069
Conversions,366,0.5416269383248858
Conversions,367,0.5423796858533648
Conversions,368,0.5431324333818437
Conversions,369,0.5438851809103227
Conversions,370,0.5446379284388017
Conversions,371,0.5453906759672805
Conversions,372,0.5461434234957595
Conversions,373,0.5468961710242385
Conversions,374,0.5476489185527175
Conversions,375,0.5484016660811963
Conversions,376,0.5491544136096753
Conversions,377,0.5499071611381543
Conversions,378,0.5506599086666332
Conversions,379,0.5514126561951121
Conversions,380,0.5521654037235911
Conversions,381,0.55291815125207
Conversions,382,0.553670898780549
Conversions,383,0.554423646309028
Conversions,384,0.5551763938375069
Conversions,385,0.5558789581974206
Conversions,386,0.5565815225573343
Conversions,387,0.557284086917248
Conversions,388,0.5579866512771616
Conversions,389,0.5586892156370753
Conversions,390,0.559391779996989
Conversions,391,0.5600943443569026
Conversions,392,0.5607969087168164
Conversions,393,0.5614994730767301
Conversions,394,0.5622020374366438
Conversions,395,0.5629046017965574
Conversions,396,0.5636071661564711
Conversions,397,0.5643097305163848
Conversions,398,0.5650122948762984
Conversions,399,0.5657148592362121
Conversions,400,0.5664174235961259
Conversions,401,0.5671199879560396
Conversions,402,0.5678225523159532
Conversions,403,0.5685251166758669
Conversions,404,0.5692276810357806
Conversions,405,0.5699302453956943
Conversions,406,0.5706328097556079
Conversions,407,0.5713353741155216
Conversions,408,0.5720379384754354
Conversions,409,0.572740502835349
Conversions,410,0.5734430671952627
Conversions,411,0.5741456315551764
Conversions,412,0.5748481959150901
Conversions,413,0.5755507602750037
Conversions,414,0.5762533246349174
Conversions,415,0.5769558889948311
Conversions,416,0.5776584533547449
Conversions,417,0.5783610177146585
Conversions,418,0.5790635820745722
Conversions,419,0.5797159632659206
Conversions,420,0.580368344457269
Conversions,421,0.5810207256486175
Conversions,422,0.5816731068399659
Conversions,423,0.5823254880313143
Conversions,424,0.5829778692226627
Conversions,425,0.5836302504140112
Conversions,426,0.5842826316053595
Conversions,427,0.584935012796708
Conversions,428,0.5855873939880564
Conversions,429,0.5862397751794048
Conversions,430,0.5868921563707532
Conversions,431,0.5875445375621017
Conversions,432,0.58819691875345
Conversions,433,0.5888492999447985
Conversions,434,0.589501681136147
Conversions,435,0.5901540623274953
Conversions,436,0.5908064435188438
Conversions,437,0.5914588247101922
Conversions,438,0.5921112059015406
Conversions,439,0.592763587092889
Conversions,440,0.5934159682842375
Conversions,441,0.5940683494755858
Conversions,442,0.5947207306669343
Conversions,443,0.5953731118582827
Conversions,444,0.5960254930496311
Conversions,445,0.5966778742409796
Conversions,446,0.597330255432328
Conversions,447,0.5979826366236765
Conversions,448,0.5986350178150248
Conversions,449,0.5992873990063733
Conversions,450,0.5999397801977217
Conversions,451,0.6005921613890701
Conversions,452,0.6012445425804185
Conversions,453,0.6018467406032016
Conversions,454,0.6024489386259848
Conversions,455,0.603051136648768
Conversions,456,0.6036533346715511
Conversions,457,0.6042555326943343
Conversions,458,0.6048577307171175
Conversions,459,0.6054599287399006
Conversions,460,0.6060621267626838
Conversions,461,0.606664324785467
Conversions,462,0.6072665228082501
Conversions,463,0.6078687208310333
Conversions,464,0.6084709188538164
Conversions,465,0.6090731168765996
Conversions,466,0.6096753148993828
Conversions,467,0.6102775129221659
Conversions,468,0.6108797109449491
Conversions,469,0.6114819089677322
Conversions,470,0.6120841069905154
Conversions,471,0.6126863050132986
Conversions,472,0.6132885030360817
Conversions,473,0.6138907010588649
Conversions,474,0.6144928990816481
Conversions,475,0.6150950971044312
Conversions,476,0.6156972951272144
Conversions,477,0.6162994931499975
Conversions,478,0.6169016911727806
Conversions,479,0.6175038891955638
Conversions,480,0.6181060872183469
Conversions,481,0.6187082852411301
Conversions,482,0.6193104832639132
Conversions,483,0.6199126812866964
Conversions,484,0.6205148793094796
Conversions,485,0.6211170773322627
Conversions,486,0.6217192753550459
Conversions,487,0.6223214733778291
Conversions,488,0.6229236714006122
Conversions,489,0.6235258694233954
Conversions,490,0.6241280674461785
Conversions,491,0.6247302654689617
Conversions,492,0.6253324634917449
Conversions,493,0.625934661514528
Conversions,494,0.6265368595373112
Conversions,495,0.6271390575600944
Conversions,496,0.6277412555828775
Conversions,497,0.6283434536056607
Conversions,498,0.6289456516284438
Conversions,499,0.629547849651227
Conversions,500,0.6301500476740102
Conversions,501,0.6307522456967933
Conversions,502,0.6313544437195765
Conversions,503,0.6319566417423597
Conversions,504,0.6325588397651428
Conversions,505,0.633161037787926
Conversions,506,0.633763235810709
Conversions,507,0.6343654338334922
Conversions,508,0.6349676318562754
Conversions,509,0.6355196467104933
Conversions,510,0.6360716615647112
Conversions,511,0.6366236764189291
Conversions,512,0.637175691273147
Conversions,513,0.6377277061273648
Conversions,514,0.6382797209815828
Conversions,515,0.6388317358358007
Conversions,516,0.6393837506900185
Conversions,517,0.6399357655442365
Conversions,518,0.6404877803984543
Conversions,519,0.6410397952526723
Conversions,520,0.6415918101068901
Conversions,521,0.642143824961108
Conversions,522,0.642695839815326
Conversions,523,0.6432478546695438
Conversions,524,0.6437998695237618
Conversions,525,0.6443518843779796
Conversions,526,0.6449038992321975
Conversions,527,0.6454559140864154
Conversions,528,0.6460079289406333
Conversions,529,0.6465599437948512
Conversions,530,0.6471119586490691
Conversions,531,0.647663973503287
Conversions,532,0.6482159883575049
Conversions,533,0.6487680032117228
Conversions,534,0.6493200180659406
Conversions,535,0.6498720329201586
Conversions,536,0.6504240477743765
Conversions,537,0.6509760626285944
Conversions,538,0.6515280774828123
Conversions,539,0.6520800923370301
Conversions,540,0.6526321071912481
Conversions,541,0.6531841220454659
Conversions,542,0.6537361368996838
Conversions,543,0.6542881517539018
Conversions,544,0.6548401666081196
Conversions,545,0.6553921814623376
Conversions,546,0.6559441963165554
Conversions,547,0.6564962111707733
Conversions,548,0.6570482260249912
Conversions,549,0.6576002408792091
Conversions,550,0.6581522557334271
Conversions,551,0.6587042705876449
Conversions,552,0.6592562854418628
Conversions,553,0.6598083002960807
Conversions,554,0.6603603151502986
Conversions,555,0.6609123300045164
Conversions,556,0.6614643448587344
Conversions,557,0.6620163597129523
Conversions,558,0.6625683745671702
Conversions,559,0.6631203894213881
Conversions,560,0.6636724042756059
Conversions,561,0.6642244191298239
Conversions,562,0.6647262508154765
Conversions,563,0.6652280825011291
Conversions,564,0.6657299141867817
Conversions,565,0.6662317458724344
Conversions,566,0.666733577558087
Conversions,567,0.6672354092437397
Conversions,568,0.6677372409293922
Conversions,569,0.6682390726150449
Conversions,570,0.6687409043006975
Conversions,571,0.6692427359863502
Conversions,572,0.6697445676720029
Conversions,573,0.6702463993576554
Conversions,574,0.670748231043308
Conversions,575,0.6712500627289607
Conversions,576,0.6717518944146134
Conversions,577,0.672253726100266
Conversions,578,0.6727555577859186
Conversions,579,0.6732573894715712
Conversions,580,0.6737592211572239
Conversions,581,0.6742610528428765
Conversions,582,0.6747628845285292
Conversions,583,0.6752647162141817
Conversions,584,0.6757665478998344
Conversions,585,0.676268379585487
Conversions,586,0.6767702112711397
Conversions,587,0.6772720429567923
Conversions,588,0.6777738746424449
Conversions,589,0.6782757063280975
Conversions,590,0.6787775380137502
Conversions,591,0.6792793696994028
Conversions,592,0.6797812013850555
Conversions,593,0.680283033070708
Conversions,594,0.6807848647563607
Conversions,595,0.6812866964420133
Conversions,596,0.681788528127666
Conversions,597,0.6822903598133186
Conversions,598,0.6827921914989712
Conversions,599,0.6832940231846238
Conversions,600,0.6837958548702765
Conversions,601,0.6842976865559292
Conversions,602,0.6847995182415818
Conversions,603,0.6853013499272345
Conversions,604,0.685803181612887
Conversions,605,0.6863050132985397
Conversions,606,0.6868068449841923
Conversions,607,0.687308676669845
Conversions,608,0.6878105083554976
Conversions,609,0.6883123400411502
Conversions,610,0.6888141717268028
Conversions,611,0.6893160034124555
Conversions,612,0.6898178350981081
Conversions,613,0.6903196667837608
Conversions,614,0.6908214984694133
Conversions,615,0.691323330155066
Conversions,616,0.6918251618407186
Conversions,617,0.6923269935263713
Conversions,618,0.6928288252120239
Conversions,619,0.6933306568976765
Conversions,620,0.6938324885833291
Conversions,621,0.6943343202689818
Conversions,622,0.6948361519546344
Conversions,623,0.6953379836402871
Conversions,624,0.6958398153259396
Conversions,625,0.6963416470115923
Conversions,626,0.696843478697245
Conversions,627,0.6973453103828976
Conversions,628,0.6978471420685503
Conversions,629,0.6983489737542028
Conversions,630,0.6988508054398554
Conversions,631,0.6993526371255081
Conversions,632,0.6998544688111608
Conversions,633,0.7003563004968134
Conversions,634,0.7008079490139008
Conversions,635,0.7012595975309881
Conversions,636,0.7017112460480754
Conversions,637,0.7021628945651629
Conversions,638,0.7026145430822502
Conversions,639,0.7030661915993376
Conversions,640,0.7035178401164249
Conversions,641,0.7039694886335123
Conversions,642,0.7044211371505997
Conversions,643,0.7048727856676871
Conversions,644,0.7053244341847744
Conversions,645,0.7057760827018618
Conversions,646,0.7062277312189492
Conversions,647,0.7066793797360366
Conversions,648,0.7071310282531239
Conversions,649,0.7075826767702112
Conversions,650,0.7080343252872986
Conversions,651,0.708485973804386
Conversions,652,0.7089376223214734
Conversions,653,0.7093892708385607
Conversions,654,0.7098409193556481
Conversions,655,0.7102925678727355
Conversions,656,0.7107442163898229
Conversions,657,0.7111958649069102
Conversions,658,0.7116475134239976
Conversions,659,0.7120991619410849
Conversions,660,0.7125508104581724
Conversions,661,0.7130024589752597
Conversions,662,0.7134541074923471
Conversions,663,0.7139057560094344
Conversions,664,0.7143574045265219
Conversions,665,0.7148090530436092
Conversions,666,0.7152607015606965
Conversions,667,0.7157123500777839
Conversions,668,0.7161639985948712
Conversions,669,0.7166156471119587
Conversions,670,0.717067295629046
Conversions,671,0.7175189441461334
Conversions,672,0.7179705926632207
Conversions,673,0.7184222411803082
Conversions,674,0.7188738896973955
Conversions,675,0.7193255382144829
Conversions,676,0.7197771867315702
Conversions,677,0.7202288352486576
Conversions,678,0.720680483765745
Conversions,679,0.7211321322828323
Conversions,680,0.7215837807999197
Conversions,681,0.722035429317007
Conversions,682,0.7224870778340945
Conversions,683,0.7229387263511818
Conversions,684,0.7233903748682692
Conversions,685,0.7238420233853565
Conversions,686,0.7242936719024439
Conversions,687,0.7247453204195313
Conversions,688,0.7251969689366187
Conversions,689,0.725648617453706
Conversions,690,0.7261002659707934
Conversions,691,0.7265519144878808
Conversions,692,0.7270035630049682
Conversions,693,0.7274552115220555
Conversions,694,0.7279068600391428
Conversions,695,0.7283585085562302
Conversions,696,0.7288101570733176
Conversions,697,0.729261805590405
Conversions,698,0.7297134541074923
Conversions,699,0.7301651026245797
Conversions,700,0.7306167511416671
Conversions,701,0.7310182164901892
Conversions,702,0.7314196818387113
Conversions,703,0.7318211471872335
Conversions,704,0.7322226125357555
Conversions,705,0.7326240778842776
Conversions,706,0.7330255432327997
Conversions,707,0.7334270085813218
Conversions,708,0.733828473929844
Conversions,709,0.734229939278366
Conversions,710,0.7346314046268881
Conversions,711,0.7350328699754103
Conversions,712,0.7354343353239323
Conversions,713,0.7358358006724545
Conversions,714,0.7362372660209766
Conversions,715,0.7366387313694986
Conversions,716,0.7370401967180208
Conversions,717,0.7374416620665429
Conversions,718,0.737843127415065
Conversions,719,0.7382445927635871
Conversions,720,0.7386460581121091
Conversions,721,0.7390475234606313
Conversions,722,0.7394489888091534
Conversions,723,0.7398504541576755
Conversions,724,0.7402519195061976
Conversions,725,0.7406533848547198
Conversions,726,0.7410548502032418
Conversions,727,0.741456315551764
Conversions,728,0.7418577809002861
Conversions,729,0.7422592462488081
Conversions,730,0.7426607115973303
Conversions,731,0.7430621769458524
Conversions,732,0.7434636422943744
Conversions,733,0.7438651076428966
Conversions,734,0.7442665729914186
Conversions,735,0.7446680383399408
Conversions,736,0.7450695036884629
Conversions,737,0.745470969036985
Conversions,738,0.7458724343855071
Conversions,739,0.7462738997340292
Conversions,740,0.7466753650825513
Conversions,741,0.7470768304310734
Conversions,742,0.7474782957795956
Conversions,743,0.7478797611281176
Conversions,744,0.7482812264766397
Conversions,745,0.7486826918251619
Conversions,746,0.7490841571736839
Conversions,747,0.7494856225222061
Conversions,748,0.7498870878707281
Conversions,749,0.7502885532192503
Conversions,750,0.7506900185677724
Conversions,751,0.7510914839162944
Conversions,752,0.7514929492648166
Conversions,753,0.7518944146133387
Conversions,754,0.7522958799618608
Conversions,755,0.7526973453103829
Conversions,756,0.753098810658905
Conversions,757,0.7535002760074271
Conversions,758,0.7539017413559492
Conversions,759,0.7543032067044714
Conversions,760,0.7547046720529934
Conversions,761,0.7551061374015156
Conversions,762,0.7555076027500376
Conversions,763,0.7559090680985597
Conversions,764,0.7563105334470819
Conversions,765,0.7567119987956039
Conversions,766,0.7571134641441261
Conversions,767,0.7575149294926482
Conversions,768,0.7579163948411702
Conversions,769,0.7583178601896924
Conversions,770,0.7587193255382145
Conversions,771,0.7591207908867366
Conversions,772,0.7595222562352587
Conversions,773,0.7598735384152155
Conversions,774,0.7602248205951724
Conversions,775,0.7605761027751292
Conversions,776,0.760927384955086
Conversions,777,0.7612786671350429
Conversions,778,0.7616299493149997
Conversions,779,0.7619812314949566
Conversions,780,0.7623325136749134
Conversions,781,0.7626837958548702
Conversions,782,0.7630350780348272
Conversions,783,0.763386360214784
Conversions,784,0.7637376423947408
Conversions,785,0.7640889245746977
Conversions,786,0.7644402067546545
Conversions,787,0.7647914889346114
Conversions,788,0.7651427711145682
Conversions,789,0.765494053294525
Conversions,790,0.7658453354744819
Conversions,791,0.7661966176544387
Conversions,792,0.7665478998343955
Conversions,793,0.7668991820143524
Conversions,794,0.7672504641943092
Conversions,795,0.767601746374266
Conversions,796,0.7679530285542229
Conversions,797,0.7683043107341797
Conversions,798,0.7686555929141367
Conversions,799,0.7690068750940935
Conversions,800,0.7693581572740503
Conversions,801,0.7697094394540072
Conversions,802,0.770060721633964
Conversions,803,0.7704120038139208
Conversions,804,0.7707632859938777
Conversions,805,0.7711145681738345
Conversions,806,0.7714658503537913
Conversions,807,0.7718171325337482
Conversions,808,0.772168414713705
Conversions,809,0.7725196968936618
Conversions,810,0.7728709790736187
Conversions,811,0.7732222612535755
Conversions,812,0.7735735434335324
Conversions,813,0.7739248256134892
Conversions,814,0.7742761077934461
Conversions,815,0.7745772068048377
Conversions,816,0.7748783058162292
Conversions,817,0.7751794048276208
Conversions,818,0.7754805038390123
Conversions,819,0.775781602850404
Conversions,820,0.7760827018617955
Conversions,821,0.7763838008731871
Conversions,822,0.7766848998845787
Conversions,823,0.7769859988959703
Conversions,824,0.7772870979073618
Conversions,825,0.7775881969187535
Conversions,826,0.777889295930145
Conversions,827,0.7781903949415366
Conversions,828,0.7784914939529282
Conversions,829,0.7787925929643198
Conversions,830,0.7790936919757113
Conversions,831,0.779394790987103
Conversions,832,0.7796958899984945
Conversions,833,0.7799969890098861
Conversions,834,0.7802980880212776
Conversions,835,0.7805991870326693
Conversions,836,0.7809002860440608
Conversions,837,0.7812013850554524
Conversions,838,0.781502484066844
Conversions,839,0.7818035830782356
Conversions,840,0.7821046820896271
Conversions,841,0.7824057811010188
Conversions,842,0.7827068801124103
Conversions,843,0.7830079791238018
Conversions,844,0.7833090781351935
Conversions,845,0.783610177146585
Conversions,846,0.7839112761579766
Conversions,847,0.7842123751693681
Conversions,848,0.7845134741807598
Conversions,849,0.7848145731921513
Conversions,850,0.785115672203543
Conversions,851,0.7854167712149345
Conversions,852,0.7857178702263261
Conversions,853,0.7860189692377176
Conversions,854,0.7863200682491093
Conversions,855,0.7866211672605008
Conversions,856,0.7869222662718924
Conversions,857,0.787223365283284
Conversions,858,0.7875244642946756
Conversions,859,0.7878255633060671
Conversions,860,0.7881266623174588
Conversions,861,0.7884277613288503
Conversions,862,0.7887288603402419
Conversions,863,0.7890299593516334
Conversions,864,0.7893310583630251
Conversions,865,0.7896321573744166
Conversions,866,0.7899332563858082
Conversions,867,0.7902343553971998
Conversions,868,0.7905354544085914
Conversions,869,0.7908365534199829
Conversions,870,0.7911376524313746
Conversions,871,0.7914387514427661
Conversions,872,0.7917398504541576
Conversions,873,0.7920409494655493
Conversions,874,0.7923420484769408
Conversions,875,0.7926431474883324
Conversions,876,0.792944246499724
Conversions,877,0.7932453455111156
Conversions,878,0.7935464445225071
Conversions,879,0.7938475435338987
Conversions,880,0.7941486425452903
Conversions,881,0.7944497415566819
Conversions,882,0.7947508405680734
Conversions,883,0.7950519395794651
Conversions,884,0.7953530385908566
Conversions,885,0.7956541376022482
Conversions,886,0.7959552366136398
Conversions,887,0.7962563356250314
Conversions,888,0.7965574346364229
Conversions,889,0.7968585336478146
Conversions,890,0.7971596326592061
Conversions,891,0.7974607316705977
Conversions,892,0.7977618306819892
Conversions,893,0.7980629296933809
Conversions,894,0.7983640287047724
Conversions,895,0.798665127716164
Conversions,896,0.7989662267275556
Conversions,897,0.7992673257389472
Conversions,898,0.7995684247503387
Conversions,899,0.7998695237617303
Conversions,900,0.8001706227731219
Conversions,901,0.8004717217845134
Conversions,902,0.8007728207959051
Conversions,903,0.8010739198072966
Conversions,904,0.8013248356501229
Conversions,905,0.8015757514929492
Conversions,906,0.8018266673357756
Conversions,907,0.8020775831786019
Conversions,908,0.8023284990214282
Conversions,909,0.8025794148642545
Conversions,910,0.8028303307070809
Conversions,911,0.8030812465499072
Conversions,912,0.8033321623927335
Conversions,913,0.8035830782355597
Conversions,914,0.8038339940783861
Conversions,915,0.8040849099212124
Conversions,916,0.8043358257640387
Conversions,917,0.804586741606865
Conversions,918,0.8048376574496914
Conversions,919,0.8050885732925177
Conversions,920,0.805339489135344
Conversions,921,0.8055904049781704
Conversions,922,0.8058413208209967
Conversions,923,0.8060922366638229
Conversions,924,0.8063431525066492
Conversions,925,0.8065940683494756
Conversions,926,0.8068449841923019
Conversions,927,0.8070959000351282
Conversions,928,0.8073468158779545
Conversions,929,0.8075977317207809
Conversions,930,0.8078486475636072
Conversions,931,0.8080995634064335
Conversions,932,0.8083504792492598
Conversions,933,0.8086013950920861
Conversions,934,0.8088523109349124
Conversions,935,0.8091032267777387
Conversions,936,0.809354142620565
Conversions,937,0.8096050584633914
Conversions,938,0.8098559743062177
Conversions,939,0.810106890149044
Conversions,940,0.8103578059918704
Conversions,941,0.8106087218346967
Conversions,942,0.810859637677523
Conversions,943,0.8111105535203492
Conversions,944,0.8113614693631755
Conversions,945,0.8116123852060019
Conversions,946,0.8118633010488282
Conversions,947,0.8121142168916545
Conversions,948,0.8123651327344809
Conversions,949,0.8126160485773072
Conversions,950,0.8128669644201335
Conversions,951,0.8131178802629598
Conversions,952,0.8133687961057862
Conversions,953,0.8136197119486125
Conversions,954,0.8138706277914387
Conversions,955,0.814121543634265
Conversions,956,0.8143724594770914
Conversions,957,0.8146233753199177
Conversions,958,0.814874291162744
Conversions,959,0.8151252070055703
Conversions,960,0.8153761228483967
Conversions,961,0.815627038691223
Conversions,962,0.8158779545340493
Conversions,963,0.8161288703768756
Conversions,964,0.8163797862197019
Conversions,965,0.8166307020625282
Conversions,966,0.8168816179053545
Conversions,967,0.8171325337481808
Conversions,968,0.8173834495910072
Conversions,969,0.8176343654338335
Conversions,970,0.8178852812766598
Conversions,971,0.8181361971194862
Conversions,972,0.8183871129623125
Conversions,973,0.8186380288051388
Conversions,974,0.818888944647965
Conversions,975,0.8191398604907913
Conversions,976,0.8193907763336177
Conversions,977,0.819641692176444
Conversions,978,0.8198926080192703
Conversions,979,0.8201435238620967
Conversions,980,0.820394439704923
Conversions,981,0.8206453555477493
Conversions,982,0.8208962713905756
Conversions,983,0.821147187233402
Conversions,984,0.8213981030762282
Conversions,985,0.8216490189190545
Conversions,986,0.8218999347618808
Conversions,987,0.8221508506047072
Conversions,988,0.8224017664475335
Conversions,989,0.8226526822903598
Conversions,990,0.8229035981331861
Conversions,991,0.8231545139760125
Conversions,992,0.8234054298188388
Conversions,993,0.8236563456616651
Conversions,994,0.8238570783359261
Conversions,995,0.8240578110101872
Conversions,996,0.8242585436844483
Conversions,997,0.8244592763587093
Conversions,998,0.8246600090329703
Conversions,999,0.8248607417072314
Conversions,1000,0.8250614743814925
Conversions,1001,0.8252622070557535
Conversions,1002,0.8254629397300145
Conversions,1003,0.8256636724042756
Conversions,1004,0.8258644050785366
Conversions,1005,0.8260651377527977
Conversions,1006,0.8262658704270588
Conversions,1007,0.8264666031013198
Conversions,1008,0.8266673357755808
Conversions,1009,0.826868068449842
Conversions,1010,0.827068801124103
Conversions,1011,0.827269533798364
Conversions,1012,0.8274702664726251
Conversions,1013,0.8276709991468861
Conversions,1014,0.8278717318211471
Conversions,1015,0.8280724644954083
Conversions,1016,0.8282731971696693
Conversions,1017,0.8284739298439303
Conversions,1018,0.8286746625181914
Conversions,1019,0.8288753951924525
Conversions,1020,0.8290761278667135
Conversions,1021,0.8292768605409746
Conversions,1022,0.8294775932152356
Conversions,1023,0.8296783258894966
Conversions,1024,0.8298790585637578
Conversions,1025,0.8300797912380188
Conversions,1026,0.8302805239122798
Conversions,1027,0.8304812565865409
Conversions,1028,0.830681989260802
Conversions,1029,0.830882721935063
Conversions,1030,0.831083454609324
Conversions,1031,0.8312841872835851
Conversions,1032,0.8314849199578461
Conversions,1033,0.8316856526321071
Conversions,1034,0.8318863853063683
Conversions,1035,0.8320871179806293
Conversions,1036,0.8322878506548903
Conversions,1037,0.8324885833291514
Conversions,1038,0.8326893160034124
Conversions,1039,0.8328900486776735
Conversions,1040,0.8330907813519346
Conversions,1041,0.8332915140261956
Conversions,1042,0.8334922467004566
Conversions,1043,0.8336929793747178
Conversions,1044,0.8338937120489788
Conversions,1045,0.8340944447232398
Conversions,1046,0.8342951773975009
Conversions,1047,0.8344959100717619
Conversions,1048,0.834696642746023
Conversions,1049,0.8348973754202841
Conversions,1050,0.8350981080945451
Conversions,1051,0.8352988407688061
Conversions,1052,0.8354995734430672
Conversions,1053,0.8357003061173283
Conversions,1054,0.8359010387915893
Conversions,1055,0.8361017714658504
Conversions,1056,0.8363025041401114
Conversions,1057,0.8365032368143724
Conversions,1058,0.8367039694886335
Conversions,1059,0.8369047021628946
Conversions,1060,0.8371054348371556
Conversions,1061,0.8373061675114166
Conversions,1062,0.8375069001856777
Conversions,1063,0.8377076328599388
Conversions,1064,0.8379083655341998
Conversions,1065,0.8381090982084609
Conversions,1066,0.8383098308827219
Conversions,1067,0.838510563556983
Conversions,1068,0.8387112962312441
Conversions,1069,0.8389120289055051
Conversions,1070,0.8391127615797661
Conversions,1071,0.8393134942540272
Conversions,1072,0.8395142269282883
Conversions,1073,0.8397149596025493
Conversions,1074,0.8399156922768104
Conversions,1075,0.8401164249510714
Conversions,1076,0.8403171576253324
Conversions,1077,0.8405178902995936
Conversions,1078,0.8407186229738546
Conversions,1079,0.8409193556481156
Conversions,1080,0.8411200883223767
Conversions,1081,0.8413208209966377
Conversions,1082,0.8415215536708988
Conversions,1083,0.8417222863451599
Conversions,1084,0.8419230190194209
Conversions,1085,0.8421237516936819
Conversions,1086,0.8423244843679429
Conversions,1087,0.8425252170422041
Conversions,1088,0.8427259497164651
Conversions,1089,0.8429266823907261
Conversions,1090,0.8431274150649872
Conversions,1091,0.8433281477392482
Conversions,1092,0.8435288804135093
Conversions,1093,0.8437296130877704
Conversions,1094,0.8439303457620314
Conversions,1095,0.8441310784362924
Conversions,1096,0.8443318111105536
Conversions,1097,0.8445325437848146
Conversions,1098,0.8447332764590756
Conversions,1099,0.8449340091333367
Conversions,1100,0.8451347418075977
Conversions,1101,0.8453354744818588
Conversions,1102,0.8455362071561199
Conversions,1103,0.8457369398303809
Conversions,1104,0.8459376725046419
Conversions,1105,0.846138405178903
Conversions,1106,0.8463391378531641
Conversions,1107,0.8465398705274251
Conversions,1108,0.8467406032016862
Conversions,1109,0.8469413358759472
Conversions,1110,0.8471420685502082
Conversions,1111,0.8473428012244694
Conversions,1112,0.8475435338987304
Conversions,1113,0.8477442665729914
Conversions,1114,0.8479449992472524
Conversions,1115,0.8481457319215135
Conversions,1116,0.8483464645957746
Conversions,1117,0.8485471972700356
Conversions,1118,0.8487479299442967
Conversions,1119,0.8489486626185577
Conversions,1120,0.8491493952928187
Conversions,1121,0.8493501279670799
Conversions,1122,0.8495508606413409
Conversions,1123,0.8497515933156019
Conversions,1124,0.849952325989863
Conversions,1125,0.850153058664124
Conversions,1126,0.8503036081698199
Conversions,1127,0.8504541576755157
Conversions,1128,0.8506047071812114
Conversions,1129,0.8507552566869072
Conversions,1130,0.850905806192603
Conversions,1131,0.8510563556982987
Conversions,1132,0.8512069052039946
Conversions,1133,0.8513574547096904
Conversions,1134,0.8515080042153862
Conversions,1135,0.8516585537210819
Conversions,1136,0.8518091032267777
Conversions,1137,0.8519596527324735
Conversions,1138,0.8521102022381694
Conversions,1139,0.8522607517438651
Conversions,1140,0.8524113012495609
Conversions,1141,0.8525618507552567
Conversions,1142,0.8527124002609525
Conversions,1143,0.8528629497666482
Conversions,1144,0.853013499272344
Conversions,1145,0.8531640487780399
Conversions,1146,0.8533145982837357
Conversions,1147,0.8534651477894314
Conversions,1148,0.8536156972951272
Conversions,1149,0.853766246800823
Conversions,1150,0.8539167963065188
Conversions,1151,0.8540673458122146
Conversions,1152,0.8542178953179104
Conversions,1153,0.8543684448236062
Conversions,1154,0.854518994329302
Conversions,1155,0.8546695438349977
Conversions,1156,0.8548200933406935
Conversions,1157,0.8549706428463894
Conversions,1158,0.8551211923520851
Conversions,1159,0.8552717418577809
Conversions,1160,0.8554222913634767
Conversions,1161,0.8555728408691725
Conversions,1162,0.8557233903748682
Conversions,1163,0.855873939880564
Conversions,1164,0.8560244893862599
Conversions,1165,0.8561750388919557
Conversions,1166,0.8563255883976514
Conversions,1167,0.8564761379033472
Conversions,1168,0.856626687409043
Conversions,1169,0.8567772369147388
Conversions,1170,0.8569277864204345
Conversions,1171,0.8570783359261304
Conversions,1172,0.8572288854318262
Conversions,1173,0.857379434937522
Conversions,1174,0.8575299844432177
Conversions,1175,0.8576805339489135
Conversions,1176,0.8578310834546093
Conversions,1177,0.8579816329603052
Conversions,1178,0.8581321824660009
Conversions,1179,0.8582827319716967
Conversions,1180,0.8584332814773925
Conversions,1181,0.8585838309830883
Conversions,1182,0.858734380488784
Conversions,1183,0.8588849299944799
Conversions,1184,0.8590354795001757
Conversions,1185,0.8591860290058714
Conversions,1186,0.8593365785115672
Conversions,1187,0.859487128017263
Conversions,1188,0.8596376775229588
Conversions,1189,0.8597882270286545
Conversions,1190,0.8599387765343504
Conversions,1191,0.8600893260400462
Conversions,1192,0.860239875545742
Conversions,1193,0.8603904250514377
Conversions,1194,0.8605409745571335
Conversions,1195,0.8606915240628293
Conversions,1196,0.8608420735685252
Conversions,1197,0.8609926230742209
Conversions,1198,0.8611431725799167
Conversions,1199,0.8612937220856125
Conversions,1200,0.8614442715913083
Conversions,1201,0.861594821097004
Conversions,1202,0.8617453706026998
Conversions,1203,0.8618959201083957
Conversions,1204,0.8620464696140915
Conversions,1205,0.8621970191197872
Conversions,1206,0.862347568625483
Conversions,1207,0.8624981181311788
Conversions,1208,0.8626486676368746
Conversions,1209,0.8627992171425704
Conversions,1210,0.8629497666482662
Conversions,1211,0.863100316153962
Conversions,1212,0.8632508656596577
Conversions,1213,0.8634014151653535
Conversions,1214,0.8635519646710493
Conversions,1215,0.8637025141767452
Conversions,1216,0.8638530636824409
Conversions,1217,0.8640036131881367
Conversions,1218,0.8641541626938325
Conversions,1219,0.8643047121995283
Conversions,1220,0.864455261705224
Conversions,1221,0.8646058112109198
Conversions,1222,0.8647563607166157
Conversions,1223,0.8649069102223115
Conversions,1224,0.8650574597280072
Conversions,1225,0.865208009233703
Conversions,1226,0.8653585587393988
Conversions,1227,0.8655091082450946
Conversions,1228,0.8656596577507903
Conversions,1229,0.8658102072564862
Conversions,1230,0.865960756762182
Conversions,1231,0.8661113062678778
Conversions,1232,0.8662618557735735
Conversions,1233,0.8664124052792693
Conversions,1234,0.8665629547849651
Conversions,1235,0.866713504290661
Conversions,1236,0.8668640537963567
Conversions,1237,0.8670146033020525
Conversions,1238,0.8671651528077483
Conversions,1239,0.8673157023134441
Conversions,1240,0.8674662518191398
Conversions,1241,0.8676168013248357
Conversions,1242,0.8677673508305315
Conversions,1243,0.8679179003362272
Conversions,1244,0.868068449841923
Conversions,1245,0.8682189993476188
Conversions,1246,0.8683695488533146
Conversions,1247,0.8685200983590103
Conversions,1248,0.8686706478647062
Conversions,1249,0.868821197370402
Conversions,1250,0.8689717468760978
Conversions,1251,0.8691222963817935
Conversions,1252,0.8692728458874893
Conversions,1253,0.8694233953931851
Conversions,1254,0.869573944898881
Conversions,1255,0.8697244944045767
Conversions,1256,0.8698750439102725
Conversions,1257,0.8700255934159683
Conversions,1258,0.8701761429216641
Conversions,1259,0.8703266924273598
Conversions,1260,0.8704772419330556
Conversions,1261,0.8706277914387515
Conversions,1262,0.8707783409444473
Conversions,1263,0.870928890450143
Conversions,1264,0.8710794399558388
Conversions,1265,0.8712299894615346
Conversions,1266,0.8713805389672304
Conversions,1267,0.8715310884729262
Conversions,1268,0.871681637978622
Conversions,1269,0.8718321874843178
Conversions,1270,0.8719827369900135
Conversions,1271,0.8721332864957093
Conversions,1272,0.8722838360014051
Conversions,1273,0.872434385507101
Conversions,1274,0.8725849350127967
Conversions,1275,0.8727354845184925
Conversions,1276,0.8728860340241883
Conversions,1277,0.8730365835298841
Conversions,1278,0.8731871330355798
Conversions,1279,0.8733376825412756
Conversions,1280,0.8734882320469715
Conversions,1281,0.8736387815526673
Conversions,1282,0.873789331058363
Conversions,1283,0.8739398805640588
Conversions,1284,0.8740904300697546
Conversions,1285,0.8742409795754504
Conversions,1286,0.8743915290811461
Conversions,1287,0.874542078586842
Conversions,1288,0.8746926280925378
Conversions,1289,0.8748431775982336
Conversions,1290,0.8749937271039293
Conversions,1291,0.8751442766096251
Conversions,1292,0.875294826115321
Conversions,1293,0.8754453756210168
Conversions,1294,0.8755959251267125
Conversions,1295,0.8757464746324083
Conversions,1296,0.8758970241381041
Conversions,1297,0.8760475736437998
Conversions,1298,0.8761981231494956
Conversions,1299,0.8763486726551915
Conversions,1300,0.8764992221608873
Conversions,1301,0.876649771666583
Conversions,1302,0.8768003211722788
Conversions,1303,0.8769508706779746
Conversions,1304,0.8771014201836704
Conversions,1305,0.8772519696893661
Conversions,1306,0.877402519195062
Conversions,1307,0.8775530687007578
Conversions,1308,0.8777036182064536
Conversions,1309,0.8778541677121493
Conversions,1310,0.8780047172178451
Conversions,1311,0.8781552667235409
Conversions,1312,0.8783058162292368
Conversions,1313,0.8784563657349325
Conversions,1314,0.8786069152406283
Conversions,1315,0.8787574647463241
Conversions,1316,0.8789080142520199
Conversions,1317,0.8790585637577156
Conversions,1318,0.8792091132634114
Conversions,1319,0.8793596627691073
Conversions,1320,0.8795102122748031
Conversions,1321,0.8796607617804988
Conversions,1322,0.8798113112861946
Conversions,1323,0.8799618607918904
Conversions,1324,0.8801124102975862
Conversions,1325,0.880262959803282
Conversions,1326,0.8804135093089778
Conversions,1327,0.8805640588146736
Conversions,1328,0.8807146083203693
Conversions,1329,0.8808651578260651
Conversions,1330,0.8810157073317609
Conversions,1331,0.8811662568374568
Conversions,1332,0.8813168063431525
Conversions,1333,0.8814673558488483
Conversions,1334,0.8816179053545441
Conversions,1335,0.8817684548602399
Conversions,1336,0.8819190043659356
Conversions,1337,0.8820695538716314
Conversions,1338,0.8822201033773273
Conversions,1339,0.8823706528830231
Conversions,1340,0.8825212023887188
Conversions,1341,0.8826717518944146
Conversions,1342,0.8828223014001104
Conversions,1343,0.8829728509058062
Conversions,1344,0.883123400411502
Conversions,1345,0.8832739499171978
Conversions,1346,0.8834244994228936
Conversions,1347,0.8835750489285894
Conversions,1348,0.8837255984342851
Conversions,1349,0.8838761479399809
Conversions,1350,0.8840266974456767
Conversions,1351,0.8841772469513726
Conversions,1352,0.8843277964570683
Conversions,1353,0.8844783459627641
Conversions,1354,0.8846288954684599
Conversions,1355,0.8847794449741556
Conversions,1356,0.8849299944798514
Conversions,1357,0.8850805439855473
Conversions,1358,0.8852310934912431
Conversions,1359,0.8853816429969388
Conversions,1360,0.8855321925026346
Conversions,1361,0.8856827420083304
Conversions,1362,0.8858332915140262
Conversions,1363,0.8859838410197219
Conversions,1364,0.8861343905254178
Conversions,1365,0.8862849400311136
Conversions,1366,0.8864354895368094
Conversions,1367,0.8865860390425051
Conversions,1368,0.8867365885482009
Conversions,1369,0.8868871380538967
Conversions,1370,0.8870376875595926
Conversions,1371,0.8871882370652883
Conversions,1372,0.8873387865709841
Conversions,1373,0.8874893360766799
Conversions,1374,0.8876398855823757
Conversions,1375,0.8877904350880714
Conversions,1376,0.8879409845937672
Conversions,1377,0.8880915340994631
Conversions,1378,0.8882420836051589
Conversions,1379,0.8883926331108546
Conversions,1380,0.8885431826165504
Conversions,1381,0.8886937321222462
Conversions,1382,0.8888442816279419
Conversions,1383,0.8889948311336378
Conversions,1384,0.8891453806393336
Conversions,1385,0.8892959301450294
Conversions,1386,0.8894464796507251
Conversions,1387,0.8895970291564209
Conversions,1388,0.8897475786621167
Conversions,1389,0.8898981281678126
Conversions,1390,0.8900486776735083
Conversions,1391,0.8901992271792041
Conversions,1392,0.8903497766848999
Conversions,1393,0.8905003261905957
Conversions,1394,0.8906508756962914
Conversions,1395,0.8908014252019872
Conversions,1396,0.8909519747076831
Conversions,1397,0.8911025242133789
Conversions,1398,0.8912530737190746
Conversions,1399,0.8914036232247704
Conversions,1400,0.8915541727304662
Conversions,1401,0.891704722236162
Conversions,1402,0.8918552717418577
Conversions,1403,0.8920058212475536
Conversions,1404,0.8921563707532494
Conversions,1405,0.8923069202589452
Conversions,1406,0.8924574697646409
Conversions,1407,0.8926080192703367
Conversions,1408,0.8927585687760325
Conversions,1409,0.8929091182817283
Conversions,1410,0.8930596677874241
Conversions,1411,0.8932102172931199
Conversions,1412,0.8933607667988157
Conversions,1413,0.8935113163045114
Conversions,1414,0.8936618658102072
Conversions,1415,0.893812415315903
Conversions,1416,0.8939629648215989
Conversions,1417,0.8941135143272946
Conversions,1418,0.8942640638329904
Conversions,1419,0.8944146133386862
Conversions,1420,0.894565162844382
Conversions,1421,0.8947157123500777
Conversions,1422,0.8948662618557736
Conversions,1423,0.8950168113614694
Conversions,1424,0.8951673608671652
Conversions,1425,0.8953179103728609
Conversions,1426,0.8954684598785567
Conversions,1427,0.8956190093842525
Conversions,1428,0.8957695588899484
Conversions,1429,0.8959201083956441
Conversions,1430,0.8960706579013399
Conversions,1431,0.8962212074070357
Conversions,1432,0.8963717569127315
Conversions,1433,0.8965223064184272
Conversions,1434,0.896672855924123
Conversions,1435,0.8968234054298189
Conversions,1436,0.8969739549355147
Conversions,1437,0.8971245044412104
Conversions,1438,0.8972750539469062
Conversions,1439,0.897425603452602
Conversions,1440,0.8975761529582977
Conversions,1441,0.8977267024639936
Conversions,1442,0.8978772519696894
Conversions,1443,0.8980278014753852
Conversions,1444,0.8981783509810809
Conversions,1445,0.8983289004867767
Conversions,1446,0.8984794499924725
Conversions,1447,0.8986299994981684
Conversions,1448,0.8987805490038641
Conversions,1449,0.8989310985095599
Conversions,1450,0.8990816480152557
Conversions,1451,0.8992321975209515
Conversions,1452,0.8993827470266472
Conversions,1453,0.899533296532343
Conversions,1454,0.8996838460380389
Conversions,1455,0.8998343955437347
Conversions,1456,0.8999849450494304
Conversions,1457,0.9001354945551262
Conversions,1458,0.900286044060822
Conversions,1459,0.9004365935665178
Conversions,1460,0.9005871430722135
Conversions,1461,0.9007376925779094
Conversions,1462,0.9008882420836052
Conversions,1463,0.901038791589301
Conversions,1464,0.9011893410949967
Conversions,1465,0.9013398906006925
Conversions,1466,0.9014904401063883
Conversions,1467,0.901640989612084
Conversions,1468,0.9017915391177799
Conversions,1469,0.9019420886234757
Conversions,1470,0.9020926381291715
Conversions,1471,0.9022431876348672
Conversions,1472,0.902393737140563
Conversions,1473,0.9025442866462589
Conversions,1474,0.9026948361519547
Conversions,1475,0.9028453856576504
Conversions,1476,0.9029959351633462
Conversions,1477,0.903146484669042
Conversions,1478,0.9032970341747378
Conversions,1479,0.9034475836804335
Conversions,1480,0.9035981331861294
Conversions,1481,0.9037486826918252
Conversions,1482,0.903899232197521
Conversions,1483,0.9040497817032167
Conversions,1484,0.9042003312089125
Conversions,1485,0.9043508807146083
Conversions,1486,0.9045014302203042
Conversions,1487,0.9046519797259999
Conversions,1488,0.9048025292316957
Conversions,1489,0.9049530787373915
Conversions,1490,0.9051036282430873
Conversions,1491,0.905254177748783
Conversions,1492,0.9054047272544788
Conversions,1493,0.9055552767601747
Conversions,1494,0.9057058262658704
Conversions,1495,0.9058563757715662
Conversions,1496,0.906006925277262
Conversions,1497,0.9061574747829578
Conversions,1498,0.9063080242886535
Conversions,1499,0.9064585737943494
Conversions,1500,0.9066091233000452
Conversions,1501,0.906759672805741
Conversions,1502,0.9069102223114367
Conversions,1503,0.9070607718171325
Conversions,1504,0.9072113213228283
Conversions,1505,0.9073618708285242
Conversions,1506,0.9075124203342199
Conversions,1507,0.9076629698399157
Conversions,1508,0.9078135193456115
Conversions,1509,0.9079640688513073
Conversions,1510,0.908114618357003
Conversions,1511,0.9082651678626988
Conversions,1512,0.9084157173683947
Conversions,1513,0.9085662668740905
Conversions,1514,0.9087168163797862
Conversions,1515,0.908867365885482
Conversions,1516,0.9090179153911778
Conversions,1517,0.9091684648968736
Conversions,1518,0.9093190144025693
Conversions,1519,0.9094695639082652
Conversions,1520,0.909620113413961
Conversions,1521,0.9097706629196567
Conversions,1522,0.9099212124253525
Conversions,1523,0.9100717619310483
Conversions,1524,0.9102223114367441
Conversions,1525,0.9103728609424399
Conversions,1526,0.9105234104481357
Conversions,1527,0.9106739599538315
Conversions,1528,0.9108245094595273
Conversions,1529,0.910975058965223
Conversions,1530,0.9111256084709188
Conversions,1531,0.9112761579766147
Conversions,1532,0.9114267074823105
Conversions,1533,0.9115772569880062
Conversions,1534,0.911727806493702
Conversions,1535,0.9118783559993978
Conversions,1536,0.9120289055050936
Conversions,1537,0.9121794550107893
Conversions,1538,0.9123300045164852
Conversions,1539,0.912480554022181
Conversions,1540,0.9126311035278768
Conversions,1541,0.9127816530335725
Conversions,1542,0.9129322025392683
Conversions,1543,0.9130827520449641
Conversions,1544,0.91323330155066
Conversions,1545,0.9133838510563557
Conversions,1546,0.9135344005620515
Conversions,1547,0.9136849500677473
Conversions,1548,0.9138354995734431
Conversions,1549,0.9139860490791388
Conversions,1550,0.9141365985848346
Conversions,1551,0.9142871480905305
Conversions,1552,0.9144376975962262
Conversions,1553,0.914588247101922
Conversions,1554,0.9147387966076178
Conversions,1555,0.9148893461133136
Conversions,1556,0.9150398956190093
Conversions,1557,0.9151904451247052
Conversions,1558,0.915340994630401
Conversions,1559,0.9154915441360968
Conversions,1560,0.9156420936417925
Conversions,1561,0.9157926431474883
Conversions,1562,0.9159431926531841
Conversions,1563,0.91609374215888
Conversions,1564,0.9162442916645757
Conversions,1565,0.9163948411702715
Conversions,1566,0.9165453906759673
Conversions,1567,0.9166959401816631
Conversions,1568,0.9168464896873588
Conversions,1569,0.9169970391930546
Conversions,1570,0.9171475886987505
Conversions,1571,0.9172981382044463
Conversions,1572,0.917448687710142
Conversions,1573,0.9175992372158378
Conversions,1574,0.9177497867215336
Conversions,1575,0.9179003362272294
Conversions,1576,0.9180508857329251
Conversions,1577,0.918201435238621
Conversions,1578,0.9183519847443168
Conversions,1579,0.9185025342500125
Conversions,1580,0.9186530837557083
Conversions,1581,0.9188036332614041
Conversions,1582,0.9189541827671
Conversions,1583,0.9191047322727957
Conversions,1584,0.9192552817784915
Conversions,1585,0.9194058312841873
Conversions,1586,0.9195563807898831
Conversions,1587,0.9197069302955788
Conversions,1588,0.9198574798012746
Conversions,1589,0.9200080293069705
Conversions,1590,0.9201585788126663
Conversions,1591,0.920309128318362
Conversions,1592,0.9204596778240578
Conversions,1593,0.9206102273297536
Conversions,1594,0.9207607768354494
Conversions,1595,0.9209113263411451
Conversions,1596,0.921061875846841
Conversions,1597,0.9212124253525368
Conversions,1598,0.9213629748582326
Conversions,1599,0.9215135243639283
Conversions,1600,0.9216640738696241
Conversions,1601,0.9218146233753199
Conversions,1602,0.9219651728810158
Conversions,1603,0.9221157223867115
Conversions,1604,0.9222662718924073
Conversions,1605,0.9224168213981031
Conversions,1606,0.9225673709037988
Conversions,1607,0.9227179204094946
Conversions,1608,0.9228684699151904
Conversions,1609,0.9230190194208863
Conversions,1610,0.923169568926582
Conversions,1611,0.9233201184322778
Conversions,1612,0.9234706679379736
Conversions,1613,0.9236212174436694
Conversions,1614,0.9237717669493651
Conversions,1615,0.923922316455061
Conversions,1616,0.9240728659607568
Conversions,1617,0.9242234154664526
Conversions,1618,0.9243739649721483
Conversions,1619,0.9245245144778441
Conversions,1620,0.9246750639835399
Conversions,1621,0.9248256134892358
Conversions,1622,0.9249761629949315
Conversions,1623,0.9251267125006273
Conversions,1624,0.9252772620063231
Conversions,1625,0.9254278115120189
Conversions,1626,0.9255783610177146
Conversions,1627,0.9257289105234104
Conversions,1628,0.9258794600291063
Conversions,1629,0.9260300095348021
Conversions,1630,0.9261805590404978
Conversions,1631,0.9263311085461936
Conversions,1632,0.9264816580518894
Conversions,1633,0.9266322075575852
Conversions,1634,0.926782757063281
Conversions,1635,0.9269333065689768
Conversions,1636,0.9270838560746726
Conversions,1637,0.9272344055803683
Conversions,1638,0.9273849550860641
Conversions,1639,0.9275355045917599
Conversions,1640,0.9276860540974557
Conversions,1641,0.9278366036031515
Conversions,1642,0.9279871531088473
Conversions,1643,0.9281377026145431
Conversions,1644,0.9282882521202389
Conversions,1645,0.9284388016259346
Conversions,1646,0.9285893511316304
Conversions,1647,0.9287399006373263
Conversions,1648,0.9288904501430221
Conversions,1649,0.9290409996487178
Conversions,1650,0.9291915491544136
Conversions,1651,0.9293420986601094
Conversions,1652,0.9294926481658052
Conversions,1653,0.9296431976715009
Conversions,1654,0.9297937471771968
Conversions,1655,0.9299442966828926
Conversions,1656,0.9300948461885884
Conversions,1657,0.9302453956942841
Conversions,1658,0.9303959451999799
Conversions,1659,0.9305464947056757
Conversions,1660,0.9306970442113716
Conversions,1661,0.9308475937170673
Conversions,1662,0.9309479600541978
Conversions,1663,0.9310483263913284
Conversions,1664,0.9311486927284589
Conversions,1665,0.9312490590655894
Conversions,1666,0.9313494254027199
Conversions,1667,0.9314497917398504
Conversions,1668,0.9315501580769809
Conversions,1669,0.9316505244141116
Conversions,1670,0.9317508907512421
Conversions,1671,0.9318512570883726
Conversions,1672,0.9319516234255031
Conversions,1673,0.9320519897626336
Conversions,1674,0.9321523560997641
Conversions,1675,0.9322527224368947
Conversions,1676,0.9323530887740252
Conversions,1677,0.9324534551111557
Conversions,1678,0.9325538214482862
Conversions,1679,0.9326541877854168
Conversions,1680,0.9327545541225473
Conversions,1681,0.9328549204596778
Conversions,1682,0.9329552867968084
Conversions,1683,0.9330556531339389
Conversions,1684,0.9331560194710694
Conversions,1685,0.9332563858081999
Conversions,1686,0.9333567521453304
Conversions,1687,0.9334571184824609
Conversions,1688,0.9335574848195916
Conversions,1689,0.9336578511567221
Conversions,1690,0.9337582174938526
Conversions,1691,0.9338585838309831
Conversions,1692,0.9339589501681136
Conversions,1693,0.9340593165052441
Conversions,1694,0.9341596828423747
Conversions,1695,0.9342600491795052
Conversions,1696,0.9343604155166357
Conversions,1697,0.9344607818537662
Conversions,1698,0.9345611481908968
Conversions,1699,0.9346615145280273
Conversions,1700,0.9347618808651579
Conversions,1701,0.9348622472022884
Conversions,1702,0.9349626135394189
Conversions,1703,0.9350629798765494
Conversions,1704,0.9351633462136799
Conversions,1705,0.9352637125508104
Conversions,1706,0.9353640788879409
Conversions,1707,0.9354644452250716
Conversions,1708,0.9355648115622021
Conversions,1709,0.9356651778993326
Conversions,1710,0.9357655442364631
Conversions,1711,0.9358659105735936
Conversions,1712,0.9359662769107241
Conversions,1713,0.9360666432478547
Conversions,1714,0.9361670095849852
Conversions,1715,0.9362673759221157
Conversions,1716,0.9363677422592462
Conversions,1717,0.9364681085963767
Conversions,1718,0.9365684749335073
Conversions,1719,0.9366688412706379
Conversions,1720,0.9367692076077684
Conversions,1721,0.9368695739448989
Conversions,1722,0.9369699402820294
Conversions,1723,0.9370703066191599
Conversions,1724,0.9371706729562904
Conversions,1725,0.937271039293421
Conversions,1726,0.9373714056305515
Conversions,1727,0.937471771967682
Conversions,1728,0.9375721383048126
Conversions,1729,0.9376725046419431
Conversions,1730,0.9377728709790736
Conversions,1731,0.9378732373162042
Conversions,1732,0.9379736036533347
Conversions,1733,0.9380739699904652
Conversions,1734,0.9381743363275957
Conversions,1735,0.9382747026647262
Conversions,1736,0.9383750690018567
Conversions,1737,0.9384754353389873
Conversions,1738,0.9385758016761179
Conversions,1739,0.9386761680132484
Conversions,1740,0.9387765343503789
Conversions,1741,0.9388769006875094
Conversions,1742,0.9389772670246399
Conversions,1743,0.9390776333617704
Conversions,1744,0.939177999698901
Conversions,1745,0.9392783660360315
Conversions,1746,0.939378732373162
Conversions,1747,0.9394790987102926
Conversions,1748,0.9395794650474231
Conversions,1749,0.9396798313845536
Conversions,1750,0.9397801977216842
Conversions,1751,0.9398805640588147
Conversions,1752,0.9399809303959452
Conversions,1753,0.9400812967330757
Conversions,1754,0.9401816630702062
Conversions,1755,0.9402820294073367
Conversions,1756,0.9403823957444674
Conversions,1757,0.9404827620815979
Conversions,1758,0.9405831284187284
Conversions,1759,0.9406834947558589
Conversions,1760,0.9407838610929894
Conversions,1761,0.9408842274301199
Conversions,1762,0.9409845937672504
Conversions,1763,0.941084960104381
Conversions,1764,0.9411853264415115
Conversions,1765,0.941285692778642
Conversions,1766,0.9413860591157726
Conversions,1767,0.9414864254529031
Conversions,1768,0.9415867917900336
Conversions,1769,0.9416871581271642
Conversions,1770,0.9417875244642947
Conversions,1771,0.9418878908014252
Conversions,1772,0.9419882571385557
Conversions,1773,0.9420886234756862
Conversions,1774,0.9421889898128167
Conversions,1775,0.9422893561499474
Conversions,1776,0.9423897224870779
Conversions,1777,0.9424900888242084
Conversions,1778,0.9425904551613389
Conversions,1779,0.9426908214984694
Conversions,1780,0.9427911878355999
Conversions,1781,0.9428915541727305
Conversions,1782,0.942991920509861
Conversions,1783,0.9430922868469915
Conversions,1784,0.943192653184122
Conversions,1785,0.9432930195212526
Conversions,1786,0.9433933858583831
Conversions,1787,0.9434937521955137
Conversions,1788,0.9435941185326442
Conversions,1789,0.9436944848697747
Conversions,1790,0.9437948512069052
Conversions,1791,0.9438952175440357
Conversions,1792,0.9439955838811662
Conversions,1793,0.9440959502182967
Conversions,1794,0.9441963165554274
Conversions,1795,0.9442966828925579
Conversions,1796,0.9443970492296884
Conversions,1797,0.9444974155668189
Conversions,1798,0.9445977819039494
Conversions,1799,0.9446981482410799
Conversions,1800,0.9447985145782105
Conversions,1801,0.944898880915341
Conversions,1802,0.9449992472524715
Conversions,1803,0.945099613589602
Conversions,1804,0.9451999799267325
Conversions,1805,0.9453003462638631
Conversions,1806,0.9454007126009937
Conversions,1807,0.9455010789381242
Conversions,1808,0.9456014452752547
Conversions,1809,0.9457018116123852
Conversions,1810,0.9458021779495157
Conversions,1811,0.9459025442866462
Conversions,1812,0.9460029106237768
Conversions,1813,0.9461032769609073
Conversions,1814,0.9462036432980379
Conversions,1815,0.9463040096351684
Conversions,1816,0.9464043759722989
Conversions,1817,0.9465047423094294
Conversions,1818,0.9466051086465599
Conversions,1819,0.9467054749836905
Conversions,1820,0.946805841320821
Conversions,1821,0.9469062076579515
Conversions,1822,0.947006573995082
Conversions,1823,0.9471069403322125
Conversions,1824,0.947207306669343
Conversions,1825,0.9473076730064737
Conversions,1826,0.9474080393436042
Conversions,1827,0.9475084056807347
Conversions,1828,0.9476087720178652
Conversions,1829,0.9477091383549957
Conversions,1830,0.9478095046921262
Conversions,1831,0.9479098710292568
Conversions,1832,0.9480102373663873
Conversions,1833,0.9481106037035179
Conversions,1834,0.9482109700406484
Conversions,1835,0.9483113363777789
Conversions,1836,0.9484117027149094
Conversions,1837,0.94851206905204
Conversions,1838,0.9486124353891705
Conversions,1839,0.948712801726301
Conversions,1840,0.9488131680634315
Conversions,1841,0.948913534400562
Conversions,1842,0.9490139007376925
Conversions,1843,0.9491142670748232
Conversions,1844,0.9492146334119537
Conversions,1845,0.9493149997490842
Conversions,1846,0.9494153660862147
Conversions,1847,0.9495157324233452
Conversions,1848,0.9496160987604757
Conversions,1849,0.9497164650976062
Conversions,1850,0.9498168314347368
Conversions,1851,0.9499171977718673
Conversions,1852,0.9500175641089978
Conversions,1853,0.9501179304461284
Conversions,1854,0.9502182967832589
Conversions,1855,0.9503186631203894
Conversions,1856,0.95041902945752
Conversions,1857,0.9505193957946505
Conversions,1858,0.950619762131781
Conversions,1859,0.9507201284689115
Conversions,1860,0.950820494806042
Conversions,1861,0.9509208611431725
Conversions,1862,0.9510212274803032
Conversions,1863,0.9511215938174337
Conversions,1864,0.9512219601545642
Conversions,1865,0.9513223264916947
Conversions,1866,0.9514226928288252
Conversions,1867,0.9515230591659557
Conversions,1868,0.9516234255030863
Conversions,1869,0.9517237918402168
Conversions,1870,0.9518241581773473
Conversions,1871,0.9519245245144778
Conversions,1872,0.9520248908516084
Conversions,1873,0.9521252571887389
Conversions,1874,0.9522256235258694
Conversions,1875,0.952325989863
Conversions,1876,0.9524263562001305
Conversions,1877,0.952526722537261
Conversions,1878,0.9526270888743915
Conversions,1879,0.952727455211522
Conversions,1880,0.9528278215486525
Conversions,1881,0.9529281878857832
Conversions,1882,0.9530285542229137
Conversions,1883,0.9531289205600442
Conversions,1884,0.9532292868971747
Conversions,1885,0.9533296532343052
Conversions,1886,0.9534300195714357
Conversions,1887,0.9535303859085663
Conversions,1888,0.9536307522456968
Conversions,1889,0.9537311185828273
Conversions,1890,0.9538314849199578
Conversions,1891,0.9539318512570883
Conversions,1892,0.9540322175942189
Conversions,1893,0.9541325839313495
Conversions,1894,0.95423295026848
Conversions,1895,0.9543333166056105
Conversions,1896,0.954433682942741
Conversions,1897,0.9545340492798715
Conversions,1898,0.954634415617002
Conversions,1899,0.9547347819541326
Conversions,1900,0.9548351482912631
Conversions,1901,0.9549355146283937
Conversions,1902,0.9550358809655242
Conversions,1903,0.9551362473026547
Conversions,1904,0.9552366136397852
Conversions,1905,0.9553369799769157
Conversions,1906,0.9554373463140463
Conversions,1907,0.9555377126511768
Conversions,1908,0.9556380789883073
Conversions,1909,0.9557384453254378
Conversions,1910,0.9558388116625683
Conversions,1911,0.9559391779996989
Conversions,1912,0.9560395443368295
Conversions,1913,0.95613991067396
Conversions,1914,0.9562402770110905
Conversions,1915,0.956340643348221
Conversions,1916,0.9564410096853515
Conversions,1917,0.956541376022482
Conversions,1918,0.9566417423596126
Conversions,1919,0.9567421086967431
Conversions,1920,0.9568424750338737
Conversions,1921,0.9569428413710042
Conversions,1922,0.9570432077081347
Conversions,1923,0.9571435740452652
Conversions,1924,0.9572439403823958
Conversions,1925,0.9573443067195263
Conversions,1926,0.9574446730566568
Conversions,1927,0.9575450393937873
Conversions,1928,0.9576454057309178
Conversions,1929,0.9577457720680483
Conversions,1930,0.9578461384051788
Conversions,1931,0.9579465047423095
Conversions,1932,0.95804687107944
Conversions,1933,0.9581472374165705
Conversions,1934,0.958247603753701
Conversions,1935,0.9583479700908315
Conversions,1936,0.958448336427962
Conversions,1937,0.9585487027650926
Conversions,1938,0.9586490691022231
Conversions,1939,0.9587494354393536
Conversions,1940,0.9588498017764842
Conversions,1941,0.9589501681136147
Conversions,1942,0.9590505344507452
Conversions,1943,0.9591509007878758
Conversions,1944,0.9592512671250063
Conversions,1945,0.9593516334621368
Conversions,1946,0.9594519997992673
Conversions,1947,0.9595523661363978
Conversions,1948,0.9596527324735283
Conversions,1949,0.959753098810659
Conversions,1950,0.9598534651477895
Conversions,1951,0.95995383148492
Conversions,1952,0.9600541978220505
Conversions,1953,0.960154564159181
Conversions,1954,0.9602549304963115
Conversions,1955,0.9603552968334421
Conversions,1956,0.9604556631705726
Conversions,1957,0.9605560295077031
Conversions,1958,0.9606563958448336
Conversions,1959,0.9607567621819642
Conversions,1960,0.9608571285190947
Conversions,1961,0.9609574948562252
Conversions,1962,0.9610578611933558
Conversions,1963,0.9611582275304863
Conversions,1964,0.9612585938676168
Conversions,1965,0.9613589602047473
Conversions,1966,0.9614593265418778
Conversions,1967,0.9615596928790083
Conversions,1968,0.961660059216139
Conversions,1969,0.9617604255532695
Conversions,1970,0.9618607918904
Conversions,1971,0.9619611582275305
Conversions,1972,0.962061524564661
Conversions,1973,0.9621618909017915
Conversions,1974,0.9622622572389221
Conversions,1975,0.9623626235760526
Conversions,1976,0.9624629899131831
Conversions,1977,0.9625633562503136
Conversions,1978,0.9626637225874441
Conversions,1979,0.9627640889245747
Conversions,1980,0.9628644552617053
Conversions,1981,0.9629648215988358
Conversions,1982,0.9630651879359663
Conversions,1983,0.9631655542730968
Conversions,1984,0.9632659206102273
Conversions,1985,0.9633662869473578
Conversions,1986,0.9634666532844883
Conversions,1987,0.963567019621619
Conversions,1988,0.9636673859587495
Conversions,1989,0.96376775229588
Conversions,1990,0.9638681186330105
Conversions,1991,0.963968484970141
Conversions,1992,0.9640688513072715
Conversions,1993,0.9641692176444021
Conversions,1994,0.9642695839815326
Conversions,1995,0.9643699503186631
Conversions,1996,0.9644703166557936
Conversions,1997,0.9645706829929241
Conversions,1998,0.9646710493300547
Conversions,1999,0.9647714156671853
Conversions,2000,0.9648717820043158
Conversions,2001,0.9649721483414463
Conversions,2002,0.9650725146785768
Conversions,2003,0.9651728810157073
Conversions,2004,0.9652732473528378
Conversions,2005,0.9653736136899684
Conversions,2006,0.9654739800270989
Conversions,2007,0.9655743463642295
Conversions,2008,0.96567471270136
Conversions,2009,0.9657750790384905
Conversions,2010,0.965875445375621
Conversions,2011,0.9659758117127516
Conversions,2012,0.9660761780498821
Conversions,2013,0.9661765443870126
Conversions,2014,0.9662769107241431
Conversions,2015,0.9663772770612736
Conversions,2016,0.9664776433984041
Conversions,2017,0.9665780097355346
Conversions,2018,0.9666783760726653
Conversions,2019,0.9667787424097958
Conversions,2020,0.9668791087469263
Conversions,2021,0.9669794750840568
Conversions,2022,0.9670798414211873
Conversions,2023,0.9671802077583178
Conversions,2024,0.9672805740954484
Conversions,2025,0.9673809404325789
Conversions,2026,0.9674813067697094
Conversions,2027,0.96758167310684
Conversions,2028,0.9676820394439705
Conversions,2029,0.967782405781101
Conversions,2030,0.9678827721182316
Conversions,2031,0.9679831384553621
Conversions,2032,0.9680835047924926
Conversions,2033,0.9681838711296231
Conversions,2034,0.9682842374667536
Conversions,2035,0.9683846038038841
Conversions,2036,0.9684849701410148
Conversions,2037,0.9685853364781453
Conversions,2038,0.9686857028152758
Conversions,2039,0.9687860691524063
Conversions,2040,0.9688864354895368
Conversions,2041,0.9689868018266673
Conversions,2042,0.9690871681637978
Conversions,2043,0.9691875345009284
Conversions,2044,0.9692879008380589
Conversions,2045,0.9693882671751894
Conversions,2046,0.96948863351232
Conversions,2047,0.9695889998494505
Conversions,2048,0.969689366186581
Conversions,2049,0.9697897325237116
Conversions,2050,0.9698900988608421
Conversions,2051,0.9699904651979726
Conversions,2052,0.9700908315351031
Conversions,2053,0.9701911978722336
Conversions,2054,0.9702915642093641
Conversions,2055,0.9703919305464948
Conversions,2056,0.9704922968836253
Conversions,2057,0.9705926632207558
Conversions,2058,0.9706930295578863
Conversions,2059,0.9707933958950168
Conversions,2060,0.9708937622321473
Conversions,2061,0.9709941285692779
Conversions,2062,0.9710944949064084
Conversions,2063,0.9711948612435389
Conversions,2064,0.9712952275806694
Conversions,2065,0.9713955939178
Conversions,2066,0.9714959602549305
Conversions,2067,0.9715963265920611
Conversions,2068,0.9716966929291916
Conversions,2069,0.9717970592663221
Conversions,2070,0.9718974256034526
Conversions,2071,0.9719977919405831
Conversions,2072,0.9720981582777136
Conversions,2073,0.9721985246148441
Conversions,2074,0.9722988909519747
Conversions,2075,0.9723992572891053
Conversions,2076,0.9724996236262358
Conversions,2077,0.9725999899633663
Conversions,2078,0.9727003563004968
Conversions,2079,0.9728007226376273
Conversions,2080,0.9729010889747579
Conversions,2081,0.9730014553118884
Conversions,2082,0.9731018216490189
Conversions,2083,0.9732021879861494
Conversions,2084,0.97330255432328
Conversions,2085,0.9734029206604105
Conversions,2086,0.9735032869975411
Conversions,2087,0.9736036533346716
Conversions,2088,0.9737040196718021
Conversions,2089,0.9738043860089326
Conversions,2090,0.9739047523460631
Conversions,2091,0.9740051186831936
Conversions,2092,0.9741054850203242
Conversions,2093,0.9742058513574547
Conversions,2094,0.9743062176945853
Conversions,2095,0.9744065840317158
Conversions,2096,0.9745069503688463
Conversions,2097,0.9746073167059768
Conversions,2098,0.9747076830431073
Conversions,2099,0.9748080493802379
Conversions,2100,0.9749084157173684
Conversions,2101,0.9750087820544989
Conversions,2102,0.9751091483916294
Conversions,2103,0.9752095147287599
Conversions,2104,0.9753098810658904
Conversions,2105,0.9754102474030211
Conversions,2106,0.9755106137401516
Conversions,2107,0.9756109800772821
Conversions,2108,0.9757113464144126
Conversions,2109,0.9758117127515431
Conversions,2110,0.9759120790886736
Conversions,2111,0.9760124454258042
Conversions,2112,0.9761128117629347
Conversions,2113,0.9762131781000652
Conversions,2114,0.9763135444371958
Conversions,2115,0.9764139107743263
Conversions,2116,0.9765142771114568
Conversions,2117,0.9766146434485874
Conversions,2118,0.9767150097857179
Conversions,2119,0.9768153761228484
Conversions,2120,0.9769157424599789
Conversions,2121,0.9770161087971094
Conversions,2122,0.9771164751342399
Conversions,2123,0.9772168414713706
Conversions,2124,0.9773172078085011
Conversions,2125,0.9774175741456316
Conversions,2126,0.9775179404827621
Conversions,2127,0.9776183068198926
Conversions,2128,0.9777186731570231
Conversions,2129,0.9778190394941536
Conversions,2130,0.9779194058312842
Conversions,2131,0.9780197721684147
Conversions,2132,0.9781201385055452
Conversions,2133,0.9782205048426758
Conversions,2134,0.9783208711798063
Conversions,2135,0.9784212375169368
Conversions,2136,0.9785216038540674
Conversions,2137,0.9786219701911979
Conversions,2138,0.9787223365283284
Conversions,2139,0.9788227028654589
Conversions,2140,0.9789230692025894
Conversions,2141,0.9790234355397199
Conversions,2142,0.9791238018768506
Conversions,2143,0.9792241682139811
Conversions,2144,0.9793245345511116
Conversions,2145,0.9794249008882421
Conversions,2146,0.9795252672253726
Conversions,2147,0.9796256335625031
Conversions,2148,0.9797259998996337
Conversions,2149,0.9798263662367642
Conversions,2150,0.9799267325738947
Conversions,2151,0.9800270989110252
Conversions,2152,0.9801274652481557
Conversions,2153,0.9802278315852863
Conversions,2154,0.9803281979224168
Conversions,2155,0.9804285642595474
Conversions,2156,0.9805289305966779
Conversions,2157,0.9806292969338084
Conversions,2158,0.9807296632709389
Conversions,2159,0.9808300296080694
Conversions,2160,0.9809303959451999
Conversions,2161,0.9810307622823305
Conversions,2162,0.9811311286194611
Conversions,2163,0.9812314949565916
Conversions,2164,0.9813318612937221
Conversions,2165,0.9814322276308526
Conversions,2166,0.9815325939679831
Conversions,2167,0.9816329603051137
Conversions,2168,0.9817333266422442
Conversions,2169,0.9818336929793747
Conversions,2170,0.9819340593165052
Conversions,2171,0.9820344256536357
Conversions,2172,0.9821347919907663
Conversions,2173,0.9822351583278969
Conversions,2174,0.9823355246650274
Conversions,2175,0.9824358910021579
Conversions,2176,0.9825362573392884
Conversions,2177,0.9826366236764189
Conversions,2178,0.9827369900135494
Conversions,2179,0.98283735635068
Conversions,2180,0.9829377226878105
Conversions,2181,0.983038089024941
Conversions,2182,0.9831384553620716
Conversions,2183,0.9832388216992021
Conversions,2184,0.9833391880363326
Conversions,2185,0.9834395543734631
Conversions,2186,0.9835399207105937
Conversions,2187,0.9836402870477242
Conversions,2188,0.9837406533848547
Conversions,2189,0.9838410197219852
Conversions,2190,0.9839413860591157
Conversions,2191,0.9840417523962462
Conversions,2192,0.9841421187333769
Conversions,2193,0.9842424850705074
Conversions,2194,0.9843428514076379
Conversions,2195,0.9844432177447684
Conversions,2196,0.9845435840818989
Conversions,2197,0.9846439504190294
Conversions,2198,0.98474431675616
Conversions,2199,0.9848446830932905
Conversions,2200,0.984945049430421
Conversions,2201,0.9850454157675516
Conversions,2202,0.9851457821046821
Conversions,2203,0.9852461484418126
Conversions,2204,0.9853465147789432
Conversions,2205,0.9854468811160737
Conversions,2206,0.9855472474532042
Conversions,2207,0.9856476137903347
Conversions,2208,0.9857479801274652
Conversions,2209,0.9858483464645957
Conversions,2210,0.9859487128017262
Conversions,2211,0.9860490791388569
Conversions,2212,0.9861494454759874
Conversions,2213,0.9862498118131179
Conversions,2214,0.9863501781502484
Conversions,2215,0.9864505444873789
Conversions,2216,0.9865509108245094
Conversions,2217,0.98665127716164
Conversions,2218,0.9867516434987705
Conversions,2219,0.986852009835901
Conversions,2220,0.9869523761730316
Conversions,2221,0.9870527425101621
Conversions,2222,0.9871531088472926
Conversions,2223,0.9872534751844232
Conversions,2224,0.9873538415215537
Conversions,2225,0.9874040246901189
Conversions,2226,0.9874542078586842
Conversions,2227,0.9875043910272494
Conversions,2228,0.9875545741958147
Conversions,2229,0.98760475736438
Conversions,2230,0.9876549405329452
Conversions,2231,0.9877051237015105
Conversions,2232,0.9877553068700757
Conversions,2233,0.987805490038641
Conversions,2234,0.9878556732072064
Conversions,2235,0.9879058563757716
Conversions,2236,0.9879560395443369
Conversions,2237,0.9880062227129021
Conversions,2238,0.9880564058814674
Conversions,2239,0.9881065890500326
Conversions,2240,0.9881567722185979
Conversions,2241,0.9882069553871632
Conversions,2242,0.9882571385557284
Conversions,2243,0.9883073217242937
Conversions,2244,0.9883575048928589
Conversions,2245,0.9884076880614242
Conversions,2246,0.9884578712299895
Conversions,2247,0.9885080543985547
Conversions,2248,0.98855823756712
Conversions,2249,0.9886084207356852
Conversions,2250,0.9886586039042505
Conversions,2251,0.9887087870728157
Conversions,2252,0.988758970241381
Conversions,2253,0.9888091534099464
Conversions,2254,0.9888593365785115
Conversions,2255,0.9889095197470769
Conversions,2256,0.9889597029156421
Conversions,2257,0.9890098860842074
Conversions,2258,0.9890600692527726
Conversions,2259,0.9891102524213379
Conversions,2260,0.9891604355899032
Conversions,2261,0.9892106187584684
Conversions,2262,0.9892608019270337
Conversions,2263,0.9893109850955989
Conversions,2264,0.9893611682641642
Conversions,2265,0.9894113514327295
Conversions,2266,0.9894615346012947
Conversions,2267,0.98951171776986
Conversions,2268,0.9895619009384252
Conversions,2269,0.9896120841069905
Conversions,2270,0.9896622672755557
Conversions,2271,0.989712450444121
Conversions,2272,0.9897626336126863
Conversions,2273,0.9898128167812515
Conversions,2274,0.9898629999498169
Conversions,2275,0.9899131831183821
Conversions,2276,0.9899633662869474
Conversions,2277,0.9900135494555127
Conversions,2278,0.9900637326240779
Conversions,2279,0.9901139157926432
Conversions,2280,0.9901640989612084
Conversions,2281,0.9902142821297737
Conversions,2282,0.9902644652983389
Conversions,2283,0.9903146484669042
Conversions,2284,0.9903648316354695
Conversions,2285,0.9904150148040347
Conversions,2286,0.9904651979726
Conversions,2287,0.9905153811411652
Conversions,2288,0.9905655643097305
Conversions,2289,0.9906157474782957
Conversions,2290,0.990665930646861
Conversions,2291,0.9907161138154263
Conversions,2292,0.9907662969839915
Conversions,2293,0.9908164801525569
Conversions,2294,0.990866663321122
Conversions,2295,0.9909168464896874
Conversions,2296,0.9909670296582527
Conversions,2297,0.9910172128268179
Conversions,2298,0.9910673959953832
Conversions,2299,0.9911175791639484
Conversions,2300,0.9911677623325137
Conversions,2301,0.9912179455010789
Conversions,2302,0.9912681286696442
Conversions,2303,0.9913183118382095
Conversions,2304,0.9913684950067747
Conversions,2305,0.99141867817534
Conversions,2306,0.9914688613439052
Conversions,2307,0.9915190445124705
Conversions,2308,0.9915692276810357
Conversions,2309,0.991619410849601
Conversions,2310,0.9916695940181663
Conversions,2311,0.9917197771867315
Conversions,2312,0.9917699603552969
Conversions,2313,0.991820143523862
Conversions,2314,0.9918703266924274
Conversions,2315,0.9919205098609927
Conversions,2316,0.9919706930295579
Conversions,2317,0.9920208761981232
Conversions,2318,0.9920710593666884
Conversions,2319,0.9921212425352537
Conversions,2320,0.9921714257038189
Conversions,2321,0.9922216088723842
Conversions,2322,0.9922717920409495
Conversions,2323,0.9923219752095147
Conversions,2324,0.99237215837808
Conversions,2325,0.9924223415466452
Conversions,2326,0.9924725247152105
Conversions,2327,0.9925227078837758
Conversions,2328,0.992572891052341
Conversions,2329,0.9926230742209063
Conversions,2330,0.9926732573894715
Conversions,2331,0.9927234405580369
Conversions,2332,0.992773623726602
Conversions,2333,0.9928238068951674
Conversions,2334,0.9928739900637327
Conversions,2335,0.9929241732322979
Conversions,2336,0.9929743564008632
Conversions,2337,0.9930245395694284
Conversions,2338,0.9930747227379937
Conversions,2339,0.9931249059065589
Conversions,2340,0.9931750890751242
Conversions,2341,0.9932252722436895
Conversions,2342,0.9932754554122547
Conversions,2343,0.99332563858082
Conversions,2344,0.9933758217493852
Conversions,2345,0.9934260049179505
Conversions,2346,0.9934761880865158
Conversions,2347,0.993526371255081
Conversions,2348,0.9935765544236463
Conversions,2349,0.9936267375922115
Conversions,2350,0.9936769207607768
Conversions,2351,0.993727103929342
Conversions,2352,0.9937772870979074
Conversions,2353,0.9938274702664727
Conversions,2354,0.9938776534350379
Conversions,2355,0.9939278366036032
Conversions,2356,0.9939780197721684
Conversions,2357,0.9940282029407337
Conversions,2358,0.994078386109299
Conversions,2359,0.9941285692778642
Conversions,2360,0.9941787524464295
Conversions,2361,0.9942289356149947
Conversions,2362,0.99427911878356
Conversions,2363,0.9943293019521252
Conversions,2364,0.9943794851206905
Conversions,2365,0.9944296682892558
Conversions,2366,0.994479851457821
Conversions,2367,0.9945300346263863
Conversions,2368,0.9945802177949515
Conversions,2369,0.9946304009635168
Conversions,2370,0.994680584132082
Conversions,2371,0.9947307673006474
Conversions,2372,0.9947809504692127
Conversions,2373,0.9948311336377779
Conversions,2374,0.9948813168063432
Conversions,2375,0.9949314999749084
Conversions,2376,0.9949816831434737
Conversions,2377,0.995031866312039
Conversions,2378,0.9950820494806042
Conversions,2379,0.9951322326491695
Conversions,2380,0.9951824158177347
Conversions,2381,0.9952325989863
Conversions,2382,0.9952827821548652
Conversions,2383,0.9953329653234305
Conversions,2384,0.9953831484919958
Conversions,2385,0.995433331660561
Conversions,2386,0.9954835148291263
Conversions,2387,0.9955336979976915
Conversions,2388,0.9955838811662568
Conversions,2389,0.9956340643348222
Conversions,2390,0.9956842475033874
Conversions,2391,0.9957344306719527
Conversions,2392,0.9957846138405179
Conversions,2393,0.9958347970090832
Conversions,2394,0.9958849801776484
Conversions,2395,0.9959351633462137
Conversions,2396,0.995985346514779
Conversions,2397,0.9960355296833442
Conversions,2398,0.9960857128519095
Conversions,2399,0.9961358960204747
Conversions,2400,0.99618607918904
Conversions,2401,0.9962362623576052
Conversions,2402,0.9962864455261705
Conversions,2403,0.9963366286947358
Conversions,2404,0.996386811863301
Conversions,2405,0.9964369950318663
Conversions,2406,0.9964871782004315
Conversions,2407,0.9965373613689968
Conversions,2408,0.9965875445375622
Conversions,2409,0.9966377277061274
Conversions,2410,0.9966879108746927
Conversions,2411,0.9967380940432579
Conversions,2412,0.9967882772118232
Conversions,2413,0.9968384603803884
Conversions,2414,0.9968886435489537
Conversions,2415,0.996938826717519
Conversions,2416,0.9969890098860842
Conversions,2417,0.9970391930546495
Conversions,2418,0.9970893762232147
Conversions,2419,0.99713955939178
Conversions,2420,0.9971897425603452
Conversions,2421,0.9972399257289105
Conversions,2422,0.9972901088974758
Conversions,2423,0.997340292066041
Conversions,2424,0.9973904752346063
Conversions,2425,0.9974406584031715
Conversions,2426,0.9974908415717368
Conversions,2427,0.9975410247403022
Conversions,2428,0.9975912079088674
Conversions,2429,0.9976413910774327
Conversions,2430,0.9976915742459979
Conversions,2431,0.9977417574145632
Conversions,2432,0.9977919405831284
Conversions,2433,0.9978421237516937
Conversions,2434,0.997892306920259
Conversions,2435,0.9979424900888242
Conversions,2436,0.9979926732573895
Conversions,2437,0.9980428564259547
Conversions,2438,0.99809303959452
Conversions,2439,0.9981432227630853
Conversions,2440,0.9981934059316505
Conversions,2441,0.9982435891002158
Conversions,2442,0.998293772268781
Conversions,2443,0.9983439554373463
Conversions,2444,0.9983941386059115
Conversions,2445,0.9984443217744768
Conversions,2446,0.9984945049430421
Conversions,2447,0.9985446881116073
Conversions,2448,0.9985948712801727
Conversions,2449,0.9986450544487379
Conversions,2450,0.9986952376173032
Conversions,2451,0.9987454207858684
Conversions,2452,0.9987956039544337
Conversions,2453,0.998845787122999
Conversions,2454,0.9988959702915642
Conversions,2455,0.9989461534601295
Conversions,2456,0.9989963366286947
Conversions,2457,0.99904651979726
Conversions,2458,0.9990967029658253
Conversions,2459,0.9991468861343905
Conversions,2460,0.9991970693029558
Conversions,2461,0.999247252471521
Conversions,2462,0.9992974356400863
Conversions,2463,0.9993476188086515
Conversions,2464,0.9993978019772168
Conversions,2465,0.9994479851457821
Conversions,2466,0.9994981683143473
Conversions,2467,0.9995483514829127
Conversions,2468,0.9995985346514779
Conversions,2469,0.9996487178200432
Conversions,2470,0.9996989009886085
Conversions,2471,0.9997490841571737
Conversions,2472,0.999799267325739
Conversions,2473,0.9998494504943042
Conversions,2474,0.9998996336628695
Conversions,2475,0.9999498168314347
Conversions,2476,1.0
Catalysis,1,0.015697062869164172
Catalysis,2,0.02718666558783073
Catalysis,3,0.03851444291609354
Catalysis,4,0.049356744073145074
Catalysis,5,0.059470830973379726
Catalysis,6,0.06942309248321062
Catalysis,7,0.07751436200339833
Catalysis,8,0.08552471882838418
Catalysis,9,0.09272594870135124
Catalysis,10,0.09863257545108828
Catalysis,11,0.10445828950562343
Catalysis,12,0.10996035277935108
Catalysis,13,0.11538150335787685
Catalysis,14,0.12080265393640262
Catalysis,15,0.12614289181972652
Catalysis,16,0.13140221700784854
Catalysis,17,0.1364997168055668
Catalysis,18,0.14151630390808317
Catalysis,19,0.14653289101059958
Catalysis,20,0.1513876527227122
Catalysis,21,0.15608058904442107
Catalysis,22,0.16077352536612993
Catalysis,23,0.1652237236022332
Catalysis,24,0.1694311837527308
Catalysis,25,0.1733959058176228
Catalysis,26,0.1772797151873129
Catalysis,27,0.1810826118618011
Catalysis,28,0.18488550853628935
Catalysis,29,0.18868840521077757
Catalysis,30,0.19241038919006392
Catalysis,31,0.1960514604741484
Catalysis,32,0.199611619063031
Catalysis,33,0.20317177765191358
Catalysis,34,0.2067319362407962
Catalysis,35,0.2102111821344769
Catalysis,36,0.21369042802815763
Catalysis,37,0.21708876122663645
Catalysis,38,0.2204870944251153
Catalysis,39,0.22372360223319038
Catalysis,40,0.2268791973460636
Catalysis,41,0.23003479245893682
Catalysis,42,0.23310947487660813
Catalysis,43,0.23618415729427947
Catalysis,44,0.2392588397119508
Catalysis,45,0.24225260943442026
Catalysis,46,0.2452463791568897
Catalysis,47,0.24824014887935916
Catalysis,48,0.25115300590662676
Catalysis,49,0.2540658629338943
Catalysis,50,0.2569787199611619
Catalysis,51,0.25981066429322763
Catalysis,52,0.2626426086252933
Catalysis,53,0.265474552957359
Catalysis,54,0.2683064972894247
Catalysis,55,0.27105752892628854
Catalysis,56,0.27380856056315234
Catalysis,57,0.2764786795048143
Catalysis,58,0.2791487984464763
Catalysis,59,0.2818189173881382
Catalysis,60,0.28448903632980016
Catalysis,61,0.2871591552714621
Catalysis,62,0.28982927421312404
Catalysis,63,0.29249939315478596
Catalysis,64,0.29516951209644793
Catalysis,65,0.29767780564770613
Catalysis,66,0.30018609919896433
Catalysis,67,0.30269439275022253
Catalysis,68,0.3052026863014807
Catalysis,69,0.3077109798527389
Catalysis,70,0.3102192734039971
Catalysis,71,0.3126466542600534
Catalysis,72,0.3150740351161097
Catalysis,73,0.317501415972166
Catalysis,74,0.31992879682822234
Catalysis,75,0.32227526498907677
Catalysis,76,0.3246217331499312
Catalysis,77,0.3269682013107857
Catalysis,78,0.3293146694716401
Catalysis,79,0.33166113763249455
Catalysis,80,0.334007605793349
Catalysis,81,0.3363540739542034
Catalysis,82,0.33870054211505785
Catalysis,83,0.3410470102759123
Catalysis,84,0.3433934784367667
Catalysis,85,0.34573994659762114
Catalysis,86,0.3480864147584756
Catalysis,87,0.3503519702241282
Catalysis,88,0.3526175256897807
Catalysis,89,0.35488308115543327
Catalysis,90,0.35714863662108587
Catalysis,91,0.35933327939153653
Catalysis,92,0.3615179221619872
Catalysis,93,0.3637025649324379
Catalysis,94,0.3658872077028886
Catalysis,95,0.3680718504733393
Catalysis,96,0.37017558054858807
Catalysis,97,0.3722793106238369
Catalysis,98,0.3743830406990857
Catalysis,99,0.3764867707743345
Catalysis,100,0.3785095881543814
Catalysis,101,0.38053240553442835
Catalysis,102,0.3825552229144753
Catalysis,103,0.3845780402945222
Catalysis,104,0.38660085767456914
Catalysis,105,0.3886236750546161
Catalysis,106,0.390646492434663
Catalysis,107,0.39266930981470993
Catalysis,108,0.3946921271947569
Catalysis,109,0.3967149445748038
Catalysis,110,0.3987377619548507
Catalysis,111,0.40076057933489767
Catalysis,112,0.4027024840197427
Catalysis,113,0.40464438870458774
Catalysis,114,0.4065862933894328
Catalysis,115,0.40852819807427787
Catalysis,116,0.41038919006392105
Catalysis,117,0.41225018205356423
Catalysis,118,0.41411117404320735
Catalysis,119,0.41597216603285053
Catalysis,120,0.4178331580224937
Catalysis,121,0.4196941500121369
Catalysis,122,0.42155514200178007
Catalysis,123,0.42341613399142325
Catalysis,124,0.42519621328586454
Catalysis,125,0.42697629258030584
Catalysis,126,0.42875637187474713
Catalysis,127,0.4305364511691884
Catalysis,128,0.4323165304636297
Catalysis,129,0.434096609758071
Catalysis,130,0.4358766890525123
Catalysis,131,0.43765676834695366
Catalysis,132,0.43943684764139496
Catalysis,133,0.44121692693583625
Catalysis,134,0.44291609353507566
Catalysis,135,0.44461526013431507
Catalysis,136,0.4463144267335545
Catalysis,137,0.4480135933327939
Catalysis,138,0.44971275993203336
Catalysis,139,0.45141192653127277
Catalysis,140,0.4530301804353103
Catalysis,141,0.4546484343393478
Catalysis,142,0.4562666882433854
Catalysis,143,0.4578849421474229
Catalysis,144,0.45950319605146045
Catalysis,145,0.46112144995549803
Catalysis,146,0.46273970385953556
Catalysis,147,0.4643579577635731
Catalysis,148,0.46597621166761066
Catalysis,149,0.4675944655716482
Catalysis,150,0.4692127194756857
Catalysis,151,0.4708309733797233
Catalysis,152,0.4724492272837608
Catalysis,153,0.4739865684925965
Catalysis,154,0.47552390970143216
Catalysis,155,0.4770612509102678
Catalysis,156,0.4785985921191035
Catalysis,157,0.48013593332793914
Catalysis,158,0.48167327453677483
Catalysis,159,0.4832106157456105
Catalysis,160,0.48474795695444617
Catalysis,161,0.4862852981632818
Catalysis,162,0.4878226393721175
Catalysis,163,0.48935998058095315
Catalysis,164,0.49081640909458696
Catalysis,165,0.4922728376082207
Catalysis,166,0.4937292661218545
Catalysis,167,0.4951856946354883
Catalysis,168,0.4966421231491221
Catalysis,169,0.4980985516627559
Catalysis,170,0.49955498017638966
Catalysis,171,0.5010114086900235
Catalysis,172,0.5024678372036573
Catalysis,173,0.5039242657172911
Catalysis,174,0.5053806942309248
Catalysis,175,0.5067562100493568
Catalysis,176,0.5081317258677887
Catalysis,177,0.5095072416862205
Catalysis,178,0.5108827575046525
Catalysis,179,0.5122582733230844
Catalysis,180,0.5136337891415163
Catalysis,181,0.5150093049599482
Catalysis,182,0.5163848207783801
Catalysis,183,0.5177603365968121
Catalysis,184,0.519135852415244
Catalysis,185,0.5205113682336758
Catalysis,186,0.5218059713569059
Catalysis,187,0.5231005744801359
Catalysis,188,0.524395177603366
Catalysis,189,0.525689780726596
Catalysis,190,0.526984383849826
Catalysis,191,0.5282789869730561
Catalysis,192,0.5295735900962861
Catalysis,193,0.5308681932195162
Catalysis,194,0.5321627963427462
Catalysis,195,0.5334573994659763
Catalysis,196,0.5347520025892063
Catalysis,197,0.5360466057124362
Catalysis,198,0.5373412088356663
Catalysis,199,0.5386358119588963
Catalysis,200,0.5399304150821264
Catalysis,201,0.5412250182053564
Catalysis,202,0.5425196213285864
Catalysis,203,0.5437333117566147
Catalysis,204,0.5449470021846428
Catalysis,205,0.546160692612671
Catalysis,206,0.5473743830406991
Catalysis,207,0.5485880734687273
Catalysis,208,0.5498017638967554
Catalysis,209,0.5510154543247836
Catalysis,210,0.5522291447528117
Catalysis,211,0.5534428351808399
Catalysis,212,0.554656525608868
Catalysis,213,0.5558702160368962
Catalysis,214,0.5570839064649243
Catalysis,215,0.5582975968929526
Catalysis,216,0.5594303746257788
Catalysis,217,0.5605631523586051
Catalysis,218,0.5616959300914314
Catalysis,219,0.5628287078242576
Catalysis,220,0.5639614855570839
Catalysis,221,0.5650942632899102
Catalysis,222,0.5662270410227365
Catalysis,223,0.5673598187555627
Catalysis,224,0.568492596488389
Catalysis,225,0.5696253742212153
Catalysis,226,0.5707581519540416
Catalysis,227,0.5718909296868678
Catalysis,228,0.5730237074196941
Catalysis,229,0.5741564851525204
Catalysis,230,0.5752892628853468
Catalysis,231,0.576422040618173
Catalysis,232,0.5775548183509993
Catalysis,233,0.5786875960838256
Catalysis,234,0.5798203738166519
Catalysis,235,0.5809531515494781
Catalysis,236,0.5820859292823044
Catalysis,237,0.5832187070151307
Catalysis,238,0.584351484747957
Catalysis,239,0.5854842624807832
Catalysis,240,0.5866170402136095
Catalysis,241,0.5876689052512339
Catalysis,242,0.5887207702888583
Catalysis,243,0.5897726353264827
Catalysis,244,0.5908245003641072
Catalysis,245,0.5918763654017315
Catalysis,246,0.5929282304393559
Catalysis,247,0.5939800954769804
Catalysis,248,0.5950319605146047
Catalysis,249,0.5960838255522292
Catalysis,250,0.5971356905898535
Catalysis,251,0.5981875556274779
Catalysis,252,0.5992394206651024
Catalysis,253,0.6002912857027267
Catalysis,254,0.6013431507403512
Catalysis,255,0.6023950157779756
Catalysis,256,0.6034468808155999
Catalysis,257,0.6044987458532244
Catalysis,258,0.6055506108908488
Catalysis,259,0.6066024759284732
Catalysis,260,0.6076543409660976
Catalysis,261,0.6087062060037219
Catalysis,262,0.6096771583461446
Catalysis,263,0.6106481106885671
Catalysis,264,0.6116190630309896
Catalysis,265,0.6125900153734121
Catalysis,266,0.6135609677158346
Catalysis,267,0.6145319200582572
Catalysis,268,0.6155028724006797
Catalysis,269,0.6164738247431022
Catalysis,270,0.6174447770855247
Catalysis,271,0.6184157294279472
Catalysis,272,0.6193866817703698
Catalysis,273,0.6203576341127923
Catalysis,274,0.6213285864552148
Catalysis,275,0.6222995387976373
Catalysis,276,0.6232704911400598
Catalysis,277,0.6242414434824824
Catalysis,278,0.625212395824905
Catalysis,279,0.6261833481673275
Catalysis,280,0.62715430050975
Catalysis,281,0.6281252528521725
Catalysis,282,0.6290962051945951
Catalysis,283,0.6300671575370176
Catalysis,284,0.6310381098794401
Catalysis,285,0.6320090622218626
Catalysis,286,0.6329800145642851
Catalysis,287,0.6339509669067077
Catalysis,288,0.6349219192491302
Catalysis,289,0.6358928715915527
Catalysis,290,0.6368638239339752
Catalysis,291,0.6378347762763977
Catalysis,292,0.6387248159236184
Catalysis,293,0.6396148555708391
Catalysis,294,0.6405048952180598
Catalysis,295,0.6413949348652803
Catalysis,296,0.642284974512501
Catalysis,297,0.6431750141597217
Catalysis,298,0.6440650538069423
Catalysis,299,0.6449550934541629
Catalysis,300,0.6458451331013836
Catalysis,301,0.6467351727486043
Catalysis,302,0.6476252123958249
Catalysis,303,0.6485152520430456
Catalysis,304,0.6494052916902662
Catalysis,305,0.6502953313374868
Catalysis,306,0.6511853709847075
Catalysis,307,0.6520754106319282
Catalysis,308,0.6529654502791488
Catalysis,309,0.6538554899263694
Catalysis,310,0.6547455295735901
Catalysis,311,0.6556355692208108
Catalysis,312,0.6565256088680314
Catalysis,313,0.657415648515252
Catalysis,314,0.6583056881624727
Catalysis,315,0.6591957278096934
Catalysis,316,0.6600857674569139
Catalysis,317,0.6609758071041346
Catalysis,318,0.6618658467513553
Catalysis,319,0.662755886398576
Catalysis,320,0.6636459260457965
Catalysis,321,0.6645359656930172
Catalysis,322,0.6654260053402379
Catalysis,323,0.6663160449874586
Catalysis,324,0.6672060846346792
Catalysis,325,0.6680961242818998
Catalysis,326,0.6689861639291205
Catalysis,327,0.6698762035763411
Catalysis,328,0.6707662432235618
Catalysis,329,0.6716562828707824
Catalysis,330,0.6724654098228012
Catalysis,331,0.67327453677482
Catalysis,332,0.6740836637268387
Catalysis,333,0.6748927906788575
Catalysis,334,0.6757019176308763
Catalysis,335,0.676511044582895
Catalysis,336,0.6773201715349139
Catalysis,337,0.6781292984869326
Catalysis,338,0.6789384254389513
Catalysis,339,0.6797475523909702
Catalysis,340,0.6805566793429889
Catalysis,341,0.6813658062950076
Catalysis,342,0.6821749332470265
Catalysis,343,0.6829840601990452
Catalysis,344,0.683793187151064
Catalysis,345,0.6846023141030828
Catalysis,346,0.6854114410551015
Catalysis,347,0.6862205680071203
Catalysis,348,0.6870296949591391
Catalysis,349,0.6878388219111579
Catalysis,350,0.6886479488631766
Catalysis,351,0.6894570758151954
Catalysis,352,0.6902662027672142
Catalysis,353,0.6910753297192329
Catalysis,354,0.6918844566712518
Catalysis,355,0.6926935836232705
Catalysis,356,0.6935027105752892
Catalysis,357,0.6942309248321061
Catalysis,358,0.694959139088923
Catalysis,359,0.69568735334574
Catalysis,360,0.6964155676025569
Catalysis,361,0.6971437818593738
Catalysis,362,0.6978719961161907
Catalysis,363,0.6986002103730076
Catalysis,364,0.6993284246298245
Catalysis,365,0.7000566388866413
Catalysis,366,0.7007848531434582
Catalysis,367,0.7015130674002751
Catalysis,368,0.702241281657092
Catalysis,369,0.7029694959139089
Catalysis,370,0.7036977101707258
Catalysis,371,0.7044259244275427
Catalysis,372,0.7051541386843596
Catalysis,373,0.7058823529411765
Catalysis,374,0.7066105671979933
Catalysis,375,0.7073387814548102
Catalysis,376,0.7080669957116271
Catalysis,377,0.708795209968444
Catalysis,378,0.7095234242252609
Catalysis,379,0.7102516384820778
Catalysis,380,0.7109798527388947
Catalysis,381,0.7117080669957117
Catalysis,382,0.7124362812525286
Catalysis,383,0.7131644955093455
Catalysis,384,0.7138927097661623
Catalysis,385,0.7146209240229792
Catalysis,386,0.7153491382797961
Catalysis,387,0.716077352536613
Catalysis,388,0.7168055667934299
Catalysis,389,0.7175337810502468
Catalysis,390,0.7182619953070637
Catalysis,391,0.7189902095638806
Catalysis,392,0.7197184238206975
Catalysis,393,0.7204466380775144
Catalysis,394,0.7211748523343312
Catalysis,395,0.7219030665911481
Catalysis,396,0.722631280847965
Catalysis,397,0.7233594951047819
Catalysis,398,0.7240877093615988
Catalysis,399,0.7248159236184157
Catalysis,400,0.7254632251800307
Catalysis,401,0.7261105267416458
Catalysis,402,0.7267578283032607
Catalysis,403,0.7274051298648758
Catalysis,404,0.7280524314264908
Catalysis,405,0.7286997329881059
Catalysis,406,0.7293470345497208
Catalysis,407,0.7299943361113359
Catalysis,408,0.7306416376729509
Catalysis,409,0.731288939234566
Catalysis,410,0.7319362407961809
Catalysis,411,0.732583542357796
Catalysis,412,0.733230843919411
Catalysis,413,0.7338781454810259
Catalysis,414,0.734525447042641
Catalysis,415,0.735172748604256
Catalysis,416,0.735820050165871
Catalysis,417,0.736467351727486
Catalysis,418,0.7371146532891011
Catalysis,419,0.737761954850716
Catalysis,420,0.7384092564123311
Catalysis,421,0.7390565579739461
Catalysis,422,0.7397038595355612
Catalysis,423,0.7403511610971761
Catalysis,424,0.7409984626587912
Catalysis,425,0.7416457642204062
Catalysis,426,0.7422930657820211
Catalysis,427,0.7429403673436362
Catalysis,428,0.7435876689052512
Catalysis,429,0.7442349704668663
Catalysis,430,0.7448822720284812
Catalysis,431,0.7455295735900963
Catalysis,432,0.7461768751517113
Catalysis,433,0.7468241767133263
Catalysis,434,0.7474714782749413
Catalysis,435,0.7481187798365564
Catalysis,436,0.7487660813981714
Catalysis,437,0.7494133829597864
Catalysis,438,0.7500606845214014
Catalysis,439,0.7507079860830165
Catalysis,440,0.7513552876446314
Catalysis,441,0.7520025892062464
Catalysis,442,0.7526498907678615
Catalysis,443,0.7532971923294765
Catalysis,444,0.7539444938910915
Catalysis,445,0.7545917954527065
Catalysis,446,0.7552390970143216
Catalysis,447,0.7558863985759365
Catalysis,448,0.7565337001375516
Catalysis,449,0.7571810016991666
Catalysis,450,0.7578283032607817
Catalysis,451,0.7584756048223966
Catalysis,452,0.7591229063840117
Catalysis,453,0.7596892952504248
Catalysis,454,0.760255684116838
Catalysis,455,0.7608220729832511
Catalysis,456,0.7613884618496642
Catalysis,457,0.7619548507160774
Catalysis,458,0.7625212395824905
Catalysis,459,0.7630876284489037
Catalysis,460,0.7636540173153168
Catalysis,461,0.7642204061817299
Catalysis,462,0.7647867950481431
Catalysis,463,0.7653531839145562
Catalysis,464,0.7659195727809693
Catalysis,465,0.7664859616473825
Catalysis,466,0.7670523505137956
Catalysis,467,0.7676187393802087
Catalysis,468,0.7681851282466219
Catalysis,469,0.768751517113035
Catalysis,470,0.7693179059794482
Catalysis,471,0.7698842948458613
Catalysis,472,0.7704506837122744
Catalysis,473,0.7710170725786876
Catalysis,474,0.7715834614451007
Catalysis,475,0.7721498503115138
Catalysis,476,0.772716239177927
Catalysis,477,0.7732826280443401
Catalysis,478,0.7738490169107533
Catalysis,479,0.7744154057771664
Catalysis,480,0.7749817946435795
Catalysis,481,0.7755481835099928
Catalysis,482,0.7761145723764059
Catalysis,483,0.776680961242819
Catalysis,484,0.7772473501092322
Catalysis,485,0.7778137389756453
Catalysis,486,0.7783801278420585
Catalysis,487,0.7789465167084716
Catalysis,488,0.7795129055748847
Catalysis,489,0.7800792944412979
Catalysis,490,0.780645683307711
Catalysis,491,0.7812120721741241
Catalysis,492,0.7817784610405373
Catalysis,493,0.7823448499069504
Catalysis,494,0.7829112387733635
Catalysis,495,0.7834776276397767
Catalysis,496,0.7840440165061898
Catalysis,497,0.784610405372603
Catalysis,498,0.7851767942390161
Catalysis,499,0.7857431831054292
Catalysis,500,0.7862286592766405
Catalysis,501,0.7867141354478517
Catalysis,502,0.787199611619063
Catalysis,503,0.7876850877902742
Catalysis,504,0.7881705639614855
Catalysis,505,0.7886560401326969
Catalysis,506,0.789141516303908
Catalysis,507,0.7896269924751194
Catalysis,508,0.7901124686463306
Catalysis,509,0.7905979448175419
Catalysis,510,0.7910834209887532
Catalysis,511,0.7915688971599644
Catalysis,512,0.7920543733311757
Catalysis,513,0.7925398495023869
Catalysis,514,0.7930253256735982
Catalysis,515,0.7935108018448095
Catalysis,516,0.7939962780160207
Catalysis,517,0.794481754187232
Catalysis,518,0.7949672303584432
Catalysis,519,0.7954527065296545
Catalysis,520,0.7959381827008658
Catalysis,521,0.796423658872077
Catalysis,522,0.7969091350432883
Catalysis,523,0.7973946112144995
Catalysis,524,0.7978800873857108
Catalysis,525,0.7983655635569221
Catalysis,526,0.7988510397281333
Catalysis,527,0.7993365158993446
Catalysis,528,0.7998219920705558
Catalysis,529,0.8003074682417671
Catalysis,530,0.8007929444129784
Catalysis,531,0.8012784205841896
Catalysis,532,0.8017638967554009
Catalysis,533,0.8022493729266121
Catalysis,534,0.8027348490978234
Catalysis,535,0.8032203252690348
Catalysis,536,0.803705801440246
Catalysis,537,0.8041912776114573
Catalysis,538,0.8046767537826685
Catalysis,539,0.8051622299538798
Catalysis,540,0.8056477061250911
Catalysis,541,0.8061331822963023
Catalysis,542,0.8066186584675136
Catalysis,543,0.8071041346387248
Catalysis,544,0.8075896108099361
Catalysis,545,0.8080750869811474
Catalysis,546,0.8085605631523586
Catalysis,547,0.8090460393235699
Catalysis,548,0.8095315154947811
Catalysis,549,0.8100169916659924
Catalysis,550,0.8105024678372037
Catalysis,551,0.8109879440084149
Catalysis,552,0.8114734201796262
Catalysis,553,0.8119588963508374
Catalysis,554,0.8124443725220487
Catalysis,555,0.81292984869326
Catalysis,556,0.8134153248644712
Catalysis,557,0.8139008010356825
Catalysis,558,0.8143862772068937
Catalysis,559,0.814871753378105
Catalysis,560,0.8153572295493163
Catalysis,561,0.8158427057205275
Catalysis,562,0.8163281818917388
Catalysis,563,0.81681365806295
Catalysis,564,0.8172991342341613
Catalysis,565,0.8177846104053726
Catalysis,566,0.8182700865765838
Catalysis,567,0.8187555627477952
Catalysis,568,0.8192410389190063
Catalysis,569,0.8197265150902177
Catalysis,570,0.820211991261429
Catalysis,571,0.8206974674326402
Catalysis,572,0.8211829436038515
Catalysis,573,0.8216684197750627
Catalysis,574,0.822153895946274
Catalysis,575,0.8226393721174853
Catalysis,576,0.8231248482886965
Catalysis,577,0.8236103244599078
Catalysis,578,0.824095800631119
Catalysis,579,0.8245812768023303
Catalysis,580,0.8249858402783397
Catalysis,581,0.825390403754349
Catalysis,582,0.8257949672303584
Catalysis,583,0.8261995307063679
Catalysis,584,0.8266040941823772
Catalysis,585,0.8270086576583866
Catalysis,586,0.827413221134396
Catalysis,587,0.8278177846104053
Catalysis,588,0.8282223480864147
Catalysis,589,0.8286269115624242
Catalysis,590,0.8290314750384336
Catalysis,591,0.8294360385144429
Catalysis,592,0.8298406019904523
Catalysis,593,0.8302451654664617
Catalysis,594,0.830649728942471
Catalysis,595,0.8310542924184805
Catalysis,596,0.8314588558944899
Catalysis,597,0.8318634193704992
Catalysis,598,0.8322679828465086
Catalysis,599,0.832672546322518
Catalysis,600,0.8330771097985273
Catalysis,601,0.8334816732745368
Catalysis,602,0.8338862367505462
Catalysis,603,0.8342908002265556
Catalysis,604,0.8346953637025649
Catalysis,605,0.8350999271785743
Catalysis,606,0.8355044906545837
Catalysis,607,0.8359090541305931
Catalysis,608,0.8363136176066025
Catalysis,609,0.8367181810826119
Catalysis,610,0.8371227445586212
Catalysis,611,0.8375273080346306
Catalysis,612,0.83793187151064
Catalysis,613,0.8383364349866494
Catalysis,614,0.8387409984626588
Catalysis,615,0.8391455619386682
Catalysis,616,0.8395501254146776
Catalysis,617,0.8399546888906869
Catalysis,618,0.8403592523666963
Catalysis,619,0.8407638158427058
Catalysis,620,0.8411683793187151
Catalysis,621,0.8415729427947245
Catalysis,622,0.8419775062707339
Catalysis,623,0.8423820697467432
Catalysis,624,0.8427866332227526
Catalysis,625,0.8431911966987621
Catalysis,626,0.8435957601747714
Catalysis,627,0.8440003236507808
Catalysis,628,0.8444048871267902
Catalysis,629,0.8448094506027995
Catalysis,630,0.8452140140788089
Catalysis,631,0.8456185775548184
Catalysis,632,0.8460231410308278
Catalysis,633,0.8464277045068371
Catalysis,634,0.8468322679828465
Catalysis,635,0.8472368314588559
Catalysis,636,0.8476413949348652
Catalysis,637,0.8480459584108747
Catalysis,638,0.8484505218868841
Catalysis,639,0.8488550853628934
Catalysis,640,0.8492596488389028
Catalysis,641,0.8496642123149122
Catalysis,642,0.8500687757909215
Catalysis,643,0.850473339266931
Catalysis,644,0.8508779027429404
Catalysis,645,0.8512824662189498
Catalysis,646,0.8516870296949591
Catalysis,647,0.8520915931709685
Catalysis,648,0.8524961566469779
Catalysis,649,0.8529007201229873
Catalysis,650,0.8533052835989967
Catalysis,651,0.8537098470750061
Catalysis,652,0.8540334978558136
Catalysis,653,0.854357148636621
Catalysis,654,0.8546807994174286
Catalysis,655,0.8550044501982361
Catalysis,656,0.8553281009790437
Catalysis,657,0.8556517517598511
Catalysis,658,0.8559754025406586
Catalysis,659,0.8562990533214662
Catalysis,660,0.8566227041022737
Catalysis,661,0.8569463548830811
Catalysis,662,0.8572700056638887
Catalysis,663,0.8575936564446962
Catalysis,664,0.8579173072255036
Catalysis,665,0.8582409580063112
Catalysis,666,0.8585646087871187
Catalysis,667,0.8588882595679262
Catalysis,668,0.8592119103487337
Catalysis,669,0.8595355611295412
Catalysis,670,0.8598592119103488
Catalysis,671,0.8601828626911563
Catalysis,672,0.8605065134719637
Catalysis,673,0.8608301642527713
Catalysis,674,0.8611538150335788
Catalysis,675,0.8614774658143862
Catalysis,676,0.8618011165951938
Catalysis,677,0.8621247673760013
Catalysis,678,0.8624484181568088
Catalysis,679,0.8627720689376163
Catalysis,680,0.8630957197184238
Catalysis,681,0.8634193704992313
Catalysis,682,0.8637430212800389
Catalysis,683,0.8640666720608463
Catalysis,684,0.8643903228416538
Catalysis,685,0.8647139736224614
Catalysis,686,0.8650376244032689
Catalysis,687,0.8653612751840764
Catalysis,688,0.8656849259648839
Catalysis,689,0.8660085767456914
Catalysis,690,0.8663322275264989
Catalysis,691,0.8666558783073064
Catalysis,692,0.8669795290881139
Catalysis,693,0.8673031798689215
Catalysis,694,0.8676268306497289
Catalysis,695,0.8679504814305364
Catalysis,696,0.868274132211344
Catalysis,697,0.8685977829921515
Catalysis,698,0.8689214337729589
Catalysis,699,0.8692450845537665
Catalysis,700,0.869568735334574
Catalysis,701,0.8698923861153816
Catalysis,702,0.870216036896189
Catalysis,703,0.8705396876769965
Catalysis,704,0.8708633384578041
Catalysis,705,0.8711869892386115
Catalysis,706,0.871510640019419
Catalysis,707,0.8718342908002266
Catalysis,708,0.8721579415810341
Catalysis,709,0.8724815923618415
Catalysis,710,0.8728052431426491
Catalysis,711,0.8731288939234566
Catalysis,712,0.8734525447042641
Catalysis,713,0.8737761954850716
Catalysis,714,0.8740998462658791
Catalysis,715,0.8744234970466866
Catalysis,716,0.8747471478274942
Catalysis,717,0.8750707986083016
Catalysis,718,0.8753944493891092
Catalysis,719,0.8757181001699167
Catalysis,720,0.8760417509507241
Catalysis,721,0.8763654017315317
Catalysis,722,0.8766890525123392
Catalysis,723,0.8770127032931467
Catalysis,724,0.8773363540739542
Catalysis,725,0.8776600048547617
Catalysis,726,0.8779836556355692
Catalysis,727,0.8783073064163768
Catalysis,728,0.8786309571971842
Catalysis,729,0.8789546079779917
Catalysis,730,0.8792782587587993
Catalysis,731,0.8796019095396068
Catalysis,732,0.8799255603204142
Catalysis,733,0.8802492111012218
Catalysis,734,0.8805728618820293
Catalysis,735,0.8808965126628368
Catalysis,736,0.8812201634436443
Catalysis,737,0.8815438142244518
Catalysis,738,0.8818674650052594
Catalysis,739,0.8821911157860668
Catalysis,740,0.8825147665668743
Catalysis,741,0.8828384173476819
Catalysis,742,0.8831620681284894
Catalysis,743,0.8834857189092968
Catalysis,744,0.8838093696901044
Catalysis,745,0.8841330204709119
Catalysis,746,0.8844566712517193
Catalysis,747,0.8847803220325269
Catalysis,748,0.8851039728133344
Catalysis,749,0.88534671089894
Catalysis,750,0.8855894489845457
Catalysis,751,0.8858321870701513
Catalysis,752,0.8860749251557569
Catalysis,753,0.8863176632413625
Catalysis,754,0.8865604013269682
Catalysis,755,0.8868031394125738
Catalysis,756,0.8870458774981794
Catalysis,757,0.8872886155837851
Catalysis,758,0.8875313536693907
Catalysis,759,0.8877740917549963
Catalysis,760,0.888016829840602
Catalysis,761,0.8882595679262076
Catalysis,762,0.8885023060118132
Catalysis,763,0.8887450440974188
Catalysis,764,0.8889877821830245
Catalysis,765,0.8892305202686301
Catalysis,766,0.8894732583542357
Catalysis,767,0.8897159964398415
Catalysis,768,0.889958734525447
Catalysis,769,0.8902014726110526
Catalysis,770,0.8904442106966584
Catalysis,771,0.890686948782264
Catalysis,772,0.8909296868678696
Catalysis,773,0.8911724249534752
Catalysis,774,0.8914151630390809
Catalysis,775,0.8916579011246865
Catalysis,776,0.8919006392102921
Catalysis,777,0.8921433772958978
Catalysis,778,0.8923861153815034
Catalysis,779,0.892628853467109
Catalysis,780,0.8928715915527147
Catalysis,781,0.8931143296383203
Catalysis,782,0.8933570677239259
Catalysis,783,0.8935998058095315
Catalysis,784,0.8938425438951372
Catalysis,785,0.8940852819807428
Catalysis,786,0.8943280200663484
Catalysis,787,0.8945707581519541
Catalysis,788,0.8948134962375597
Catalysis,789,0.8950562343231653
Catalysis,790,0.895298972408771
Catalysis,791,0.8955417104943766
Catalysis,792,0.8957844485799822
Catalysis,793,0.8960271866655878
Catalysis,794,0.8962699247511935
Catalysis,795,0.8965126628367991
Catalysis,796,0.8967554009224047
Catalysis,797,0.8969981390080104
Catalysis,798,0.897240877093616
Catalysis,799,0.8974836151792216
Catalysis,800,0.8977263532648273
Catalysis,801,0.8979690913504329
Catalysis,802,0.8982118294360385
Catalysis,803,0.8984545675216441
Catalysis,804,0.8986973056072498
Catalysis,805,0.8989400436928554
Catalysis,806,0.899182781778461
Catalysis,807,0.8994255198640667
Catalysis,808,0.8996682579496723
Catalysis,809,0.8999109960352779
Catalysis,810,0.9001537341208836
Catalysis,811,0.9003964722064892
Catalysis,812,0.9006392102920948
Catalysis,813,0.9008819483777004
Catalysis,814,0.9011246864633061
Catalysis,815,0.9013674245489117
Catalysis,816,0.9016101626345173
Catalysis,817,0.901852900720123
Catalysis,818,0.9020956388057286
Catalysis,819,0.9023383768913342
Catalysis,820,0.9025811149769399
Catalysis,821,0.9028238530625455
Catalysis,822,0.9030665911481511
Catalysis,823,0.9033093292337567
Catalysis,824,0.9035520673193624
Catalysis,825,0.903794805404968
Catalysis,826,0.9040375434905736
Catalysis,827,0.9042802815761793
Catalysis,828,0.9045230196617849
Catalysis,829,0.9047657577473905
Catalysis,830,0.9050084958329963
Catalysis,831,0.9052512339186018
Catalysis,832,0.9054939720042074
Catalysis,833,0.905736710089813
Catalysis,834,0.9059794481754188
Catalysis,835,0.9062221862610244
Catalysis,836,0.90646492434663
Catalysis,837,0.9067076624322357
Catalysis,838,0.9069504005178413
Catalysis,839,0.9071931386034469
Catalysis,840,0.9074358766890526
Catalysis,841,0.9076786147746582
Catalysis,842,0.9079213528602638
Catalysis,843,0.9081640909458694
Catalysis,844,0.9084068290314751
Catalysis,845,0.9086495671170807
Catalysis,846,0.9088923052026863
Catalysis,847,0.909135043288292
Catalysis,848,0.9093777813738976
Catalysis,849,0.9096205194595032
Catalysis,850,0.9098632575451088
Catalysis,851,0.9101059956307145
Catalysis,852,0.9103487337163201
Catalysis,853,0.9105914718019257
Catalysis,854,0.9108342098875314
Catalysis,855,0.911076947973137
Catalysis,856,0.9113196860587426
Catalysis,857,0.9115624241443483
Catalysis,858,0.9118051622299539
Catalysis,859,0.9120479003155595
Catalysis,860,0.9122906384011651
Catalysis,861,0.9125333764867708
Catalysis,862,0.9127761145723764
Catalysis,863,0.913018852657982
Catalysis,864,0.9132615907435877
Catalysis,865,0.9135043288291933
Catalysis,866,0.9137470669147989
Catalysis,867,0.9139898050004046
Catalysis,868,0.9142325430860102
Catalysis,869,0.9144752811716158
Catalysis,870,0.9147180192572214
Catalysis,871,0.9149607573428271
Catalysis,872,0.9152034954284327
Catalysis,873,0.9154462335140383
Catalysis,874,0.915688971599644
Catalysis,875,0.9159317096852496
Catalysis,876,0.9161744477708552
Catalysis,877,0.9164171858564609
Catalysis,878,0.9166599239420665
Catalysis,879,0.9169026620276721
Catalysis,880,0.9171454001132777
Catalysis,881,0.9173881381988834
Catalysis,882,0.917630876284489
Catalysis,883,0.9178736143700946
Catalysis,884,0.9181163524557003
Catalysis,885,0.9183590905413059
Catalysis,886,0.9186018286269115
Catalysis,887,0.9188445667125172
Catalysis,888,0.9190873047981228
Catalysis,889,0.9193300428837284
Catalysis,890,0.919572780969334
Catalysis,891,0.9198155190549397
Catalysis,892,0.9200582571405453
Catalysis,893,0.9203009952261509
Catalysis,894,0.9205437333117567
Catalysis,895,0.9207864713973622
Catalysis,896,0.9210292094829678
Catalysis,897,0.9212719475685736
Catalysis,898,0.9215146856541792
Catalysis,899,0.9217574237397848
Catalysis,900,0.9220001618253904
Catalysis,901,0.9222428999109961
Catalysis,902,0.9224856379966017
Catalysis,903,0.9226474633870054
Catalysis,904,0.9228092887774092
Catalysis,905,0.922971114167813
Catalysis,906,0.9231329395582167
Catalysis,907,0.9232947649486204
Catalysis,908,0.9234565903390242
Catalysis,909,0.9236184157294279
Catalysis,910,0.9237802411198317
Catalysis,911,0.9239420665102355
Catalysis,912,0.9241038919006392
Catalysis,913,0.924265717291043
Catalysis,914,0.9244275426814467
Catalysis,915,0.9245893680718504
Catalysis,916,0.9247511934622542
Catalysis,917,0.924913018852658
Catalysis,918,0.9250748442430617
Catalysis,919,0.9252366696334655
Catalysis,920,0.9253984950238693
Catalysis,921,0.925560320414273
Catalysis,922,0.9257221458046767
Catalysis,923,0.9258839711950805
Catalysis,924,0.9260457965854842
Catalysis,925,0.926207621975888
Catalysis,926,0.9263694473662918
Catalysis,927,0.9265312727566956
Catalysis,928,0.9266930981470993
Catalysis,929,0.926854923537503
Catalysis,930,0.9270167489279068
Catalysis,931,0.9271785743183105
Catalysis,932,0.9273403997087143
Catalysis,933,0.9275022250991181
Catalysis,934,0.9276640504895218
Catalysis,935,0.9278258758799256
Catalysis,936,0.9279877012703294
Catalysis,937,0.928149526660733
Catalysis,938,0.9283113520511368
Catalysis,939,0.9284731774415406
Catalysis,940,0.9286350028319443
Catalysis,941,0.9287968282223481
Catalysis,942,0.9289586536127519
Catalysis,943,0.9291204790031556
Catalysis,944,0.9292823043935593
Catalysis,945,0.9294441297839631
Catalysis,946,0.9296059551743668
Catalysis,947,0.9297677805647706
Catalysis,948,0.9299296059551744
Catalysis,949,0.9300914313455781
Catalysis,950,0.9302532567359819
Catalysis,951,0.9304150821263857
Catalysis,952,0.9305769075167893
Catalysis,953,0.9307387329071931
Catalysis,954,0.9309005582975969
Catalysis,955,0.9310623836880006
Catalysis,956,0.9312242090784044
Catalysis,957,0.9313860344688082
Catalysis,958,0.931547859859212
Catalysis,959,0.9317096852496156
Catalysis,960,0.9318715106400194
Catalysis,961,0.9320333360304232
Catalysis,962,0.9321951614208269
Catalysis,963,0.9323569868112307
Catalysis,964,0.9325188122016345
Catalysis,965,0.9326806375920382
Catalysis,966,0.932842462982442
Catalysis,967,0.9330042883728457
Catalysis,968,0.9331661137632494
Catalysis,969,0.9333279391536532
Catalysis,970,0.933489764544057
Catalysis,971,0.9336515899344607
Catalysis,972,0.9338134153248645
Catalysis,973,0.9339752407152683
Catalysis,974,0.9341370661056719
Catalysis,975,0.9342988914960757
Catalysis,976,0.9344607168864795
Catalysis,977,0.9346225422768832
Catalysis,978,0.934784367667287
Catalysis,979,0.9349461930576908
Catalysis,980,0.9351080184480945
Catalysis,981,0.9352698438384982
Catalysis,982,0.935431669228902
Catalysis,983,0.9355934946193057
Catalysis,984,0.9357553200097095
Catalysis,985,0.9359171454001133
Catalysis,986,0.936078970790517
Catalysis,987,0.9362407961809208
Catalysis,988,0.9364026215713246
Catalysis,989,0.9365644469617282
Catalysis,990,0.936726272352132
Catalysis,991,0.9368880977425358
Catalysis,992,0.9370499231329396
Catalysis,993,0.9372117485233433
Catalysis,994,0.9373735739137471
Catalysis,995,0.9375353993041509
Catalysis,996,0.9376972246945545
Catalysis,997,0.9378590500849583
Catalysis,998,0.9380208754753621
Catalysis,999,0.9381827008657658
Catalysis,1000,0.9383445262561696
Catalysis,1001,0.9385063516465734
Catalysis,1002,0.9386681770369771
Catalysis,1003,0.9388300024273809
Catalysis,1004,0.9389918278177846
Catalysis,1005,0.9391536532081883
Catalysis,1006,0.9393154785985921
Catalysis,1007,0.9394773039889959
Catalysis,1008,0.9396391293793996
Catalysis,1009,0.9398009547698034
Catalysis,1010,0.9399627801602072
Catalysis,1011,0.9401246055506108
Catalysis,1012,0.9402864309410146
Catalysis,1013,0.9404482563314184
Catalysis,1014,0.9406100817218221
Catalysis,1015,0.9407719071122259
Catalysis,1016,0.9409337325026297
Catalysis,1017,0.9410955578930335
Catalysis,1018,0.9412573832834372
Catalysis,1019,0.9414192086738409
Catalysis,1020,0.9415810340642446
Catalysis,1021,0.9417428594546484
Catalysis,1022,0.9419046848450522
Catalysis,1023,0.942066510235456
Catalysis,1024,0.9422283356258597
Catalysis,1025,0.9423901610162635
Catalysis,1026,0.9425519864066672
Catalysis,1027,0.9427138117970709
Catalysis,1028,0.9428756371874747
Catalysis,1029,0.9430374625778785
Catalysis,1030,0.9431992879682822
Catalysis,1031,0.943361113358686
Catalysis,1032,0.9435229387490898
Catalysis,1033,0.9436847641394935
Catalysis,1034,0.9438465895298972
Catalysis,1035,0.944008414920301
Catalysis,1036,0.9441702403107047
Catalysis,1037,0.9443320657011085
Catalysis,1038,0.9444938910915123
Catalysis,1039,0.944655716481916
Catalysis,1040,0.9448175418723198
Catalysis,1041,0.9449793672627235
Catalysis,1042,0.9451411926531272
Catalysis,1043,0.945303018043531
Catalysis,1044,0.9454648434339348
Catalysis,1045,0.9456266688243385
Catalysis,1046,0.9457884942147423
Catalysis,1047,0.9459503196051461
Catalysis,1048,0.9461121449955499
Catalysis,1049,0.9462739703859535
Catalysis,1050,0.9464357957763573
Catalysis,1051,0.946597621166761
Catalysis,1052,0.9467594465571648
Catalysis,1053,0.9469212719475686
Catalysis,1054,0.9470830973379724
Catalysis,1055,0.9472449227283761
Catalysis,1056,0.9474067481187798
Catalysis,1057,0.9475685735091836
Catalysis,1058,0.9477303988995873
Catalysis,1059,0.9478922242899911
Catalysis,1060,0.9480540496803949
Catalysis,1061,0.9482158750707986
Catalysis,1062,0.9483777004612024
Catalysis,1063,0.9485395258516062
Catalysis,1064,0.9487013512420098
Catalysis,1065,0.9488631766324136
Catalysis,1066,0.9490250020228174
Catalysis,1067,0.9491868274132211
Catalysis,1068,0.9493486528036249
Catalysis,1069,0.9495104781940287
Catalysis,1070,0.9496723035844324
Catalysis,1071,0.9498341289748361
Catalysis,1072,0.9499959543652399
Catalysis,1073,0.9501577797556436
Catalysis,1074,0.9503196051460474
Catalysis,1075,0.9504814305364512
Catalysis,1076,0.950643255926855
Catalysis,1077,0.9508050813172587
Catalysis,1078,0.9509669067076625
Catalysis,1079,0.9511287320980661
Catalysis,1080,0.9512905574884699
Catalysis,1081,0.9514523828788737
Catalysis,1082,0.9516142082692775
Catalysis,1083,0.9517760336596812
Catalysis,1084,0.951937859050085
Catalysis,1085,0.9520996844404888
Catalysis,1086,0.9522615098308924
Catalysis,1087,0.9524233352212962
Catalysis,1088,0.9525851606117
Catalysis,1089,0.9527469860021037
Catalysis,1090,0.9529088113925075
Catalysis,1091,0.9530706367829113
Catalysis,1092,0.953232462173315
Catalysis,1093,0.9533942875637188
Catalysis,1094,0.9535561129541225
Catalysis,1095,0.9537179383445262
Catalysis,1096,0.95387976373493
Catalysis,1097,0.9540415891253338
Catalysis,1098,0.9542034145157375
Catalysis,1099,0.9543652399061413
Catalysis,1100,0.9545270652965451
Catalysis,1101,0.9546888906869487
Catalysis,1102,0.9548507160773525
Catalysis,1103,0.9550125414677563
Catalysis,1104,0.95517436685816
Catalysis,1105,0.9553361922485638
Catalysis,1106,0.9554980176389676
Catalysis,1107,0.9556598430293713
Catalysis,1108,0.9558216684197751
Catalysis,1109,0.9559834938101788
Catalysis,1110,0.9561453192005825
Catalysis,1111,0.9563071445909863
Catalysis,1112,0.9564689699813901
Catalysis,1113,0.9566307953717939
Catalysis,1114,0.9567926207621976
Catalysis,1115,0.9569544461526014
Catalysis,1116,0.957116271543005
Catalysis,1117,0.9572780969334088
Catalysis,1118,0.9574399223238126
Catalysis,1119,0.9576017477142164
Catalysis,1120,0.9577635731046201
Catalysis,1121,0.9579253984950239
Catalysis,1122,0.9580872238854277
Catalysis,1123,0.9582490492758314
Catalysis,1124,0.9584108746662351
Catalysis,1125,0.9585727000566389
Catalysis,1126,0.9587345254470426
Catalysis,1127,0.9588963508374464
Catalysis,1128,0.9590581762278502
Catalysis,1129,0.9592200016182539
Catalysis,1130,0.9593818270086577
Catalysis,1131,0.9595436523990614
Catalysis,1132,0.9597054777894651
Catalysis,1133,0.9598673031798689
Catalysis,1134,0.9600291285702727
Catalysis,1135,0.9601909539606764
Catalysis,1136,0.9603527793510802
Catalysis,1137,0.960514604741484
Catalysis,1138,0.9606764301318877
Catalysis,1139,0.9608382555222914
Catalysis,1140,0.9610000809126952
Catalysis,1141,0.961161906303099
Catalysis,1142,0.9613237316935027
Catalysis,1143,0.9614855570839065
Catalysis,1144,0.9616473824743103
Catalysis,1145,0.961809207864714
Catalysis,1146,0.9619710332551177
Catalysis,1147,0.9621328586455214
Catalysis,1148,0.9622946840359252
Catalysis,1149,0.962456509426329
Catalysis,1150,0.9626183348167328
Catalysis,1151,0.9627801602071365
Catalysis,1152,0.9629419855975403
Catalysis,1153,0.963103810987944
Catalysis,1154,0.9632656363783477
Catalysis,1155,0.9633465490735497
Catalysis,1156,0.9634274617687515
Catalysis,1157,0.9635083744639534
Catalysis,1158,0.9635892871591553
Catalysis,1159,0.9636701998543572
Catalysis,1160,0.963751112549559
Catalysis,1161,0.9638320252447609
Catalysis,1162,0.9639129379399628
Catalysis,1163,0.9639938506351646
Catalysis,1164,0.9640747633303666
Catalysis,1165,0.9641556760255684
Catalysis,1166,0.9642365887207703
Catalysis,1167,0.9643175014159722
Catalysis,1168,0.964398414111174
Catalysis,1169,0.9644793268063759
Catalysis,1170,0.9645602395015778
Catalysis,1171,0.9646411521967797
Catalysis,1172,0.9647220648919815
Catalysis,1173,0.9648029775871835
Catalysis,1174,0.9648838902823853
Catalysis,1175,0.9649648029775871
Catalysis,1176,0.9650457156727891
Catalysis,1177,0.9651266283679909
Catalysis,1178,0.9652075410631928
Catalysis,1179,0.9652884537583947
Catalysis,1180,0.9653693664535966
Catalysis,1181,0.9654502791487984
Catalysis,1182,0.9655311918440003
Catalysis,1183,0.9656121045392022
Catalysis,1184,0.965693017234404
Catalysis,1185,0.965773929929606
Catalysis,1186,0.9658548426248078
Catalysis,1187,0.9659357553200097
Catalysis,1188,0.9660166680152116
Catalysis,1189,0.9660975807104135
Catalysis,1190,0.9661784934056153
Catalysis,1191,0.9662594061008172
Catalysis,1192,0.9663403187960191
Catalysis,1193,0.966421231491221
Catalysis,1194,0.9665021441864229
Catalysis,1195,0.9665830568816247
Catalysis,1196,0.9666639695768267
Catalysis,1197,0.9667448822720285
Catalysis,1198,0.9668257949672303
Catalysis,1199,0.9669067076624323
Catalysis,1200,0.9669876203576341
Catalysis,1201,0.967068533052836
Catalysis,1202,0.9671494457480379
Catalysis,1203,0.9672303584432398
Catalysis,1204,0.9673112711384416
Catalysis,1205,0.9673921838336434
Catalysis,1206,0.9674730965288454
Catalysis,1207,0.9675540092240472
Catalysis,1208,0.9676349219192492
Catalysis,1209,0.967715834614451
Catalysis,1210,0.9677967473096529
Catalysis,1211,0.9678776600048548
Catalysis,1212,0.9679585727000566
Catalysis,1213,0.9680394853952585
Catalysis,1214,0.9681203980904604
Catalysis,1215,0.9682013107856623
Catalysis,1216,0.9682822234808641
Catalysis,1217,0.9683631361760661
Catalysis,1218,0.9684440488712679
Catalysis,1219,0.9685249615664698
Catalysis,1220,0.9686058742616717
Catalysis,1221,0.9686867869568735
Catalysis,1222,0.9687676996520754
Catalysis,1223,0.9688486123472773
Catalysis,1224,0.9689295250424792
Catalysis,1225,0.969010437737681
Catalysis,1226,0.969091350432883
Catalysis,1227,0.9691722631280848
Catalysis,1228,0.9692531758232866
Catalysis,1229,0.9693340885184886
Catalysis,1230,0.9694150012136904
Catalysis,1231,0.9694959139088923
Catalysis,1232,0.9695768266040942
Catalysis,1233,0.9696577392992961
Catalysis,1234,0.9697386519944979
Catalysis,1235,0.9698195646896998
Catalysis,1236,0.9699004773849017
Catalysis,1237,0.9699813900801035
Catalysis,1238,0.9700623027753055
Catalysis,1239,0.9701432154705073
Catalysis,1240,0.9702241281657092
Catalysis,1241,0.9703050408609111
Catalysis,1242,0.9703859535561129
Catalysis,1243,0.9704668662513148
Catalysis,1244,0.9705477789465167
Catalysis,1245,0.9706286916417186
Catalysis,1246,0.9707096043369204
Catalysis,1247,0.9707905170321224
Catalysis,1248,0.9708714297273242
Catalysis,1249,0.9709523424225261
Catalysis,1250,0.971033255117728
Catalysis,1251,0.9711141678129298
Catalysis,1252,0.9711950805081317
Catalysis,1253,0.9712759932033336
Catalysis,1254,0.9713569058985355
Catalysis,1255,0.9714378185937373
Catalysis,1256,0.9715187312889393
Catalysis,1257,0.9715996439841411
Catalysis,1258,0.9716805566793429
Catalysis,1259,0.9717614693745449
Catalysis,1260,0.9718423820697467
Catalysis,1261,0.9719232947649487
Catalysis,1262,0.9720042074601505
Catalysis,1263,0.9720851201553524
Catalysis,1264,0.9721660328505543
Catalysis,1265,0.9722469455457561
Catalysis,1266,0.972327858240958
Catalysis,1267,0.9724087709361598
Catalysis,1268,0.9724896836313618
Catalysis,1269,0.9725705963265636
Catalysis,1270,0.9726515090217656
Catalysis,1271,0.9727324217169674
Catalysis,1272,0.9728133344121692
Catalysis,1273,0.9728942471073712
Catalysis,1274,0.972975159802573
Catalysis,1275,0.9730560724977749
Catalysis,1276,0.9731369851929768
Catalysis,1277,0.9732178978881787
Catalysis,1278,0.9732988105833805
Catalysis,1279,0.9733797232785825
Catalysis,1280,0.9734606359737843
Catalysis,1281,0.9735415486689861
Catalysis,1282,0.9736224613641881
Catalysis,1283,0.9737033740593899
Catalysis,1284,0.9737842867545918
Catalysis,1285,0.9738651994497937
Catalysis,1286,0.9739461121449956
Catalysis,1287,0.9740270248401974
Catalysis,1288,0.9741079375353993
Catalysis,1289,0.9741888502306012
Catalysis,1290,0.974269762925803
Catalysis,1291,0.974350675621005
Catalysis,1292,0.9744315883162068
Catalysis,1293,0.9745125010114087
Catalysis,1294,0.9745934137066106
Catalysis,1295,0.9746743264018124
Catalysis,1296,0.9747552390970143
Catalysis,1297,0.9748361517922162
Catalysis,1298,0.9749170644874181
Catalysis,1299,0.9749979771826199
Catalysis,1300,0.9750788898778219
Catalysis,1301,0.9751598025730237
Catalysis,1302,0.9752407152682255
Catalysis,1303,0.9753216279634275
Catalysis,1304,0.9754025406586293
Catalysis,1305,0.9754834533538312
Catalysis,1306,0.9755643660490331
Catalysis,1307,0.975645278744235
Catalysis,1308,0.9757261914394368
Catalysis,1309,0.9758071041346387
Catalysis,1310,0.9758880168298406
Catalysis,1311,0.9759689295250424
Catalysis,1312,0.9760498422202444
Catalysis,1313,0.9761307549154462
Catalysis,1314,0.9762116676106481
Catalysis,1315,0.97629258030585
Catalysis,1316,0.9763734930010519
Catalysis,1317,0.9764544056962537
Catalysis,1318,0.9765353183914556
Catalysis,1319,0.9766162310866575
Catalysis,1320,0.9766971437818593
Catalysis,1321,0.9767780564770613
Catalysis,1322,0.9768589691722631
Catalysis,1323,0.976939881867465
Catalysis,1324,0.9770207945626669
Catalysis,1325,0.9771017072578687
Catalysis,1326,0.9771826199530707
Catalysis,1327,0.9772635326482725
Catalysis,1328,0.9773444453434744
Catalysis,1329,0.9774253580386763
Catalysis,1330,0.9775062707338782
Catalysis,1331,0.97758718342908
Catalysis,1332,0.9776680961242818
Catalysis,1333,0.9777490088194838
Catalysis,1334,0.9778299215146856
Catalysis,1335,0.9779108342098876
Catalysis,1336,0.9779917469050894
Catalysis,1337,0.9780726596002913
Catalysis,1338,0.9781535722954932
Catalysis,1339,0.978234484990695
Catalysis,1340,0.9783153976858969
Catalysis,1341,0.9783963103810988
Catalysis,1342,0.9784772230763007
Catalysis,1343,0.9785581357715025
Catalysis,1344,0.9786390484667045
Catalysis,1345,0.9787199611619063
Catalysis,1346,0.9788008738571082
Catalysis,1347,0.9788817865523101
Catalysis,1348,0.9789626992475119
Catalysis,1349,0.9790436119427138
Catalysis,1350,0.9791245246379157
Catalysis,1351,0.9792054373331176
Catalysis,1352,0.9792863500283194
Catalysis,1353,0.9793672627235214
Catalysis,1354,0.9794481754187232
Catalysis,1355,0.979529088113925
Catalysis,1356,0.979610000809127
Catalysis,1357,0.9796909135043288
Catalysis,1358,0.9797718261995307
Catalysis,1359,0.9798527388947326
Catalysis,1360,0.9799336515899345
Catalysis,1361,0.9800145642851363
Catalysis,1362,0.9800954769803382
Catalysis,1363,0.9801763896755401
Catalysis,1364,0.9802573023707419
Catalysis,1365,0.9803382150659439
Catalysis,1366,0.9804191277611457
Catalysis,1367,0.9805000404563476
Catalysis,1368,0.9805809531515495
Catalysis,1369,0.9806618658467513
Catalysis,1370,0.9807427785419532
Catalysis,1371,0.9808236912371551
Catalysis,1372,0.980904603932357
Catalysis,1373,0.9809855166275588
Catalysis,1374,0.9810664293227608
Catalysis,1375,0.9811473420179626
Catalysis,1376,0.9812282547131645
Catalysis,1377,0.9813091674083664
Catalysis,1378,0.9813900801035682
Catalysis,1379,0.9814709927987701
Catalysis,1380,0.981551905493972
Catalysis,1381,0.9816328181891739
Catalysis,1382,0.9817137308843757
Catalysis,1383,0.9817946435795777
Catalysis,1384,0.9818755562747795
Catalysis,1385,0.9819564689699813
Catalysis,1386,0.9820373816651833
Catalysis,1387,0.9821182943603851
Catalysis,1388,0.982199207055587
Catalysis,1389,0.9822801197507889
Catalysis,1390,0.9823610324459908
Catalysis,1391,0.9824419451411927
Catalysis,1392,0.9825228578363945
Catalysis,1393,0.9826037705315964
Catalysis,1394,0.9826846832267983
Catalysis,1395,0.9827655959220002
Catalysis,1396,0.982846508617202
Catalysis,1397,0.982927421312404
Catalysis,1398,0.9830083340076058
Catalysis,1399,0.9830892467028076
Catalysis,1400,0.9831701593980096
Catalysis,1401,0.9832510720932114
Catalysis,1402,0.9833319847884133
Catalysis,1403,0.9834128974836152
Catalysis,1404,0.9834938101788171
Catalysis,1405,0.9835747228740189
Catalysis,1406,0.9836556355692209
Catalysis,1407,0.9837365482644227
Catalysis,1408,0.9838174609596245
Catalysis,1409,0.9838983736548265
Catalysis,1410,0.9839792863500283
Catalysis,1411,0.9840601990452302
Catalysis,1412,0.9841411117404321
Catalysis,1413,0.984222024435634
Catalysis,1414,0.9843029371308358
Catalysis,1415,0.9843838498260377
Catalysis,1416,0.9844647625212396
Catalysis,1417,0.9845456752164414
Catalysis,1418,0.9846265879116434
Catalysis,1419,0.9847075006068452
Catalysis,1420,0.9847884133020471
Catalysis,1421,0.984869325997249
Catalysis,1422,0.9849502386924508
Catalysis,1423,0.9850311513876527
Catalysis,1424,0.9851120640828546
Catalysis,1425,0.9851929767780565
Catalysis,1426,0.9852738894732583
Catalysis,1427,0.9853548021684603
Catalysis,1428,0.9854357148636621
Catalysis,1429,0.9855166275588639
Catalysis,1430,0.9855975402540659
Catalysis,1431,0.9856784529492677
Catalysis,1432,0.9857593656444696
Catalysis,1433,0.9858402783396715
Catalysis,1434,0.9859211910348734
Catalysis,1435,0.9860021037300752
Catalysis,1436,0.9860830164252772
Catalysis,1437,0.986163929120479
Catalysis,1438,0.9862448418156808
Catalysis,1439,0.9863257545108828
Catalysis,1440,0.9864066672060846
Catalysis,1441,0.9864875799012865
Catalysis,1442,0.9865684925964884
Catalysis,1443,0.9866494052916903
Catalysis,1444,0.9867303179868921
Catalysis,1445,0.986811230682094
Catalysis,1446,0.9868921433772959
Catalysis,1447,0.9869730560724977
Catalysis,1448,0.9870539687676997
Catalysis,1449,0.9871348814629015
Catalysis,1450,0.9872157941581035
Catalysis,1451,0.9872967068533053
Catalysis,1452,0.9873776195485071
Catalysis,1453,0.987458532243709
Catalysis,1454,0.9875394449389109
Catalysis,1455,0.9876203576341128
Catalysis,1456,0.9877012703293147
Catalysis,1457,0.9877821830245166
Catalysis,1458,0.9878630957197184
Catalysis,1459,0.9879440084149202
Catalysis,1460,0.9880249211101222
Catalysis,1461,0.988105833805324
Catalysis,1462,0.988186746500526
Catalysis,1463,0.9882676591957278
Catalysis,1464,0.9883485718909297
Catalysis,1465,0.9884294845861316
Catalysis,1466,0.9885103972813334
Catalysis,1467,0.9885913099765353
Catalysis,1468,0.9886722226717372
Catalysis,1469,0.9887531353669391
Catalysis,1470,0.9888340480621409
Catalysis,1471,0.9889149607573429
Catalysis,1472,0.9889958734525447
Catalysis,1473,0.9890767861477466
Catalysis,1474,0.9891576988429485
Catalysis,1475,0.9892386115381503
Catalysis,1476,0.9893195242333522
Catalysis,1477,0.9894004369285541
Catalysis,1478,0.989481349623756
Catalysis,1479,0.9895622623189578
Catalysis,1480,0.9896431750141598
Catalysis,1481,0.9897240877093616
Catalysis,1482,0.9898050004045634
Catalysis,1483,0.9898859130997654
Catalysis,1484,0.9899668257949672
Catalysis,1485,0.9900477384901691
Catalysis,1486,0.990128651185371
Catalysis,1487,0.9902095638805729
Catalysis,1488,0.9902904765757747
Catalysis,1489,0.9903713892709766
Catalysis,1490,0.9904523019661785
Catalysis,1491,0.9905332146613803
Catalysis,1492,0.9906141273565823
Catalysis,1493,0.9906950400517841
Catalysis,1494,0.990775952746986
Catalysis,1495,0.9908568654421879
Catalysis,1496,0.9909377781373897
Catalysis,1497,0.9910186908325916
Catalysis,1498,0.9910996035277935
Catalysis,1499,0.9911805162229954
Catalysis,1500,0.9912614289181972
Catalysis,1501,0.9913423416133992
Catalysis,1502,0.991423254308601
Catalysis,1503,0.991504167003803
Catalysis,1504,0.9915850796990048
Catalysis,1505,0.9916659923942066
Catalysis,1506,0.9917469050894085
Catalysis,1507,0.9918278177846104
Catalysis,1508,0.9919087304798123
Catalysis,1509,0.9919896431750141
Catalysis,1510,0.9920705558702161
Catalysis,1511,0.9921514685654179
Catalysis,1512,0.9922323812606197
Catalysis,1513,0.9923132939558217
Catalysis,1514,0.9923942066510235
Catalysis,1515,0.9924751193462255
Catalysis,1516,0.9925560320414273
Catalysis,1517,0.9926369447366292
Catalysis,1518,0.992717857431831
Catalysis,1519,0.9927987701270329
Catalysis,1520,0.9928796828222348
Catalysis,1521,0.9929605955174367
Catalysis,1522,0.9930415082126386
Catalysis,1523,0.9931224209078404
Catalysis,1524,0.9932033336030424
Catalysis,1525,0.9932842462982442
Catalysis,1526,0.993365158993446
Catalysis,1527,0.993446071688648
Catalysis,1528,0.9935269843838498
Catalysis,1529,0.9936078970790517
Catalysis,1530,0.9936888097742536
Catalysis,1531,0.9937697224694555
Catalysis,1532,0.9938506351646573
Catalysis,1533,0.9939315478598593
Catalysis,1534,0.9940124605550611
Catalysis,1535,0.9940933732502629
Catalysis,1536,0.9941742859454649
Catalysis,1537,0.9942551986406667
Catalysis,1538,0.9943361113358686
Catalysis,1539,0.9944170240310705
Catalysis,1540,0.9944979367262724
Catalysis,1541,0.9945788494214742
Catalysis,1542,0.9946597621166761
Catalysis,1543,0.994740674811878
Catalysis,1544,0.9948215875070798
Catalysis,1545,0.9949025002022818
Catalysis,1546,0.9949834128974836
Catalysis,1547,0.9950643255926855
Catalysis,1548,0.9951452382878874
Catalysis,1549,0.9952261509830892
Catalysis,1550,0.9953070636782911
Catalysis,1551,0.995387976373493
Catalysis,1552,0.9954688890686949
Catalysis,1553,0.9955498017638967
Catalysis,1554,0.9956307144590987
Catalysis,1555,0.9957116271543005
Catalysis,1556,0.9957925398495023
Catalysis,1557,0.9958734525447043
Catalysis,1558,0.9959543652399061
Catalysis,1559,0.996035277935108
Catalysis,1560,0.9961161906303099
Catalysis,1561,0.9961971033255118
Catalysis,1562,0.9962780160207136
Catalysis,1563,0.9963589287159156
Catalysis,1564,0.9964398414111174
Catalysis,1565,0.9965207541063192
Catalysis,1566,0.9966016668015212
Catalysis,1567,0.996682579496723
Catalysis,1568,0.996763492191925
Catalysis,1569,0.9968444048871268
Catalysis,1570,0.9969253175823287
Catalysis,1571,0.9970062302775305
Catalysis,1572,0.9970871429727324
Catalysis,1573,0.9971680556679343
Catalysis,1574,0.9972489683631361
Catalysis,1575,0.9973298810583381
Catalysis,1576,0.9974107937535399
Catalysis,1577,0.9974917064487419
Catalysis,1578,0.9975726191439437
Catalysis,1579,0.9976535318391455
Catalysis,1580,0.9977344445343475
Catalysis,1581,0.9978153572295493
Catalysis,1582,0.9978962699247512
Catalysis,1583,0.997977182619953
Catalysis,1584,0.998058095315155
Catalysis,1585,0.9981390080103568
Catalysis,1586,0.9982199207055586
Catalysis,1587,0.9983008334007606
Catalysis,1588,0.9983817460959624
Catalysis,1589,0.9984626587911644
Catalysis,1590,0.9985435714863662
Catalysis,1591,0.9986244841815681
Catalysis,1592,0.99870539687677
Catalysis,1593,0.9987863095719719
Catalysis,1594,0.9988672222671737
Catalysis,1595,0.9989481349623756
Catalysis,1596,0.9990290476575775
Catalysis,1597,0.9991099603527793
Catalysis,1598,0.9991908730479813
Catalysis,1599,0.9992717857431831
Catalysis,1600,0.999352698438385
Catalysis,1601,0.9994336111335869
Catalysis,1602,0.9995145238287887
Catalysis,1603,0.9995954365239906
Catalysis,1604,0.9996763492191925
Catalysis,1605,0.9997572619143944
Catalysis,1606,0.9998381746095962
Catalysis,1607,0.9999190873047982
Catalysis,1608,1.0
