pwID,title,count
http://rdf-plantmetwiki.bioinformatics.nl/pathways/PC50_r17.0.0_20260605-171052,superpathway of flavones and derivatives biosynthesis,131
http://rdf-plantmetwiki.bioinformatics.nl/pathways/PC870_r17.0.0_20260605-171052,flavonol glucosylation I,98
http://rdf-plantmetwiki.bioinformatics.nl/pathways/PC332_r17.0.0_20260605-171052,superpathway of flavones and derivatives biosynthesis,93
http://rdf-plantmetwiki.bioinformatics.nl/pathways/PC675_r17.0.0_20260605-171052,quercetin glycoside biosynthesis (Arabidopsis),93
http://rdf-plantmetwiki.bioinformatics.nl/pathways/PC356_r17.0.0_20260605-171052,quercetin glucoside biosynthesis (Allium),93
http://rdf-plantmetwiki.bioinformatics.nl/pathways/PC360_r17.0.0_20260605-171052,superpathway of anaerobic sucrose degradation,83
http://rdf-plantmetwiki.bioinformatics.nl/pathways/PC911_r17.0.0_20260605-171052,"superpathway of cytosolic glycolysis (plants), pyruvate dehydrogenase and TCA cycle",76
http://rdf-plantmetwiki.bioinformatics.nl/pathways/PC632_r17.0.0_20260605-171052,aerobic respiration I (cytochrome c),69
http://rdf-plantmetwiki.bioinformatics.nl/pathways/PC504_r17.0.0_20260605-171052,monolignol biosynthesis,68
http://rdf-plantmetwiki.bioinformatics.nl/pathways/PC152_r17.0.0_20260605-171052,rutin biosynthesis,67
http://rdf-plantmetwiki.bioinformatics.nl/pathways/PC420_r17.0.0_20260605-171052,flavonol acylglucoside biosynthesis III-quercetin derivatives,64
http://rdf-plantmetwiki.bioinformatics.nl/pathways/PC843_r17.0.0_20260605-171052,secologanin and strictosidine biosynthesis,63
http://rdf-plantmetwiki.bioinformatics.nl/pathways/PC900_r17.0.0_20260605-171052,quercetin gentiotetraside biosynthesis,63
http://rdf-plantmetwiki.bioinformatics.nl/pathways/PC446_r17.0.0_20260605-171052,quercetin triglucoside biosynthesis,63
http://rdf-plantmetwiki.bioinformatics.nl/pathways/PC212_r17.0.0_20260605-171052,gluconeogenesis I,60
http://rdf-plantmetwiki.bioinformatics.nl/pathways/PC1026_r17.0.0_20260605-171052,eupatolitin 3-O-glucoside biosynthesis,60
http://rdf-plantmetwiki.bioinformatics.nl/pathways/PC349_r17.0.0_20260605-171052,aerobic respiration III (alternative oxidase pathway),59
http://rdf-plantmetwiki.bioinformatics.nl/pathways/PC1160_r17.0.0_20260605-171052,superpathway of phospholipid biosynthesis II (plants),58
http://rdf-plantmetwiki.bioinformatics.nl/pathways/PC861_r17.0.0_20260605-171052,cytokinin-O-glucosides biosynthesis,57
http://rdf-plantmetwiki.bioinformatics.nl/pathways/PC201_r17.0.0_20260605-171052,NAD(P)/NADPH interconversion,56
http://rdf-plantmetwiki.bioinformatics.nl/pathways/PC308_r17.0.0_20260605-171052,glycolysis I (from glucose 6-phosphate),49
http://rdf-plantmetwiki.bioinformatics.nl/pathways/PC857_r17.0.0_20260605-171052,superpathway of gibberellin biosynthesis,49
http://rdf-plantmetwiki.bioinformatics.nl/pathways/PC163_r17.0.0_20260605-171052,glycolysis IV,47
http://rdf-plantmetwiki.bioinformatics.nl/pathways/PC934_r17.0.0_20260605-171052,superpathway of photosynthetic hydrogen production,47
http://rdf-plantmetwiki.bioinformatics.nl/pathways/PC891_r17.0.0_20260605-171052,superpathway of sucrose and starch metabolism I (non-photosynthetic tissue),45
http://rdf-plantmetwiki.bioinformatics.nl/pathways/PC90_r17.0.0_20260605-171052,"C4 photosynthetic carbon assimilation cycle, NAD-ME type",45
http://rdf-plantmetwiki.bioinformatics.nl/pathways/PC190_r17.0.0_20260605-171052,glycolysis II (from fructose 6-phosphate),45
http://rdf-plantmetwiki.bioinformatics.nl/pathways/PC1113_r17.0.0_20260605-171052,superpathway of oleoresin turpentine biosynthesis,42
http://rdf-plantmetwiki.bioinformatics.nl/pathways/PC440_r17.0.0_20260605-171052,photosynthesis light reactions I (plastocyanin),42
http://rdf-plantmetwiki.bioinformatics.nl/pathways/PC1002_r17.0.0_20260605-171052,"C4 photosynthetic carbon assimilation cycle, PEPCK type",41
http://rdf-plantmetwiki.bioinformatics.nl/pathways/PC194_r17.0.0_20260605-171052,superpathway of glyoxylate cycle and fatty acid degradation,39
http://rdf-plantmetwiki.bioinformatics.nl/pathways/PC1118_r17.0.0_20260605-171052,flavonoid biosynthesis,38
http://rdf-plantmetwiki.bioinformatics.nl/pathways/PC345_r17.0.0_20260605-171052,TCA cycle variation V (plant),37
http://rdf-plantmetwiki.bioinformatics.nl/pathways/PC523_r17.0.0_20260605-171052,superpathway of scopolin and esculin biosynthesis,37
http://rdf-plantmetwiki.bioinformatics.nl/pathways/PC68_r17.0.0_20260605-171052,glycyrrhetinate biosynthesis,37
http://rdf-plantmetwiki.bioinformatics.nl/pathways/PC795_r17.0.0_20260605-171052,chlorogenic acid biosynthesis I,37
http://rdf-plantmetwiki.bioinformatics.nl/pathways/PC1019_r17.0.0_20260605-171052,superpathway of ergosterol biosynthesis II,36
http://rdf-plantmetwiki.bioinformatics.nl/pathways/PC697_r17.0.0_20260605-171052,esculetin modification,35
http://rdf-plantmetwiki.bioinformatics.nl/pathways/PC1082_r17.0.0_20260605-171052,flavonoid di-C-glucosylation,34
http://rdf-plantmetwiki.bioinformatics.nl/pathways/PC307_r17.0.0_20260605-171052,cinnamate esters biosynthesis,33
http://rdf-plantmetwiki.bioinformatics.nl/pathways/PC524_r17.0.0_20260605-171052,sucrose biosynthesis I (from photosynthesis),33
http://rdf-plantmetwiki.bioinformatics.nl/pathways/PC402_r17.0.0_20260605-171052,coniferin metabolism,33
http://rdf-plantmetwiki.bioinformatics.nl/pathways/PC1134_r17.0.0_20260605-171052,superpathway of carotenoid biosynthesis in plants,33
http://rdf-plantmetwiki.bioinformatics.nl/pathways/PC164_r17.0.0_20260605-171052,flavonoid biosynthesis (in equisetum),33
http://rdf-plantmetwiki.bioinformatics.nl/pathways/PC267_r17.0.0_20260605-171052,anthocyanin biosynthesis,32
http://rdf-plantmetwiki.bioinformatics.nl/pathways/PC241_r17.0.0_20260605-171052,superpathway of avenacin A biosynthesis,32
http://rdf-plantmetwiki.bioinformatics.nl/pathways/PC210_r17.0.0_20260605-171052,bisabolene biosynthesis (engineered),31
http://rdf-plantmetwiki.bioinformatics.nl/pathways/PC616_r17.0.0_20260605-171052,diterpene phytoalexins precursors biosynthesis,31
http://rdf-plantmetwiki.bioinformatics.nl/pathways/PC573_r17.0.0_20260605-171052,superpathway of gibberellin GA₁₂ biosynthesis,30
http://rdf-plantmetwiki.bioinformatics.nl/pathways/PC634_r17.0.0_20260605-171052,taxadiene biosynthesis (engineered),30
http://rdf-plantmetwiki.bioinformatics.nl/pathways/PC835_r17.0.0_20260605-171052,superpathway of geranylgeranylpyrophosphate biosynthesis I (via mevalonate),30
http://rdf-plantmetwiki.bioinformatics.nl/pathways/PC1022_r17.0.0_20260605-171052,simplecoumarins biosynthesis,29
http://rdf-plantmetwiki.bioinformatics.nl/pathways/PC439_r17.0.0_20260605-171052,mangrove triterpenoid biosynthesis,29
http://rdf-plantmetwiki.bioinformatics.nl/pathways/PC758_r17.0.0_20260605-171052,coumarin biosynthesis (via 2-coumarate),29
http://rdf-plantmetwiki.bioinformatics.nl/pathways/PC491_r17.0.0_20260605-171052,suberin monomers biosynthesis,29
http://rdf-plantmetwiki.bioinformatics.nl/pathways/PC921_r17.0.0_20260605-171052,superpathway of lipoxygenase,29
http://rdf-plantmetwiki.bioinformatics.nl/pathways/PC448_r17.0.0_20260605-171052,salicylate glucosides biosynthesis IV,29
http://rdf-plantmetwiki.bioinformatics.nl/pathways/PC977_r17.0.0_20260605-171052,TCA cycle II (plants and fungi),28
http://rdf-plantmetwiki.bioinformatics.nl/pathways/PC743_r17.0.0_20260605-171052,superpathway of geranylgeranyl pyrophosphate biosynthesis II (via MEP),28
http://rdf-plantmetwiki.bioinformatics.nl/pathways/RC81_r17.0.0_20260605-171052,ATPSYN-RXN,28
http://rdf-plantmetwiki.bioinformatics.nl/pathways/PC173_r17.0.0_20260605-171052,"avenacin biosynthesis, initial reactions",27
http://rdf-plantmetwiki.bioinformatics.nl/pathways/PC197_r17.0.0_20260605-171052,naringenin biosynthesis (engineered),27
http://rdf-plantmetwiki.bioinformatics.nl/pathways/PC721_r17.0.0_20260605-171052,superpathway of phylloquinol biosynthesis,27
http://rdf-plantmetwiki.bioinformatics.nl/pathways/PC1056_r17.0.0_20260605-171052,sucrose degradation II (sucrose synthase),27
http://rdf-plantmetwiki.bioinformatics.nl/pathways/PC925_r17.0.0_20260605-171052,coumarins biosynthesis (engineered),26
http://rdf-plantmetwiki.bioinformatics.nl/pathways/PC506_r17.0.0_20260605-171052,phytosterol biosynthesis (plants),26
http://rdf-plantmetwiki.bioinformatics.nl/pathways/PC501_r17.0.0_20260605-171052,chlorogenic acid biosynthesis II,26
http://rdf-plantmetwiki.bioinformatics.nl/pathways/PC211_r17.0.0_20260605-171052,scopolin biosynthesis,25
http://rdf-plantmetwiki.bioinformatics.nl/pathways/RC719_r17.0.0_20260605-171052,2.4.1.126-RXN,25
http://rdf-plantmetwiki.bioinformatics.nl/pathways/PC590_r17.0.0_20260605-171052,Organic Nitrogen Assimilation,25
http://rdf-plantmetwiki.bioinformatics.nl/pathways/PC358_r17.0.0_20260605-171052,Calvin-Benson-Bassham cycle,25
http://rdf-plantmetwiki.bioinformatics.nl/pathways/PC769_r17.0.0_20260605-171052,menthol biosynthesis,25
http://rdf-plantmetwiki.bioinformatics.nl/pathways/PC623_r17.0.0_20260605-171052,kauralexin biosynthesis,25
http://rdf-plantmetwiki.bioinformatics.nl/pathways/PC1138_r17.0.0_20260605-171052,phaselate biosynthesis,25
http://rdf-plantmetwiki.bioinformatics.nl/pathways/PC379_r17.0.0_20260605-171052,superpathway of rosmarinic acid biosynthesis,25
http://rdf-plantmetwiki.bioinformatics.nl/pathways/PC668_r17.0.0_20260605-171052,salicylate glucosides biosynthesis III,25
http://rdf-plantmetwiki.bioinformatics.nl/pathways/PC328_r17.0.0_20260605-171052,diacylglycerol and triacylglycerol biosynthesis,25
http://rdf-plantmetwiki.bioinformatics.nl/pathways/PC762_r17.0.0_20260605-171052,rosmarinic acid biosynthesis I,24
http://rdf-plantmetwiki.bioinformatics.nl/pathways/RC20_r17.0.0_20260605-171052,2.4.1.194-RXN,24
http://rdf-plantmetwiki.bioinformatics.nl/pathways/PC122_r17.0.0_20260605-171052,superpathway of pterocarpan biosynthesis (via formononetin),24
http://rdf-plantmetwiki.bioinformatics.nl/pathways/PC729_r17.0.0_20260605-171052,curcuminoid biosynthesis,24
http://rdf-plantmetwiki.bioinformatics.nl/pathways/PC677_r17.0.0_20260605-171052,avenacin A-1 biosynthesis,24
http://rdf-plantmetwiki.bioinformatics.nl/pathways/PC998_r17.0.0_20260605-171052,soybean saponin I biosynthesis,24
http://rdf-plantmetwiki.bioinformatics.nl/pathways/PC812_r17.0.0_20260605-171052,monoterpene biosynthesis,24
http://rdf-plantmetwiki.bioinformatics.nl/pathways/PC203_r17.0.0_20260605-171052,sphingolipid biosynthesis (plants),23
http://rdf-plantmetwiki.bioinformatics.nl/pathways/PC1093_r17.0.0_20260605-171052,oleanolate biosynthesis,23
http://rdf-plantmetwiki.bioinformatics.nl/pathways/PC954_r17.0.0_20260605-171052,phosphatidylcholine acyl editing,23
http://rdf-plantmetwiki.bioinformatics.nl/pathways/PC633_r17.0.0_20260605-171052,sucrose biosynthesis II,23
http://rdf-plantmetwiki.bioinformatics.nl/pathways/PC377_r17.0.0_20260605-171052,phosphatidylglycerol biosynthesis II,23
http://rdf-plantmetwiki.bioinformatics.nl/pathways/PC688_r17.0.0_20260605-171052,ent-kaurene biosynthesis I,23
http://rdf-plantmetwiki.bioinformatics.nl/pathways/PC33_r17.0.0_20260605-171052,superpathway of choline biosynthesis,23
http://rdf-plantmetwiki.bioinformatics.nl/pathways/PC987_r17.0.0_20260605-171052,triacylglycerol biosynthesis (Chlamydomonas),23
http://rdf-plantmetwiki.bioinformatics.nl/pathways/PC953_r17.0.0_20260605-171052,superpathway of hyoscyamine (atropine) and scopolamine biosynthesis,22
http://rdf-plantmetwiki.bioinformatics.nl/pathways/PC704_r17.0.0_20260605-171052,oleoresin monoterpene volatiles biosynthesis,22
http://rdf-plantmetwiki.bioinformatics.nl/pathways/PC347_r17.0.0_20260605-171052,starch biosynthesis,22
http://rdf-plantmetwiki.bioinformatics.nl/pathways/PC582_r17.0.0_20260605-171052,sanguinarine and macarpine biosynthesis,22
http://rdf-plantmetwiki.bioinformatics.nl/pathways/PC1125_r17.0.0_20260605-171052,ginsenosides biosynthesis,22
http://rdf-plantmetwiki.bioinformatics.nl/pathways/RC21_r17.0.0_20260605-171052,RXN-13506,22
http://rdf-plantmetwiki.bioinformatics.nl/pathways/PC929_r17.0.0_20260605-171052,oleoresin sesquiterpene volatiles biosynthesis,22
http://rdf-plantmetwiki.bioinformatics.nl/pathways/PC898_r17.0.0_20260605-171052,plant sterol biosynthesis II,21
http://rdf-plantmetwiki.bioinformatics.nl/pathways/PC289_r17.0.0_20260605-171052,L-methionine salvage cycle II (plants),21
http://rdf-plantmetwiki.bioinformatics.nl/pathways/PC850_r17.0.0_20260605-171052,sucrose degradation III (sucrose invertase),21
http://rdf-plantmetwiki.bioinformatics.nl/pathways/PC645_r17.0.0_20260605-171052,superpathway of L-isoleucine biosynthesis I,21
http://rdf-plantmetwiki.bioinformatics.nl/pathways/PC1051_r17.0.0_20260605-171052,superpathway of formononetin derivative biosynthesis,21
http://rdf-plantmetwiki.bioinformatics.nl/pathways/PC44_r17.0.0_20260605-171052,phenylpropanoids methylation (ice plant),21
http://rdf-plantmetwiki.bioinformatics.nl/pathways/PC484_r17.0.0_20260605-171052,xanthohumol biosynthesis,21
http://rdf-plantmetwiki.bioinformatics.nl/pathways/PC946_r17.0.0_20260605-171052,stachyose degradation,21
http://rdf-plantmetwiki.bioinformatics.nl/pathways/PC250_r17.0.0_20260605-171052,nitrogen remobilization from senescing leaves,21
http://rdf-plantmetwiki.bioinformatics.nl/pathways/PC7_r17.0.0_20260605-171052,"3,8-divinyl-chlorophyllide a biosynthesis I (aerobic, light-dependent)",21
http://rdf-plantmetwiki.bioinformatics.nl/pathways/PC258_r17.0.0_20260605-171052,capsiconiate biosynthesis,21
http://rdf-plantmetwiki.bioinformatics.nl/pathways/PC1090_r17.0.0_20260605-171052,jasmonic acid biosynthesis,21
http://rdf-plantmetwiki.bioinformatics.nl/pathways/PC57_r17.0.0_20260605-171052,superpathway of methylsalicylate metabolism,20
http://rdf-plantmetwiki.bioinformatics.nl/pathways/PC521_r17.0.0_20260605-171052,2'-deoxymugineic acid phytosiderophore biosynthesis,20
http://rdf-plantmetwiki.bioinformatics.nl/pathways/PC239_r17.0.0_20260605-171052,superpathway of heme b biosynthesis from glutamate,19
http://rdf-plantmetwiki.bioinformatics.nl/pathways/PC62_r17.0.0_20260605-171052,CDP-diacylglycerol biosynthesis I,19
http://rdf-plantmetwiki.bioinformatics.nl/pathways/PC855_r17.0.0_20260605-171052,fenchol biosynthesis II,19
http://rdf-plantmetwiki.bioinformatics.nl/pathways/PC104_r17.0.0_20260605-171052,superpathway of anthocyanin biosynthesis (from cyanidin and cyanidin 3-O-glucoside),19
http://rdf-plantmetwiki.bioinformatics.nl/pathways/PC1025_r17.0.0_20260605-171052,chelerythrine biosynthesis,19
http://rdf-plantmetwiki.bioinformatics.nl/pathways/PC1131_r17.0.0_20260605-171052,superpathway of linalool biosynthesis,19
http://rdf-plantmetwiki.bioinformatics.nl/pathways/PC604_r17.0.0_20260605-171052,"superpathway of L-lysine, L-threonine and L-methionine biosynthesis II",19
http://rdf-plantmetwiki.bioinformatics.nl/pathways/PC220_r17.0.0_20260605-171052,"cholesterol biosynthesis (plants, early side-chain reductase)",18
http://rdf-plantmetwiki.bioinformatics.nl/pathways/PC705_r17.0.0_20260605-171052,superpathway of fermentation (Chlamydomonas reinhardtii),18
http://rdf-plantmetwiki.bioinformatics.nl/pathways/PC538_r17.0.0_20260605-171052,anthocyanidin modification (Arabidopsis),18
http://rdf-plantmetwiki.bioinformatics.nl/pathways/PC386_r17.0.0_20260605-171052,glyoxylate cycle,18
http://rdf-plantmetwiki.bioinformatics.nl/pathways/PC454_r17.0.0_20260605-171052,leucopelargonidin and leucocyanidin biosynthesis,18
http://rdf-plantmetwiki.bioinformatics.nl/pathways/PC989_r17.0.0_20260605-171052,phospholipases,18
http://rdf-plantmetwiki.bioinformatics.nl/pathways/PC180_r17.0.0_20260605-171052,superpathway of L-phenylalanine and L-tyrosine biosynthesis,18
http://rdf-plantmetwiki.bioinformatics.nl/pathways/PC462_r17.0.0_20260605-171052,germacrene biosynthesis,18
http://rdf-plantmetwiki.bioinformatics.nl/pathways/PC566_r17.0.0_20260605-171052,(4R)-carvone biosynthesis,18
http://rdf-plantmetwiki.bioinformatics.nl/pathways/PC666_r17.0.0_20260605-171052,gibberellin inactivation I (2β-hydroxylation),18
http://rdf-plantmetwiki.bioinformatics.nl/pathways/PC469_r17.0.0_20260605-171052,zealexin biosynthesis,18
http://rdf-plantmetwiki.bioinformatics.nl/pathways/PC346_r17.0.0_20260605-171052,superpathway of isoflavonoids (via naringenin),18
http://rdf-plantmetwiki.bioinformatics.nl/pathways/PC148_r17.0.0_20260605-171052,superpathway of nicotine biosynthesis,18
http://rdf-plantmetwiki.bioinformatics.nl/pathways/PC613_r17.0.0_20260605-171052,dolabralexins biosynthesis,18
http://rdf-plantmetwiki.bioinformatics.nl/pathways/PC184_r17.0.0_20260605-171052,traumatin and (Z)-3-hexen-1-yl acetate biosynthesis,18
http://rdf-plantmetwiki.bioinformatics.nl/pathways/PC967_r17.0.0_20260605-171052,glutathione-mediated detoxification II,17
http://rdf-plantmetwiki.bioinformatics.nl/pathways/PC781_r17.0.0_20260605-171052,β-caryophyllene biosynthesis,17
http://rdf-plantmetwiki.bioinformatics.nl/pathways/PC361_r17.0.0_20260605-171052,isoflavonoid biosynthesis I,17
http://rdf-plantmetwiki.bioinformatics.nl/pathways/PC1120_r17.0.0_20260605-171052,"C4 photosynthetic carbon assimilation cycle, NADP-ME type",17
http://rdf-plantmetwiki.bioinformatics.nl/pathways/PC279_r17.0.0_20260605-171052,perillyl aldehyde biosynthesis,17
http://rdf-plantmetwiki.bioinformatics.nl/pathways/PC601_r17.0.0_20260605-171052,tetrahydrofolate biosynthesis II,17
http://rdf-plantmetwiki.bioinformatics.nl/pathways/PC176_r17.0.0_20260605-171052,noscapine biosynthesis,17
http://rdf-plantmetwiki.bioinformatics.nl/pathways/PC445_r17.0.0_20260605-171052,L-tryptophan biosynthesis,17
http://rdf-plantmetwiki.bioinformatics.nl/pathways/PC978_r17.0.0_20260605-171052,superpathway of polyamine biosynthesis II,17
http://rdf-plantmetwiki.bioinformatics.nl/pathways/PC883_r17.0.0_20260605-171052,reductive TCA cycle I,17
http://rdf-plantmetwiki.bioinformatics.nl/pathways/PC1065_r17.0.0_20260605-171052,volatile benzenoid biosynthesis I (ester formation),17
http://rdf-plantmetwiki.bioinformatics.nl/pathways/PC271_r17.0.0_20260605-171052,santalene biosynthesis II,17
http://rdf-plantmetwiki.bioinformatics.nl/pathways/PC1124_r17.0.0_20260605-171052,gibberellin biosynthesis III (early C-13 hydroxylation),17
http://rdf-plantmetwiki.bioinformatics.nl/pathways/PC924_r17.0.0_20260605-171052,indole-3-acetate biosynthesis II,16
http://rdf-plantmetwiki.bioinformatics.nl/pathways/PC816_r17.0.0_20260605-171052,isoflavonoid biosynthesis II,16
http://rdf-plantmetwiki.bioinformatics.nl/pathways/PC1104_r17.0.0_20260605-171052,quercetin sulfate biosynthesis,16
http://rdf-plantmetwiki.bioinformatics.nl/pathways/PC1155_r17.0.0_20260605-171052,cholesterol biosynthesis I,16
http://rdf-plantmetwiki.bioinformatics.nl/pathways/PC760_r17.0.0_20260605-171052,Inorganic Nitrogen Assimilation,16
http://rdf-plantmetwiki.bioinformatics.nl/pathways/PC1147_r17.0.0_20260605-171052,superpathway of L-threonine biosynthesis,16
http://rdf-plantmetwiki.bioinformatics.nl/pathways/PC767_r17.0.0_20260605-171052,superpathway of purine nucleotides de novo biosynthesis I,16
http://rdf-plantmetwiki.bioinformatics.nl/pathways/PC554_r17.0.0_20260605-171052,berberine biosynthesis,16
http://rdf-plantmetwiki.bioinformatics.nl/pathways/PC246_r17.0.0_20260605-171052,L-phenylalanine biosynthesis II,16
http://rdf-plantmetwiki.bioinformatics.nl/pathways/PC1139_r17.0.0_20260605-171052,polymethylated quercetin biosynthesis,16
http://rdf-plantmetwiki.bioinformatics.nl/pathways/PC622_r17.0.0_20260605-171052,superpathway of acylsucrose biosynthesis (wild tomato),16
http://rdf-plantmetwiki.bioinformatics.nl/pathways/PC427_r17.0.0_20260605-171052,Amaryllidacea alkaloids biosynthesis,15
http://rdf-plantmetwiki.bioinformatics.nl/pathways/PC189_r17.0.0_20260605-171052,NAD de novo biosynthesis I,15
http://rdf-plantmetwiki.bioinformatics.nl/pathways/PC679_r17.0.0_20260605-171052,abscisic acid degradation by glucosylation,15
http://rdf-plantmetwiki.bioinformatics.nl/pathways/PC113_r17.0.0_20260605-171052,superpathway of C28 brassinosteroid biosynthesis,15
http://rdf-plantmetwiki.bioinformatics.nl/pathways/PC803_r17.0.0_20260605-171052,umbelliferone biosynthesis,15
http://rdf-plantmetwiki.bioinformatics.nl/pathways/PC130_r17.0.0_20260605-171052,L-methionine salvage cycle I (bacteria and plants),15
http://rdf-plantmetwiki.bioinformatics.nl/pathways/PC225_r17.0.0_20260605-171052,Rubisco shunt,15
http://rdf-plantmetwiki.bioinformatics.nl/pathways/PC561_r17.0.0_20260605-171052,brassinolide biosynthesis II,15
http://rdf-plantmetwiki.bioinformatics.nl/pathways/PC146_r17.0.0_20260605-171052,superpathway of indole-3-acetate conjugate biosynthesis,15
http://rdf-plantmetwiki.bioinformatics.nl/pathways/PC681_r17.0.0_20260605-171052,stachyose biosynthesis,15
http://rdf-plantmetwiki.bioinformatics.nl/pathways/PC602_r17.0.0_20260605-171052,costunolide biosynthesis,15
http://rdf-plantmetwiki.bioinformatics.nl/pathways/PC654_r17.0.0_20260605-171052,superpathway of hydrolyzable tannin biosynthesis,15
http://rdf-plantmetwiki.bioinformatics.nl/pathways/PC426_r17.0.0_20260605-171052,superpathway of glycoalkaloid metabolism (Solanaceae),15
http://rdf-plantmetwiki.bioinformatics.nl/pathways/PC437_r17.0.0_20260605-171052,farnesene biosynthesis,15
http://rdf-plantmetwiki.bioinformatics.nl/pathways/PC755_r17.0.0_20260605-171052,6-gingerol analog biosynthesis (engineered),15
http://rdf-plantmetwiki.bioinformatics.nl/pathways/PC838_r17.0.0_20260605-171052,superpathway of fatty acid biosynthesis II (plant),15
http://rdf-plantmetwiki.bioinformatics.nl/pathways/PC483_r17.0.0_20260605-171052,"gibberellin biosynthesis I (non C-3, non C-13 hydroxylation)",15
http://rdf-plantmetwiki.bioinformatics.nl/pathways/PC931_r17.0.0_20260605-171052,malate-oxaloacetate shuttle II,14
http://rdf-plantmetwiki.bioinformatics.nl/pathways/PC1075_r17.0.0_20260605-171052,linalool biosynthesis I,14
http://rdf-plantmetwiki.bioinformatics.nl/pathways/PC21_r17.0.0_20260605-171052,superpathway of purines degradation in plants,14
http://rdf-plantmetwiki.bioinformatics.nl/pathways/PC355_r17.0.0_20260605-171052,superpathway of pterocarpan biosynthesis (via daidzein),14
http://rdf-plantmetwiki.bioinformatics.nl/pathways/PC99_r17.0.0_20260605-171052,flavonol biosynthesis,14
http://rdf-plantmetwiki.bioinformatics.nl/pathways/PC692_r17.0.0_20260605-171052,proanthocyanidins biosynthesis from flavanols,14
http://rdf-plantmetwiki.bioinformatics.nl/pathways/PC1145_r17.0.0_20260605-171052,all-trans-farnesol biosynthesis,14
http://rdf-plantmetwiki.bioinformatics.nl/pathways/PC787_r17.0.0_20260605-171052,ascorbate glutathione cycle,14
http://rdf-plantmetwiki.bioinformatics.nl/pathways/PC72_r17.0.0_20260605-171052,wax esters biosynthesis II,14
http://rdf-plantmetwiki.bioinformatics.nl/pathways/PC820_r17.0.0_20260605-171052,acylsucrose biosynthesis (Solanum habrochaites),14
http://rdf-plantmetwiki.bioinformatics.nl/pathways/PC1102_r17.0.0_20260605-171052,salidroside biosynthesis,14
http://rdf-plantmetwiki.bioinformatics.nl/pathways/PC665_r17.0.0_20260605-171052,ethene biosynthesis I (plants),14
http://rdf-plantmetwiki.bioinformatics.nl/pathways/PC36_r17.0.0_20260605-171052,(3R)-linalool biosynthesis,14
http://rdf-plantmetwiki.bioinformatics.nl/pathways/PC859_r17.0.0_20260605-171052,plaunotol biosynthesis,14
http://rdf-plantmetwiki.bioinformatics.nl/pathways/PC302_r17.0.0_20260605-171052,"fatty acid β-oxidation IV (unsaturated, even number)",14
http://rdf-plantmetwiki.bioinformatics.nl/pathways/PC1054_r17.0.0_20260605-171052,(3S)-linalool biosynthesis,14
http://rdf-plantmetwiki.bioinformatics.nl/pathways/PC858_r17.0.0_20260605-171052,brassinolide biosynthesis I,14
http://rdf-plantmetwiki.bioinformatics.nl/pathways/PC643_r17.0.0_20260605-171052,UDP-N-acetyl-D-glucosamine biosynthesis II,14
http://rdf-plantmetwiki.bioinformatics.nl/pathways/PC452_r17.0.0_20260605-171052,methylsalicylate biosynthesis,13
http://rdf-plantmetwiki.bioinformatics.nl/pathways/PC187_r17.0.0_20260605-171052,superpathway of anthocyanin biosynthesis (from pelargonidin 3-O-glucoside),13
http://rdf-plantmetwiki.bioinformatics.nl/pathways/PC254_r17.0.0_20260605-171052,iron reduction and absorption,13
http://rdf-plantmetwiki.bioinformatics.nl/pathways/PC477_r17.0.0_20260605-171052,salvigenin biosynthesis,13
http://rdf-plantmetwiki.bioinformatics.nl/pathways/PC1086_r17.0.0_20260605-171052,"benzoate biosynthesis I (CoA-dependent, β-oxidative)",13
http://rdf-plantmetwiki.bioinformatics.nl/pathways/PC877_r17.0.0_20260605-171052,alkane biosynthesis II,13
http://rdf-plantmetwiki.bioinformatics.nl/pathways/PC1111_r17.0.0_20260605-171052,methylquercetin biosynthesis,13
http://rdf-plantmetwiki.bioinformatics.nl/pathways/PC80_r17.0.0_20260605-171052,phosphatidylcholine biosynthesis II,13
http://rdf-plantmetwiki.bioinformatics.nl/pathways/PC779_r17.0.0_20260605-171052,superpathway of benzoxazinoid glucosides biosynthesis,13
http://rdf-plantmetwiki.bioinformatics.nl/pathways/PC828_r17.0.0_20260605-171052,tricin biosynthesis,13
http://rdf-plantmetwiki.bioinformatics.nl/pathways/PC749_r17.0.0_20260605-171052,photorespiration I,13
http://rdf-plantmetwiki.bioinformatics.nl/pathways/PC3_r17.0.0_20260605-171052,stellariose and mediose biosynthesis,13
http://rdf-plantmetwiki.bioinformatics.nl/pathways/PC629_r17.0.0_20260605-171052,capsaicin biosynthesis,13
http://rdf-plantmetwiki.bioinformatics.nl/pathways/PC585_r17.0.0_20260605-171052,superpathway of L-citrulline metabolism,13
http://rdf-plantmetwiki.bioinformatics.nl/pathways/PC937_r17.0.0_20260605-171052,4-hydroxybenzoate biosynthesis III (plants),13
http://rdf-plantmetwiki.bioinformatics.nl/pathways/PC984_r17.0.0_20260605-171052,superpathway of seleno-compound metabolism,13
http://rdf-plantmetwiki.bioinformatics.nl/pathways/PC844_r17.0.0_20260605-171052,(S)-reticuline biosynthesis I,13
http://rdf-plantmetwiki.bioinformatics.nl/pathways/PC722_r17.0.0_20260605-171052,glucosinolate biosynthesis from tryptophan,13
http://rdf-plantmetwiki.bioinformatics.nl/pathways/PC9_r17.0.0_20260605-171052,palmatine biosynthesis,13
http://rdf-plantmetwiki.bioinformatics.nl/pathways/PC703_r17.0.0_20260605-171052,fatty acid β-oxidation II (plant peroxisome),13
http://rdf-plantmetwiki.bioinformatics.nl/pathways/PC453_r17.0.0_20260605-171052,glucosinolate activation,13
http://rdf-plantmetwiki.bioinformatics.nl/pathways/PC317_r17.0.0_20260605-171052,superpathway of putrescine biosynthesis,13
http://rdf-plantmetwiki.bioinformatics.nl/pathways/PC1109_r17.0.0_20260605-171052,UDP-galactose biosynthesis (salvage pathway from galactose using UDP-glucose),13
http://rdf-plantmetwiki.bioinformatics.nl/pathways/PC691_r17.0.0_20260605-171052,geranylgeranyl pyrophosphate biosynthesis,12
http://rdf-plantmetwiki.bioinformatics.nl/pathways/RC884_r17.0.0_20260605-171052,1.14.13.117-RXN,12
http://rdf-plantmetwiki.bioinformatics.nl/pathways/PC150_r17.0.0_20260605-171052,sinapate ester biosynthesis,12
http://rdf-plantmetwiki.bioinformatics.nl/pathways/PC867_r17.0.0_20260605-171052,divinyl ether biosynthesis II,12
http://rdf-plantmetwiki.bioinformatics.nl/pathways/RC1055_r17.0.0_20260605-171052,RXN-17697,12
http://rdf-plantmetwiki.bioinformatics.nl/pathways/PC512_r17.0.0_20260605-171052,"1,4-dihydroxy-2-naphthoate biosynthesis II (plants)",12
http://rdf-plantmetwiki.bioinformatics.nl/pathways/RC556_r17.0.0_20260605-171052,1.14.13.118-RXN,12
http://rdf-plantmetwiki.bioinformatics.nl/pathways/PC175_r17.0.0_20260605-171052,superpathway of pyrimidine deoxyribonucleotides de novo biosynthesis,12
http://rdf-plantmetwiki.bioinformatics.nl/pathways/PC817_r17.0.0_20260605-171052,nicotine biosynthesis,12
http://rdf-plantmetwiki.bioinformatics.nl/pathways/PC265_r17.0.0_20260605-171052,luteolin biosynthesis,12
http://rdf-plantmetwiki.bioinformatics.nl/pathways/PC324_r17.0.0_20260605-171052,heme b biosynthesis I (aerobic),12
http://rdf-plantmetwiki.bioinformatics.nl/pathways/PC290_r17.0.0_20260605-171052,lychnose and isolychnose biosynthesis,12
http://rdf-plantmetwiki.bioinformatics.nl/pathways/PC801_r17.0.0_20260605-171052,phosphatidylglycerol biosynthesis I,12
http://rdf-plantmetwiki.bioinformatics.nl/pathways/PC264_r17.0.0_20260605-171052,superpathway of coenzyme A biosynthesis II (plants),12
http://rdf-plantmetwiki.bioinformatics.nl/pathways/PC22_r17.0.0_20260605-171052,"fatty acid β-oxidation V (unsaturated, odd number, di-isomerase-dependent)",12
http://rdf-plantmetwiki.bioinformatics.nl/pathways/PC97_r17.0.0_20260605-171052,methyl ketone biosynthesis (engineered),12
http://rdf-plantmetwiki.bioinformatics.nl/pathways/PC968_r17.0.0_20260605-171052,scopoletin biosynthesis,12
http://rdf-plantmetwiki.bioinformatics.nl/pathways/PC736_r17.0.0_20260605-171052,palmitate biosynthesis II (type II fatty acid synthase),12
http://rdf-plantmetwiki.bioinformatics.nl/pathways/PC777_r17.0.0_20260605-171052,kaempferol glycoside biosynthesis (Arabidopsis),12
http://rdf-plantmetwiki.bioinformatics.nl/pathways/PC422_r17.0.0_20260605-171052,choline biosynthesis III,12
http://rdf-plantmetwiki.bioinformatics.nl/pathways/PC1119_r17.0.0_20260605-171052,trans-lycopene biosynthesis II (oxygenic phototrophs and green sulfur bacteria),11
http://rdf-plantmetwiki.bioinformatics.nl/pathways/PC69_r17.0.0_20260605-171052,superpathway of branched chain amino acid biosynthesis,11
http://rdf-plantmetwiki.bioinformatics.nl/pathways/PC382_r17.0.0_20260605-171052,"2-carboxy-1,4-naphthoquinol biosynthesis",11
http://rdf-plantmetwiki.bioinformatics.nl/pathways/PC208_r17.0.0_20260605-171052,phosphatidylcholine biosynthesis III,11
http://rdf-plantmetwiki.bioinformatics.nl/pathways/PC621_r17.0.0_20260605-171052,coptisine biosynthesis,11
http://rdf-plantmetwiki.bioinformatics.nl/pathways/PC625_r17.0.0_20260605-171052,superpathway of tetrahydrofolate biosynthesis,11
http://rdf-plantmetwiki.bioinformatics.nl/pathways/PC1035_r17.0.0_20260605-171052,L-lysine biosynthesis VI,11
http://rdf-plantmetwiki.bioinformatics.nl/pathways/PC907_r17.0.0_20260605-171052,L-citrulline biosynthesis,11
http://rdf-plantmetwiki.bioinformatics.nl/pathways/PC1001_r17.0.0_20260605-171052,very long chain fatty acid biosynthesis I,11
http://rdf-plantmetwiki.bioinformatics.nl/pathways/PC450_r17.0.0_20260605-171052,glucosinolate biosynthesis from hexahomomethionine,11
http://rdf-plantmetwiki.bioinformatics.nl/pathways/PC584_r17.0.0_20260605-171052,"phosphatidate metabolism, as a signaling molecule",11
http://rdf-plantmetwiki.bioinformatics.nl/pathways/PC1144_r17.0.0_20260605-171052,glucosinolate biosynthesis from dihomomethionine,11
http://rdf-plantmetwiki.bioinformatics.nl/pathways/PC899_r17.0.0_20260605-171052,superpathway of allantoin degradation in plants,11
http://rdf-plantmetwiki.bioinformatics.nl/pathways/PC992_r17.0.0_20260605-171052,L-aspartate biosynthesis,11
http://rdf-plantmetwiki.bioinformatics.nl/pathways/PC753_r17.0.0_20260605-171052,rose anthocyanin biosynthesis II (via cyanidin 3-O-β-D-glucoside),11
http://rdf-plantmetwiki.bioinformatics.nl/pathways/PC482_r17.0.0_20260605-171052,1D-myo-inositol hexakisphosphate biosynthesis III (Spirodela polyrrhiza),11
http://rdf-plantmetwiki.bioinformatics.nl/pathways/PC649_r17.0.0_20260605-171052,phenylethanol biosynthesis,11
http://rdf-plantmetwiki.bioinformatics.nl/pathways/PC938_r17.0.0_20260605-171052,phosphatidylcholine biosynthesis I,11
http://rdf-plantmetwiki.bioinformatics.nl/pathways/PC1048_r17.0.0_20260605-171052,glucosinolate biosynthesis from homomethionine,11
http://rdf-plantmetwiki.bioinformatics.nl/pathways/PC1159_r17.0.0_20260605-171052,α-tomatine biosynthesis,11
http://rdf-plantmetwiki.bioinformatics.nl/pathways/PC657_r17.0.0_20260605-171052,caffeoylglucarate biosynthesis,11
http://rdf-plantmetwiki.bioinformatics.nl/pathways/PC209_r17.0.0_20260605-171052,malate-oxaloacetate shuttle I,11
http://rdf-plantmetwiki.bioinformatics.nl/pathways/PC1060_r17.0.0_20260605-171052,superpathway of anthocyanin biosynthesis (from delphinidin 3-O-glucoside),11
http://rdf-plantmetwiki.bioinformatics.nl/pathways/PC291_r17.0.0_20260605-171052,methyl indole-3-acetate interconversion,11
http://rdf-plantmetwiki.bioinformatics.nl/pathways/RC736_r17.0.0_20260605-171052,RXN0-1021,11
http://rdf-plantmetwiki.bioinformatics.nl/pathways/PC350_r17.0.0_20260605-171052,long-chain fatty acid activation,11
http://rdf-plantmetwiki.bioinformatics.nl/pathways/PC381_r17.0.0_20260605-171052,phosphate acquisition,11
http://rdf-plantmetwiki.bioinformatics.nl/pathways/PC385_r17.0.0_20260605-171052,(-)-maackiain biosynthesis,11
http://rdf-plantmetwiki.bioinformatics.nl/pathways/PC630_r17.0.0_20260605-171052,D-sorbitol degradation I,11
http://rdf-plantmetwiki.bioinformatics.nl/pathways/PC185_r17.0.0_20260605-171052,superpathway of acylsucrose biosynthesis (cultivated tomato),11
http://rdf-plantmetwiki.bioinformatics.nl/pathways/PC542_r17.0.0_20260605-171052,isoprene biosynthesis II (engineered),11
http://rdf-plantmetwiki.bioinformatics.nl/pathways/PC1140_r17.0.0_20260605-171052,D-galactose detoxification,11
http://rdf-plantmetwiki.bioinformatics.nl/pathways/PC147_r17.0.0_20260605-171052,syringetin biosynthesis,11
http://rdf-plantmetwiki.bioinformatics.nl/pathways/PC67_r17.0.0_20260605-171052,L-arginine biosynthesis II (acetyl cycle),10
http://rdf-plantmetwiki.bioinformatics.nl/pathways/PC236_r17.0.0_20260605-171052,L-alanine degradation II (to D-lactate),10
http://rdf-plantmetwiki.bioinformatics.nl/pathways/PC806_r17.0.0_20260605-171052,daphnetin modification,10
http://rdf-plantmetwiki.bioinformatics.nl/pathways/PC537_r17.0.0_20260605-171052,ethanol degradation II,10
http://rdf-plantmetwiki.bioinformatics.nl/pathways/PC335_r17.0.0_20260605-171052,NAD salvage (plants),10
http://rdf-plantmetwiki.bioinformatics.nl/pathways/PC65_r17.0.0_20260605-171052,acridone alkaloid biosynthesis,10
http://rdf-plantmetwiki.bioinformatics.nl/pathways/PC430_r17.0.0_20260605-171052,ornithine-citrulline shuttle,10
http://rdf-plantmetwiki.bioinformatics.nl/pathways/PC467_r17.0.0_20260605-171052,superpathway of lipid-dependent phytate biosynthesis,10
http://rdf-plantmetwiki.bioinformatics.nl/pathways/PC410_r17.0.0_20260605-171052,echinatin biosynthesis,10
http://rdf-plantmetwiki.bioinformatics.nl/pathways/PC999_r17.0.0_20260605-171052,NAD biosynthesis from 2-amino-3-carboxymuconate semialdehyde,10
http://rdf-plantmetwiki.bioinformatics.nl/pathways/PC359_r17.0.0_20260605-171052,"1D-myo-inositol hexakisphosphate biosynthesis V (from Ins(1,3,4)P3)",10
http://rdf-plantmetwiki.bioinformatics.nl/pathways/PC251_r17.0.0_20260605-171052,epoxysqualene biosynthesis,10
http://rdf-plantmetwiki.bioinformatics.nl/pathways/PC748_r17.0.0_20260605-171052,"L-ascorbate biosynthesis I (plants, L-galactose pathway)",10
http://rdf-plantmetwiki.bioinformatics.nl/pathways/PC162_r17.0.0_20260605-171052,trans-zeatin biosynthesis,10
http://rdf-plantmetwiki.bioinformatics.nl/pathways/PC495_r17.0.0_20260605-171052,superpathway of 1D-myo-inositol hexakisphosphate biosynthesis (plants),10
http://rdf-plantmetwiki.bioinformatics.nl/pathways/PC606_r17.0.0_20260605-171052,δ-guaiene biosynthesis,10
http://rdf-plantmetwiki.bioinformatics.nl/pathways/PC1103_r17.0.0_20260605-171052,superpathway of Allium flavor precursors,10
http://rdf-plantmetwiki.bioinformatics.nl/pathways/PC766_r17.0.0_20260605-171052,methylerythritol phosphate pathway II,10
http://rdf-plantmetwiki.bioinformatics.nl/pathways/PC807_r17.0.0_20260605-171052,chlorophyll cycle,10
http://rdf-plantmetwiki.bioinformatics.nl/pathways/PC699_r17.0.0_20260605-171052,GDP-mannose biosynthesis,10
http://rdf-plantmetwiki.bioinformatics.nl/pathways/PC557_r17.0.0_20260605-171052,NAD de novo biosynthesis II (from tryptophan),10
http://rdf-plantmetwiki.bioinformatics.nl/pathways/PC956_r17.0.0_20260605-171052,superpathway of betalain biosynthesis,10
http://rdf-plantmetwiki.bioinformatics.nl/pathways/PC1091_r17.0.0_20260605-171052,L-nicotianamine biosynthesis,10
http://rdf-plantmetwiki.bioinformatics.nl/pathways/PC465_r17.0.0_20260605-171052,superpathway of polymethylated quercetin/quercetagetin glucoside biosynthesis (Chrysosplenium),10
http://rdf-plantmetwiki.bioinformatics.nl/pathways/PC479_r17.0.0_20260605-171052,"trans, trans-farnesyl pyrophosphate biosynthesis",10
http://rdf-plantmetwiki.bioinformatics.nl/pathways/PC1059_r17.0.0_20260605-171052,mevalonate pathway I (eukaryotes and bacteria),10
http://rdf-plantmetwiki.bioinformatics.nl/pathways/PC463_r17.0.0_20260605-171052,vitamin E biosynthesis (tocopherols),10
http://rdf-plantmetwiki.bioinformatics.nl/pathways/PC646_r17.0.0_20260605-171052,phosphatidylethanolamine biosynthesis II,10
http://rdf-plantmetwiki.bioinformatics.nl/pathways/PC275_r17.0.0_20260605-171052,superpathway of pantothenate and coenzymeA biosynthesis,10
http://rdf-plantmetwiki.bioinformatics.nl/pathways/PC648_r17.0.0_20260605-171052,ajmaline and sarpagine biosynthesis,10
http://rdf-plantmetwiki.bioinformatics.nl/pathways/PC224_r17.0.0_20260605-171052,"lipid-dependent phytate biosynthesis II (via Ins(1,3,4)P₃)",10
http://rdf-plantmetwiki.bioinformatics.nl/pathways/PC70_r17.0.0_20260605-171052,vitamin E biosynthesis (tocotrienols),10
http://rdf-plantmetwiki.bioinformatics.nl/pathways/PC1053_r17.0.0_20260605-171052,pyruvate fermentation to ethanol II,10
http://rdf-plantmetwiki.bioinformatics.nl/pathways/PC1157_r17.0.0_20260605-171052,9-lipoxygenase and 9-hydroperoxide lyase pathway,9
http://rdf-plantmetwiki.bioinformatics.nl/pathways/PC598_r17.0.0_20260605-171052,L-leucine biosynthesis,9
http://rdf-plantmetwiki.bioinformatics.nl/pathways/PC1050_r17.0.0_20260605-171052,carnosate bioynthesis,9
http://rdf-plantmetwiki.bioinformatics.nl/pathways/PC1014_r17.0.0_20260605-171052,folate transformations II (plants),9
http://rdf-plantmetwiki.bioinformatics.nl/pathways/PC298_r17.0.0_20260605-171052,UDP-α-D-glucuronate biosynthesis (from myo-inositol),9
http://rdf-plantmetwiki.bioinformatics.nl/pathways/PC417_r17.0.0_20260605-171052,L-alanine degradation III,9
http://rdf-plantmetwiki.bioinformatics.nl/pathways/PC1057_r17.0.0_20260605-171052,theobromine biosynthesis I,9
http://rdf-plantmetwiki.bioinformatics.nl/pathways/RC1290_r17.0.0_20260605-171052,PEROXID-RXN,9
http://rdf-plantmetwiki.bioinformatics.nl/pathways/PC560_r17.0.0_20260605-171052,pelargonidin conjugates biosynthesis,9
http://rdf-plantmetwiki.bioinformatics.nl/pathways/PC207_r17.0.0_20260605-171052,L-histidine biosynthesis,9
http://rdf-plantmetwiki.bioinformatics.nl/pathways/PC253_r17.0.0_20260605-171052,caffeine biosynthesis I,9
http://rdf-plantmetwiki.bioinformatics.nl/pathways/PC47_r17.0.0_20260605-171052,L-alanine biosynthesis II,9
http://rdf-plantmetwiki.bioinformatics.nl/pathways/PC533_r17.0.0_20260605-171052,superpathway of diterpene resin acids biosynthesis,9
http://rdf-plantmetwiki.bioinformatics.nl/pathways/PC516_r17.0.0_20260605-171052,"vindoline, vindorosine and vinblastine biosynthesis",9
http://rdf-plantmetwiki.bioinformatics.nl/pathways/PC896_r17.0.0_20260605-171052,L-tyrosine biosynthesis II,9
http://rdf-plantmetwiki.bioinformatics.nl/pathways/PC986_r17.0.0_20260605-171052,linustatin bioactivation,9
http://rdf-plantmetwiki.bioinformatics.nl/pathways/PC154_r17.0.0_20260605-171052,phytate degradation I,9
http://rdf-plantmetwiki.bioinformatics.nl/pathways/PC110_r17.0.0_20260605-171052,abietic acid biosynthesis,9
http://rdf-plantmetwiki.bioinformatics.nl/pathways/PC414_r17.0.0_20260605-171052,glucosinolate biosynthesis from pentahomomethionine,9
http://rdf-plantmetwiki.bioinformatics.nl/pathways/PC824_r17.0.0_20260605-171052,purine nucleotides degradation I (plants),9
http://rdf-plantmetwiki.bioinformatics.nl/pathways/PC535_r17.0.0_20260605-171052,choline biosynthesis I,9
http://rdf-plantmetwiki.bioinformatics.nl/pathways/PC887_r17.0.0_20260605-171052,polymethylated myricetin biosynthesis (tomato),9
http://rdf-plantmetwiki.bioinformatics.nl/pathways/RC226_r17.0.0_20260605-171052,RXN-9673,9
http://rdf-plantmetwiki.bioinformatics.nl/pathways/PC472_r17.0.0_20260605-171052,L-Nδ-acetylornithine biosynthesis,9
http://rdf-plantmetwiki.bioinformatics.nl/pathways/PC1068_r17.0.0_20260605-171052,L-leucine degradation I,9
http://rdf-plantmetwiki.bioinformatics.nl/pathways/PC325_r17.0.0_20260605-171052,carbon concentration mechanism (Chlamydomonas),9
http://rdf-plantmetwiki.bioinformatics.nl/pathways/PC610_r17.0.0_20260605-171052,superoxide radicals degradation,9
http://rdf-plantmetwiki.bioinformatics.nl/pathways/PC86_r17.0.0_20260605-171052,indole-3-acetate inactivation IX,9
http://rdf-plantmetwiki.bioinformatics.nl/pathways/PC723_r17.0.0_20260605-171052,L-glutamate degradation IV,9
http://rdf-plantmetwiki.bioinformatics.nl/pathways/PC536_r17.0.0_20260605-171052,superpathway of glandular trichomes produced diterpenoids (tobacco),9
http://rdf-plantmetwiki.bioinformatics.nl/pathways/PC269_r17.0.0_20260605-171052,(-)-medicarpin biosynthesis,9
http://rdf-plantmetwiki.bioinformatics.nl/pathways/PC140_r17.0.0_20260605-171052,triacylglycerol degradation,9
http://rdf-plantmetwiki.bioinformatics.nl/pathways/PC340_r17.0.0_20260605-171052,cutin biosynthesis,9
http://rdf-plantmetwiki.bioinformatics.nl/pathways/PC228_r17.0.0_20260605-171052,DIBOA-glucoside biosynthesis,9
http://rdf-plantmetwiki.bioinformatics.nl/pathways/PC409_r17.0.0_20260605-171052,morphine biosynthesis,9
http://rdf-plantmetwiki.bioinformatics.nl/pathways/PC434_r17.0.0_20260605-171052,glutamate-glutamine shuttle,9
http://rdf-plantmetwiki.bioinformatics.nl/pathways/PC940_r17.0.0_20260605-171052,superpathway of plastoquinol biosynthesis,9
http://rdf-plantmetwiki.bioinformatics.nl/pathways/PC1043_r17.0.0_20260605-171052,free phenylpropanoid acid biosynthesis,9
http://rdf-plantmetwiki.bioinformatics.nl/pathways/PC61_r17.0.0_20260605-171052,isoprene biosynthesis I,9
http://rdf-plantmetwiki.bioinformatics.nl/pathways/PC966_r17.0.0_20260605-171052,oleate biosynthesis I (plants),9
http://rdf-plantmetwiki.bioinformatics.nl/pathways/PC981_r17.0.0_20260605-171052,purine nucleosides salvage II (plant),9
http://rdf-plantmetwiki.bioinformatics.nl/pathways/PC620_r17.0.0_20260605-171052,tropane alkaloids biosynthesis,9
http://rdf-plantmetwiki.bioinformatics.nl/pathways/PC772_r17.0.0_20260605-171052,eugenol and isoeugenol biosynthesis,9
http://rdf-plantmetwiki.bioinformatics.nl/pathways/PC786_r17.0.0_20260605-171052,abscisic acid biosynthesis,8
http://rdf-plantmetwiki.bioinformatics.nl/pathways/PC717_r17.0.0_20260605-171052,seleno-amino acid biosynthesis (plants),8
http://rdf-plantmetwiki.bioinformatics.nl/pathways/PC726_r17.0.0_20260605-171052,pentagalloylglucose biosynthesis,8
http://rdf-plantmetwiki.bioinformatics.nl/pathways/PC337_r17.0.0_20260605-171052,flavonol acylglucoside biosynthesis I-kaempferol derivatives,8
http://rdf-plantmetwiki.bioinformatics.nl/pathways/PC638_r17.0.0_20260605-171052,superpathway of ammonia assimilation (plants),8
http://rdf-plantmetwiki.bioinformatics.nl/pathways/PC138_r17.0.0_20260605-171052,9-lipoxygenase and 9-allene oxide synthase pathway,8
http://rdf-plantmetwiki.bioinformatics.nl/pathways/PC123_r17.0.0_20260605-171052,L-valine degradation I,8
http://rdf-plantmetwiki.bioinformatics.nl/pathways/PC1044_r17.0.0_20260605-171052,superpathway of adenosine nucleotides de novo biosynthesis I,8
http://rdf-plantmetwiki.bioinformatics.nl/pathways/PC927_r17.0.0_20260605-171052,CDP-diacylglycerol biosynthesis II,8
http://rdf-plantmetwiki.bioinformatics.nl/pathways/PC1024_r17.0.0_20260605-171052,(4S)-carvone biosynthesis,8
http://rdf-plantmetwiki.bioinformatics.nl/pathways/PC23_r17.0.0_20260605-171052,kaempferol triglucoside biosynthesis,8
http://rdf-plantmetwiki.bioinformatics.nl/pathways/PC1021_r17.0.0_20260605-171052,D-galactose degradation I (Leloir pathway),8
http://rdf-plantmetwiki.bioinformatics.nl/pathways/PC1137_r17.0.0_20260605-171052,zerumbone biosynthesis,8
http://rdf-plantmetwiki.bioinformatics.nl/pathways/PC74_r17.0.0_20260605-171052,phytochelatins biosynthesis,8
http://rdf-plantmetwiki.bioinformatics.nl/pathways/RC272_r17.0.0_20260605-171052,RXN-12879,8
http://rdf-plantmetwiki.bioinformatics.nl/pathways/PC735_r17.0.0_20260605-171052,isopimaric acid biosynthesis,8
http://rdf-plantmetwiki.bioinformatics.nl/pathways/PC91_r17.0.0_20260605-171052,trehalose degradation II (cytosolic),8
http://rdf-plantmetwiki.bioinformatics.nl/pathways/PC260_r17.0.0_20260605-171052,polyisoprenoid biosynthesis,8
http://rdf-plantmetwiki.bioinformatics.nl/pathways/PC913_r17.0.0_20260605-171052,glucosinolate biosynthesis from phenylalanine,8
http://rdf-plantmetwiki.bioinformatics.nl/pathways/PC1003_r17.0.0_20260605-171052,geraniol and geranial biosynthesis,8
http://rdf-plantmetwiki.bioinformatics.nl/pathways/PC991_r17.0.0_20260605-171052,caffeine biosynthesis II (via paraxanthine),8
http://rdf-plantmetwiki.bioinformatics.nl/pathways/PC378_r17.0.0_20260605-171052,dehydroabietic acid biosynthesis,8
http://rdf-plantmetwiki.bioinformatics.nl/pathways/PC216_r17.0.0_20260605-171052,ferulate and sinapate biosynthesis,8
http://rdf-plantmetwiki.bioinformatics.nl/pathways/PC115_r17.0.0_20260605-171052,allantoin degradation to glyoxylate II,8
http://rdf-plantmetwiki.bioinformatics.nl/pathways/PC712_r17.0.0_20260605-171052,hydroxycinnamic acid tyramine amides biosynthesis,8
http://rdf-plantmetwiki.bioinformatics.nl/pathways/PC811_r17.0.0_20260605-171052,pyruvate fermentation to ethanol I,8
http://rdf-plantmetwiki.bioinformatics.nl/pathways/PC171_r17.0.0_20260605-171052,leucodelphinidin biosynthesis,8
http://rdf-plantmetwiki.bioinformatics.nl/pathways/PC1064_r17.0.0_20260605-171052,levopimaric acid biosynthesis,8
http://rdf-plantmetwiki.bioinformatics.nl/pathways/PC390_r17.0.0_20260605-171052,geranyl pyrophosphate biosynthesis,8
http://rdf-plantmetwiki.bioinformatics.nl/pathways/PC871_r17.0.0_20260605-171052,mannitol degradation II,8
http://rdf-plantmetwiki.bioinformatics.nl/pathways/PC109_r17.0.0_20260605-171052,S-adenosyl-L-methionine salvage II,8
http://rdf-plantmetwiki.bioinformatics.nl/pathways/PC261_r17.0.0_20260605-171052,pentose phosphate pathway,8
http://rdf-plantmetwiki.bioinformatics.nl/pathways/PC507_r17.0.0_20260605-171052,shisonin biosynthesis,8
http://rdf-plantmetwiki.bioinformatics.nl/pathways/PC156_r17.0.0_20260605-171052,divinyl ether biosynthesis I,8
http://rdf-plantmetwiki.bioinformatics.nl/pathways/PC628_r17.0.0_20260605-171052,methylerythritol phosphate pathway I,8
http://rdf-plantmetwiki.bioinformatics.nl/pathways/PC932_r17.0.0_20260605-171052,L-tyrosine biosynthesis III,8
http://rdf-plantmetwiki.bioinformatics.nl/pathways/PC300_r17.0.0_20260605-171052,phosphatidylcholine biosynthesis IV,8
http://rdf-plantmetwiki.bioinformatics.nl/pathways/PC362_r17.0.0_20260605-171052,superpathway of pyrimidine deoxyribonucleoside salvage,8
http://rdf-plantmetwiki.bioinformatics.nl/pathways/PC425_r17.0.0_20260605-171052,GDP-α-D-glucose biosynthesis,8
http://rdf-plantmetwiki.bioinformatics.nl/pathways/RC845_r17.0.0_20260605-171052,CHALCONE-ISOMERASE-RXN,8
http://rdf-plantmetwiki.bioinformatics.nl/pathways/PC53_r17.0.0_20260605-171052,glucosinolate biosynthesis from trihomomethionine,8
http://rdf-plantmetwiki.bioinformatics.nl/pathways/PC48_r17.0.0_20260605-171052,linamarin degradation,7
http://rdf-plantmetwiki.bioinformatics.nl/pathways/PC833_r17.0.0_20260605-171052,pyrimidine deoxyribonucleotides de novo biosynthesis I,7
http://rdf-plantmetwiki.bioinformatics.nl/pathways/PC534_r17.0.0_20260605-171052,"violaxanthin, antheraxanthin and zeaxanthin interconversion",7
http://rdf-plantmetwiki.bioinformatics.nl/pathways/PC916_r17.0.0_20260605-171052,superpathway of tetrahydroxyxanthone biosynthesis,7
http://rdf-plantmetwiki.bioinformatics.nl/pathways/PC195_r17.0.0_20260605-171052,γ-glutamyl cycle,7
http://rdf-plantmetwiki.bioinformatics.nl/pathways/PC1101_r17.0.0_20260605-171052,pyrimidine ribonucleotides interconversion,7
http://rdf-plantmetwiki.bioinformatics.nl/pathways/PC674_r17.0.0_20260605-171052,indole glucosinolate activation (herbivore attack),7
http://rdf-plantmetwiki.bioinformatics.nl/pathways/PC81_r17.0.0_20260605-171052,myo-inositol biosynthesis,7
http://rdf-plantmetwiki.bioinformatics.nl/pathways/PC233_r17.0.0_20260605-171052,glucosinolate biosynthesis from tetrahomomethionine,7
http://rdf-plantmetwiki.bioinformatics.nl/pathways/PC141_r17.0.0_20260605-171052,CO₂ fixation into oxaloacetate (anaplerotic),7
http://rdf-plantmetwiki.bioinformatics.nl/pathways/PC137_r17.0.0_20260605-171052,indole-3-acetate inactivation VII,7
http://rdf-plantmetwiki.bioinformatics.nl/pathways/PC1151_r17.0.0_20260605-171052,pyridoxal 5'-phosphate salvage I,7
http://rdf-plantmetwiki.bioinformatics.nl/pathways/PC885_r17.0.0_20260605-171052,des-methyl avenacin A-1 biosynthesis,7
http://rdf-plantmetwiki.bioinformatics.nl/pathways/PC549_r17.0.0_20260605-171052,adenosine nucleotides degradation I,7
http://rdf-plantmetwiki.bioinformatics.nl/pathways/PC321_r17.0.0_20260605-171052,acylsucrose biosynthesis (Solanum pennellii),7
http://rdf-plantmetwiki.bioinformatics.nl/pathways/PC384_r17.0.0_20260605-171052,putrescine biosynthesis I,7
http://rdf-plantmetwiki.bioinformatics.nl/pathways/PC248_r17.0.0_20260605-171052,linear furanocoumarin biosynthesis,7
http://rdf-plantmetwiki.bioinformatics.nl/pathways/PC809_r17.0.0_20260605-171052,β-carotene biosynthesis (engineered),7
http://rdf-plantmetwiki.bioinformatics.nl/pathways/PC39_r17.0.0_20260605-171052,starch degradation II,7
http://rdf-plantmetwiki.bioinformatics.nl/pathways/PC301_r17.0.0_20260605-171052,superpathway of linamarin and lotaustralin biosynthesis,7
http://rdf-plantmetwiki.bioinformatics.nl/pathways/PC108_r17.0.0_20260605-171052,glycine biosynthesis,7
http://rdf-plantmetwiki.bioinformatics.nl/pathways/PC1121_r17.0.0_20260605-171052,xyloglucan biosynthesis,7
http://rdf-plantmetwiki.bioinformatics.nl/pathways/PC669_r17.0.0_20260605-171052,L-cysteine biosynthesis I,7
http://rdf-plantmetwiki.bioinformatics.nl/pathways/PC922_r17.0.0_20260605-171052,L-methionine biosynthesis II,7
http://rdf-plantmetwiki.bioinformatics.nl/pathways/PC20_r17.0.0_20260605-171052,putrescine biosynthesis III,7
http://rdf-plantmetwiki.bioinformatics.nl/pathways/PC15_r17.0.0_20260605-171052,folate polyglutamylation,7
http://rdf-plantmetwiki.bioinformatics.nl/pathways/PC882_r17.0.0_20260605-171052,ethanol degradation I,7
http://rdf-plantmetwiki.bioinformatics.nl/pathways/PC191_r17.0.0_20260605-171052,kaempferol gentiobioside biosynthesis,7
http://rdf-plantmetwiki.bioinformatics.nl/pathways/PC794_r17.0.0_20260605-171052,adenine and adenosine salvage II,7
http://rdf-plantmetwiki.bioinformatics.nl/pathways/PC942_r17.0.0_20260605-171052,tetrapyrrole biosynthesis I (from glutamate),7
http://rdf-plantmetwiki.bioinformatics.nl/pathways/PC912_r17.0.0_20260605-171052,gibberellin A₁₂ biosynthesis,7
http://rdf-plantmetwiki.bioinformatics.nl/pathways/PC686_r17.0.0_20260605-171052,galactolipid biosynthesis I,7
http://rdf-plantmetwiki.bioinformatics.nl/pathways/PC943_r17.0.0_20260605-171052,indole-3-acetate inactivation II,7
http://rdf-plantmetwiki.bioinformatics.nl/pathways/PC1061_r17.0.0_20260605-171052,"phosphatidate metabolism, as a signaling molecule (Chlamydomonas)",7
http://rdf-plantmetwiki.bioinformatics.nl/pathways/PC1027_r17.0.0_20260605-171052,aromatic polyketides biosynthesis,7
http://rdf-plantmetwiki.bioinformatics.nl/pathways/PC354_r17.0.0_20260605-171052,"benzoate biosynthesis III (CoA-dependent, non-β-oxidative)",7
http://rdf-plantmetwiki.bioinformatics.nl/pathways/PC14_r17.0.0_20260605-171052,ammonia assimilation cycle II,7
http://rdf-plantmetwiki.bioinformatics.nl/pathways/PC949_r17.0.0_20260605-171052,pyridoxal 5'-phosphate salvage II (plants),7
http://rdf-plantmetwiki.bioinformatics.nl/pathways/PC380_r17.0.0_20260605-171052,superpathway of bitter acids biosynthesis,7
http://rdf-plantmetwiki.bioinformatics.nl/pathways/PC142_r17.0.0_20260605-171052,UDP-α-D-glucose biosynthesis,7
http://rdf-plantmetwiki.bioinformatics.nl/pathways/PC1066_r17.0.0_20260605-171052,cellulose biosynthesis,7
http://rdf-plantmetwiki.bioinformatics.nl/pathways/PC732_r17.0.0_20260605-171052,indole-3-acetate inactivation IV,7
http://rdf-plantmetwiki.bioinformatics.nl/pathways/PC652_r17.0.0_20260605-171052,polymethylated quercetin glucoside biosynthesis I-quercetin series (Chrysosplenium),7
http://rdf-plantmetwiki.bioinformatics.nl/pathways/PC461_r17.0.0_20260605-171052,UDP-α-D-xylose biosynthesis,7
http://rdf-plantmetwiki.bioinformatics.nl/pathways/RC553_r17.0.0_20260605-171052,ALANINE--GLYOXYLATE-AMINOTRANSFERASE-RXN,7
http://rdf-plantmetwiki.bioinformatics.nl/pathways/PC791_r17.0.0_20260605-171052,polymethylated quercetin glucoside biosynthesis II-quercetagetin series (Chrysosplenium),7
http://rdf-plantmetwiki.bioinformatics.nl/pathways/PC603_r17.0.0_20260605-171052,urea cycle,7
http://rdf-plantmetwiki.bioinformatics.nl/pathways/PC1130_r17.0.0_20260605-171052,chrysoeriol biosynthesis,7
http://rdf-plantmetwiki.bioinformatics.nl/pathways/PC247_r17.0.0_20260605-171052,resveratrol biosynthesis,7
http://rdf-plantmetwiki.bioinformatics.nl/pathways/PC166_r17.0.0_20260605-171052,superpathway of pyrimidine ribonucleosides salvage,7
http://rdf-plantmetwiki.bioinformatics.nl/pathways/PC559_r17.0.0_20260605-171052,lotaustralin biosynthesis,7
http://rdf-plantmetwiki.bioinformatics.nl/pathways/PC421_r17.0.0_20260605-171052,acetaldehyde biosynthesis I,7
http://rdf-plantmetwiki.bioinformatics.nl/pathways/PC689_r17.0.0_20260605-171052,calmodulin regulated calcium transport,7
http://rdf-plantmetwiki.bioinformatics.nl/pathways/PC982_r17.0.0_20260605-171052,neoabietic acid biosynthesis,7
http://rdf-plantmetwiki.bioinformatics.nl/pathways/PC904_r17.0.0_20260605-171052,lupeol biosynthesis,7
http://rdf-plantmetwiki.bioinformatics.nl/pathways/PC869_r17.0.0_20260605-171052,solasodine and soladulcidine biosynthesis,7
http://rdf-plantmetwiki.bioinformatics.nl/pathways/PC733_r17.0.0_20260605-171052,superpathway of pyrimidine deoxyribonucleotides de novo biosynthesis (E. coli),7
http://rdf-plantmetwiki.bioinformatics.nl/pathways/RC978_r17.0.0_20260605-171052,GST-RXN,7
http://rdf-plantmetwiki.bioinformatics.nl/pathways/PC526_r17.0.0_20260605-171052,UDP-glucose biosynthesis (from sucrose),7
http://rdf-plantmetwiki.bioinformatics.nl/pathways/PC368_r17.0.0_20260605-171052,cycloartenol biosynthesis,7
http://rdf-plantmetwiki.bioinformatics.nl/pathways/PC132_r17.0.0_20260605-171052,detoxification of reactive carbonyls in chloroplasts,7
http://rdf-plantmetwiki.bioinformatics.nl/pathways/PC768_r17.0.0_20260605-171052,L-serine biosynthesis II,7
http://rdf-plantmetwiki.bioinformatics.nl/pathways/PC826_r17.0.0_20260605-171052,palustric acid biosynthesis,7
http://rdf-plantmetwiki.bioinformatics.nl/pathways/PC304_r17.0.0_20260605-171052,aucuparin biosynthesis,6
http://rdf-plantmetwiki.bioinformatics.nl/pathways/PC87_r17.0.0_20260605-171052,brassinosteroid biosynthesis III,6
http://rdf-plantmetwiki.bioinformatics.nl/pathways/PC737_r17.0.0_20260605-171052,putrescine biosynthesis II,6
http://rdf-plantmetwiki.bioinformatics.nl/pathways/RC237_r17.0.0_20260605-171052,RXN-10429,6
http://rdf-plantmetwiki.bioinformatics.nl/pathways/PC875_r17.0.0_20260605-171052,pyrimidine deoxyribonucleosides salvage,6
http://rdf-plantmetwiki.bioinformatics.nl/pathways/PC118_r17.0.0_20260605-171052,"2,4,6-trinitrotoluene degradation",6
http://rdf-plantmetwiki.bioinformatics.nl/pathways/PC96_r17.0.0_20260605-171052,phytate degradation II,6
http://rdf-plantmetwiki.bioinformatics.nl/pathways/PC680_r17.0.0_20260605-171052,indole-3-acetate inactivation V,6
http://rdf-plantmetwiki.bioinformatics.nl/pathways/PC1020_r17.0.0_20260605-171052,indole-3-acetate inactivation III,6
http://rdf-plantmetwiki.bioinformatics.nl/pathways/PC243_r17.0.0_20260605-171052,rutin degradation (plants),6
http://rdf-plantmetwiki.bioinformatics.nl/pathways/RC1221_r17.0.0_20260605-171052,RXN-10431,6
http://rdf-plantmetwiki.bioinformatics.nl/pathways/PC1089_r17.0.0_20260605-171052,luteolinidin 5-O-glucoside biosynthesis,6
http://rdf-plantmetwiki.bioinformatics.nl/pathways/PC520_r17.0.0_20260605-171052,hyperxanthone E biosynthesis,6
http://rdf-plantmetwiki.bioinformatics.nl/pathways/PC157_r17.0.0_20260605-171052,mannitol biosynthesis,6
http://rdf-plantmetwiki.bioinformatics.nl/pathways/PC531_r17.0.0_20260605-171052,xylan biosynthesis,6
http://rdf-plantmetwiki.bioinformatics.nl/pathways/PC1015_r17.0.0_20260605-171052,L-phenylalanine degradation III,6
http://rdf-plantmetwiki.bioinformatics.nl/pathways/PC619_r17.0.0_20260605-171052,chorismate biosynthesis I,6
http://rdf-plantmetwiki.bioinformatics.nl/pathways/PC751_r17.0.0_20260605-171052,4-aminobutanoate degradation IV,6
http://rdf-plantmetwiki.bioinformatics.nl/pathways/PC514_r17.0.0_20260605-171052,acyl-[acyl-carrier protein] thioesterase pathway,6
http://rdf-plantmetwiki.bioinformatics.nl/pathways/PC322_r17.0.0_20260605-171052,costunolide biosynthesis I,6
http://rdf-plantmetwiki.bioinformatics.nl/pathways/PC1042_r17.0.0_20260605-171052,anthocyanidin acylglucoside and acylsambubioside biosynthesis,6
http://rdf-plantmetwiki.bioinformatics.nl/pathways/PC713_r17.0.0_20260605-171052,acylated cyanidin galactoside biosynthesis,6
http://rdf-plantmetwiki.bioinformatics.nl/pathways/PC655_r17.0.0_20260605-171052,L-valine biosynthesis,6
http://rdf-plantmetwiki.bioinformatics.nl/pathways/RC641_r17.0.0_20260605-171052,RXN-10767,6
http://rdf-plantmetwiki.bioinformatics.nl/pathways/RC1116_r17.0.0_20260605-171052,RXN-18939,6
http://rdf-plantmetwiki.bioinformatics.nl/pathways/PC864_r17.0.0_20260605-171052,diacylglycerol biosynthesis (PUFA enrichment in oilseed),6
http://rdf-plantmetwiki.bioinformatics.nl/pathways/PC277_r17.0.0_20260605-171052,superpathway of pyrimidine ribonucleotides de novo biosynthesis,6
http://rdf-plantmetwiki.bioinformatics.nl/pathways/PC178_r17.0.0_20260605-171052,neolinustatin bioactivation,6
http://rdf-plantmetwiki.bioinformatics.nl/pathways/PC553_r17.0.0_20260605-171052,allantoin degradation to glyoxylate III,6
http://rdf-plantmetwiki.bioinformatics.nl/pathways/PC435_r17.0.0_20260605-171052,linamarin biosynthesis,6
http://rdf-plantmetwiki.bioinformatics.nl/pathways/PC577_r17.0.0_20260605-171052,vernolate biosynthesis III,6
http://rdf-plantmetwiki.bioinformatics.nl/pathways/PC413_r17.0.0_20260605-171052,lysine degradation II,6
http://rdf-plantmetwiki.bioinformatics.nl/pathways/PC694_r17.0.0_20260605-171052,S-methyl-5-thio-α-D-ribose 1-phosphate degradation I,6
http://rdf-plantmetwiki.bioinformatics.nl/pathways/PC237_r17.0.0_20260605-171052,methylsalicylate degradation,6
http://rdf-plantmetwiki.bioinformatics.nl/pathways/PC696_r17.0.0_20260605-171052,indole-3-acetate inactivation VIII,6
http://rdf-plantmetwiki.bioinformatics.nl/pathways/PC778_r17.0.0_20260605-171052,indole glucosinolate activation (intact plant cell),6
http://rdf-plantmetwiki.bioinformatics.nl/pathways/PC1107_r17.0.0_20260605-171052,hydroxycinnamic acid serotonin amides biosynthesis,6
http://rdf-plantmetwiki.bioinformatics.nl/pathways/PC1123_r17.0.0_20260605-171052,violdelphin biosynthesis,6
http://rdf-plantmetwiki.bioinformatics.nl/pathways/PC500_r17.0.0_20260605-171052,carotenoid cleavage,6
http://rdf-plantmetwiki.bioinformatics.nl/pathways/PC747_r17.0.0_20260605-171052,"(3E)-4,8-dimethylnona-1,3,7-triene biosynthesis I",6
http://rdf-plantmetwiki.bioinformatics.nl/pathways/PC617_r17.0.0_20260605-171052,glycerolipid acyl chain desaturation (Chlamydomonas),6
http://rdf-plantmetwiki.bioinformatics.nl/pathways/PC63_r17.0.0_20260605-171052,formononetin biosynthesis,6
http://rdf-plantmetwiki.bioinformatics.nl/pathways/RC661_r17.0.0_20260605-171052,fatty acid elongation,6
http://rdf-plantmetwiki.bioinformatics.nl/pathways/RC159_r17.0.0_20260605-171052,RXN-10433,6
http://rdf-plantmetwiki.bioinformatics.nl/pathways/PC825_r17.0.0_20260605-171052,flavin biosynthesis I (bacteria and plants),6
http://rdf-plantmetwiki.bioinformatics.nl/pathways/PC159_r17.0.0_20260605-171052,indole-3-acetate inactivation VI,6
http://rdf-plantmetwiki.bioinformatics.nl/pathways/PC562_r17.0.0_20260605-171052,superpathway of isoleucine and valine biosynthesis,6
http://rdf-plantmetwiki.bioinformatics.nl/pathways/PC650_r17.0.0_20260605-171052,ω-hydroxylation of laurate,6
http://rdf-plantmetwiki.bioinformatics.nl/pathways/PC206_r17.0.0_20260605-171052,"arachidonate biosynthesis I (6-desaturase, lower eukaryotes)",6
http://rdf-plantmetwiki.bioinformatics.nl/pathways/PC1063_r17.0.0_20260605-171052,triacylsucrose biosynthesis (Solanum),6
http://rdf-plantmetwiki.bioinformatics.nl/pathways/RC115_r17.0.0_20260605-171052,ALDEHYDE-OXIDASE-RXN,6
http://rdf-plantmetwiki.bioinformatics.nl/pathways/PC312_r17.0.0_20260605-171052,sorgoleone biosynthesis,6
http://rdf-plantmetwiki.bioinformatics.nl/pathways/PC40_r17.0.0_20260605-171052,emetine biosynthesis,6
http://rdf-plantmetwiki.bioinformatics.nl/pathways/PC548_r17.0.0_20260605-171052,ammonium transport,6
http://rdf-plantmetwiki.bioinformatics.nl/pathways/RC1184_r17.0.0_20260605-171052,RXN-18938,6
http://rdf-plantmetwiki.bioinformatics.nl/pathways/PC272_r17.0.0_20260605-171052,superpathway of thiamine pyrophosphate biosynthesis III (eukaryotes),6
http://rdf-plantmetwiki.bioinformatics.nl/pathways/PC135_r17.0.0_20260605-171052,apigenin glycosides biosynthesis,6
http://rdf-plantmetwiki.bioinformatics.nl/pathways/PC18_r17.0.0_20260605-171052,lupulone and humulone biosynthesis,6
http://rdf-plantmetwiki.bioinformatics.nl/pathways/PC939_r17.0.0_20260605-171052,jasmonoyl-L-isoleucine inactivation,6
http://rdf-plantmetwiki.bioinformatics.nl/pathways/PC592_r17.0.0_20260605-171052,indole-3-acetate inactivation VIII,6
http://rdf-plantmetwiki.bioinformatics.nl/pathways/PC578_r17.0.0_20260605-171052,salvianin biosynthesis,6
http://rdf-plantmetwiki.bioinformatics.nl/pathways/RC918_r17.0.0_20260605-171052,CARBOXYLESTERASE-RXN,6
http://rdf-plantmetwiki.bioinformatics.nl/pathways/PC449_r17.0.0_20260605-171052,very long chain fatty acid biosynthesis II,6
http://rdf-plantmetwiki.bioinformatics.nl/pathways/PC295_r17.0.0_20260605-171052,coenzyme A biosynthesis II (eukaryotic),6
http://rdf-plantmetwiki.bioinformatics.nl/pathways/PC839_r17.0.0_20260605-171052,stigma estolide biosynthesis,6
http://rdf-plantmetwiki.bioinformatics.nl/pathways/PC278_r17.0.0_20260605-171052,colupulone and cohumulone biosynthesis,6
http://rdf-plantmetwiki.bioinformatics.nl/pathways/PC486_r17.0.0_20260605-171052,ammonia assimilation cycle I,6
http://rdf-plantmetwiki.bioinformatics.nl/pathways/PC659_r17.0.0_20260605-171052,sulfur volatiles biosynthesis,6
http://rdf-plantmetwiki.bioinformatics.nl/pathways/PC403_r17.0.0_20260605-171052,(-)-glycinol biosynthesis,6
http://rdf-plantmetwiki.bioinformatics.nl/pathways/RC128_r17.0.0_20260605-171052,RXN-10432,6
http://rdf-plantmetwiki.bioinformatics.nl/pathways/PC323_r17.0.0_20260605-171052,1-methylpyrrolinium biosynthesis,6
http://rdf-plantmetwiki.bioinformatics.nl/pathways/PC375_r17.0.0_20260605-171052,L-arginine degradation VI (arginase 2 pathway),6
http://rdf-plantmetwiki.bioinformatics.nl/pathways/PC600_r17.0.0_20260605-171052,dimethylsulfoniopropanoate biosynthesis II (Spartina),5
http://rdf-plantmetwiki.bioinformatics.nl/pathways/PC1080_r17.0.0_20260605-171052,phospholipid desaturation,5
http://rdf-plantmetwiki.bioinformatics.nl/pathways/PC840_r17.0.0_20260605-171052,CDP-diacylglycerol biosynthesis IV,5
http://rdf-plantmetwiki.bioinformatics.nl/pathways/PC105_r17.0.0_20260605-171052,sesaminol glucoside biosynthesis,5
http://rdf-plantmetwiki.bioinformatics.nl/pathways/PC493_r17.0.0_20260605-171052,medicarpin conjugates interconversion,5
http://rdf-plantmetwiki.bioinformatics.nl/pathways/PC1036_r17.0.0_20260605-171052,phosphopantothenate biosynthesis I,5
http://rdf-plantmetwiki.bioinformatics.nl/pathways/PC1070_r17.0.0_20260605-171052,L-isoleucine biosynthesis I (from threonine),5
http://rdf-plantmetwiki.bioinformatics.nl/pathways/PC372_r17.0.0_20260605-171052,capsidiol biosynthesis,5
http://rdf-plantmetwiki.bioinformatics.nl/pathways/PC990_r17.0.0_20260605-171052,myricetin gentiobioside biosynthesis,5
http://rdf-plantmetwiki.bioinformatics.nl/pathways/RC396_r17.0.0_20260605-171052,RXN-11655,5
http://rdf-plantmetwiki.bioinformatics.nl/pathways/PC728_r17.0.0_20260605-171052,farnesylcysteine salvage pathway,5
http://rdf-plantmetwiki.bioinformatics.nl/pathways/PC627_r17.0.0_20260605-171052,sulfate activation for sulfonation,5
http://rdf-plantmetwiki.bioinformatics.nl/pathways/RC1213_r17.0.0_20260605-171052,2.4.1.207-RXN,5
http://rdf-plantmetwiki.bioinformatics.nl/pathways/PC270_r17.0.0_20260605-171052,copper transport I,5
http://rdf-plantmetwiki.bioinformatics.nl/pathways/PC605_r17.0.0_20260605-171052,α-carotene biosynthesis,5
http://rdf-plantmetwiki.bioinformatics.nl/pathways/PC1023_r17.0.0_20260605-171052,naringenin C-glucosylation,5
http://rdf-plantmetwiki.bioinformatics.nl/pathways/PC765_r17.0.0_20260605-171052,glyceollin biosynthesis,5
http://rdf-plantmetwiki.bioinformatics.nl/pathways/PC490_r17.0.0_20260605-171052,gallotannin biosynthesis,5
http://rdf-plantmetwiki.bioinformatics.nl/pathways/PC818_r17.0.0_20260605-171052,epiberberine biosynthesis,5
http://rdf-plantmetwiki.bioinformatics.nl/pathways/PC25_r17.0.0_20260605-171052,trehalose biosynthesis I,5
http://rdf-plantmetwiki.bioinformatics.nl/pathways/PC415_r17.0.0_20260605-171052,gossypol biosynthesis,5
http://rdf-plantmetwiki.bioinformatics.nl/pathways/PC1108_r17.0.0_20260605-171052,biochanin A conjugates interconversion,5
http://rdf-plantmetwiki.bioinformatics.nl/pathways/PC676_r17.0.0_20260605-171052,pinocembrin C-glucosylation,5
http://rdf-plantmetwiki.bioinformatics.nl/pathways/PC661_r17.0.0_20260605-171052,solasodine glycosylation,5
http://rdf-plantmetwiki.bioinformatics.nl/pathways/PC599_r17.0.0_20260605-171052,baicalein degradation (hydrogen peroxide detoxification),5
http://rdf-plantmetwiki.bioinformatics.nl/pathways/PC219_r17.0.0_20260605-171052,sporopollenin precursors biosynthesis,5
http://rdf-plantmetwiki.bioinformatics.nl/pathways/PC591_r17.0.0_20260605-171052,lotaustralin degradation,5
http://rdf-plantmetwiki.bioinformatics.nl/pathways/PC492_r17.0.0_20260605-171052,indole-3-acetate activation I,5
http://rdf-plantmetwiki.bioinformatics.nl/pathways/PC401_r17.0.0_20260605-171052,icosapentaenoate biosynthesis I (lower eukaryotes),5
http://rdf-plantmetwiki.bioinformatics.nl/pathways/PC962_r17.0.0_20260605-171052,apigeninidin 5-O-glucoside biosynthesis,5
http://rdf-plantmetwiki.bioinformatics.nl/pathways/PC1132_r17.0.0_20260605-171052,hyperforin and adhyperforin biosynthesis,5
http://rdf-plantmetwiki.bioinformatics.nl/pathways/PC177_r17.0.0_20260605-171052,hesperitin glycoside biosynthesis,5
http://rdf-plantmetwiki.bioinformatics.nl/pathways/PC993_r17.0.0_20260605-171052,lupanine biosynthesis,5
http://rdf-plantmetwiki.bioinformatics.nl/pathways/PC550_r17.0.0_20260605-171052,L-isoleucine degradation I,5
http://rdf-plantmetwiki.bioinformatics.nl/pathways/PC451_r17.0.0_20260605-171052,"astaxanthin biosynthesis (bacteria, fungi, algae)",5
http://rdf-plantmetwiki.bioinformatics.nl/pathways/PC719_r17.0.0_20260605-171052,ω-hydroxylation of caprate and laurate,5
http://rdf-plantmetwiki.bioinformatics.nl/pathways/PC400_r17.0.0_20260605-171052,allantoin degradation to ureidoglycolate II (ammonia producing),5
http://rdf-plantmetwiki.bioinformatics.nl/pathways/PC810_r17.0.0_20260605-171052,genistein conjugates interconversion,5
http://rdf-plantmetwiki.bioinformatics.nl/pathways/PC1052_r17.0.0_20260605-171052,daidzein conjugates interconversion,5
http://rdf-plantmetwiki.bioinformatics.nl/pathways/PC1012_r17.0.0_20260605-171052,linoleate biosynthesis I (plants),5
http://rdf-plantmetwiki.bioinformatics.nl/pathways/PC222_r17.0.0_20260605-171052,"D-myo-inositol (1,4,5)-trisphosphate degradation",5
http://rdf-plantmetwiki.bioinformatics.nl/pathways/PC915_r17.0.0_20260605-171052,chlorophyll a degradation II,5
http://rdf-plantmetwiki.bioinformatics.nl/pathways/PC706_r17.0.0_20260605-171052,hydroxylated fatty acid biosynthesis (plants),5
http://rdf-plantmetwiki.bioinformatics.nl/pathways/PC242_r17.0.0_20260605-171052,thiamine pyrophosphate biosynthesis IV (eukaryotes),5
http://rdf-plantmetwiki.bioinformatics.nl/pathways/PC594_r17.0.0_20260605-171052,6-hydroxymethyl-dihydropterin pyrophosphate biosynthesis I,5
http://rdf-plantmetwiki.bioinformatics.nl/pathways/PC873_r17.0.0_20260605-171052,superpathway of pyrimidine nucleobases salvage,5
http://rdf-plantmetwiki.bioinformatics.nl/pathways/PC945_r17.0.0_20260605-171052,homogalacturonan biosynthesis,5
http://rdf-plantmetwiki.bioinformatics.nl/pathways/PC158_r17.0.0_20260605-171052,L-glutamine biosynthesis I,5
http://rdf-plantmetwiki.bioinformatics.nl/pathways/PC442_r17.0.0_20260605-171052,paclitaxel biosynthesis,5
http://rdf-plantmetwiki.bioinformatics.nl/pathways/PC106_r17.0.0_20260605-171052,vicianin bioactivation,5
http://rdf-plantmetwiki.bioinformatics.nl/pathways/PC160_r17.0.0_20260605-171052,amygdalin and prunasin degradation,5
http://rdf-plantmetwiki.bioinformatics.nl/pathways/PC351_r17.0.0_20260605-171052,"phytocassanes biosynthesis, shared reactions",5
http://rdf-plantmetwiki.bioinformatics.nl/pathways/PC813_r17.0.0_20260605-171052,bergamotene biosynthesis I,5
http://rdf-plantmetwiki.bioinformatics.nl/pathways/PC1099_r17.0.0_20260605-171052,formononetin conjugates interconversion,5
http://rdf-plantmetwiki.bioinformatics.nl/pathways/PC432_r17.0.0_20260605-171052,cembratrienediol biosynthesis,5
http://rdf-plantmetwiki.bioinformatics.nl/pathways/PC259_r17.0.0_20260605-171052,astaxanthin biosynthesis (flowering plants),5
http://rdf-plantmetwiki.bioinformatics.nl/pathways/PC456_r17.0.0_20260605-171052,abscisic acid degradation to phaseic acid,5
http://rdf-plantmetwiki.bioinformatics.nl/pathways/PC997_r17.0.0_20260605-171052,L-arginine biosynthesis I (via L-ornithine),5
http://rdf-plantmetwiki.bioinformatics.nl/pathways/RC941_r17.0.0_20260605-171052,GALACTOLIPASE-RXN,5
http://rdf-plantmetwiki.bioinformatics.nl/pathways/PC846_r17.0.0_20260605-171052,benzoyl-β-D-glucopyranose biosynthesis,5
http://rdf-plantmetwiki.bioinformatics.nl/pathways/PC568_r17.0.0_20260605-171052,maackiain conjugates interconversion,5
http://rdf-plantmetwiki.bioinformatics.nl/pathways/PC798_r17.0.0_20260605-171052,"(1,4)-β-D-xylan degradation",5
http://rdf-plantmetwiki.bioinformatics.nl/pathways/PC407_r17.0.0_20260605-171052,"1,3,5-trimethoxybenzene biosynthesis",5
http://rdf-plantmetwiki.bioinformatics.nl/pathways/PC496_r17.0.0_20260605-171052,botryococcenes and methylated squalene biosynthesis,5
http://rdf-plantmetwiki.bioinformatics.nl/pathways/PC13_r17.0.0_20260605-171052,guanosine deoxyribonucleotides de novo biosynthesis I,5
http://rdf-plantmetwiki.bioinformatics.nl/pathways/PC641_r17.0.0_20260605-171052,superpathway of guanosine nucleotides degradation (plants),5
http://rdf-plantmetwiki.bioinformatics.nl/pathways/PC802_r17.0.0_20260605-171052,propanethial S-oxide biosynthesis,5
http://rdf-plantmetwiki.bioinformatics.nl/pathways/PC933_r17.0.0_20260605-171052,molybdopterin biosynthesis,5
http://rdf-plantmetwiki.bioinformatics.nl/pathways/PC1127_r17.0.0_20260605-171052,coenzyme A biosynthesis I (bacteria),5
http://rdf-plantmetwiki.bioinformatics.nl/pathways/PC770_r17.0.0_20260605-171052,fatty acid biosynthesis initiation (plant mitochondria),5
http://rdf-plantmetwiki.bioinformatics.nl/pathways/PC112_r17.0.0_20260605-171052,L-arginine degradation I (arginase pathway),5
http://rdf-plantmetwiki.bioinformatics.nl/pathways/RC800_r17.0.0_20260605-171052,RXN-10787,5
http://rdf-plantmetwiki.bioinformatics.nl/pathways/PC124_r17.0.0_20260605-171052,ternatin C5 biosynthesis,5
http://rdf-plantmetwiki.bioinformatics.nl/pathways/PC994_r17.0.0_20260605-171052,tetrahydrofolate biosynthesis I,5
http://rdf-plantmetwiki.bioinformatics.nl/pathways/PC529_r17.0.0_20260605-171052,salicylate biosynthesis I,5
http://rdf-plantmetwiki.bioinformatics.nl/pathways/PC143_r17.0.0_20260605-171052,volatile esters biosynthesis (during fruit ripening),5
http://rdf-plantmetwiki.bioinformatics.nl/pathways/PC1094_r17.0.0_20260605-171052,D-sorbitol biosynthesis I,5
http://rdf-plantmetwiki.bioinformatics.nl/pathways/PC821_r17.0.0_20260605-171052,lutein biosynthesis,5
http://rdf-plantmetwiki.bioinformatics.nl/pathways/PC851_r17.0.0_20260605-171052,cardiolipin biosynthesis II,5
http://rdf-plantmetwiki.bioinformatics.nl/pathways/PC785_r17.0.0_20260605-171052,α-amyrin biosynthesis,5
http://rdf-plantmetwiki.bioinformatics.nl/pathways/PC805_r17.0.0_20260605-171052,pentose phosphate pathway (oxidative branch) I,5
http://rdf-plantmetwiki.bioinformatics.nl/pathways/PC1114_r17.0.0_20260605-171052,copper transport II,5
http://rdf-plantmetwiki.bioinformatics.nl/pathways/PC54_r17.0.0_20260605-171052,yatein biosynthesis I,5
http://rdf-plantmetwiki.bioinformatics.nl/pathways/RC923_r17.0.0_20260605-171052,ICOSANOYL-COA-SYNTHASE-RXN,5
http://rdf-plantmetwiki.bioinformatics.nl/pathways/PC950_r17.0.0_20260605-171052,phosphatidylserine and phosphatidylethanolamine biosynthesis I,5
http://rdf-plantmetwiki.bioinformatics.nl/pathways/PC955_r17.0.0_20260605-171052,L-tryptophan degradation VI (via tryptamine),5
http://rdf-plantmetwiki.bioinformatics.nl/pathways/PC660_r17.0.0_20260605-171052,prunasin and amygdalin biosynthesis,5
http://rdf-plantmetwiki.bioinformatics.nl/pathways/PC884_r17.0.0_20260605-171052,γ-glutamyl cycle (plant pathway),5
http://rdf-plantmetwiki.bioinformatics.nl/pathways/PC1008_r17.0.0_20260605-171052,"lipid-dependent phytate biosynthesis I (via Ins(1,4,5)P₃)",4
http://rdf-plantmetwiki.bioinformatics.nl/pathways/PC565_r17.0.0_20260605-171052,epoxypseudoisoeugenol-2-methylbutanoate biosynthesis,4
http://rdf-plantmetwiki.bioinformatics.nl/pathways/PC663_r17.0.0_20260605-171052,betacyanin biosynthesis,4
http://rdf-plantmetwiki.bioinformatics.nl/pathways/PC1161_r17.0.0_20260605-171052,"1D-myo-inositol hexakisphosphate biosynthesis I (from Ins(1,4,5)P3)",4
http://rdf-plantmetwiki.bioinformatics.nl/pathways/PC522_r17.0.0_20260605-171052,S-methyl-L-methionine cycle,4
http://rdf-plantmetwiki.bioinformatics.nl/pathways/PC558_r17.0.0_20260605-171052,choline degradation I,4
http://rdf-plantmetwiki.bioinformatics.nl/pathways/RC1049_r17.0.0_20260605-171052,FLAVONOID-3-MONOOXYGENASE-RXN,4
http://rdf-plantmetwiki.bioinformatics.nl/pathways/PC172_r17.0.0_20260605-171052,gossypetin metabolism,4
http://rdf-plantmetwiki.bioinformatics.nl/pathways/PC614_r17.0.0_20260605-171052,cyanide detoxification I,4
http://rdf-plantmetwiki.bioinformatics.nl/pathways/PC515_r17.0.0_20260605-171052,galactosylcyclitol biosynthesis,4
http://rdf-plantmetwiki.bioinformatics.nl/pathways/PC32_r17.0.0_20260605-171052,gibberellin biosynthesis II (early C-3 hydroxylation),4
http://rdf-plantmetwiki.bioinformatics.nl/pathways/PC204_r17.0.0_20260605-171052,UDP-α-D-galacturonate biosynthesis II (from D-galacturonate),4
http://rdf-plantmetwiki.bioinformatics.nl/pathways/RC839_r17.0.0_20260605-171052,TRANS-RXN-186,4
http://rdf-plantmetwiki.bioinformatics.nl/pathways/PC1141_r17.0.0_20260605-171052,PRPP biosynthesis,4
http://rdf-plantmetwiki.bioinformatics.nl/pathways/PC29_r17.0.0_20260605-171052,chorismate biosynthesis from 3-dehydroquinate,4
http://rdf-plantmetwiki.bioinformatics.nl/pathways/PC647_r17.0.0_20260605-171052,L-asparagine biosynthesis I,4
http://rdf-plantmetwiki.bioinformatics.nl/pathways/PC880_r17.0.0_20260605-171052,dehydroscoulerine biosynthesis,4
http://rdf-plantmetwiki.bioinformatics.nl/pathways/PC980_r17.0.0_20260605-171052,glutathione-peroxide redox reactions,4
http://rdf-plantmetwiki.bioinformatics.nl/pathways/PC376_r17.0.0_20260605-171052,ethiin metabolism,4
http://rdf-plantmetwiki.bioinformatics.nl/pathways/PC555_r17.0.0_20260605-171052,ppGpp metabolism,4
http://rdf-plantmetwiki.bioinformatics.nl/pathways/PC287_r17.0.0_20260605-171052,t-anethole biosynthesis,4
http://rdf-plantmetwiki.bioinformatics.nl/pathways/PC460_r17.0.0_20260605-171052,UDP-β-L-arabinose biosynthesis II (from β-L-arabinose),4
http://rdf-plantmetwiki.bioinformatics.nl/pathways/PC82_r17.0.0_20260605-171052,naringenin glycoside biosynthesis,4
http://rdf-plantmetwiki.bioinformatics.nl/pathways/RC555_r17.0.0_20260605-171052,NADPH--FERRIHEMOPROTEIN-REDUCTASE-RXN,4
http://rdf-plantmetwiki.bioinformatics.nl/pathways/PC727_r17.0.0_20260605-171052,justicidin B biosynthesis,4
http://rdf-plantmetwiki.bioinformatics.nl/pathways/PC1136_r17.0.0_20260605-171052,cuticular wax biosynthesis,4
http://rdf-plantmetwiki.bioinformatics.nl/pathways/PC316_r17.0.0_20260605-171052,S-methyl-5-thio-α-D-ribose 1-phosphate degradation I,4
http://rdf-plantmetwiki.bioinformatics.nl/pathways/PC179_r17.0.0_20260605-171052,D-mannose degradation I,4
http://rdf-plantmetwiki.bioinformatics.nl/pathways/PC510_r17.0.0_20260605-171052,sophoraflavanone G biosynthesis,4
http://rdf-plantmetwiki.bioinformatics.nl/pathways/PC297_r17.0.0_20260605-171052,4-hydroxyindole-3-carbonyl nitrile biosynthesis,4
http://rdf-plantmetwiki.bioinformatics.nl/pathways/PC725_r17.0.0_20260605-171052,galloylated catechin biosynthesis,4
http://rdf-plantmetwiki.bioinformatics.nl/pathways/PC365_r17.0.0_20260605-171052,cardenolide glucosides biosynthesis,4
http://rdf-plantmetwiki.bioinformatics.nl/pathways/RC1059_r17.0.0_20260605-171052,RXN-7838,4
http://rdf-plantmetwiki.bioinformatics.nl/pathways/PC759_r17.0.0_20260605-171052,adenosine ribonucleotides de novo biosynthesis,4
http://rdf-plantmetwiki.bioinformatics.nl/pathways/PC281_r17.0.0_20260605-171052,adenosine deoxyribonucleotides de novo biosynthesis I,4
http://rdf-plantmetwiki.bioinformatics.nl/pathways/PC935_r17.0.0_20260605-171052,purine deoxyribonucleosides salvage,4
http://rdf-plantmetwiki.bioinformatics.nl/pathways/PC608_r17.0.0_20260605-171052,luteolin glycosides biosynthesis,4
http://rdf-plantmetwiki.bioinformatics.nl/pathways/PC12_r17.0.0_20260605-171052,fenchol biosynthesis I,4
http://rdf-plantmetwiki.bioinformatics.nl/pathways/PC965_r17.0.0_20260605-171052,valencene and 7-epi-α-selinene biosynthesis,4
http://rdf-plantmetwiki.bioinformatics.nl/pathways/RC854_r17.0.0_20260605-171052,TRANS-RXN-190,4
http://rdf-plantmetwiki.bioinformatics.nl/pathways/PC639_r17.0.0_20260605-171052,alliin metabolism,4
http://rdf-plantmetwiki.bioinformatics.nl/pathways/PC511_r17.0.0_20260605-171052,cyanidin diglucoside biosynthesis (acyl-glucose dependent),4
http://rdf-plantmetwiki.bioinformatics.nl/pathways/RC1101_r17.0.0_20260605-171052,RXN-1827,4
http://rdf-plantmetwiki.bioinformatics.nl/pathways/PC31_r17.0.0_20260605-171052,matairesinol biosynthesis,4
http://rdf-plantmetwiki.bioinformatics.nl/pathways/PC673_r17.0.0_20260605-171052,pelargonidin diglucoside biosynthesis (acyl-glucose dependent),4
http://rdf-plantmetwiki.bioinformatics.nl/pathways/PC117_r17.0.0_20260605-171052,abscisic acid degradation to neophaseic acid,4
http://rdf-plantmetwiki.bioinformatics.nl/pathways/PC815_r17.0.0_20260605-171052,cyanidin dimalonylglucoside biosynthesis,4
http://rdf-plantmetwiki.bioinformatics.nl/pathways/PC119_r17.0.0_20260605-171052,hispidol and hispidol 4'-O-β-D-glucoside biosynthesis,4
http://rdf-plantmetwiki.bioinformatics.nl/pathways/PC822_r17.0.0_20260605-171052,"(E,E)-4,8,12-trimethyltrideca-1,3,7,11-tetraene biosynthesis",4
http://rdf-plantmetwiki.bioinformatics.nl/pathways/RC745_r17.0.0_20260605-171052,RXN-11552,4
http://rdf-plantmetwiki.bioinformatics.nl/pathways/PC1006_r17.0.0_20260605-171052,thiosulfate disproportionation IV (rhodanese),4
http://rdf-plantmetwiki.bioinformatics.nl/pathways/PC964_r17.0.0_20260605-171052,tetrahydroxyxanthone biosynthesis (from 3-hydroxybenzoate),4
http://rdf-plantmetwiki.bioinformatics.nl/pathways/PC961_r17.0.0_20260605-171052,spermidine hydroxycinnamic acid conjugates biosynthesis,4
http://rdf-plantmetwiki.bioinformatics.nl/pathways/PC746_r17.0.0_20260605-171052,chlorophyll a biosynthesis II,4
http://rdf-plantmetwiki.bioinformatics.nl/pathways/PC918_r17.0.0_20260605-171052,isovitexin glycosides biosynthesis,4
http://rdf-plantmetwiki.bioinformatics.nl/pathways/RC22_r17.0.0_20260605-171052,ADENYLYLSULFATASE-RXN,4
http://rdf-plantmetwiki.bioinformatics.nl/pathways/PC678_r17.0.0_20260605-171052,kaempferide triglycoside biosynthesis,4
http://rdf-plantmetwiki.bioinformatics.nl/pathways/PC218_r17.0.0_20260605-171052,taxiphyllin biosynthesis,4
http://rdf-plantmetwiki.bioinformatics.nl/pathways/PC238_r17.0.0_20260605-171052,polymethylated kaempferol biosynthesis,4
http://rdf-plantmetwiki.bioinformatics.nl/pathways/PC1100_r17.0.0_20260605-171052,cytokinins degradation,4
http://rdf-plantmetwiki.bioinformatics.nl/pathways/PC19_r17.0.0_20260605-171052,folate polyglutamylation II,4
http://rdf-plantmetwiki.bioinformatics.nl/pathways/PC653_r17.0.0_20260605-171052,luteolin triglucuronide degradation,4
http://rdf-plantmetwiki.bioinformatics.nl/pathways/PC1081_r17.0.0_20260605-171052,hydrogen production VIII,4
http://rdf-plantmetwiki.bioinformatics.nl/pathways/PC715_r17.0.0_20260605-171052,indole-3-acetate biosynthesis I,4
http://rdf-plantmetwiki.bioinformatics.nl/pathways/RC1078_r17.0.0_20260605-171052,RXN-2102,4
http://rdf-plantmetwiki.bioinformatics.nl/pathways/PC539_r17.0.0_20260605-171052,S-methyl-5'-thioadenosine degradation I,4
http://rdf-plantmetwiki.bioinformatics.nl/pathways/PC734_r17.0.0_20260605-171052,"fatty acid β-oxidation III (unsaturated, odd number)",4
http://rdf-plantmetwiki.bioinformatics.nl/pathways/PC771_r17.0.0_20260605-171052,orientin and isoorientin biosynthesis I,4
http://rdf-plantmetwiki.bioinformatics.nl/pathways/PC79_r17.0.0_20260605-171052,ceramide degradation (generic),4
http://rdf-plantmetwiki.bioinformatics.nl/pathways/PC471_r17.0.0_20260605-171052,delphinidin diglucoside biosynthesis (acyl-glucose dependent),4
http://rdf-plantmetwiki.bioinformatics.nl/pathways/PC1017_r17.0.0_20260605-171052,gentiodelphin biosynthesis,4
http://rdf-plantmetwiki.bioinformatics.nl/pathways/PC567_r17.0.0_20260605-171052,guanosine nucleotides degradation I,4
http://rdf-plantmetwiki.bioinformatics.nl/pathways/PC790_r17.0.0_20260605-171052,choline biosynthesis II,4
http://rdf-plantmetwiki.bioinformatics.nl/pathways/PC120_r17.0.0_20260605-171052,lysine degradation III,4
http://rdf-plantmetwiki.bioinformatics.nl/pathways/PC947_r17.0.0_20260605-171052,digitoxigenin biosynthesis,4
http://rdf-plantmetwiki.bioinformatics.nl/pathways/PC687_r17.0.0_20260605-171052,heme degradation I,4
http://rdf-plantmetwiki.bioinformatics.nl/pathways/RC73_r17.0.0_20260605-171052,TRYPSYN-RXN,4
http://rdf-plantmetwiki.bioinformatics.nl/pathways/PC872_r17.0.0_20260605-171052,vanillin biosynthesis I,4
http://rdf-plantmetwiki.bioinformatics.nl/pathways/PC814_r17.0.0_20260605-171052,artemisinin and arteannuin B biosynthesis,4
http://rdf-plantmetwiki.bioinformatics.nl/pathways/RC108_r17.0.0_20260605-171052,RXNQT-4365,4
http://rdf-plantmetwiki.bioinformatics.nl/pathways/PC905_r17.0.0_20260605-171052,palmitoleate biosynthesis II (plants and bacteria),4
http://rdf-plantmetwiki.bioinformatics.nl/pathways/PC107_r17.0.0_20260605-171052,trans-lycopene biosynthesis I,4
http://rdf-plantmetwiki.bioinformatics.nl/pathways/PC168_r17.0.0_20260605-171052,cinnamoyl-CoA biosynthesis,4
http://rdf-plantmetwiki.bioinformatics.nl/pathways/PC1030_r17.0.0_20260605-171052,3-(4-hydroxyphenyl)pyruvate biosynthesis,4
http://rdf-plantmetwiki.bioinformatics.nl/pathways/RC1095_r17.0.0_20260605-171052,RXN-10430,4
http://rdf-plantmetwiki.bioinformatics.nl/pathways/PC847_r17.0.0_20260605-171052,cannabinoid biosynthesis,4
http://rdf-plantmetwiki.bioinformatics.nl/pathways/PC819_r17.0.0_20260605-171052,dhurrin biosynthesis,4
http://rdf-plantmetwiki.bioinformatics.nl/pathways/PC111_r17.0.0_20260605-171052,aurone biosynthesis,4
http://rdf-plantmetwiki.bioinformatics.nl/pathways/PC1011_r17.0.0_20260605-171052,poly-hydroxy fatty acids biosynthesis,4
http://rdf-plantmetwiki.bioinformatics.nl/pathways/PC607_r17.0.0_20260605-171052,superpathway of polyamine biosynthesis,4
http://rdf-plantmetwiki.bioinformatics.nl/pathways/PC468_r17.0.0_20260605-171052,beta-carboline biosynthesis,4
http://rdf-plantmetwiki.bioinformatics.nl/pathways/RC1133_r17.0.0_20260605-171052,RXN0-1441,4
http://rdf-plantmetwiki.bioinformatics.nl/pathways/PC299_r17.0.0_20260605-171052,lycopadiene biosynthesis,4
http://rdf-plantmetwiki.bioinformatics.nl/pathways/PC775_r17.0.0_20260605-171052,fenchone biosynthesis,4
http://rdf-plantmetwiki.bioinformatics.nl/pathways/PC52_r17.0.0_20260605-171052,L-methionine degradation I (to L-homocysteine),4
http://rdf-plantmetwiki.bioinformatics.nl/pathways/PC100_r17.0.0_20260605-171052,methyl indole-3-acetate interconversion,4
http://rdf-plantmetwiki.bioinformatics.nl/pathways/PC10_r17.0.0_20260605-171052,L-phenylalanine degradation V,4
http://rdf-plantmetwiki.bioinformatics.nl/pathways/PC51_r17.0.0_20260605-171052,momilactone A biosynthesis,4
http://rdf-plantmetwiki.bioinformatics.nl/pathways/RC633_r17.0.0_20260605-171052,RXN1F-10,4
http://rdf-plantmetwiki.bioinformatics.nl/pathways/RC989_r17.0.0_20260605-171052,RXN-8348,4
http://rdf-plantmetwiki.bioinformatics.nl/pathways/PC876_r17.0.0_20260605-171052,N-methylanthraniloyl-β-D-glucopyranose biosynthesis,4
http://rdf-plantmetwiki.bioinformatics.nl/pathways/PC73_r17.0.0_20260605-171052,adlupulone and adhumulone biosynthesis,4
http://rdf-plantmetwiki.bioinformatics.nl/pathways/PC1110_r17.0.0_20260605-171052,5-aminoimidazole ribonucleotide biosynthesis I,4
http://rdf-plantmetwiki.bioinformatics.nl/pathways/PC972_r17.0.0_20260605-171052,neurosporene biosynthesis,4
http://rdf-plantmetwiki.bioinformatics.nl/pathways/PC4_r17.0.0_20260605-171052,chlorophyll a biosynthesis III,3
http://rdf-plantmetwiki.bioinformatics.nl/pathways/PC830_r17.0.0_20260605-171052,dimethylsulfoniopropanoate biosynthesis I (Wollastonia),3
http://rdf-plantmetwiki.bioinformatics.nl/pathways/PC334_r17.0.0_20260605-171052,allantoin degradation to glyoxylate I,3
http://rdf-plantmetwiki.bioinformatics.nl/pathways/PC780_r17.0.0_20260605-171052,"cyanidin 3,7-diglucoside polyacylation biosynthesis",3
http://rdf-plantmetwiki.bioinformatics.nl/pathways/RC583_r17.0.0_20260605-171052,RXN-10435,3
http://rdf-plantmetwiki.bioinformatics.nl/pathways/PC161_r17.0.0_20260605-171052,spermine and spermidine degradation III,3
http://rdf-plantmetwiki.bioinformatics.nl/pathways/RC1051_r17.0.0_20260605-171052,3' hydroxy flavanone 5&prime;-hydroxylase,3
http://rdf-plantmetwiki.bioinformatics.nl/pathways/PC59_r17.0.0_20260605-171052,glycolipid desaturation,3
http://rdf-plantmetwiki.bioinformatics.nl/pathways/PC341_r17.0.0_20260605-171052,pyrimidine deoxyribonucleotides de novo biosynthesis II,3
http://rdf-plantmetwiki.bioinformatics.nl/pathways/PC589_r17.0.0_20260605-171052,tuberonate glucoside biosynthesis,3
http://rdf-plantmetwiki.bioinformatics.nl/pathways/PC78_r17.0.0_20260605-171052,bixin biosynthesis,3
http://rdf-plantmetwiki.bioinformatics.nl/pathways/PC615_r17.0.0_20260605-171052,camalexin biosynthesis,3
http://rdf-plantmetwiki.bioinformatics.nl/pathways/PC235_r17.0.0_20260605-171052,(-)-4'-demethyl-epipodophyllotoxin biosynthesis,3
http://rdf-plantmetwiki.bioinformatics.nl/pathways/PC975_r17.0.0_20260605-171052,DIMBOA-glucoside biosynthesis,3
http://rdf-plantmetwiki.bioinformatics.nl/pathways/RC1148_r17.0.0_20260605-171052,NADPH-DEHYDROGENASE-RXN,3
http://rdf-plantmetwiki.bioinformatics.nl/pathways/PC418_r17.0.0_20260605-171052,guaiacol biosynthesis,3
http://rdf-plantmetwiki.bioinformatics.nl/pathways/PC518_r17.0.0_20260605-171052,chitin degradation II (Vibrio),3
http://rdf-plantmetwiki.bioinformatics.nl/pathways/RC355_r17.0.0_20260605-171052,RXN-1823,3
http://rdf-plantmetwiki.bioinformatics.nl/pathways/PC879_r17.0.0_20260605-171052,UTP and CTP de novo biosynthesis,3
http://rdf-plantmetwiki.bioinformatics.nl/pathways/PC423_r17.0.0_20260605-171052,salicortin biosynthesis,3
http://rdf-plantmetwiki.bioinformatics.nl/pathways/PC373_r17.0.0_20260605-171052,4-hydroxybenzoate biosynthesis IV (plants),3
http://rdf-plantmetwiki.bioinformatics.nl/pathways/PC547_r17.0.0_20260605-171052,cichoriin interconversion,3
http://rdf-plantmetwiki.bioinformatics.nl/pathways/PC412_r17.0.0_20260605-171052,phosphopantothenate biosynthesis II,3
http://rdf-plantmetwiki.bioinformatics.nl/pathways/PC976_r17.0.0_20260605-171052,baicalein metabolism,3
http://rdf-plantmetwiki.bioinformatics.nl/pathways/PC928_r17.0.0_20260605-171052,dhurrin degradation,3
http://rdf-plantmetwiki.bioinformatics.nl/pathways/PC438_r17.0.0_20260605-171052,α-eleostearate biosynthesis,3
http://rdf-plantmetwiki.bioinformatics.nl/pathways/PC1078_r17.0.0_20260605-171052,methiin metabolism,3
http://rdf-plantmetwiki.bioinformatics.nl/pathways/PC552_r17.0.0_20260605-171052,fructan biosynthesis,3
http://rdf-plantmetwiki.bioinformatics.nl/pathways/PC701_r17.0.0_20260605-171052,pyruvate fermentation to acetoin,3
http://rdf-plantmetwiki.bioinformatics.nl/pathways/PC320_r17.0.0_20260605-171052,fructan degradation,3
http://rdf-plantmetwiki.bioinformatics.nl/pathways/PC513_r17.0.0_20260605-171052,selinene biosynthesis,3
http://rdf-plantmetwiki.bioinformatics.nl/pathways/RC761_r17.0.0_20260605-171052,RXN-18732,3
http://rdf-plantmetwiki.bioinformatics.nl/pathways/PC406_r17.0.0_20260605-171052,"3,5-dimethoxytoluene biosynthesis",3
http://rdf-plantmetwiki.bioinformatics.nl/pathways/PC95_r17.0.0_20260605-171052,L-serine biosynthesis I,3
http://rdf-plantmetwiki.bioinformatics.nl/pathways/RC168_r17.0.0_20260605-171052,DSERDEAM-RXN,3
http://rdf-plantmetwiki.bioinformatics.nl/pathways/RC232_r17.0.0_20260605-171052,ADENYLYLSULFATE-REDUCTASE-RXN,3
http://rdf-plantmetwiki.bioinformatics.nl/pathways/PC995_r17.0.0_20260605-171052,plastoquinol-9 biosynthesis I,3
http://rdf-plantmetwiki.bioinformatics.nl/pathways/PC60_r17.0.0_20260605-171052,hydroxycinnamate sugar acid ester biosynthesis,3
http://rdf-plantmetwiki.bioinformatics.nl/pathways/PC782_r17.0.0_20260605-171052,acetaldehyde biosynthesis II,3
http://rdf-plantmetwiki.bioinformatics.nl/pathways/PC436_r17.0.0_20260605-171052,jasmonoyl-amino acid conjugates biosynthesis I,3
http://rdf-plantmetwiki.bioinformatics.nl/pathways/RC382_r17.0.0_20260605-171052,3.2.1.55-RXN,3
http://rdf-plantmetwiki.bioinformatics.nl/pathways/PC227_r17.0.0_20260605-171052,α-solanine/α-chaconine biosynthesis,3
http://rdf-plantmetwiki.bioinformatics.nl/pathways/PC101_r17.0.0_20260605-171052,cis-abienol biosynthesis,3
http://rdf-plantmetwiki.bioinformatics.nl/pathways/PC76_r17.0.0_20260605-171052,D-serine metabolism,3
http://rdf-plantmetwiki.bioinformatics.nl/pathways/PC836_r17.0.0_20260605-171052,podophyllotoxin glucosides metabolism,3
http://rdf-plantmetwiki.bioinformatics.nl/pathways/PC319_r17.0.0_20260605-171052,pyruvate fermentation to acetate VII,3
http://rdf-plantmetwiki.bioinformatics.nl/pathways/PC331_r17.0.0_20260605-171052,zeaxanthin biosynthesis,3
http://rdf-plantmetwiki.bioinformatics.nl/pathways/RC758_r17.0.0_20260605-171052,flavonone 3&prime;-hydroxylase,3
http://rdf-plantmetwiki.bioinformatics.nl/pathways/PC393_r17.0.0_20260605-171052,arctigenin and isoarctigenin biosynthesis,3
http://rdf-plantmetwiki.bioinformatics.nl/pathways/RC609_r17.0.0_20260605-171052,RXN-10862,3
http://rdf-plantmetwiki.bioinformatics.nl/pathways/PC708_r17.0.0_20260605-171052,guanine and guanosine salvage II,3
http://rdf-plantmetwiki.bioinformatics.nl/pathways/PC497_r17.0.0_20260605-171052,B series fagopyritols biosynthesis,3
http://rdf-plantmetwiki.bioinformatics.nl/pathways/PC1158_r17.0.0_20260605-171052,spermidine biosynthesis I,3
http://rdf-plantmetwiki.bioinformatics.nl/pathways/PC517_r17.0.0_20260605-171052,oligomeric urushiol biosynthesis,3
http://rdf-plantmetwiki.bioinformatics.nl/pathways/PC707_r17.0.0_20260605-171052,UDP-β-L-rhamnose biosynthesis,3
http://rdf-plantmetwiki.bioinformatics.nl/pathways/PC1046_r17.0.0_20260605-171052,lacinilene C biosynthesis,3
http://rdf-plantmetwiki.bioinformatics.nl/pathways/PC702_r17.0.0_20260605-171052,geranyl acetate biosynthesis,3
http://rdf-plantmetwiki.bioinformatics.nl/pathways/PC37_r17.0.0_20260605-171052,glycerol-3-phosphate shuttle,3
http://rdf-plantmetwiki.bioinformatics.nl/pathways/PC750_r17.0.0_20260605-171052,L-arginine degradation V (arginine deiminase pathway),3
http://rdf-plantmetwiki.bioinformatics.nl/pathways/PC895_r17.0.0_20260605-171052,jasmonoyl-amino acid conjugates biosynthesis II,3
http://rdf-plantmetwiki.bioinformatics.nl/pathways/PC1010_r17.0.0_20260605-171052,anthocyanidin sambubioside biosynthesis,3
http://rdf-plantmetwiki.bioinformatics.nl/pathways/PC868_r17.0.0_20260605-171052,methylhalides biosynthesis (plants),3
http://rdf-plantmetwiki.bioinformatics.nl/pathways/PC551_r17.0.0_20260605-171052,putrescine degradation IV,3
http://rdf-plantmetwiki.bioinformatics.nl/pathways/RC934_r17.0.0_20260605-171052,RXN-7825,3
http://rdf-plantmetwiki.bioinformatics.nl/pathways/PC718_r17.0.0_20260605-171052,"2,3-cis-flavanols biosynthesis",3
http://rdf-plantmetwiki.bioinformatics.nl/pathways/PC98_r17.0.0_20260605-171052,pyruvate fermentation to acetate IV,3
http://rdf-plantmetwiki.bioinformatics.nl/pathways/PC293_r17.0.0_20260605-171052,guanosine nucleotides degradation II,3
http://rdf-plantmetwiki.bioinformatics.nl/pathways/PC447_r17.0.0_20260605-171052,coumestrol biosynthesis,3
http://rdf-plantmetwiki.bioinformatics.nl/pathways/PC45_r17.0.0_20260605-171052,"1,3-β-D-glucan biosynthesis",3
http://rdf-plantmetwiki.bioinformatics.nl/pathways/PC192_r17.0.0_20260605-171052,ortho-quinones biosynthesis,3
http://rdf-plantmetwiki.bioinformatics.nl/pathways/RC827_r17.0.0_20260605-171052,RXNQT-4395,3
http://rdf-plantmetwiki.bioinformatics.nl/pathways/PC198_r17.0.0_20260605-171052,(+)-camphor biosynthesis,3
http://rdf-plantmetwiki.bioinformatics.nl/pathways/PC866_r17.0.0_20260605-171052,pinobanksin biosynthesis,3
http://rdf-plantmetwiki.bioinformatics.nl/pathways/PC165_r17.0.0_20260605-171052,"1,3,6,7-tetrahydroxyxanthone biosynthesis (from benzoyl-CoA)",3
http://rdf-plantmetwiki.bioinformatics.nl/pathways/PC764_r17.0.0_20260605-171052,superpathway of jasmonoyl-amino acid conjugates biosynthesis,3
http://rdf-plantmetwiki.bioinformatics.nl/pathways/RC925_r17.0.0_20260605-171052,RXN-8416,3
http://rdf-plantmetwiki.bioinformatics.nl/pathways/PC792_r17.0.0_20260605-171052,6-methoxypodophyllotoxin biosynthesis,3
http://rdf-plantmetwiki.bioinformatics.nl/pathways/PC114_r17.0.0_20260605-171052,dimorphecolate biosynthesis,3
http://rdf-plantmetwiki.bioinformatics.nl/pathways/PC1072_r17.0.0_20260605-171052,chitin degradation III (carnivorous plants),3
http://rdf-plantmetwiki.bioinformatics.nl/pathways/RC974_r17.0.0_20260605-171052,RXN-11226,3
http://rdf-plantmetwiki.bioinformatics.nl/pathways/PC1028_r17.0.0_20260605-171052,crotonyl-CoA/ethylmalonyl-CoA/hydroxybutyryl-CoA cycle (engineered),3
http://rdf-plantmetwiki.bioinformatics.nl/pathways/PC683_r17.0.0_20260605-171052,rosmarinic acid biosynthesis II,3
http://rdf-plantmetwiki.bioinformatics.nl/pathways/PC783_r17.0.0_20260605-171052,flavonol acylglucoside biosynthesis II-isorhamnetin derivatives,3
http://rdf-plantmetwiki.bioinformatics.nl/pathways/PC121_r17.0.0_20260605-171052,anthocyanin biosynthesis (delphinidin 3-O-glucoside),3
http://rdf-plantmetwiki.bioinformatics.nl/pathways/RC579_r17.0.0_20260605-171052,RXN-11224,3
http://rdf-plantmetwiki.bioinformatics.nl/pathways/PC948_r17.0.0_20260605-171052,seleno-amino acid detoxification and volatilization I,3
http://rdf-plantmetwiki.bioinformatics.nl/pathways/PC93_r17.0.0_20260605-171052,(-)-camphor biosynthesis,3
http://rdf-plantmetwiki.bioinformatics.nl/pathways/PC170_r17.0.0_20260605-171052,ethanol degradation IV,3
http://rdf-plantmetwiki.bioinformatics.nl/pathways/PC1033_r17.0.0_20260605-171052,VTC2 cycle,3
http://rdf-plantmetwiki.bioinformatics.nl/pathways/RC1149_r17.0.0_20260605-171052,DIHYDROPICRED-RXN,3
http://rdf-plantmetwiki.bioinformatics.nl/pathways/PC1018_r17.0.0_20260605-171052,extended VTC2 cycle,3
http://rdf-plantmetwiki.bioinformatics.nl/pathways/PC348_r17.0.0_20260605-171052,olivetol biosynthesis,3
http://rdf-plantmetwiki.bioinformatics.nl/pathways/PC583_r17.0.0_20260605-171052,homospermidine biosynthesis I,3
http://rdf-plantmetwiki.bioinformatics.nl/pathways/PC181_r17.0.0_20260605-171052,β-carotene biosynthesis,3
http://rdf-plantmetwiki.bioinformatics.nl/pathways/RC491_r17.0.0_20260605-171052,RXN-15011,3
http://rdf-plantmetwiki.bioinformatics.nl/pathways/PC244_r17.0.0_20260605-171052,ureide biosynthesis,3
http://rdf-plantmetwiki.bioinformatics.nl/pathways/PC1162_r17.0.0_20260605-171052,esterified suberin biosynthesis,3
http://rdf-plantmetwiki.bioinformatics.nl/pathways/PC742_r17.0.0_20260605-171052,assimilatory sulfate reduction II,3
http://rdf-plantmetwiki.bioinformatics.nl/pathways/RC599_r17.0.0_20260605-171052,1.11.1.15-RXN,3
http://rdf-plantmetwiki.bioinformatics.nl/pathways/PC1098_r17.0.0_20260605-171052,CMP phosphorylation,3
http://rdf-plantmetwiki.bioinformatics.nl/pathways/PC893_r17.0.0_20260605-171052,NAD biosynthesis from nicotinamide,3
http://rdf-plantmetwiki.bioinformatics.nl/pathways/RC1159_r17.0.0_20260605-171052,PHOSPHATIDYLINOSITOL-BISPHOSPHATASE-RXN,3
http://rdf-plantmetwiki.bioinformatics.nl/pathways/PC527_r17.0.0_20260605-171052,4-aminobenzoate biosynthesis I,3
http://rdf-plantmetwiki.bioinformatics.nl/pathways/PC84_r17.0.0_20260605-171052,canavanine biosynthesis,3
http://rdf-plantmetwiki.bioinformatics.nl/pathways/PC800_r17.0.0_20260605-171052,thalianol and derivatives biosynthesis,3
http://rdf-plantmetwiki.bioinformatics.nl/pathways/PC125_r17.0.0_20260605-171052,homoglutathione biosynthesis,3
http://rdf-plantmetwiki.bioinformatics.nl/pathways/PC286_r17.0.0_20260605-171052,L-homoserine biosynthesis,3
http://rdf-plantmetwiki.bioinformatics.nl/pathways/RC1129_r17.0.0_20260605-171052,RXN-10774,3
http://rdf-plantmetwiki.bioinformatics.nl/pathways/RC1200_r17.0.0_20260605-171052,Xyloglucan 6-xylosyltransferase,3
http://rdf-plantmetwiki.bioinformatics.nl/pathways/RC1085_r17.0.0_20260605-171052,RXN-8344,3
http://rdf-plantmetwiki.bioinformatics.nl/pathways/RC1152_r17.0.0_20260605-171052,RXN-10735,3
http://rdf-plantmetwiki.bioinformatics.nl/pathways/RC980_r17.0.0_20260605-171052,3.6.3.6-RXN,3
http://rdf-plantmetwiki.bioinformatics.nl/pathways/PC519_r17.0.0_20260605-171052,3-carene biosynthesis,3
http://rdf-plantmetwiki.bioinformatics.nl/pathways/PC886_r17.0.0_20260605-171052,cyanate degradation,3
http://rdf-plantmetwiki.bioinformatics.nl/pathways/PC710_r17.0.0_20260605-171052,6'-deoxychalcone metabolism,3
http://rdf-plantmetwiki.bioinformatics.nl/pathways/PC369_r17.0.0_20260605-171052,nevadensin biosynthesis,3
http://rdf-plantmetwiki.bioinformatics.nl/pathways/PC579_r17.0.0_20260605-171052,vernolate biosynthesis I,3
http://rdf-plantmetwiki.bioinformatics.nl/pathways/RC664_r17.0.0_20260605-171052,HEXOKINASE-RXN,3
http://rdf-plantmetwiki.bioinformatics.nl/pathways/RC1162_r17.0.0_20260605-171052,RXN-10734,3
http://rdf-plantmetwiki.bioinformatics.nl/pathways/PC1031_r17.0.0_20260605-171052,dicranin biosynthesis,3
http://rdf-plantmetwiki.bioinformatics.nl/pathways/RC68_r17.0.0_20260605-171052,STEROL-GLUCOSYLTRANSFERASE-RXN,3
http://rdf-plantmetwiki.bioinformatics.nl/pathways/PC26_r17.0.0_20260605-171052,indole-3-acetate activation II,3
http://rdf-plantmetwiki.bioinformatics.nl/pathways/RC1027_r17.0.0_20260605-171052,RXN-11846,3
http://rdf-plantmetwiki.bioinformatics.nl/pathways/RC572_r17.0.0_20260605-171052,UBIQUITIN--PROTEIN-LIGASE-RXN,3
http://rdf-plantmetwiki.bioinformatics.nl/pathways/PC24_r17.0.0_20260605-171052,"6,7,4'-trihydroxyisoflavone biosynthesis",3
http://rdf-plantmetwiki.bioinformatics.nl/pathways/RC10_r17.0.0_20260605-171052,GLYOXYLATE-REDUCTASE-NADP+-RXN,3
http://rdf-plantmetwiki.bioinformatics.nl/pathways/PC1013_r17.0.0_20260605-171052,5-deoxystrigol biosynthesis,3
http://rdf-plantmetwiki.bioinformatics.nl/pathways/PC202_r17.0.0_20260605-171052,tea aroma glycosidic precursor bioactivation,3
http://rdf-plantmetwiki.bioinformatics.nl/pathways/RC1061_r17.0.0_20260605-171052,1.14.19.3-RXN,3
http://rdf-plantmetwiki.bioinformatics.nl/pathways/RC1174_r17.0.0_20260605-171052,TRANS-HEXAPRENYLTRANSTRANSFERASE-RXN,3
http://rdf-plantmetwiki.bioinformatics.nl/pathways/PC41_r17.0.0_20260605-171052,steviol biosynthesis,3
http://rdf-plantmetwiki.bioinformatics.nl/pathways/PC371_r17.0.0_20260605-171052,hydroxylated mugineic acid phytosiderophore biosynthesis,3
http://rdf-plantmetwiki.bioinformatics.nl/pathways/PC796_r17.0.0_20260605-171052,4-amino-2-methyl-5-diphosphomethylpyrimidine biosynthesis I,3
http://rdf-plantmetwiki.bioinformatics.nl/pathways/PC174_r17.0.0_20260605-171052,methylglyoxal degradation I,3
http://rdf-plantmetwiki.bioinformatics.nl/pathways/PC338_r17.0.0_20260605-171052,uracil degradation I (reductive),3
http://rdf-plantmetwiki.bioinformatics.nl/pathways/PC411_r17.0.0_20260605-171052,chlorophyll a degradation III,3
http://rdf-plantmetwiki.bioinformatics.nl/pathways/PC466_r17.0.0_20260605-171052,capsanthin and capsorubin biosynthesis,3
http://rdf-plantmetwiki.bioinformatics.nl/pathways/PC952_r17.0.0_20260605-171052,UMP biosynthesis I,3
http://rdf-plantmetwiki.bioinformatics.nl/pathways/PC1076_r17.0.0_20260605-171052,oryzalexin D and E biosynthesis,3
http://rdf-plantmetwiki.bioinformatics.nl/pathways/RC1223_r17.0.0_20260605-171052,3.2.1.21-RXN,3
http://rdf-plantmetwiki.bioinformatics.nl/pathways/PC1037_r17.0.0_20260605-171052,shikonin biosynthesis,3
http://rdf-plantmetwiki.bioinformatics.nl/pathways/PC1005_r17.0.0_20260605-171052,L-homomethionine biosynthesis,3
http://rdf-plantmetwiki.bioinformatics.nl/pathways/RC122_r17.0.0_20260605-171052,RXN-1825,3
http://rdf-plantmetwiki.bioinformatics.nl/pathways/PC635_r17.0.0_20260605-171052,chlorophyll a biosynthesis I,3
http://rdf-plantmetwiki.bioinformatics.nl/pathways/RC738_r17.0.0_20260605-171052,RXN-8088,3
http://rdf-plantmetwiki.bioinformatics.nl/pathways/PC367_r17.0.0_20260605-171052,seleno-amino acid detoxification and volatilization II,3
http://rdf-plantmetwiki.bioinformatics.nl/pathways/PC49_r17.0.0_20260605-171052,benzoylanthranilate biosynthesis,3
http://rdf-plantmetwiki.bioinformatics.nl/pathways/RC988_r17.0.0_20260605-171052,2.4.2.39-RXN,3
http://rdf-plantmetwiki.bioinformatics.nl/pathways/PC342_r17.0.0_20260605-171052,phloridzin biosynthesis,3
http://rdf-plantmetwiki.bioinformatics.nl/pathways/PC788_r17.0.0_20260605-171052,D-myo-inositol-5-phosphate metabolism,3
http://rdf-plantmetwiki.bioinformatics.nl/pathways/PC892_r17.0.0_20260605-171052,L-proline degradation I,3
http://rdf-plantmetwiki.bioinformatics.nl/pathways/PC249_r17.0.0_20260605-171052,glutathione degradation,3
http://rdf-plantmetwiki.bioinformatics.nl/pathways/PC963_r17.0.0_20260605-171052,glycine betaine biosynthesis III (plants),3
http://rdf-plantmetwiki.bioinformatics.nl/pathways/PC444_r17.0.0_20260605-171052,"oryzalexin A, B, and C biosynthesis",3
http://rdf-plantmetwiki.bioinformatics.nl/pathways/PC131_r17.0.0_20260605-171052,colchicine biosynthesis,3
http://rdf-plantmetwiki.bioinformatics.nl/pathways/PC793_r17.0.0_20260605-171052,luteolin triglucuronide biosynthesis,3
http://rdf-plantmetwiki.bioinformatics.nl/pathways/RC230_r17.0.0_20260605-171052,3.2.1.52-RXN,3
http://rdf-plantmetwiki.bioinformatics.nl/pathways/PC17_r17.0.0_20260605-171052,chlorophyll a degradation I,3
http://rdf-plantmetwiki.bioinformatics.nl/pathways/RC1229_r17.0.0_20260605-171052,RXN-10036,3
http://rdf-plantmetwiki.bioinformatics.nl/pathways/PC709_r17.0.0_20260605-171052,L-ascorbate degradation III,3
http://rdf-plantmetwiki.bioinformatics.nl/pathways/PC757_r17.0.0_20260605-171052,pentose phosphate pathway (non-oxidative branch) I,3
http://rdf-plantmetwiki.bioinformatics.nl/pathways/PC667_r17.0.0_20260605-171052,neoxanthin biosynthesis,3
http://rdf-plantmetwiki.bioinformatics.nl/pathways/PC580_r17.0.0_20260605-171052,"benzoate biosynthesis II (CoA-independent, non-β-oxidative)",3
http://rdf-plantmetwiki.bioinformatics.nl/pathways/RC1087_r17.0.0_20260605-171052,RXN-19646,3
http://rdf-plantmetwiki.bioinformatics.nl/pathways/PC213_r17.0.0_20260605-171052,wax esters biosynthesis I,3
http://rdf-plantmetwiki.bioinformatics.nl/pathways/PC188_r17.0.0_20260605-171052,pyrimidine salvage pathway,3
http://rdf-plantmetwiki.bioinformatics.nl/pathways/PC979_r17.0.0_20260605-171052,brassinosteroids inactivation,3
http://rdf-plantmetwiki.bioinformatics.nl/pathways/PC441_r17.0.0_20260605-171052,curcumin glucoside biosynthesis,3
http://rdf-plantmetwiki.bioinformatics.nl/pathways/PC930_r17.0.0_20260605-171052,glutathione biosynthesis,3
http://rdf-plantmetwiki.bioinformatics.nl/pathways/PC333_r17.0.0_20260605-171052,fatty acid α-oxidation I (plants),3
http://rdf-plantmetwiki.bioinformatics.nl/pathways/PC102_r17.0.0_20260605-171052,phospholipases (Chlamydomonas),3
http://rdf-plantmetwiki.bioinformatics.nl/pathways/PC16_r17.0.0_20260605-171052,papaverine biosynthesis,3
http://rdf-plantmetwiki.bioinformatics.nl/pathways/PC245_r17.0.0_20260605-171052,steviol glucoside biosynthesis (rebaudioside A biosynthesis),3
http://rdf-plantmetwiki.bioinformatics.nl/pathways/PC276_r17.0.0_20260605-171052,furaneol and mesifurane biosynthesis,3
http://rdf-plantmetwiki.bioinformatics.nl/pathways/PC595_r17.0.0_20260605-171052,UTP and CTP dephosphorylation I,3
http://rdf-plantmetwiki.bioinformatics.nl/pathways/PC741_r17.0.0_20260605-171052,"26,27-dehydrozymosterol metabolism",2
http://rdf-plantmetwiki.bioinformatics.nl/pathways/PC1077_r17.0.0_20260605-171052,3β-hydroxysesquiterpene lactone biosynthesis,2
http://rdf-plantmetwiki.bioinformatics.nl/pathways/RC1107_r17.0.0_20260605-171052,RXN-1061,2
http://rdf-plantmetwiki.bioinformatics.nl/pathways/PC455_r17.0.0_20260605-171052,tricetin methylation,2
http://rdf-plantmetwiki.bioinformatics.nl/pathways/RC329_r17.0.0_20260605-171052,ALPHA-L-FUCOSIDASE-RXN,2
http://rdf-plantmetwiki.bioinformatics.nl/pathways/PC30_r17.0.0_20260605-171052,dTDP-β-L-rhamnose biosynthesis,2
http://rdf-plantmetwiki.bioinformatics.nl/pathways/RC19_r17.0.0_20260605-171052,RXN-12182,2
http://rdf-plantmetwiki.bioinformatics.nl/pathways/PC223_r17.0.0_20260605-171052,betulinate biosynthesis,2
http://rdf-plantmetwiki.bioinformatics.nl/pathways/PC581_r17.0.0_20260605-171052,L-ornithine biosynthesis I,2
http://rdf-plantmetwiki.bioinformatics.nl/pathways/RC621_r17.0.0_20260605-171052,RXN-8547,2
http://rdf-plantmetwiki.bioinformatics.nl/pathways/PC1069_r17.0.0_20260605-171052,coniferyl alcohol 9-methyl ether biosynthesis,2
http://rdf-plantmetwiki.bioinformatics.nl/pathways/RC348_r17.0.0_20260605-171052,RXN-8090,2
http://rdf-plantmetwiki.bioinformatics.nl/pathways/PC540_r17.0.0_20260605-171052,casbene biosynthesis,2
http://rdf-plantmetwiki.bioinformatics.nl/pathways/RC1081_r17.0.0_20260605-171052,RXN-13162,2
http://rdf-plantmetwiki.bioinformatics.nl/pathways/RC465_r17.0.0_20260605-171052,PROLINE-MULTI,2
http://rdf-plantmetwiki.bioinformatics.nl/pathways/RC352_r17.0.0_20260605-171052,Polyamine oxidase,2
http://rdf-plantmetwiki.bioinformatics.nl/pathways/PC305_r17.0.0_20260605-171052,urea degradation II,2
http://rdf-plantmetwiki.bioinformatics.nl/pathways/PC799_r17.0.0_20260605-171052,acetate and ATP formation from acetyl-CoA I,2
http://rdf-plantmetwiki.bioinformatics.nl/pathways/RC185_r17.0.0_20260605-171052,RXNQT-4173,2
http://rdf-plantmetwiki.bioinformatics.nl/pathways/PC862_r17.0.0_20260605-171052,betalamic acid biosynthesis,2
http://rdf-plantmetwiki.bioinformatics.nl/pathways/RC139_r17.0.0_20260605-171052,2.4.1.214-RXN,2
http://rdf-plantmetwiki.bioinformatics.nl/pathways/PC1074_r17.0.0_20260605-171052,nitric oxide biosynthesis II (mammals),2
http://rdf-plantmetwiki.bioinformatics.nl/pathways/PC1058_r17.0.0_20260605-171052,sesamin biosynthesis,2
http://rdf-plantmetwiki.bioinformatics.nl/pathways/PC996_r17.0.0_20260605-171052,bergamotene biosynthesis II,2
http://rdf-plantmetwiki.bioinformatics.nl/pathways/RC1188_r17.0.0_20260605-171052,RXN-18484,2
http://rdf-plantmetwiki.bioinformatics.nl/pathways/PC845_r17.0.0_20260605-171052,quercetin diglycoside biosynthesis (pollen-specific),2
http://rdf-plantmetwiki.bioinformatics.nl/pathways/RC710_r17.0.0_20260605-171052,CARBODEHYDRAT-RXN,2
http://rdf-plantmetwiki.bioinformatics.nl/pathways/PC856_r17.0.0_20260605-171052,anthocyanidin sophoroside metabolism,2
http://rdf-plantmetwiki.bioinformatics.nl/pathways/PC343_r17.0.0_20260605-171052,chalcone 2'-O-glucoside biosynthesis,2
http://rdf-plantmetwiki.bioinformatics.nl/pathways/PC226_r17.0.0_20260605-171052,calendate biosynthesis,2
http://rdf-plantmetwiki.bioinformatics.nl/pathways/RC723_r17.0.0_20260605-171052,RXNQT-4377,2
http://rdf-plantmetwiki.bioinformatics.nl/pathways/RC649_r17.0.0_20260605-171052,RXN18C3-113,2
http://rdf-plantmetwiki.bioinformatics.nl/pathways/PC1073_r17.0.0_20260605-171052,urate conversion to allantoin I,2
http://rdf-plantmetwiki.bioinformatics.nl/pathways/PC756_r17.0.0_20260605-171052,S-adenosyl-L-methionine biosynthesis,2
http://rdf-plantmetwiki.bioinformatics.nl/pathways/RC142_r17.0.0_20260605-171052,RXNQT-4164,2
http://rdf-plantmetwiki.bioinformatics.nl/pathways/PC134_r17.0.0_20260605-171052,methylbutenol biosynthesis,2
http://rdf-plantmetwiki.bioinformatics.nl/pathways/PC1_r17.0.0_20260605-171052,seleno-amino acid detoxification and volatilization III,2
http://rdf-plantmetwiki.bioinformatics.nl/pathways/PC612_r17.0.0_20260605-171052,L-glutamate biosynthesis V,2
http://rdf-plantmetwiki.bioinformatics.nl/pathways/RC948_r17.0.0_20260605-171052,RXN-12125,2
http://rdf-plantmetwiki.bioinformatics.nl/pathways/PC458_r17.0.0_20260605-171052,spermine biosynthesis,2
http://rdf-plantmetwiki.bioinformatics.nl/pathways/PC1045_r17.0.0_20260605-171052,L-ornithine biosynthesis II,2
http://rdf-plantmetwiki.bioinformatics.nl/pathways/RC1232_r17.0.0_20260605-171052,1.14.11.2-RXN,2
http://rdf-plantmetwiki.bioinformatics.nl/pathways/PC1154_r17.0.0_20260605-171052,glutamate removal from folates,2
http://rdf-plantmetwiki.bioinformatics.nl/pathways/PC1097_r17.0.0_20260605-171052,oxalate degradation VI,2
http://rdf-plantmetwiki.bioinformatics.nl/pathways/PC230_r17.0.0_20260605-171052,2-O-acetyl-3-O-trans-coutarate biosynthesis,2
http://rdf-plantmetwiki.bioinformatics.nl/pathways/RC831_r17.0.0_20260605-171052,RXN4KF-53,2
http://rdf-plantmetwiki.bioinformatics.nl/pathways/RC580_r17.0.0_20260605-171052,RXN-8603,2
http://rdf-plantmetwiki.bioinformatics.nl/pathways/RC1074_r17.0.0_20260605-171052,RXN-12641,2
http://rdf-plantmetwiki.bioinformatics.nl/pathways/PC136_r17.0.0_20260605-171052,spermine and spermidine degradation II,2
http://rdf-plantmetwiki.bioinformatics.nl/pathways/RC1256_r17.0.0_20260605-171052,RXN-8559,2
http://rdf-plantmetwiki.bioinformatics.nl/pathways/RC1172_r17.0.0_20260605-171052,RXN-10763,2
http://rdf-plantmetwiki.bioinformatics.nl/pathways/RC966_r17.0.0_20260605-171052,RXN0-5184,2
http://rdf-plantmetwiki.bioinformatics.nl/pathways/PC480_r17.0.0_20260605-171052,L-citrulline degradation,2
http://rdf-plantmetwiki.bioinformatics.nl/pathways/PC970_r17.0.0_20260605-171052,pyrimidine nucleobases salvage I,2
http://rdf-plantmetwiki.bioinformatics.nl/pathways/RC1314_r17.0.0_20260605-171052,RXN-8430,2
http://rdf-plantmetwiki.bioinformatics.nl/pathways/PC509_r17.0.0_20260605-171052,trichome monoterpenes biosynthesis,2
http://rdf-plantmetwiki.bioinformatics.nl/pathways/PC1128_r17.0.0_20260605-171052,petroselinate biosynthesis,2
http://rdf-plantmetwiki.bioinformatics.nl/pathways/PC433_r17.0.0_20260605-171052,acacetin biosynthesis,2
http://rdf-plantmetwiki.bioinformatics.nl/pathways/RC905_r17.0.0_20260605-171052,RXN-7669,2
http://rdf-plantmetwiki.bioinformatics.nl/pathways/PC280_r17.0.0_20260605-171052,IAA biosynthesis VII,2
http://rdf-plantmetwiki.bioinformatics.nl/pathways/PC58_r17.0.0_20260605-171052,6-methoxymellein biosynthesis,2
http://rdf-plantmetwiki.bioinformatics.nl/pathways/RC524_r17.0.0_20260605-171052,RXN-12486,2
http://rdf-plantmetwiki.bioinformatics.nl/pathways/PC133_r17.0.0_20260605-171052,pyrimidine deoxyribonucleotide phosphorylation,2
http://rdf-plantmetwiki.bioinformatics.nl/pathways/RC325_r17.0.0_20260605-171052,RXN-8546,2
http://rdf-plantmetwiki.bioinformatics.nl/pathways/PC268_r17.0.0_20260605-171052,hypoglycin biosynthesis,2
http://rdf-plantmetwiki.bioinformatics.nl/pathways/PC587_r17.0.0_20260605-171052,glycine biosynthesis I,2
http://rdf-plantmetwiki.bioinformatics.nl/pathways/PC370_r17.0.0_20260605-171052,cornusiin E biosynthesis,2
http://rdf-plantmetwiki.bioinformatics.nl/pathways/RC303_r17.0.0_20260605-171052,RXN-7753,2
http://rdf-plantmetwiki.bioinformatics.nl/pathways/PC808_r17.0.0_20260605-171052,fatty acid elongation--saturated,2
http://rdf-plantmetwiki.bioinformatics.nl/pathways/RC1227_r17.0.0_20260605-171052,RXNQT-4167,2
http://rdf-plantmetwiki.bioinformatics.nl/pathways/PC588_r17.0.0_20260605-171052,formaldehyde oxidation II (glutathione-dependent),2
http://rdf-plantmetwiki.bioinformatics.nl/pathways/RC37_r17.0.0_20260605-171052,RXNQT-4386,2
http://rdf-plantmetwiki.bioinformatics.nl/pathways/PC890_r17.0.0_20260605-171052,juniperonate biosynthesis,2
http://rdf-plantmetwiki.bioinformatics.nl/pathways/RC1000_r17.0.0_20260605-171052,Thioglucosidase,2
http://rdf-plantmetwiki.bioinformatics.nl/pathways/PC352_r17.0.0_20260605-171052,kaempferol diglycoside biosynthesis (pollen-specific),2
http://rdf-plantmetwiki.bioinformatics.nl/pathways/PC889_r17.0.0_20260605-171052,benzoyl-CoA biosynthesis,2
http://rdf-plantmetwiki.bioinformatics.nl/pathways/PC499_r17.0.0_20260605-171052,vestitol and sativan biosynthesis,2
http://rdf-plantmetwiki.bioinformatics.nl/pathways/PC182_r17.0.0_20260605-171052,volatile cinnamoic ester biosynthesis,2
http://rdf-plantmetwiki.bioinformatics.nl/pathways/RC69_r17.0.0_20260605-171052,RXN-19832,2
http://rdf-plantmetwiki.bioinformatics.nl/pathways/RC46_r17.0.0_20260605-171052,RXN-8425,2
http://rdf-plantmetwiki.bioinformatics.nl/pathways/RC262_r17.0.0_20260605-171052,3.2.1.154-RXN,2
http://rdf-plantmetwiki.bioinformatics.nl/pathways/PC234_r17.0.0_20260605-171052,saponin biosynthesis IV,2
http://rdf-plantmetwiki.bioinformatics.nl/pathways/RC1144_r17.0.0_20260605-171052,RXN-8554,2
http://rdf-plantmetwiki.bioinformatics.nl/pathways/RC70_r17.0.0_20260605-171052,GLYCOGEN-BRANCH-RXN,2
http://rdf-plantmetwiki.bioinformatics.nl/pathways/RC1065_r17.0.0_20260605-171052,RXN-8558,2
http://rdf-plantmetwiki.bioinformatics.nl/pathways/PC546_r17.0.0_20260605-171052,fatty acid biosynthesis initiation (type II),2
http://rdf-plantmetwiki.bioinformatics.nl/pathways/PC662_r17.0.0_20260605-171052,nitrate reduction II (assimilatory),2
http://rdf-plantmetwiki.bioinformatics.nl/pathways/PC609_r17.0.0_20260605-171052,pinosylvin metabolism,2
http://rdf-plantmetwiki.bioinformatics.nl/pathways/RC577_r17.0.0_20260605-171052,RXN-13833,2
http://rdf-plantmetwiki.bioinformatics.nl/pathways/RC518_r17.0.0_20260605-171052,RXN-20373,2
http://rdf-plantmetwiki.bioinformatics.nl/pathways/PC502_r17.0.0_20260605-171052,GDP-L-galactose biosynthesis,2
http://rdf-plantmetwiki.bioinformatics.nl/pathways/RC99_r17.0.0_20260605-171052,RXN-8813,2
http://rdf-plantmetwiki.bioinformatics.nl/pathways/PC831_r17.0.0_20260605-171052,allantoin degradation to ureidoglycolate I (urea producing),2
http://rdf-plantmetwiki.bioinformatics.nl/pathways/PC571_r17.0.0_20260605-171052,pyrimidine ribonucleosides salvage II,2
http://rdf-plantmetwiki.bioinformatics.nl/pathways/RC534_r17.0.0_20260605-171052,RXN-7651,2
http://rdf-plantmetwiki.bioinformatics.nl/pathways/PC670_r17.0.0_20260605-171052,phytochromobilin biosynthesis,2
http://rdf-plantmetwiki.bioinformatics.nl/pathways/RC1047_r17.0.0_20260605-171052,AMYLOMALT-RXN,2
http://rdf-plantmetwiki.bioinformatics.nl/pathways/PC684_r17.0.0_20260605-171052,hydroxyjasmonate sulfate biosynthesis,2
http://rdf-plantmetwiki.bioinformatics.nl/pathways/RC59_r17.0.0_20260605-171052,RXN-14754,2
http://rdf-plantmetwiki.bioinformatics.nl/pathways/PC126_r17.0.0_20260605-171052,L-proline biosynthesis III (from L-ornithine),2
http://rdf-plantmetwiki.bioinformatics.nl/pathways/PC505_r17.0.0_20260605-171052,amaranthin biosynthesis,2
http://rdf-plantmetwiki.bioinformatics.nl/pathways/RC405_r17.0.0_20260605-171052,NUCLEOSIDE-DIP-KIN-RXN,2
http://rdf-plantmetwiki.bioinformatics.nl/pathways/PC313_r17.0.0_20260605-171052,ajugose biosynthesis I (galactinol-dependent),2
http://rdf-plantmetwiki.bioinformatics.nl/pathways/PC474_r17.0.0_20260605-171052,sesquiterpenoid phytoalexins biosynthesis,2
http://rdf-plantmetwiki.bioinformatics.nl/pathways/RC1014_r17.0.0_20260605-171052,RXN-6182,2
http://rdf-plantmetwiki.bioinformatics.nl/pathways/RC480_r17.0.0_20260605-171052,RXN-5482,2
http://rdf-plantmetwiki.bioinformatics.nl/pathways/RC743_r17.0.0_20260605-171052,GALACTOSIDE-2-L-FUCOSYLTRANSFERASE-RXN,2
http://rdf-plantmetwiki.bioinformatics.nl/pathways/PC488_r17.0.0_20260605-171052,juvenile hormone III biosynthesis I,2
http://rdf-plantmetwiki.bioinformatics.nl/pathways/PC716_r17.0.0_20260605-171052,nonaprenyl pyrophosphate biosynthesis II,2
http://rdf-plantmetwiki.bioinformatics.nl/pathways/RC126_r17.0.0_20260605-171052,RXN0-5181,2
http://rdf-plantmetwiki.bioinformatics.nl/pathways/PC1112_r17.0.0_20260605-171052,γ-linolenate biosynthesis I (plants),2
http://rdf-plantmetwiki.bioinformatics.nl/pathways/RC914_r17.0.0_20260605-171052,RXN-7022,2
http://rdf-plantmetwiki.bioinformatics.nl/pathways/RC112_r17.0.0_20260605-171052,RXN-12659,2
http://rdf-plantmetwiki.bioinformatics.nl/pathways/PC804_r17.0.0_20260605-171052,"D-myo-inositol (1,4,5)-trisphosphate biosynthesis",2
http://rdf-plantmetwiki.bioinformatics.nl/pathways/PC394_r17.0.0_20260605-171052,4-aminobutanoate degradation I,2
http://rdf-plantmetwiki.bioinformatics.nl/pathways/PC405_r17.0.0_20260605-171052,nucleobase ascorbate transport I,2
http://rdf-plantmetwiki.bioinformatics.nl/pathways/RC819_r17.0.0_20260605-171052,RXN-13955,2
http://rdf-plantmetwiki.bioinformatics.nl/pathways/RC369_r17.0.0_20260605-171052,TRANS-PENTAPRENYLTRANSFERASE-RXN,2
http://rdf-plantmetwiki.bioinformatics.nl/pathways/RC307_r17.0.0_20260605-171052,RXN-12642,2
http://rdf-plantmetwiki.bioinformatics.nl/pathways/RC1089_r17.0.0_20260605-171052,MERCAPYSTRANS-RXN,2
http://rdf-plantmetwiki.bioinformatics.nl/pathways/PC829_r17.0.0_20260605-171052,UDP-β-L-arabinose biosynthesis I (from UDP-α-D-xylose),2
http://rdf-plantmetwiki.bioinformatics.nl/pathways/RC828_r17.0.0_20260605-171052,3.2.1.141-RXN,2
http://rdf-plantmetwiki.bioinformatics.nl/pathways/RC150_r17.0.0_20260605-171052,RXN-8594,2
http://rdf-plantmetwiki.bioinformatics.nl/pathways/PC1156_r17.0.0_20260605-171052,"2α,7β-dihydroxylation of taxusin",2
http://rdf-plantmetwiki.bioinformatics.nl/pathways/RC170_r17.0.0_20260605-171052,RXN4FS-11,2
http://rdf-plantmetwiki.bioinformatics.nl/pathways/PC489_r17.0.0_20260605-171052,phylloquinol biosynthesis,2
http://rdf-plantmetwiki.bioinformatics.nl/pathways/RC36_r17.0.0_20260605-171052,RXN-20374,2
http://rdf-plantmetwiki.bioinformatics.nl/pathways/RC247_r17.0.0_20260605-171052,CHLOROPHYLLASE-RXN,2
http://rdf-plantmetwiki.bioinformatics.nl/pathways/PC906_r17.0.0_20260605-171052,cyanide degradation,2
http://rdf-plantmetwiki.bioinformatics.nl/pathways/PC658_r17.0.0_20260605-171052,"L-phenylalanine biosynthesis III (cytosolic, plants)",2
http://rdf-plantmetwiki.bioinformatics.nl/pathways/RC1132_r17.0.0_20260605-171052,RXN-8542,2
http://rdf-plantmetwiki.bioinformatics.nl/pathways/PC556_r17.0.0_20260605-171052,thioredoxin pathway,2
http://rdf-plantmetwiki.bioinformatics.nl/pathways/RC244_r17.0.0_20260605-171052,RXN-12101,2
http://rdf-plantmetwiki.bioinformatics.nl/pathways/PC974_r17.0.0_20260605-171052,abscisic acid degradation to 7'-hydroxyabscisate,2
http://rdf-plantmetwiki.bioinformatics.nl/pathways/PC878_r17.0.0_20260605-171052,alkane oxidation,2
http://rdf-plantmetwiki.bioinformatics.nl/pathways/PC28_r17.0.0_20260605-171052,anthocyanin biosynthesis (pelargonidin 3-O-glucoside),2
http://rdf-plantmetwiki.bioinformatics.nl/pathways/PC693_r17.0.0_20260605-171052,protein N-glycosylation initial phase (eukaryotic),2
http://rdf-plantmetwiki.bioinformatics.nl/pathways/PC1000_r17.0.0_20260605-171052,2-methylketone biosynthesis,2
http://rdf-plantmetwiki.bioinformatics.nl/pathways/RC493_r17.0.0_20260605-171052,RXN-18789,2
http://rdf-plantmetwiki.bioinformatics.nl/pathways/RC913_r17.0.0_20260605-171052,RXN-1882,2
http://rdf-plantmetwiki.bioinformatics.nl/pathways/RC422_r17.0.0_20260605-171052,RXN-10005,2
http://rdf-plantmetwiki.bioinformatics.nl/pathways/PC46_r17.0.0_20260605-171052,N-hydroxy-L-pipecolate biosynthesis,2
http://rdf-plantmetwiki.bioinformatics.nl/pathways/PC1105_r17.0.0_20260605-171052,phenolic malonylglucosides biosynthesis,2
http://rdf-plantmetwiki.bioinformatics.nl/pathways/PC257_r17.0.0_20260605-171052,gibberellin inactivation II (methylation),2
http://rdf-plantmetwiki.bioinformatics.nl/pathways/PC572_r17.0.0_20260605-171052,betaxanthin biosynthesis (via dopamine),2
http://rdf-plantmetwiki.bioinformatics.nl/pathways/RC71_r17.0.0_20260605-171052,RIBONUCLEOSIDE-DIP-REDUCTI-RXN,2
http://rdf-plantmetwiki.bioinformatics.nl/pathways/RC310_r17.0.0_20260605-171052,RXN-19639,2
http://rdf-plantmetwiki.bioinformatics.nl/pathways/RC665_r17.0.0_20260605-171052,HYPOXANPRIBOSYLTRAN-RXN,2
http://rdf-plantmetwiki.bioinformatics.nl/pathways/RC79_r17.0.0_20260605-171052,MALDEXPHOSPHORYL-RXN,2
http://rdf-plantmetwiki.bioinformatics.nl/pathways/PC1122_r17.0.0_20260605-171052,adenine and adenosine salvage VI,2
http://rdf-plantmetwiki.bioinformatics.nl/pathways/PC475_r17.0.0_20260605-171052,3-dehydroquinate biosynthesis I,2
http://rdf-plantmetwiki.bioinformatics.nl/pathways/PC155_r17.0.0_20260605-171052,UDP-D-apiose biosynthesis (from UDP-D-glucuronate),2
http://rdf-plantmetwiki.bioinformatics.nl/pathways/RC1310_r17.0.0_20260605-171052,RXN-19831,2
http://rdf-plantmetwiki.bioinformatics.nl/pathways/RC901_r17.0.0_20260605-171052,GLYCOLATEDEHYDRO-RXN,2
http://rdf-plantmetwiki.bioinformatics.nl/pathways/PC532_r17.0.0_20260605-171052,2-oxoisovalerate decarboxylation to isobutanoyl-CoA,2
http://rdf-plantmetwiki.bioinformatics.nl/pathways/RC557_r17.0.0_20260605-171052,RXN-1402,2
http://rdf-plantmetwiki.bioinformatics.nl/pathways/PC564_r17.0.0_20260605-171052,curcumene biosynthesis,2
http://rdf-plantmetwiki.bioinformatics.nl/pathways/PC897_r17.0.0_20260605-171052,"phenylpropanoid biosynthesis, initial reactions",2
http://rdf-plantmetwiki.bioinformatics.nl/pathways/RC981_r17.0.0_20260605-171052,ALPHA-AMYL-RXN,2
http://rdf-plantmetwiki.bioinformatics.nl/pathways/RC1113_r17.0.0_20260605-171052,RXNQT-4170,2
http://rdf-plantmetwiki.bioinformatics.nl/pathways/PC424_r17.0.0_20260605-171052,punicate biosynthesis,2
http://rdf-plantmetwiki.bioinformatics.nl/pathways/RC841_r17.0.0_20260605-171052,1.6.5.4-RXN,2
http://rdf-plantmetwiki.bioinformatics.nl/pathways/PC364_r17.0.0_20260605-171052,cytokinins 9-N-glucoside biosynthesis,2
http://rdf-plantmetwiki.bioinformatics.nl/pathways/PC485_r17.0.0_20260605-171052,guanosine ribonucleotides de novo biosynthesis,2
http://rdf-plantmetwiki.bioinformatics.nl/pathways/PC695_r17.0.0_20260605-171052,stearate biosynthesis II (bacteria and plants),2
http://rdf-plantmetwiki.bioinformatics.nl/pathways/PC763_r17.0.0_20260605-171052,phenylethyl acetate biosynthesis,2
http://rdf-plantmetwiki.bioinformatics.nl/pathways/RC365_r17.0.0_20260605-171052,RXN-10434,2
http://rdf-plantmetwiki.bioinformatics.nl/pathways/RC970_r17.0.0_20260605-171052,1.1.1.170-RXN,2
http://rdf-plantmetwiki.bioinformatics.nl/pathways/PC1083_r17.0.0_20260605-171052,β-cubebene biosynthesis,2
http://rdf-plantmetwiki.bioinformatics.nl/pathways/PC1087_r17.0.0_20260605-171052,hydroxymethylpyrimidine salvage,2
http://rdf-plantmetwiki.bioinformatics.nl/pathways/PC498_r17.0.0_20260605-171052,UDP-α-D-galactose biosynthesis,2
http://rdf-plantmetwiki.bioinformatics.nl/pathways/PC637_r17.0.0_20260605-171052,labdane-type diterpenes biosynthesis,2
http://rdf-plantmetwiki.bioinformatics.nl/pathways/PC894_r17.0.0_20260605-171052,"formate assimilation into 5,10-methylenetetrahydrofolate",2
http://rdf-plantmetwiki.bioinformatics.nl/pathways/RC1291_r17.0.0_20260605-171052,2.5.1.46-RXN,2
http://rdf-plantmetwiki.bioinformatics.nl/pathways/RC593_r17.0.0_20260605-171052,RXN0-308,2
http://rdf-plantmetwiki.bioinformatics.nl/pathways/PC1034_r17.0.0_20260605-171052,L-asparagine degradation II,2
http://rdf-plantmetwiki.bioinformatics.nl/pathways/RC181_r17.0.0_20260605-171052,TRANS-RXN4LZ-6845,2
http://rdf-plantmetwiki.bioinformatics.nl/pathways/RC209_r17.0.0_20260605-171052,RXN-17677,2
http://rdf-plantmetwiki.bioinformatics.nl/pathways/RC804_r17.0.0_20260605-171052,3.2.1.65-RXN,2
http://rdf-plantmetwiki.bioinformatics.nl/pathways/PC1007_r17.0.0_20260605-171052,geranyl β-primeveroside biosynthesis,2
http://rdf-plantmetwiki.bioinformatics.nl/pathways/PC874_r17.0.0_20260605-171052,sulfoquinovosyl diacylglycerol biosynthesis,2
http://rdf-plantmetwiki.bioinformatics.nl/pathways/RC903_r17.0.0_20260605-171052,RXN-8089,2
http://rdf-plantmetwiki.bioinformatics.nl/pathways/RC293_r17.0.0_20260605-171052,RXN-12183,2
http://rdf-plantmetwiki.bioinformatics.nl/pathways/PC1071_r17.0.0_20260605-171052,wogonin metabolism,2
http://rdf-plantmetwiki.bioinformatics.nl/pathways/RC1196_r17.0.0_20260605-171052,3.2.1.68-RXN,2
http://rdf-plantmetwiki.bioinformatics.nl/pathways/RC1038_r17.0.0_20260605-171052,3.5.5.1-RXN,2
http://rdf-plantmetwiki.bioinformatics.nl/pathways/RC972_r17.0.0_20260605-171052,RXN-14024,2
http://rdf-plantmetwiki.bioinformatics.nl/pathways/PC909_r17.0.0_20260605-171052,Fe(III)-phytosiderophore transport,2
http://rdf-plantmetwiki.bioinformatics.nl/pathways/PC339_r17.0.0_20260605-171052,L-asparagine degradation I,2
http://rdf-plantmetwiki.bioinformatics.nl/pathways/RC817_r17.0.0_20260605-171052,RXNQT-4394,2
http://rdf-plantmetwiki.bioinformatics.nl/pathways/RC1279_r17.0.0_20260605-171052,HOMOCYSTEINE-S-METHYLTRANSFERASE-RXN,2
http://rdf-plantmetwiki.bioinformatics.nl/pathways/RC629_r17.0.0_20260605-171052,SELENOCYSTEINE-LYASE-RXN,2
http://rdf-plantmetwiki.bioinformatics.nl/pathways/RC1210_r17.0.0_20260605-171052,2.7.7.11-RXN,2
http://rdf-plantmetwiki.bioinformatics.nl/pathways/PC1084_r17.0.0_20260605-171052,oryzalide A biosynthesis,2
http://rdf-plantmetwiki.bioinformatics.nl/pathways/PC860_r17.0.0_20260605-171052,diacylsucrose biosynthesis (Solanum),2
http://rdf-plantmetwiki.bioinformatics.nl/pathways/PC503_r17.0.0_20260605-171052,pinitol biosynthesis II,2
http://rdf-plantmetwiki.bioinformatics.nl/pathways/PC1062_r17.0.0_20260605-171052,"2,3-trans-flavanols biosynthesis",2
http://rdf-plantmetwiki.bioinformatics.nl/pathways/RC683_r17.0.0_20260605-171052,RXNQT-4176,2
http://rdf-plantmetwiki.bioinformatics.nl/pathways/PC739_r17.0.0_20260605-171052,zymosterol biosynthesis,2
http://rdf-plantmetwiki.bioinformatics.nl/pathways/PC1067_r17.0.0_20260605-171052,phytol salvage pathway,2
http://rdf-plantmetwiki.bioinformatics.nl/pathways/PC404_r17.0.0_20260605-171052,quercetin glucoside degradation (Allium),2
http://rdf-plantmetwiki.bioinformatics.nl/pathways/RC1240_r17.0.0_20260605-171052,RXNQT-4393,2
http://rdf-plantmetwiki.bioinformatics.nl/pathways/RC1080_r17.0.0_20260605-171052,RXN4FS-24,2
http://rdf-plantmetwiki.bioinformatics.nl/pathways/PC574_r17.0.0_20260605-171052,monoacylsucrose biosynthesis (Solanum),2
http://rdf-plantmetwiki.bioinformatics.nl/pathways/PC478_r17.0.0_20260605-171052,γ-coniciene and coniine biosynthesis,2
http://rdf-plantmetwiki.bioinformatics.nl/pathways/RC594_r17.0.0_20260605-171052,RXN-8992,2
http://rdf-plantmetwiki.bioinformatics.nl/pathways/RC483_r17.0.0_20260605-171052,RXN-6884,2
http://rdf-plantmetwiki.bioinformatics.nl/pathways/RC671_r17.0.0_20260605-171052,FLAVONADPREDUCT-RXN,2
http://rdf-plantmetwiki.bioinformatics.nl/pathways/PC926_r17.0.0_20260605-171052,gibberellin biosynthesis V,2
http://rdf-plantmetwiki.bioinformatics.nl/pathways/PC1016_r17.0.0_20260605-171052,"aliphatic glucosinolate biosynthesis, side chain elongation cycle",2
http://rdf-plantmetwiki.bioinformatics.nl/pathways/RC229_r17.0.0_20260605-171052,RXN-19833,2
http://rdf-plantmetwiki.bioinformatics.nl/pathways/PC863_r17.0.0_20260605-171052,UDP-α-D-glucuronate biosynthesis (from UDP-glucose),2
http://rdf-plantmetwiki.bioinformatics.nl/pathways/RC381_r17.0.0_20260605-171052,1.5.99.12-RXN,2
http://rdf-plantmetwiki.bioinformatics.nl/pathways/PC1148_r17.0.0_20260605-171052,salicylate glucosides biosynthesis II,2
http://rdf-plantmetwiki.bioinformatics.nl/pathways/PC473_r17.0.0_20260605-171052,hinokinin biosynthesis,2
http://rdf-plantmetwiki.bioinformatics.nl/pathways/RC331_r17.0.0_20260605-171052,RXN-12126,2
http://rdf-plantmetwiki.bioinformatics.nl/pathways/PC586_r17.0.0_20260605-171052,pyrimidine ribonucleosides salvage I,2
http://rdf-plantmetwiki.bioinformatics.nl/pathways/RC904_r17.0.0_20260605-171052,RXN-8573,2
http://rdf-plantmetwiki.bioinformatics.nl/pathways/PC1129_r17.0.0_20260605-171052,L-threonine biosynthesis,2
http://rdf-plantmetwiki.bioinformatics.nl/pathways/RC140_r17.0.0_20260605-171052,RXN-602,2
http://rdf-plantmetwiki.bioinformatics.nl/pathways/PC85_r17.0.0_20260605-171052,cytokinins 7-N-glucoside biosynthesis,2
http://rdf-plantmetwiki.bioinformatics.nl/pathways/RC388_r17.0.0_20260605-171052,RXN-19009,2
http://rdf-plantmetwiki.bioinformatics.nl/pathways/RC680_r17.0.0_20260605-171052,RXN-14658,2
http://rdf-plantmetwiki.bioinformatics.nl/pathways/PC167_r17.0.0_20260605-171052,homophytochelatin biosynthesis,2
http://rdf-plantmetwiki.bioinformatics.nl/pathways/PC274_r17.0.0_20260605-171052,betaxanthin biosynthesis,2
http://rdf-plantmetwiki.bioinformatics.nl/pathways/RC1263_r17.0.0_20260605-171052,RXN-7710,2
http://rdf-plantmetwiki.bioinformatics.nl/pathways/RC1259_r17.0.0_20260605-171052,325-BISPHOSPHATE-NUCLEOTIDASE-RXN,2
http://rdf-plantmetwiki.bioinformatics.nl/pathways/RC202_r17.0.0_20260605-171052,methionine--phenylpyruvate transaminase,2
http://rdf-plantmetwiki.bioinformatics.nl/pathways/RC34_r17.0.0_20260605-171052,THIAZOLSYN3-RXN,2
http://rdf-plantmetwiki.bioinformatics.nl/pathways/PC853_r17.0.0_20260605-171052,vitexin and derivatives biosynthesis,2
http://rdf-plantmetwiki.bioinformatics.nl/pathways/PC920_r17.0.0_20260605-171052,phytyl pyrophosphate biosynthesis,2
http://rdf-plantmetwiki.bioinformatics.nl/pathways/PC127_r17.0.0_20260605-171052,serinol biosynthesis,2
http://rdf-plantmetwiki.bioinformatics.nl/pathways/PC1039_r17.0.0_20260605-171052,phenylphenalenone biosynthesis,2
http://rdf-plantmetwiki.bioinformatics.nl/pathways/PC103_r17.0.0_20260605-171052,wighteone and luteone biosynthesis,2
http://rdf-plantmetwiki.bioinformatics.nl/pathways/PC985_r17.0.0_20260605-171052,nonaprenyl pyrophosphate biosynthesis I,2
http://rdf-plantmetwiki.bioinformatics.nl/pathways/PC626_r17.0.0_20260605-171052,siroheme biosynthesis,2
http://rdf-plantmetwiki.bioinformatics.nl/pathways/PC738_r17.0.0_20260605-171052,(+)-pisatin biosynthesis,2
http://rdf-plantmetwiki.bioinformatics.nl/pathways/RC772_r17.0.0_20260605-171052,RXN-12128,2
http://rdf-plantmetwiki.bioinformatics.nl/pathways/PC664_r17.0.0_20260605-171052,homocysteine and cysteine interconversion,2
http://rdf-plantmetwiki.bioinformatics.nl/pathways/RC461_r17.0.0_20260605-171052,PSERPHOSPHA-RXN,2
http://rdf-plantmetwiki.bioinformatics.nl/pathways/PC730_r17.0.0_20260605-171052,sciadonate biosynthesis,2
http://rdf-plantmetwiki.bioinformatics.nl/pathways/RC539_r17.0.0_20260605-171052,ACETYL-COA-CARBOXYLTRANSFER-RXN,2
http://rdf-plantmetwiki.bioinformatics.nl/pathways/RC673_r17.0.0_20260605-171052,RXN-12364,2
http://rdf-plantmetwiki.bioinformatics.nl/pathways/PC399_r17.0.0_20260605-171052,monolignol glucosides biosynthesis,2
http://rdf-plantmetwiki.bioinformatics.nl/pathways/RC158_r17.0.0_20260605-171052,RXN-2121,2
http://rdf-plantmetwiki.bioinformatics.nl/pathways/PC958_r17.0.0_20260605-171052,trigonelline biosynthesis,2
http://rdf-plantmetwiki.bioinformatics.nl/pathways/PC841_r17.0.0_20260605-171052,(Z)-butanethial-S-oxide biosynthesis,2
http://rdf-plantmetwiki.bioinformatics.nl/pathways/PC396_r17.0.0_20260605-171052,lactucaxanthin biosynthesis,2
http://rdf-plantmetwiki.bioinformatics.nl/pathways/PC957_r17.0.0_20260605-171052,ursolate biosynthesis,2
http://rdf-plantmetwiki.bioinformatics.nl/pathways/PC1150_r17.0.0_20260605-171052,salicin biosynthesis,2
http://rdf-plantmetwiki.bioinformatics.nl/pathways/RC1042_r17.0.0_20260605-171052,INORGPYROPHOSPHAT-RXN,2
http://rdf-plantmetwiki.bioinformatics.nl/pathways/RC45_r17.0.0_20260605-171052,TRANS-RXN4LZ-0,2
http://rdf-plantmetwiki.bioinformatics.nl/pathways/PC326_r17.0.0_20260605-171052,(Z)-phenylmethanethial S-oxide biosynthesis,2
http://rdf-plantmetwiki.bioinformatics.nl/pathways/RC1120_r17.0.0_20260605-171052,3.6.3.44-RXN,2
http://rdf-plantmetwiki.bioinformatics.nl/pathways/PC881_r17.0.0_20260605-171052,cinchona alkaloids biosynthesis,2
http://rdf-plantmetwiki.bioinformatics.nl/pathways/PC199_r17.0.0_20260605-171052,arabidopyrone biosynthesis,2
http://rdf-plantmetwiki.bioinformatics.nl/pathways/PC951_r17.0.0_20260605-171052,raspberry ketone biosynthesis,2
http://rdf-plantmetwiki.bioinformatics.nl/pathways/RC44_r17.0.0_20260605-171052,APYRASE-RXN,2
http://rdf-plantmetwiki.bioinformatics.nl/pathways/PC651_r17.0.0_20260605-171052,yatein biosynthesis II,2
http://rdf-plantmetwiki.bioinformatics.nl/pathways/PC1152_r17.0.0_20260605-171052,4-hydroxycoumarin and dicoumarol biosynthesis,2
http://rdf-plantmetwiki.bioinformatics.nl/pathways/RC55_r17.0.0_20260605-171052,pinene synthase,2
http://rdf-plantmetwiki.bioinformatics.nl/pathways/PC77_r17.0.0_20260605-171052,"L-ascorbate biosynthesis II (plants, L-gulose pathway)",2
http://rdf-plantmetwiki.bioinformatics.nl/pathways/RC803_r17.0.0_20260605-171052,RXN-11529,2
http://rdf-plantmetwiki.bioinformatics.nl/pathways/PC309_r17.0.0_20260605-171052,daphnin interconversion,2
http://rdf-plantmetwiki.bioinformatics.nl/pathways/RC684_r17.0.0_20260605-171052,RXN-8354,1
http://rdf-plantmetwiki.bioinformatics.nl/pathways/RC887_r17.0.0_20260605-171052,METHIONINE-GAMMA-LYASE-RXN,1
http://rdf-plantmetwiki.bioinformatics.nl/pathways/RC519_r17.0.0_20260605-171052,RXN-12202,1
http://rdf-plantmetwiki.bioinformatics.nl/pathways/RC595_r17.0.0_20260605-171052,3.5.1.60-RXN,1
http://rdf-plantmetwiki.bioinformatics.nl/pathways/PC852_r17.0.0_20260605-171052,maysin biosynthesis,1
http://rdf-plantmetwiki.bioinformatics.nl/pathways/RC1109_r17.0.0_20260605-171052,RXN-8094,1
http://rdf-plantmetwiki.bioinformatics.nl/pathways/PC443_r17.0.0_20260605-171052,L-glutamate biosynthesis IV,1
http://rdf-plantmetwiki.bioinformatics.nl/pathways/RC920_r17.0.0_20260605-171052,RXN-19006,1
http://rdf-plantmetwiki.bioinformatics.nl/pathways/RC218_r17.0.0_20260605-171052,RXN-7860,1
http://rdf-plantmetwiki.bioinformatics.nl/pathways/PC416_r17.0.0_20260605-171052,UDP-α-D-galacturonate biosynthesis I (from UDP-D-glucuronate),1
http://rdf-plantmetwiki.bioinformatics.nl/pathways/PC682_r17.0.0_20260605-171052,phenylethanol glycoconjugate biosynthesis,1
http://rdf-plantmetwiki.bioinformatics.nl/pathways/RC292_r17.0.0_20260605-171052,RXN-5105,1
http://rdf-plantmetwiki.bioinformatics.nl/pathways/PC1095_r17.0.0_20260605-171052,CMP-KDO biosynthesis II (from D-arabinose 5-phosphate),1
http://rdf-plantmetwiki.bioinformatics.nl/pathways/RC755_r17.0.0_20260605-171052,3-OXOACYL-ACP-SYNTH-BASE-RXN,1
http://rdf-plantmetwiki.bioinformatics.nl/pathways/PC1032_r17.0.0_20260605-171052,saponin biosynthesis II,1
http://rdf-plantmetwiki.bioinformatics.nl/pathways/RC722_r17.0.0_20260605-171052,RXN18C3-110,1
http://rdf-plantmetwiki.bioinformatics.nl/pathways/RC390_r17.0.0_20260605-171052,RXN-2043,1
http://rdf-plantmetwiki.bioinformatics.nl/pathways/RC335_r17.0.0_20260605-171052,RXN-15525,1
http://rdf-plantmetwiki.bioinformatics.nl/pathways/RC899_r17.0.0_20260605-171052,RXN-7002,1
http://rdf-plantmetwiki.bioinformatics.nl/pathways/RC437_r17.0.0_20260605-171052,RXN-8589,1
http://rdf-plantmetwiki.bioinformatics.nl/pathways/RC314_r17.0.0_20260605-171052,RXN18C3-112,1
http://rdf-plantmetwiki.bioinformatics.nl/pathways/RC724_r17.0.0_20260605-171052,RXN-10733,1
http://rdf-plantmetwiki.bioinformatics.nl/pathways/RC1177_r17.0.0_20260605-171052,1.14.13.68-RXN,1
http://rdf-plantmetwiki.bioinformatics.nl/pathways/PC64_r17.0.0_20260605-171052,taxiphyllin bioactivation,1
http://rdf-plantmetwiki.bioinformatics.nl/pathways/PC285_r17.0.0_20260605-171052,indole-3-acetate inactivation I,1
http://rdf-plantmetwiki.bioinformatics.nl/pathways/RC779_r17.0.0_20260605-171052,RXN-7740,1
http://rdf-plantmetwiki.bioinformatics.nl/pathways/PC303_r17.0.0_20260605-171052,olivetol biosynthesis,1
http://rdf-plantmetwiki.bioinformatics.nl/pathways/RC239_r17.0.0_20260605-171052,RXN-11668,1
http://rdf-plantmetwiki.bioinformatics.nl/pathways/RC418_r17.0.0_20260605-171052,RXN-9567,1
http://rdf-plantmetwiki.bioinformatics.nl/pathways/PC169_r17.0.0_20260605-171052,"(3E)-4,8-dimethylnona-1,3,7-triene biosynthesis II",1
http://rdf-plantmetwiki.bioinformatics.nl/pathways/PC642_r17.0.0_20260605-171052,kievitone biosynthesis,1
http://rdf-plantmetwiki.bioinformatics.nl/pathways/PC545_r17.0.0_20260605-171052,aloesone and aloesin biosynthesis,1
http://rdf-plantmetwiki.bioinformatics.nl/pathways/RC360_r17.0.0_20260605-171052,acyl-ACP:sn-glycerol-3-phosphate 1-O-acyltransferase,1
http://rdf-plantmetwiki.bioinformatics.nl/pathways/RC191_r17.0.0_20260605-171052,RXN-7876,1
http://rdf-plantmetwiki.bioinformatics.nl/pathways/RC401_r17.0.0_20260605-171052,RXN-6542,1
http://rdf-plantmetwiki.bioinformatics.nl/pathways/RC116_r17.0.0_20260605-171052,MALTODEG-RXN,1
http://rdf-plantmetwiki.bioinformatics.nl/pathways/RC1222_r17.0.0_20260605-171052,RXN-18451,1
http://rdf-plantmetwiki.bioinformatics.nl/pathways/RC965_r17.0.0_20260605-171052,RXN4FS-15,1
http://rdf-plantmetwiki.bioinformatics.nl/pathways/RC610_r17.0.0_20260605-171052,HYDROXYPRODEHYDROG-RXN,1
http://rdf-plantmetwiki.bioinformatics.nl/pathways/RC216_r17.0.0_20260605-171052,Formaldehyde dehydrogenase (glutathione),1
http://rdf-plantmetwiki.bioinformatics.nl/pathways/RC409_r17.0.0_20260605-171052,RXN-12242,1
http://rdf-plantmetwiki.bioinformatics.nl/pathways/PC391_r17.0.0_20260605-171052,anthocyanidin 3-malylglucoside biosynthesis (acyl-glucose dependent),1
http://rdf-plantmetwiki.bioinformatics.nl/pathways/RC426_r17.0.0_20260605-171052,RXN-4181,1
http://rdf-plantmetwiki.bioinformatics.nl/pathways/RC141_r17.0.0_20260605-171052,RXN-10873,1
http://rdf-plantmetwiki.bioinformatics.nl/pathways/RC1280_r17.0.0_20260605-171052,RXN-9722,1
http://rdf-plantmetwiki.bioinformatics.nl/pathways/RC1257_r17.0.0_20260605-171052,2.6.1.64-RXN,1
http://rdf-plantmetwiki.bioinformatics.nl/pathways/RC1024_r17.0.0_20260605-171052,1.8.4.8-RXN,1
http://rdf-plantmetwiki.bioinformatics.nl/pathways/PC193_r17.0.0_20260605-171052,dihydroconiferyl alcohol biosynthesis,1
http://rdf-plantmetwiki.bioinformatics.nl/pathways/RC662_r17.0.0_20260605-171052,RXN-4224,1
http://rdf-plantmetwiki.bioinformatics.nl/pathways/RC528_r17.0.0_20260605-171052,TRANS-RXN4LZ-7008,1
http://rdf-plantmetwiki.bioinformatics.nl/pathways/RC489_r17.0.0_20260605-171052,1.14.13.76-RXN,1
http://rdf-plantmetwiki.bioinformatics.nl/pathways/RC691_r17.0.0_20260605-171052,RXN-18483,1
http://rdf-plantmetwiki.bioinformatics.nl/pathways/RC1054_r17.0.0_20260605-171052,RXN-9826,1
http://rdf-plantmetwiki.bioinformatics.nl/pathways/PC525_r17.0.0_20260605-171052,inosine 5'-phosphate degradation,1
http://rdf-plantmetwiki.bioinformatics.nl/pathways/RC842_r17.0.0_20260605-171052,RXN-7645,1
http://rdf-plantmetwiki.bioinformatics.nl/pathways/RC336_r17.0.0_20260605-171052,myristoyl-ACP hydrolase activity,1
http://rdf-plantmetwiki.bioinformatics.nl/pathways/PC1149_r17.0.0_20260605-171052,UTP and CTP dephosphorylation II,1
http://rdf-plantmetwiki.bioinformatics.nl/pathways/RC514_r17.0.0_20260605-171052,"3',5'-<i>O</i>-dimethyltricetin 4&prime;-<em>O</em>-methyltransferase",1
http://rdf-plantmetwiki.bioinformatics.nl/pathways/RC433_r17.0.0_20260605-171052,RXN-7892,1
http://rdf-plantmetwiki.bioinformatics.nl/pathways/RC1218_r17.0.0_20260605-171052,dihydroorotate dehydrogenase,1
http://rdf-plantmetwiki.bioinformatics.nl/pathways/RC1224_r17.0.0_20260605-171052,2.3.1.162-RXN,1
http://rdf-plantmetwiki.bioinformatics.nl/pathways/RC562_r17.0.0_20260605-171052,CELLULOSE-SYNTHASE-GDP-FORMING-RXN,1
http://rdf-plantmetwiki.bioinformatics.nl/pathways/RC1068_r17.0.0_20260605-171052,RXN-7183,1
http://rdf-plantmetwiki.bioinformatics.nl/pathways/RC496_r17.0.0_20260605-171052,RXN4FS-5,1
http://rdf-plantmetwiki.bioinformatics.nl/pathways/RC860_r17.0.0_20260605-171052,FAD-PYROPHOSPHATASE-RXN,1
http://rdf-plantmetwiki.bioinformatics.nl/pathways/RC1216_r17.0.0_20260605-171052,DLACTDEHYDROGFAD-RXN,1
http://rdf-plantmetwiki.bioinformatics.nl/pathways/PC431_r17.0.0_20260605-171052,indole degradation to anthranil and anthranilate,1
http://rdf-plantmetwiki.bioinformatics.nl/pathways/RC475_r17.0.0_20260605-171052,ADPSUGPPHOSPHAT-RXN,1
http://rdf-plantmetwiki.bioinformatics.nl/pathways/RC154_r17.0.0_20260605-171052,PROSTAGLANDIN-E-SYNTHASE-RXN,1
http://rdf-plantmetwiki.bioinformatics.nl/pathways/RC902_r17.0.0_20260605-171052,RXN-1302,1
http://rdf-plantmetwiki.bioinformatics.nl/pathways/RC1308_r17.0.0_20260605-171052,RXN-7680,1
http://rdf-plantmetwiki.bioinformatics.nl/pathways/PC262_r17.0.0_20260605-171052,molybdenum cofactor sulfulylation (eukaryotes),1
http://rdf-plantmetwiki.bioinformatics.nl/pathways/RC805_r17.0.0_20260605-171052,RXN-10768,1
http://rdf-plantmetwiki.bioinformatics.nl/pathways/PC186_r17.0.0_20260605-171052,gibberellin inactivation III (epoxidation),1
http://rdf-plantmetwiki.bioinformatics.nl/pathways/RC983_r17.0.0_20260605-171052,MONOPHENOL-MONOOXYGENASE-RXN,1
http://rdf-plantmetwiki.bioinformatics.nl/pathways/PC1038_r17.0.0_20260605-171052,indican biosynthesis,1
http://rdf-plantmetwiki.bioinformatics.nl/pathways/RC910_r17.0.0_20260605-171052,RXN-5984,1
http://rdf-plantmetwiki.bioinformatics.nl/pathways/PC752_r17.0.0_20260605-171052,dTDP-L-rhamnose biosynthesis II,1
http://rdf-plantmetwiki.bioinformatics.nl/pathways/PC89_r17.0.0_20260605-171052,L-ascorbate degradation IV,1
http://rdf-plantmetwiki.bioinformatics.nl/pathways/PC923_r17.0.0_20260605-171052,6-gingerol biosynthesis,1
http://rdf-plantmetwiki.bioinformatics.nl/pathways/PC528_r17.0.0_20260605-171052,CMP-3-deoxy-D-manno-octulosonate biosynthesis,1
http://rdf-plantmetwiki.bioinformatics.nl/pathways/RC541_r17.0.0_20260605-171052,RXN-6543,1
http://rdf-plantmetwiki.bioinformatics.nl/pathways/RC344_r17.0.0_20260605-171052,CINNAMYL-ALCOHOL-DEHYDROGENASE-RXN,1
http://rdf-plantmetwiki.bioinformatics.nl/pathways/PC357_r17.0.0_20260605-171052,pinitol biosynthesis I,1
http://rdf-plantmetwiki.bioinformatics.nl/pathways/RC1153_r17.0.0_20260605-171052,RXN4FS-28,1
http://rdf-plantmetwiki.bioinformatics.nl/pathways/RC41_r17.0.0_20260605-171052,RXN-9023,1
http://rdf-plantmetwiki.bioinformatics.nl/pathways/RC183_r17.0.0_20260605-171052,2-HEXADECENAL-REDUCTASE-RXN,1
http://rdf-plantmetwiki.bioinformatics.nl/pathways/RC999_r17.0.0_20260605-171052,RXN-3103,1
http://rdf-plantmetwiki.bioinformatics.nl/pathways/RC732_r17.0.0_20260605-171052,RXN-5985,1
http://rdf-plantmetwiki.bioinformatics.nl/pathways/PC128_r17.0.0_20260605-171052,hypericin biosynthesis,1
http://rdf-plantmetwiki.bioinformatics.nl/pathways/RC1121_r17.0.0_20260605-171052,RXN-7875,1
http://rdf-plantmetwiki.bioinformatics.nl/pathways/RC1226_r17.0.0_20260605-171052,RXN-8345,1
http://rdf-plantmetwiki.bioinformatics.nl/pathways/PC6_r17.0.0_20260605-171052,L-glutamate degradation I,1
http://rdf-plantmetwiki.bioinformatics.nl/pathways/RC436_r17.0.0_20260605-171052,RXN-8423,1
http://rdf-plantmetwiki.bioinformatics.nl/pathways/RC1029_r17.0.0_20260605-171052,UDP-GLUCURONOSYLTRANSFERASE-RXN,1
http://rdf-plantmetwiki.bioinformatics.nl/pathways/PC596_r17.0.0_20260605-171052,adenosine 5'-phosphoramidate biosynthesis,1
http://rdf-plantmetwiki.bioinformatics.nl/pathways/RC961_r17.0.0_20260605-171052,RXN-8247,1
http://rdf-plantmetwiki.bioinformatics.nl/pathways/PC34_r17.0.0_20260605-171052,superpathway of acetyl-CoA biosynthesis,1
http://rdf-plantmetwiki.bioinformatics.nl/pathways/RC798_r17.0.0_20260605-171052,TRANS-RXN-187,1
http://rdf-plantmetwiki.bioinformatics.nl/pathways/PC570_r17.0.0_20260605-171052,ginsenoside degradation III,1
http://rdf-plantmetwiki.bioinformatics.nl/pathways/RC909_r17.0.0_20260605-171052,RXN-12847,1
http://rdf-plantmetwiki.bioinformatics.nl/pathways/PC75_r17.0.0_20260605-171052,ergosterol biosynthesis II,1
http://rdf-plantmetwiki.bioinformatics.nl/pathways/RC699_r17.0.0_20260605-171052,FUC4NACTRANS-RXN,1
http://rdf-plantmetwiki.bioinformatics.nl/pathways/RC892_r17.0.0_20260605-171052,1.14.15.6-RXN,1
http://rdf-plantmetwiki.bioinformatics.nl/pathways/RC6_r17.0.0_20260605-171052,RXN-7181,1
http://rdf-plantmetwiki.bioinformatics.nl/pathways/RC267_r17.0.0_20260605-171052,RXN-7895,1
http://rdf-plantmetwiki.bioinformatics.nl/pathways/RC167_r17.0.0_20260605-171052,2.6.1.28-RXN,1
http://rdf-plantmetwiki.bioinformatics.nl/pathways/RC1010_r17.0.0_20260605-171052,RXN-5741,1
http://rdf-plantmetwiki.bioinformatics.nl/pathways/PC854_r17.0.0_20260605-171052,glycolate and glyoxylate degradation II,1
http://rdf-plantmetwiki.bioinformatics.nl/pathways/PC383_r17.0.0_20260605-171052,rot-2'-enonate biosynthesis,1
http://rdf-plantmetwiki.bioinformatics.nl/pathways/RC775_r17.0.0_20260605-171052,RXNQT-4382,1
http://rdf-plantmetwiki.bioinformatics.nl/pathways/RC919_r17.0.0_20260605-171052,RXN18C3-111,1
http://rdf-plantmetwiki.bioinformatics.nl/pathways/PC459_r17.0.0_20260605-171052,chrysin biosynthesis,1
http://rdf-plantmetwiki.bioinformatics.nl/pathways/RC156_r17.0.0_20260605-171052,RXNQT-4165,1
http://rdf-plantmetwiki.bioinformatics.nl/pathways/PC1115_r17.0.0_20260605-171052,vernolate biosynthesis II,1
http://rdf-plantmetwiki.bioinformatics.nl/pathways/RC474_r17.0.0_20260605-171052,RXN-10878,1
http://rdf-plantmetwiki.bioinformatics.nl/pathways/RC1237_r17.0.0_20260605-171052,RXN-12267,1
http://rdf-plantmetwiki.bioinformatics.nl/pathways/RC49_r17.0.0_20260605-171052,RXN-10886,1
http://rdf-plantmetwiki.bioinformatics.nl/pathways/RC319_r17.0.0_20260605-171052,RXN-14660,1
http://rdf-plantmetwiki.bioinformatics.nl/pathways/PC544_r17.0.0_20260605-171052,ajugose biosynthesis II (galactinol-independent),1
http://rdf-plantmetwiki.bioinformatics.nl/pathways/RC220_r17.0.0_20260605-171052,PHOSPHOENOLPYRUVATE-PHOSPHATASE-RXN,1
http://rdf-plantmetwiki.bioinformatics.nl/pathways/RC780_r17.0.0_20260605-171052,phenolic oxidative coupling protein,1
http://rdf-plantmetwiki.bioinformatics.nl/pathways/RC454_r17.0.0_20260605-171052,RXN-7797,1
http://rdf-plantmetwiki.bioinformatics.nl/pathways/PC631_r17.0.0_20260605-171052,ricinoleate biosynthesis,1
http://rdf-plantmetwiki.bioinformatics.nl/pathways/PC1096_r17.0.0_20260605-171052,oxalate degradation IV,1
http://rdf-plantmetwiki.bioinformatics.nl/pathways/PC315_r17.0.0_20260605-171052,phaseollin biosynthesis,1
http://rdf-plantmetwiki.bioinformatics.nl/pathways/PC690_r17.0.0_20260605-171052,calycosin 7-O-glucoside biosynthesis,1
http://rdf-plantmetwiki.bioinformatics.nl/pathways/RC883_r17.0.0_20260605-171052,RXN-11400,1
http://rdf-plantmetwiki.bioinformatics.nl/pathways/RC607_r17.0.0_20260605-171052,2.4.1.143-RXN,1
http://rdf-plantmetwiki.bioinformatics.nl/pathways/RC648_r17.0.0_20260605-171052,RXN-8855,1
http://rdf-plantmetwiki.bioinformatics.nl/pathways/RC1288_r17.0.0_20260605-171052,RXN-13196,1
http://rdf-plantmetwiki.bioinformatics.nl/pathways/RC982_r17.0.0_20260605-171052,RXN-11271,1
http://rdf-plantmetwiki.bioinformatics.nl/pathways/RC444_r17.0.0_20260605-171052,RXN-10880,1
http://rdf-plantmetwiki.bioinformatics.nl/pathways/RC9_r17.0.0_20260605-171052,RXN-14685,1
http://rdf-plantmetwiki.bioinformatics.nl/pathways/RC1_r17.0.0_20260605-171052,RXN4FS-26,1
http://rdf-plantmetwiki.bioinformatics.nl/pathways/RC171_r17.0.0_20260605-171052,AMIDASE-RXN,1
http://rdf-plantmetwiki.bioinformatics.nl/pathways/PC644_r17.0.0_20260605-171052,ent-kaurene biosynthesis II,1
http://rdf-plantmetwiki.bioinformatics.nl/pathways/PC266_r17.0.0_20260605-171052,L-lysine degradation I,1
http://rdf-plantmetwiki.bioinformatics.nl/pathways/RC866_r17.0.0_20260605-171052,RXN-7891,1
http://rdf-plantmetwiki.bioinformatics.nl/pathways/RC896_r17.0.0_20260605-171052,CINNAMOYL-COA-REDUCTASE-RXN,1
http://rdf-plantmetwiki.bioinformatics.nl/pathways/RC1302_r17.0.0_20260605-171052,1.14.13.87-RXN,1
http://rdf-plantmetwiki.bioinformatics.nl/pathways/RC374_r17.0.0_20260605-171052,RXN-5122,1
http://rdf-plantmetwiki.bioinformatics.nl/pathways/PC283_r17.0.0_20260605-171052,willardiine and isowillardiine biosynthesis,1
http://rdf-plantmetwiki.bioinformatics.nl/pathways/RC106_r17.0.0_20260605-171052,TRANS-RXN4LZ-7054,1
http://rdf-plantmetwiki.bioinformatics.nl/pathways/RC768_r17.0.0_20260605-171052,RXN-8071,1
http://rdf-plantmetwiki.bioinformatics.nl/pathways/PC66_r17.0.0_20260605-171052,purine uptake,1
http://rdf-plantmetwiki.bioinformatics.nl/pathways/RC949_r17.0.0_20260605-171052,RXN-19010,1
http://rdf-plantmetwiki.bioinformatics.nl/pathways/RC1164_r17.0.0_20260605-171052,RXNQT-4370,1
http://rdf-plantmetwiki.bioinformatics.nl/pathways/PC508_r17.0.0_20260605-171052,8-oxo-(d)GTP detoxification I,1
http://rdf-plantmetwiki.bioinformatics.nl/pathways/RC347_r17.0.0_20260605-171052,L-ASCORBATE-PEROXIDASE-RXN,1
http://rdf-plantmetwiki.bioinformatics.nl/pathways/RC485_r17.0.0_20260605-171052,RXN-12392,1
http://rdf-plantmetwiki.bioinformatics.nl/pathways/RC1230_r17.0.0_20260605-171052,RXN1F-152,1
http://rdf-plantmetwiki.bioinformatics.nl/pathways/RC316_r17.0.0_20260605-171052,RXN0-5040,1
http://rdf-plantmetwiki.bioinformatics.nl/pathways/RC421_r17.0.0_20260605-171052,3.2.1.153-RXN,1
http://rdf-plantmetwiki.bioinformatics.nl/pathways/RC1169_r17.0.0_20260605-171052,RXN-8555,1
http://rdf-plantmetwiki.bioinformatics.nl/pathways/RC857_r17.0.0_20260605-171052,RXN-12892,1
http://rdf-plantmetwiki.bioinformatics.nl/pathways/PC429_r17.0.0_20260605-171052,ponciretin biosynthesis,1
http://rdf-plantmetwiki.bioinformatics.nl/pathways/PC1116_r17.0.0_20260605-171052,pyrethrin I biosynthesis,1
http://rdf-plantmetwiki.bioinformatics.nl/pathways/PC903_r17.0.0_20260605-171052,3-methylthiopropanoate biosynthesis,1
http://rdf-plantmetwiki.bioinformatics.nl/pathways/RC520_r17.0.0_20260605-171052,RXN-9136,1
http://rdf-plantmetwiki.bioinformatics.nl/pathways/RC221_r17.0.0_20260605-171052,NADH-DEHYDROGENASE-RXN,1
http://rdf-plantmetwiki.bioinformatics.nl/pathways/RC213_r17.0.0_20260605-171052,RXNQT-4372,1
http://rdf-plantmetwiki.bioinformatics.nl/pathways/RC760_r17.0.0_20260605-171052,RXN-8564,1
http://rdf-plantmetwiki.bioinformatics.nl/pathways/RC472_r17.0.0_20260605-171052,RXN-12516,1
http://rdf-plantmetwiki.bioinformatics.nl/pathways/RC1139_r17.0.0_20260605-171052,RXN-13334,1
http://rdf-plantmetwiki.bioinformatics.nl/pathways/PC848_r17.0.0_20260605-171052,(+)-secoisolariciresinol diglucoside biosynthesis,1
http://rdf-plantmetwiki.bioinformatics.nl/pathways/RC287_r17.0.0_20260605-171052,RXN-10794,1
http://rdf-plantmetwiki.bioinformatics.nl/pathways/RC312_r17.0.0_20260605-171052,RXNQT-4375,1
http://rdf-plantmetwiki.bioinformatics.nl/pathways/RC537_r17.0.0_20260605-171052,RXN-15355,1
http://rdf-plantmetwiki.bioinformatics.nl/pathways/RC943_r17.0.0_20260605-171052,RXN-10773,1
http://rdf-plantmetwiki.bioinformatics.nl/pathways/RC618_r17.0.0_20260605-171052,1-dodecanol-<em>O</em>-arachinoyltransferase,1
http://rdf-plantmetwiki.bioinformatics.nl/pathways/RC1104_r17.0.0_20260605-171052,1.14.13.74-RXN,1
http://rdf-plantmetwiki.bioinformatics.nl/pathways/RC136_r17.0.0_20260605-171052,RXN-8038,1
http://rdf-plantmetwiki.bioinformatics.nl/pathways/RC511_r17.0.0_20260605-171052,RXN-7893,1
http://rdf-plantmetwiki.bioinformatics.nl/pathways/RC957_r17.0.0_20260605-171052,RXN-12332,1
http://rdf-plantmetwiki.bioinformatics.nl/pathways/RC1199_r17.0.0_20260605-171052,7KAPSYN-RXN,1
http://rdf-plantmetwiki.bioinformatics.nl/pathways/PC754_r17.0.0_20260605-171052,hinokiresinol biosynthesis,1
http://rdf-plantmetwiki.bioinformatics.nl/pathways/RC634_r17.0.0_20260605-171052,2.8.1.6-RXN,1
http://rdf-plantmetwiki.bioinformatics.nl/pathways/RC51_r17.0.0_20260605-171052,RXN-10869,1
http://rdf-plantmetwiki.bioinformatics.nl/pathways/RC1092_r17.0.0_20260605-171052,Farnesyl-diphosphate farnesyltransferase,1
http://rdf-plantmetwiki.bioinformatics.nl/pathways/RC563_r17.0.0_20260605-171052,RXN-19008,1
http://rdf-plantmetwiki.bioinformatics.nl/pathways/RC48_r17.0.0_20260605-171052,RXN-8560,1
http://rdf-plantmetwiki.bioinformatics.nl/pathways/PC273_r17.0.0_20260605-171052,esculetin biosynthesis,1
http://rdf-plantmetwiki.bioinformatics.nl/pathways/PC116_r17.0.0_20260605-171052,GDP-L-fucose biosynthesis I (from GDP-D-mannose),1
http://rdf-plantmetwiki.bioinformatics.nl/pathways/PC330_r17.0.0_20260605-171052,"3,4-dihydroxymandelonitrile β-D-glucose biosynthesis",1
http://rdf-plantmetwiki.bioinformatics.nl/pathways/RC538_r17.0.0_20260605-171052,RXN-12185,1
http://rdf-plantmetwiki.bioinformatics.nl/pathways/RC663_r17.0.0_20260605-171052,S-2-HYDROXY-ACID-OXIDASE-RXN,1
http://rdf-plantmetwiki.bioinformatics.nl/pathways/RC507_r17.0.0_20260605-171052,RXN-14505,1
http://rdf-plantmetwiki.bioinformatics.nl/pathways/PC428_r17.0.0_20260605-171052,"D-myo-inositol (1,3,4)-trisphosphate biosynthesis",1
http://rdf-plantmetwiki.bioinformatics.nl/pathways/PC761_r17.0.0_20260605-171052,(5Z)-icosenoate biosynthesis,1
http://rdf-plantmetwiki.bioinformatics.nl/pathways/RC1277_r17.0.0_20260605-171052,RXN-7878,1
http://rdf-plantmetwiki.bioinformatics.nl/pathways/RC766_r17.0.0_20260605-171052,TRANS-RXN4LZ-4,1
http://rdf-plantmetwiki.bioinformatics.nl/pathways/RC270_r17.0.0_20260605-171052,RXNQT-4387,1
http://rdf-plantmetwiki.bioinformatics.nl/pathways/RC585_r17.0.0_20260605-171052,RXN4FS-17,1
http://rdf-plantmetwiki.bioinformatics.nl/pathways/RC1241_r17.0.0_20260605-171052,RXN-2103,1
http://rdf-plantmetwiki.bioinformatics.nl/pathways/RC442_r17.0.0_20260605-171052,ACYLACPSYNTH-RXN,1
http://rdf-plantmetwiki.bioinformatics.nl/pathways/RC203_r17.0.0_20260605-171052,RXN-8557,1
http://rdf-plantmetwiki.bioinformatics.nl/pathways/RC1225_r17.0.0_20260605-171052,RAUCAFFRICINE-BETA-GLUCOSIDASE-RXN,1
http://rdf-plantmetwiki.bioinformatics.nl/pathways/RC72_r17.0.0_20260605-171052,RXNQT-4168,1
http://rdf-plantmetwiki.bioinformatics.nl/pathways/RC298_r17.0.0_20260605-171052,RXN-12838,1
http://rdf-plantmetwiki.bioinformatics.nl/pathways/PC700_r17.0.0_20260605-171052,rotenoid biosynthesis II,1
http://rdf-plantmetwiki.bioinformatics.nl/pathways/PC374_r17.0.0_20260605-171052,inosine-5'-phosphate biosynthesis II,1
http://rdf-plantmetwiki.bioinformatics.nl/pathways/PC671_r17.0.0_20260605-171052,hordatine biosynthesis,1
http://rdf-plantmetwiki.bioinformatics.nl/pathways/PC294_r17.0.0_20260605-171052,pinolenate and coniferonate biosynthesis,1
http://rdf-plantmetwiki.bioinformatics.nl/pathways/RC1135_r17.0.0_20260605-171052,ARGININE-2-MONOOXYGENASE-RXN,1
http://rdf-plantmetwiki.bioinformatics.nl/pathways/RC848_r17.0.0_20260605-171052,RXN-10856,1
http://rdf-plantmetwiki.bioinformatics.nl/pathways/RC1274_r17.0.0_20260605-171052,RXN-10811,1
http://rdf-plantmetwiki.bioinformatics.nl/pathways/RC259_r17.0.0_20260605-171052,RXN-8424,1
http://rdf-plantmetwiki.bioinformatics.nl/pathways/PC944_r17.0.0_20260605-171052,glutaminyl-tRNAglⁿ biosynthesis via transamidation,1
http://rdf-plantmetwiki.bioinformatics.nl/pathways/RC385_r17.0.0_20260605-171052,1.1.1.271-RXN,1
http://rdf-plantmetwiki.bioinformatics.nl/pathways/PC470_r17.0.0_20260605-171052,labdenediol and sclareol biosynthesis,1
http://rdf-plantmetwiki.bioinformatics.nl/pathways/RC127_r17.0.0_20260605-171052,ACYLPHOSPHATASE-RXN,1
http://rdf-plantmetwiki.bioinformatics.nl/pathways/RC362_r17.0.0_20260605-171052,RXN-8602,1
http://rdf-plantmetwiki.bioinformatics.nl/pathways/RC3_r17.0.0_20260605-171052,Protoporphyrinogen oxidase,1
http://rdf-plantmetwiki.bioinformatics.nl/pathways/RC299_r17.0.0_20260605-171052,3.2.1.24-RXN,1
http://rdf-plantmetwiki.bioinformatics.nl/pathways/PC255_r17.0.0_20260605-171052,ubiquinol-9 biosynthesis (late decarboxylation),1
http://rdf-plantmetwiki.bioinformatics.nl/pathways/RC951_r17.0.0_20260605-171052,RXN-8355,1
http://rdf-plantmetwiki.bioinformatics.nl/pathways/RC543_r17.0.0_20260605-171052,RXN-8418,1
http://rdf-plantmetwiki.bioinformatics.nl/pathways/RC2_r17.0.0_20260605-171052,RXN-7617,1
http://rdf-plantmetwiki.bioinformatics.nl/pathways/RC1025_r17.0.0_20260605-171052,RXN-15556,1
http://rdf-plantmetwiki.bioinformatics.nl/pathways/RC98_r17.0.0_20260605-171052,MALTODEXGLUCOSID-RXN,1
http://rdf-plantmetwiki.bioinformatics.nl/pathways/RC613_r17.0.0_20260605-171052,RXN-12127,1
http://rdf-plantmetwiki.bioinformatics.nl/pathways/RC682_r17.0.0_20260605-171052,ALCOHOL-DEHYDROGENASE-NADPORNOP+-RXN,1
http://rdf-plantmetwiki.bioinformatics.nl/pathways/RC632_r17.0.0_20260605-171052,GLYC3PDEHYDROG-RXN,1
http://rdf-plantmetwiki.bioinformatics.nl/pathways/PC530_r17.0.0_20260605-171052,A series fagopyritols biosynthesis,1
http://rdf-plantmetwiki.bioinformatics.nl/pathways/PC5_r17.0.0_20260605-171052,saponin biosynthesis III,1
http://rdf-plantmetwiki.bioinformatics.nl/pathways/RC353_r17.0.0_20260605-171052,RXN-11233,1
http://rdf-plantmetwiki.bioinformatics.nl/pathways/RC868_r17.0.0_20260605-171052,RXN-4301,1
http://rdf-plantmetwiki.bioinformatics.nl/pathways/PC656_r17.0.0_20260605-171052,santalene biosynthesis I,1
http://rdf-plantmetwiki.bioinformatics.nl/pathways/RC937_r17.0.0_20260605-171052,RXN4LZ-39,1
http://rdf-plantmetwiki.bioinformatics.nl/pathways/RC688_r17.0.0_20260605-171052,RXN-19011,1
http://rdf-plantmetwiki.bioinformatics.nl/pathways/RC411_r17.0.0_20260605-171052,RXN-5102,1
http://rdf-plantmetwiki.bioinformatics.nl/pathways/RC687_r17.0.0_20260605-171052,RXN-19656,1
http://rdf-plantmetwiki.bioinformatics.nl/pathways/RC742_r17.0.0_20260605-171052,RXN1F-72,1
http://rdf-plantmetwiki.bioinformatics.nl/pathways/PC389_r17.0.0_20260605-171052,dalcochinin biosynthesis,1
http://rdf-plantmetwiki.bioinformatics.nl/pathways/PC252_r17.0.0_20260605-171052,gramine biosynthesis,1
http://rdf-plantmetwiki.bioinformatics.nl/pathways/RC1015_r17.0.0_20260605-171052,TRANS-RXN4LZ-45,1
http://rdf-plantmetwiki.bioinformatics.nl/pathways/RC1193_r17.0.0_20260605-171052,RXNQT-4171,1
http://rdf-plantmetwiki.bioinformatics.nl/pathways/RC547_r17.0.0_20260605-171052,1.3.7.2-RXN,1
http://rdf-plantmetwiki.bioinformatics.nl/pathways/RC206_r17.0.0_20260605-171052,RXN-11936,1
http://rdf-plantmetwiki.bioinformatics.nl/pathways/RC255_r17.0.0_20260605-171052,RXN-10868,1
http://rdf-plantmetwiki.bioinformatics.nl/pathways/RC869_r17.0.0_20260605-171052,Glycerol-3-phosphate dehydrogenase,1
http://rdf-plantmetwiki.bioinformatics.nl/pathways/PC936_r17.0.0_20260605-171052,salicylate biosynthesis III,1
http://rdf-plantmetwiki.bioinformatics.nl/pathways/RC269_r17.0.0_20260605-171052,RXN-18259,1
http://rdf-plantmetwiki.bioinformatics.nl/pathways/PC94_r17.0.0_20260605-171052,nitrite reduction (hemoglobin),1
http://rdf-plantmetwiki.bioinformatics.nl/pathways/PC618_r17.0.0_20260605-171052,ternatin C3 biosynthesis,1
http://rdf-plantmetwiki.bioinformatics.nl/pathways/PC1085_r17.0.0_20260605-171052,crepenynate biosynthesis,1
http://rdf-plantmetwiki.bioinformatics.nl/pathways/RC12_r17.0.0_20260605-171052,RXN-10783,1
http://rdf-plantmetwiki.bioinformatics.nl/pathways/RC569_r17.0.0_20260605-171052,4-NITROPHENYLPHOSPHATASE-RXN,1
http://rdf-plantmetwiki.bioinformatics.nl/pathways/RC245_r17.0.0_20260605-171052,1.14.99.37-RXN,1
http://rdf-plantmetwiki.bioinformatics.nl/pathways/RC155_r17.0.0_20260605-171052,RXN-4221,1
http://rdf-plantmetwiki.bioinformatics.nl/pathways/RC753_r17.0.0_20260605-171052,RXN4FS-18,1
http://rdf-plantmetwiki.bioinformatics.nl/pathways/RC952_r17.0.0_20260605-171052,CARDIOLIPSYN-RXN,1
http://rdf-plantmetwiki.bioinformatics.nl/pathways/PC288_r17.0.0_20260605-171052,selenate reduction,1
http://rdf-plantmetwiki.bioinformatics.nl/pathways/RC762_r17.0.0_20260605-171052,RXN-4402,1
http://rdf-plantmetwiki.bioinformatics.nl/pathways/PC196_r17.0.0_20260605-171052,sterculate biosynthesis,1
http://rdf-plantmetwiki.bioinformatics.nl/pathways/RC856_r17.0.0_20260605-171052,phenolic oxidative coupling protein,1
http://rdf-plantmetwiki.bioinformatics.nl/pathways/RC711_r17.0.0_20260605-171052,RXN-8417,1
http://rdf-plantmetwiki.bioinformatics.nl/pathways/PC823_r17.0.0_20260605-171052,cis-zeatin biosynthesis,1
http://rdf-plantmetwiki.bioinformatics.nl/pathways/PC832_r17.0.0_20260605-171052,mimosine biosynthesis,1
http://rdf-plantmetwiki.bioinformatics.nl/pathways/RC40_r17.0.0_20260605-171052,RXN-7894,1
http://rdf-plantmetwiki.bioinformatics.nl/pathways/RC721_r17.0.0_20260605-171052,RXN-19007,1
http://rdf-plantmetwiki.bioinformatics.nl/pathways/RC826_r17.0.0_20260605-171052,RXN4KF-52,1
http://rdf-plantmetwiki.bioinformatics.nl/pathways/RC376_r17.0.0_20260605-171052,1.5.1.7-RXN,1
http://rdf-plantmetwiki.bioinformatics.nl/pathways/RC704_r17.0.0_20260605-171052,KETOLACTOSE-RXN,1
http://rdf-plantmetwiki.bioinformatics.nl/pathways/RC1197_r17.0.0_20260605-171052,RXN-19128,1
http://rdf-plantmetwiki.bioinformatics.nl/pathways/RC357_r17.0.0_20260605-171052,RXN4FS-16,1
http://rdf-plantmetwiki.bioinformatics.nl/pathways/RC345_r17.0.0_20260605-171052,RXN-18383,1
http://rdf-plantmetwiki.bioinformatics.nl/pathways/PC624_r17.0.0_20260605-171052,pyruvate fermentation to (S)-lactate,1
http://rdf-plantmetwiki.bioinformatics.nl/pathways/RC76_r17.0.0_20260605-171052,1.3.7.5-RXN,1
http://rdf-plantmetwiki.bioinformatics.nl/pathways/RC198_r17.0.0_20260605-171052,RXN-11473,1
http://rdf-plantmetwiki.bioinformatics.nl/pathways/RC285_r17.0.0_20260605-171052,3.2.1.7-RXN,1
http://rdf-plantmetwiki.bioinformatics.nl/pathways/RC697_r17.0.0_20260605-171052,RXN-8544,1
http://rdf-plantmetwiki.bioinformatics.nl/pathways/RC604_r17.0.0_20260605-171052,2.7.9.4-RXN,1
http://rdf-plantmetwiki.bioinformatics.nl/pathways/RC1249_r17.0.0_20260605-171052,RXN-13728,1
http://rdf-plantmetwiki.bioinformatics.nl/pathways/RC253_r17.0.0_20260605-171052,RXN-14981,1
http://rdf-plantmetwiki.bioinformatics.nl/pathways/RC176_r17.0.0_20260605-171052,RXN-1824,1
http://rdf-plantmetwiki.bioinformatics.nl/pathways/RC844_r17.0.0_20260605-171052,RXN-10769,1
http://rdf-plantmetwiki.bioinformatics.nl/pathways/PC988_r17.0.0_20260605-171052,tetraacylsucrose biosynthesis (Solanum),1
http://rdf-plantmetwiki.bioinformatics.nl/pathways/RC714_r17.0.0_20260605-171052,RXN-12309,1
http://rdf-plantmetwiki.bioinformatics.nl/pathways/RC446_r17.0.0_20260605-171052,RXNQT-4178,1
http://rdf-plantmetwiki.bioinformatics.nl/pathways/RC236_r17.0.0_20260605-171052,RXN3O-4157,1
http://rdf-plantmetwiki.bioinformatics.nl/pathways/RC294_r17.0.0_20260605-171052,RXN-6545,1
http://rdf-plantmetwiki.bioinformatics.nl/pathways/RC959_r17.0.0_20260605-171052,RXN-7673,1
http://rdf-plantmetwiki.bioinformatics.nl/pathways/PC563_r17.0.0_20260605-171052,piperine biosynthesis,1
http://rdf-plantmetwiki.bioinformatics.nl/pathways/PC408_r17.0.0_20260605-171052,starch degradation I,1
http://rdf-plantmetwiki.bioinformatics.nl/pathways/PC457_r17.0.0_20260605-171052,Fe(II)-nicotianamine transport in phloem,1
http://rdf-plantmetwiki.bioinformatics.nl/pathways/RC1276_r17.0.0_20260605-171052,RXN-12085,1
http://rdf-plantmetwiki.bioinformatics.nl/pathways/RC729_r17.0.0_20260605-171052,RXN-13373,1
http://rdf-plantmetwiki.bioinformatics.nl/pathways/RC300_r17.0.0_20260605-171052,RXN-7883,1
http://rdf-plantmetwiki.bioinformatics.nl/pathways/RC1272_r17.0.0_20260605-171052,RXN-7897,1
http://rdf-plantmetwiki.bioinformatics.nl/pathways/PC1004_r17.0.0_20260605-171052,cadmium transport I,1
http://rdf-plantmetwiki.bioinformatics.nl/pathways/RC427_r17.0.0_20260605-171052,2.7.7.64-RXN,1
http://rdf-plantmetwiki.bioinformatics.nl/pathways/RC1066_r17.0.0_20260605-171052,RXN-14003,1
http://rdf-plantmetwiki.bioinformatics.nl/pathways/RC611_r17.0.0_20260605-171052,luteolin 8-hydroxylase,1
http://rdf-plantmetwiki.bioinformatics.nl/pathways/RC712_r17.0.0_20260605-171052,GARTRANSFORMYL2-RXN,1
http://rdf-plantmetwiki.bioinformatics.nl/pathways/RC1254_r17.0.0_20260605-171052,RXN-6547,1
http://rdf-plantmetwiki.bioinformatics.nl/pathways/RC576_r17.0.0_20260605-171052,RXN-982,1
http://rdf-plantmetwiki.bioinformatics.nl/pathways/PC464_r17.0.0_20260605-171052,betanidin degradation,1
http://rdf-plantmetwiki.bioinformatics.nl/pathways/RC494_r17.0.0_20260605-171052,RXN-11402,1
http://rdf-plantmetwiki.bioinformatics.nl/pathways/RC956_r17.0.0_20260605-171052,ALDHDEHYDROG-RXN,1
http://rdf-plantmetwiki.bioinformatics.nl/pathways/RC109_r17.0.0_20260605-171052,RXN-14332,1
http://rdf-plantmetwiki.bioinformatics.nl/pathways/PC914_r17.0.0_20260605-171052,lampranthin biosynthesis,1
http://rdf-plantmetwiki.bioinformatics.nl/pathways/RC268_r17.0.0_20260605-171052,ESTRADIOL-17-BETA-DEHYDROGENASE-RXN,1
http://rdf-plantmetwiki.bioinformatics.nl/pathways/RC266_r17.0.0_20260605-171052,RXN-10956,1
http://rdf-plantmetwiki.bioinformatics.nl/pathways/RC795_r17.0.0_20260605-171052,RXN-10857,1
http://rdf-plantmetwiki.bioinformatics.nl/pathways/RC492_r17.0.0_20260605-171052,2.4.1.101-RXN,1
http://rdf-plantmetwiki.bioinformatics.nl/pathways/RC1250_r17.0.0_20260605-171052,RXN-8332,1
http://rdf-plantmetwiki.bioinformatics.nl/pathways/PC797_r17.0.0_20260605-171052,parkeol biosynthesis,1
http://rdf-plantmetwiki.bioinformatics.nl/pathways/RC1017_r17.0.0_20260605-171052,RXN-12417,1
http://rdf-plantmetwiki.bioinformatics.nl/pathways/RC1044_r17.0.0_20260605-171052,"(9Z,11E,14Z)-(13S)-hydroperoxyoctadeca-9,11,14-trienoate 12,13-hydro-lyase",1
http://rdf-plantmetwiki.bioinformatics.nl/pathways/PC784_r17.0.0_20260605-171052,crocetin esters biosynthesis,1
http://rdf-plantmetwiki.bioinformatics.nl/pathways/RC466_r17.0.0_20260605-171052,RXN-14355,1
http://rdf-plantmetwiki.bioinformatics.nl/pathways/PC1055_r17.0.0_20260605-171052,L-glutamate biosynthesis II,1
http://rdf-plantmetwiki.bioinformatics.nl/pathways/RC517_r17.0.0_20260605-171052,LACCASE-RXN,1
http://rdf-plantmetwiki.bioinformatics.nl/pathways/RC252_r17.0.0_20260605-171052,RXN-10887,1
http://rdf-plantmetwiki.bioinformatics.nl/pathways/RC104_r17.0.0_20260605-171052,RXN-7877,1
http://rdf-plantmetwiki.bioinformatics.nl/pathways/RC1286_r17.0.0_20260605-171052,RXN-8426,1
http://rdf-plantmetwiki.bioinformatics.nl/pathways/RC1063_r17.0.0_20260605-171052,RXN-6546,1
http://rdf-plantmetwiki.bioinformatics.nl/pathways/RC471_r17.0.0_20260605-171052,hexaprenyldihydroxybenzoate methyltransferase,1
http://rdf-plantmetwiki.bioinformatics.nl/pathways/RC991_r17.0.0_20260605-171052,RXN-10938,1
http://rdf-plantmetwiki.bioinformatics.nl/pathways/RC741_r17.0.0_20260605-171052,RXN-5481,1
http://rdf-plantmetwiki.bioinformatics.nl/pathways/RC120_r17.0.0_20260605-171052,RXN-18444,1
http://rdf-plantmetwiki.bioinformatics.nl/pathways/RC940_r17.0.0_20260605-171052,RXN-8545,1
http://rdf-plantmetwiki.bioinformatics.nl/pathways/RC546_r17.0.0_20260605-171052,NUCLEOSIDE-TRIPHOSPHATASE-RXN,1
http://rdf-plantmetwiki.bioinformatics.nl/pathways/PC685_r17.0.0_20260605-171052,pterostilbene biosynthesis,1
http://rdf-plantmetwiki.bioinformatics.nl/pathways/RC986_r17.0.0_20260605-171052,2.4.2.38-RXN,1
http://rdf-plantmetwiki.bioinformatics.nl/pathways/RC672_r17.0.0_20260605-171052,RXN0-5185,1
http://rdf-plantmetwiki.bioinformatics.nl/pathways/RC488_r17.0.0_20260605-171052,1.14.13.77-RXN,1
http://rdf-plantmetwiki.bioinformatics.nl/pathways/PC745_r17.0.0_20260605-171052,lupinate biosynthesis,1
http://rdf-plantmetwiki.bioinformatics.nl/pathways/RC718_r17.0.0_20260605-171052,RXN-13959,1
http://rdf-plantmetwiki.bioinformatics.nl/pathways/RC131_r17.0.0_20260605-171052,1.5.1.20-RXN,1
http://rdf-plantmetwiki.bioinformatics.nl/pathways/RC95_r17.0.0_20260605-171052,RXN-11937,1
http://rdf-plantmetwiki.bioinformatics.nl/pathways/PC910_r17.0.0_20260605-171052,guanine and guanosine salvage III,1
http://rdf-plantmetwiki.bioinformatics.nl/pathways/RC321_r17.0.0_20260605-171052,Epoxide hydrolase,1
http://rdf-plantmetwiki.bioinformatics.nl/pathways/RC656_r17.0.0_20260605-171052,RXN-12325,1
http://rdf-plantmetwiki.bioinformatics.nl/pathways/RC324_r17.0.0_20260605-171052,RXN-10770,1
http://rdf-plantmetwiki.bioinformatics.nl/pathways/RC402_r17.0.0_20260605-171052,RXN-12307,1
http://rdf-plantmetwiki.bioinformatics.nl/pathways/RC1195_r17.0.0_20260605-171052,3.2.1.3-RXN,1
http://rdf-plantmetwiki.bioinformatics.nl/pathways/PC395_r17.0.0_20260605-171052,coumarin metabolism (to melilotic acid),1
http://rdf-plantmetwiki.bioinformatics.nl/pathways/PC311_r17.0.0_20260605-171052,furcatin degradation,1
http://rdf-plantmetwiki.bioinformatics.nl/pathways/RC963_r17.0.0_20260605-171052,RXN-11230,1
http://rdf-plantmetwiki.bioinformatics.nl/pathways/PC8_r17.0.0_20260605-171052,glycerol degradation I,1
http://rdf-plantmetwiki.bioinformatics.nl/pathways/RC469_r17.0.0_20260605-171052,RXN-10879,1
http://rdf-plantmetwiki.bioinformatics.nl/pathways/RC739_r17.0.0_20260605-171052,RXN-13187,1
http://rdf-plantmetwiki.bioinformatics.nl/pathways/RC304_r17.0.0_20260605-171052,RXN-6841,1
http://rdf-plantmetwiki.bioinformatics.nl/pathways/PC774_r17.0.0_20260605-171052,pyruvate decarboxylation to acetyl CoA I,1
http://rdf-plantmetwiki.bioinformatics.nl/pathways/RC598_r17.0.0_20260605-171052,RXN-11265,1
http://rdf-plantmetwiki.bioinformatics.nl/pathways/RC86_r17.0.0_20260605-171052,RXN-9081,1
http://rdf-plantmetwiki.bioinformatics.nl/pathways/RC50_r17.0.0_20260605-171052,RXN-20026,1
http://rdf-plantmetwiki.bioinformatics.nl/pathways/RC1315_r17.0.0_20260605-171052,RXN-8349,1
http://rdf-plantmetwiki.bioinformatics.nl/pathways/PC917_r17.0.0_20260605-171052,glycine cleavage,1
http://rdf-plantmetwiki.bioinformatics.nl/pathways/RC1075_r17.0.0_20260605-171052,3.1.4.37-RXN,1
http://rdf-plantmetwiki.bioinformatics.nl/pathways/RC878_r17.0.0_20260605-171052,MANNPGUANYLTRANGDP-RXN,1
http://rdf-plantmetwiki.bioinformatics.nl/pathways/RC558_r17.0.0_20260605-171052,choline monooxygenase (NADP),1
http://rdf-plantmetwiki.bioinformatics.nl/pathways/PC983_r17.0.0_20260605-171052,"fructose 2,6-bisphosphate biosynthesis",1
http://rdf-plantmetwiki.bioinformatics.nl/pathways/RC18_r17.0.0_20260605-171052,RXN0-5363,1
http://rdf-plantmetwiki.bioinformatics.nl/pathways/RC92_r17.0.0_20260605-171052,RXN-8556,1
http://rdf-plantmetwiki.bioinformatics.nl/pathways/RC118_r17.0.0_20260605-171052,RXN4KF-11495,1
http://rdf-plantmetwiki.bioinformatics.nl/pathways/RC900_r17.0.0_20260605-171052,GLUCOSE-6-PHOSPHATASE-RXN,1
http://rdf-plantmetwiki.bioinformatics.nl/pathways/RC608_r17.0.0_20260605-171052,2.7.9.5-RXN,1
http://rdf-plantmetwiki.bioinformatics.nl/pathways/RC340_r17.0.0_20260605-171052,RXN-20169,1
http://rdf-plantmetwiki.bioinformatics.nl/pathways/RC323_r17.0.0_20260605-171052,RXN-7826,1
http://rdf-plantmetwiki.bioinformatics.nl/pathways/RC281_r17.0.0_20260605-171052,RXN-13507,1
http://rdf-plantmetwiki.bioinformatics.nl/pathways/RC973_r17.0.0_20260605-171052,RXN-8601,1
http://rdf-plantmetwiki.bioinformatics.nl/pathways/RC692_r17.0.0_20260605-171052,RXN-12124,1
http://rdf-plantmetwiki.bioinformatics.nl/pathways/PC541_r17.0.0_20260605-171052,genistin gentiobioside biosynthesis,1
http://rdf-plantmetwiki.bioinformatics.nl/pathways/PC973_r17.0.0_20260605-171052,dimethylsulfoniopropanoate biosynthesis III (algae and phytoplankton),1
http://rdf-plantmetwiki.bioinformatics.nl/pathways/PC941_r17.0.0_20260605-171052,bisbenzylisoquinoline alkaloid biosynthesis,1
http://rdf-plantmetwiki.bioinformatics.nl/pathways/RC1285_r17.0.0_20260605-171052,hydroxypyruvate reductase (NADP+),1
http://rdf-plantmetwiki.bioinformatics.nl/pathways/RC343_r17.0.0_20260605-171052,RXNQT-4174,1
http://rdf-plantmetwiki.bioinformatics.nl/pathways/RC1007_r17.0.0_20260605-171052,RXN-9332,1
http://rdf-plantmetwiki.bioinformatics.nl/pathways/RC1284_r17.0.0_20260605-171052,RXN-8563,1
http://rdf-plantmetwiki.bioinformatics.nl/pathways/RC398_r17.0.0_20260605-171052,RXN-1403,1
http://rdf-plantmetwiki.bioinformatics.nl/pathways/RC509_r17.0.0_20260605-171052,sn-glycerol 3-phosphate:ubiquinone oxidoreductase,1
http://rdf-plantmetwiki.bioinformatics.nl/pathways/PC1041_r17.0.0_20260605-171052,GDP-L-fucose biosynthesis II (from L-fucose),1
http://rdf-plantmetwiki.bioinformatics.nl/pathways/RC997_r17.0.0_20260605-171052,RXN-8431,1
http://rdf-plantmetwiki.bioinformatics.nl/pathways/RC516_r17.0.0_20260605-171052,RXN18C3-109,1
http://rdf-plantmetwiki.bioinformatics.nl/pathways/PC83_r17.0.0_20260605-171052,α-linolenate biosynthesis I (plants and red algae),1
http://rdf-plantmetwiki.bioinformatics.nl/pathways/RC451_r17.0.0_20260605-171052,RXN-3541,1
http://rdf-plantmetwiki.bioinformatics.nl/pathways/RC1183_r17.0.0_20260605-171052,RXN-8543,1
http://rdf-plantmetwiki.bioinformatics.nl/pathways/RC315_r17.0.0_20260605-171052,RXN-19005,1
http://rdf-plantmetwiki.bioinformatics.nl/pathways/PC1126_r17.0.0_20260605-171052,N-glucosylnicotinate metabolism,1
http://rdf-plantmetwiki.bioinformatics.nl/pathways/RC720_r17.0.0_20260605-171052,2.6.1.57-RXN,1
http://rdf-plantmetwiki.bioinformatics.nl/pathways/RC113_r17.0.0_20260605-171052,RXN0-4401,1
http://rdf-plantmetwiki.bioinformatics.nl/pathways/PC711_r17.0.0_20260605-171052,patchoulol biosynthesis,1
http://rdf-plantmetwiki.bioinformatics.nl/pathways/RC1207_r17.0.0_20260605-171052,RXN-12363,1
http://rdf-plantmetwiki.bioinformatics.nl/pathways/RC383_r17.0.0_20260605-171052,RXNQT-4379,1
http://rdf-plantmetwiki.bioinformatics.nl/pathways/RC1201_r17.0.0_20260605-171052,RXN-1826,1
http://rdf-plantmetwiki.bioinformatics.nl/pathways/PC576_r17.0.0_20260605-171052,sakuranetin biosynthesis,1
http://rdf-plantmetwiki.bioinformatics.nl/pathways/PC397_r17.0.0_20260605-171052,magnoflorine biosynthesis,1
http://rdf-plantmetwiki.bioinformatics.nl/pathways/PC543_r17.0.0_20260605-171052,"dammara-20,24-diene biosynthesis",1
http://rdf-plantmetwiki.bioinformatics.nl/pathways/PC888_r17.0.0_20260605-171052,baruol biosynthesis,1
http://rdf-plantmetwiki.bioinformatics.nl/pathways/PC834_r17.0.0_20260605-171052,"diacylglyceryl-N,N,N-trimethylhomoserine biosynthesis",1
http://rdf-plantmetwiki.bioinformatics.nl/pathways/RC394_r17.0.0_20260605-171052,RXN-8622,1
http://rdf-plantmetwiki.bioinformatics.nl/pathways/PC902_r17.0.0_20260605-171052,β-pyrazole-1-ylalanine biosynthesis,1
http://rdf-plantmetwiki.bioinformatics.nl/pathways/PC1135_r17.0.0_20260605-171052,avenacin A-2 biosynthesis,1
http://rdf-plantmetwiki.bioinformatics.nl/pathways/RC1217_r17.0.0_20260605-171052,RXN-11670,1
http://rdf-plantmetwiki.bioinformatics.nl/pathways/RC601_r17.0.0_20260605-171052,RXN-4231,1
http://rdf-plantmetwiki.bioinformatics.nl/pathways/PC282_r17.0.0_20260605-171052,diphyllin biosynthesis,1
http://rdf-plantmetwiki.bioinformatics.nl/pathways/RC1293_r17.0.0_20260605-171052,RXN-10885,1
http://rdf-plantmetwiki.bioinformatics.nl/pathways/PC919_r17.0.0_20260605-171052,dalpatein and dalnigrein biosynthesis,1
http://rdf-plantmetwiki.bioinformatics.nl/pathways/RC346_r17.0.0_20260605-171052,GUANOSINE-DIPHOSPHATASE-RXN,1
http://rdf-plantmetwiki.bioinformatics.nl/pathways/PC959_r17.0.0_20260605-171052,bornyl pyrophosphate biosynthesis,1
http://rdf-plantmetwiki.bioinformatics.nl/pathways/PC214_r17.0.0_20260605-171052,plumbagin biosynthesis,1
http://rdf-plantmetwiki.bioinformatics.nl/pathways/PC1133_r17.0.0_20260605-171052,ricinoleate biosynthesis,1
http://rdf-plantmetwiki.bioinformatics.nl/pathways/RC54_r17.0.0_20260605-171052,3.5.1.52-RXN,1
http://rdf-plantmetwiki.bioinformatics.nl/pathways/PC144_r17.0.0_20260605-171052,biotin biosynthesis from 8-amino-7-oxononanoate I,1
http://rdf-plantmetwiki.bioinformatics.nl/pathways/RC1112_r17.0.0_20260605-171052,NADH dehydrogenase (ubiquinone),1
http://rdf-plantmetwiki.bioinformatics.nl/pathways/RC560_r17.0.0_20260605-171052,RXN4KF-51,1
http://rdf-plantmetwiki.bioinformatics.nl/pathways/RC1050_r17.0.0_20260605-171052,RXN-12883,1
http://rdf-plantmetwiki.bioinformatics.nl/pathways/PC329_r17.0.0_20260605-171052,aromatic glucosinolate activation,1
http://rdf-plantmetwiki.bioinformatics.nl/pathways/RC404_r17.0.0_20260605-171052,RXN-8419,1
http://rdf-plantmetwiki.bioinformatics.nl/pathways/RC477_r17.0.0_20260605-171052,RXN-8571,1
http://rdf-plantmetwiki.bioinformatics.nl/pathways/PC640_r17.0.0_20260605-171052,lathyrine biosynthesis,1
http://rdf-plantmetwiki.bioinformatics.nl/pathways/PC789_r17.0.0_20260605-171052,aloenin biosynthesis,1
http://rdf-plantmetwiki.bioinformatics.nl/pathways/RC726_r17.0.0_20260605-171052,6-phospho-&beta;-fructofuranosidase,1
http://rdf-plantmetwiki.bioinformatics.nl/pathways/RC954_r17.0.0_20260605-171052,RXN-19657,1
http://rdf-plantmetwiki.bioinformatics.nl/pathways/PC1047_r17.0.0_20260605-171052,gallate biosynthesis,1
http://rdf-plantmetwiki.bioinformatics.nl/pathways/RC290_r17.0.0_20260605-171052,RXN-8737,1
http://rdf-plantmetwiki.bioinformatics.nl/pathways/RC639_r17.0.0_20260605-171052,1.14.19.1-RXN,1
http://rdf-plantmetwiki.bioinformatics.nl/pathways/PC593_r17.0.0_20260605-171052,canthaxanthin biosynthesis,1
http://rdf-plantmetwiki.bioinformatics.nl/pathways/RC1292_r17.0.0_20260605-171052,DCYSDESULF-RXN,1
http://rdf-plantmetwiki.bioinformatics.nl/pathways/RC361_r17.0.0_20260605-171052,RXN-11225,1
http://rdf-plantmetwiki.bioinformatics.nl/pathways/RC341_r17.0.0_20260605-171052,RXN-4230,1
http://rdf-plantmetwiki.bioinformatics.nl/pathways/PC292_r17.0.0_20260605-171052,ephedrine biosynthesis,1
http://rdf-plantmetwiki.bioinformatics.nl/pathways/RC765_r17.0.0_20260605-171052,RXN-8421,1
http://rdf-plantmetwiki.bioinformatics.nl/pathways/RC84_r17.0.0_20260605-171052,RXN18C3-114,1
http://rdf-plantmetwiki.bioinformatics.nl/pathways/RC700_r17.0.0_20260605-171052,RXN-10772,1
http://rdf-plantmetwiki.bioinformatics.nl/pathways/PC865_r17.0.0_20260605-171052,3-amino-3-phenylpropanoyl-CoA biosynthesis,1
http://rdf-plantmetwiki.bioinformatics.nl/pathways/PC139_r17.0.0_20260605-171052,"(7Z,10Z,13Z)-hexadecatrienoate biosynthesis",1
http://rdf-plantmetwiki.bioinformatics.nl/pathways/RC1023_r17.0.0_20260605-171052,RXN-10884,1
http://rdf-plantmetwiki.bioinformatics.nl/pathways/PC129_r17.0.0_20260605-171052,L-canavanine degradation I,1
http://rdf-plantmetwiki.bioinformatics.nl/pathways/RC788_r17.0.0_20260605-171052,RXN-8548,1
http://rdf-plantmetwiki.bioinformatics.nl/pathways/RC302_r17.0.0_20260605-171052,RXN4FS-27,1
http://rdf-plantmetwiki.bioinformatics.nl/pathways/PC1079_r17.0.0_20260605-171052,marneral biosynthesis,1
http://rdf-plantmetwiki.bioinformatics.nl/pathways/RC1270_r17.0.0_20260605-171052,RXNQT-4385,1
http://rdf-plantmetwiki.bioinformatics.nl/pathways/RC575_r17.0.0_20260605-171052,RXN-10874,1
http://rdf-plantmetwiki.bioinformatics.nl/pathways/RC455_r17.0.0_20260605-171052,3.2.1.23-RXN,1
http://rdf-plantmetwiki.bioinformatics.nl/pathways/PC314_r17.0.0_20260605-171052,β-alanine biosynthesis II,1
http://rdf-plantmetwiki.bioinformatics.nl/pathways/PC398_r17.0.0_20260605-171052,sapienate biosynthesis,1
http://rdf-plantmetwiki.bioinformatics.nl/pathways/RC1053_r17.0.0_20260605-171052,12-ALPHA-L-FUCOSIDASE-RXN,1
http://rdf-plantmetwiki.bioinformatics.nl/pathways/RC846_r17.0.0_20260605-171052,RXN-12304,1
http://rdf-plantmetwiki.bioinformatics.nl/pathways/RC559_r17.0.0_20260605-171052,RXN-12078,1
http://rdf-plantmetwiki.bioinformatics.nl/pathways/PC776_r17.0.0_20260605-171052,gentisate 5-O-β-D-xylopyranoside biosynthesis,1
http://rdf-plantmetwiki.bioinformatics.nl/pathways/PC200_r17.0.0_20260605-171052,xylogalacturonan biosynthesis,1
http://rdf-plantmetwiki.bioinformatics.nl/pathways/RC774_r17.0.0_20260605-171052,RXN-12201,1
http://rdf-plantmetwiki.bioinformatics.nl/pathways/PC419_r17.0.0_20260605-171052,(R)-canadine biosynthesis,1
http://rdf-plantmetwiki.bioinformatics.nl/pathways/RC429_r17.0.0_20260605-171052,Isovaleryl-CoA dehydrogenase,1
http://rdf-plantmetwiki.bioinformatics.nl/pathways/PC672_r17.0.0_20260605-171052,phenylpropanoid volatiles glycoconjugation (tomato),1
http://rdf-plantmetwiki.bioinformatics.nl/pathways/PC232_r17.0.0_20260605-171052,eudesmol biosynthesis,1
http://rdf-plantmetwiki.bioinformatics.nl/pathways/RC30_r17.0.0_20260605-171052,RXN-10453,1
http://rdf-plantmetwiki.bioinformatics.nl/pathways/RC1205_r17.0.0_20260605-171052,PHOSPHATIDYLINOSITOL-3-PHOSPHATASE-RXN,1
http://rdf-plantmetwiki.bioinformatics.nl/pathways/RC75_r17.0.0_20260605-171052,3.2.1.39-RXN,1
http://rdf-plantmetwiki.bioinformatics.nl/pathways/RC861_r17.0.0_20260605-171052,RXN-9564,1
http://rdf-plantmetwiki.bioinformatics.nl/pathways/RC667_r17.0.0_20260605-171052,CYTOCHROME-B5-REDUCTASE-RXN,1
http://rdf-plantmetwiki.bioinformatics.nl/pathways/RC180_r17.0.0_20260605-171052,RXN-8428,1
http://rdf-plantmetwiki.bioinformatics.nl/pathways/RC809_r17.0.0_20260605-171052,GLUTAMINE--PYRUVATE-AMINOTRANSFERASE-RXN,1
http://rdf-plantmetwiki.bioinformatics.nl/pathways/RC500_r17.0.0_20260605-171052,RXN-13192,1
http://rdf-plantmetwiki.bioinformatics.nl/pathways/RC1211_r17.0.0_20260605-171052,[phosphoenolpyruvate carboxylase] kinase,1
http://rdf-plantmetwiki.bioinformatics.nl/pathways/RC408_r17.0.0_20260605-171052,TRANS-RXN-185,1
http://rdf-plantmetwiki.bioinformatics.nl/pathways/RC717_r17.0.0_20260605-171052,RXN-4208,1
http://rdf-plantmetwiki.bioinformatics.nl/pathways/RC822_r17.0.0_20260605-171052,ARYL-ALCOHOL-DEHYDROGENASE-NADP+-RXN,1
http://rdf-plantmetwiki.bioinformatics.nl/pathways/RC784_r17.0.0_20260605-171052,RXN-9565,1
http://rdf-plantmetwiki.bioinformatics.nl/pathways/RC832_r17.0.0_20260605-171052,RXN-4602,1
http://rdf-plantmetwiki.bioinformatics.nl/pathways/RC242_r17.0.0_20260605-171052,RXN-1828,1
http://rdf-plantmetwiki.bioinformatics.nl/pathways/RC130_r17.0.0_20260605-171052,RXN-11223,1
http://rdf-plantmetwiki.bioinformatics.nl/pathways/PC575_r17.0.0_20260605-171052,rubber biosynthesis,1
http://rdf-plantmetwiki.bioinformatics.nl/pathways/PC388_r17.0.0_20260605-171052,diploterol biosynthesis,1
http://rdf-plantmetwiki.bioinformatics.nl/pathways/PC611_r17.0.0_20260605-171052,lipoate biosynthesis and incorporation I,1
http://rdf-plantmetwiki.bioinformatics.nl/pathways/PC306_r17.0.0_20260605-171052,cis-calamenene related sesquiterpenoids biosynthesis,1
http://rdf-plantmetwiki.bioinformatics.nl/pathways/RC100_r17.0.0_20260605-171052,RXN-8956,1
http://rdf-plantmetwiki.bioinformatics.nl/pathways/PC42_r17.0.0_20260605-171052,malonly-CoA biosynthesis via biotin-carboxyl carrier protein,1
http://rdf-plantmetwiki.bioinformatics.nl/pathways/RC1233_r17.0.0_20260605-171052,RXN-8980,1
http://rdf-plantmetwiki.bioinformatics.nl/pathways/RC915_r17.0.0_20260605-171052,RXN-12099,1
http://rdf-plantmetwiki.bioinformatics.nl/pathways/RC1076_r17.0.0_20260605-171052,RXN4KF-54,1
http://rdf-plantmetwiki.bioinformatics.nl/pathways/PC387_r17.0.0_20260605-171052,lanosterol biosynthesis,1
http://rdf-plantmetwiki.bioinformatics.nl/pathways/RC749_r17.0.0_20260605-171052,3.2.1.114-RXN,1
http://rdf-plantmetwiki.bioinformatics.nl/pathways/RC241_r17.0.0_20260605-171052,SARCOX-RXN,1
http://rdf-plantmetwiki.bioinformatics.nl/pathways/RC561_r17.0.0_20260605-171052,RXN-13956,1
http://rdf-plantmetwiki.bioinformatics.nl/pathways/RC387_r17.0.0_20260605-171052,RXN-12645,1
http://rdf-plantmetwiki.bioinformatics.nl/pathways/PC720_r17.0.0_20260605-171052,rose anthocyanin biosynthesis I (via cyanidin 5-O-β-D-glucoside),1
http://rdf-plantmetwiki.bioinformatics.nl/pathways/PC318_r17.0.0_20260605-171052,DIMBOA-glucoside activation,1
http://rdf-plantmetwiki.bioinformatics.nl/pathways/RC1142_r17.0.0_20260605-171052,RXN-11935,1
http://rdf-plantmetwiki.bioinformatics.nl/pathways/RC578_r17.0.0_20260605-171052,RXN-9911,1
http://rdf-plantmetwiki.bioinformatics.nl/pathways/RC1086_r17.0.0_20260605-171052,RXN-4222,1
http://rdf-plantmetwiki.bioinformatics.nl/pathways/RC160_r17.0.0_20260605-171052,RXN-18453,1
http://rdf-plantmetwiki.bioinformatics.nl/pathways/RC863_r17.0.0_20260605-171052,RXNQT-4383,1
http://rdf-plantmetwiki.bioinformatics.nl/pathways/RC950_r17.0.0_20260605-171052,3.6.3.35-RXN,1
http://rdf-plantmetwiki.bioinformatics.nl/pathways/PC71_r17.0.0_20260605-171052,L-asparagine biosynthesis III (tRNA-dependent),1
http://rdf-plantmetwiki.bioinformatics.nl/pathways/RC728_r17.0.0_20260605-171052,RXN-7920,1
http://rdf-plantmetwiki.bioinformatics.nl/pathways/RC1033_r17.0.0_20260605-171052,RXNQT-4384,1
http://rdf-plantmetwiki.bioinformatics.nl/pathways/PC837_r17.0.0_20260605-171052,β-alanine biosynthesis I,1
http://rdf-plantmetwiki.bioinformatics.nl/pathways/RC533_r17.0.0_20260605-171052,INOSINEKIN-RXN,1
http://rdf-plantmetwiki.bioinformatics.nl/pathways/RC1243_r17.0.0_20260605-171052,RXN4FS-25,1
