pwID,title,count
http://rdf-plantmetwiki.bioinformatics.nl/pathways/PC50_r17.0.0_20260605-171052,superpathway of flavones and derivatives biosynthesis,83
http://rdf-plantmetwiki.bioinformatics.nl/pathways/PC360_r17.0.0_20260605-171052,superpathway of anaerobic sucrose degradation,73
http://rdf-plantmetwiki.bioinformatics.nl/pathways/PC911_r17.0.0_20260605-171052,"superpathway of cytosolic glycolysis (plants), pyruvate dehydrogenase and TCA cycle",65
http://rdf-plantmetwiki.bioinformatics.nl/pathways/PC308_r17.0.0_20260605-171052,glycolysis I (from glucose 6-phosphate),59
http://rdf-plantmetwiki.bioinformatics.nl/pathways/PC163_r17.0.0_20260605-171052,glycolysis IV,52
http://rdf-plantmetwiki.bioinformatics.nl/pathways/PC516_r17.0.0_20260605-171052,"vindoline, vindorosine and vinblastine biosynthesis",52
http://rdf-plantmetwiki.bioinformatics.nl/pathways/PC953_r17.0.0_20260605-171052,superpathway of hyoscyamine (atropine) and scopolamine biosynthesis,51
http://rdf-plantmetwiki.bioinformatics.nl/pathways/PC956_r17.0.0_20260605-171052,superpathway of betalain biosynthesis,51
http://rdf-plantmetwiki.bioinformatics.nl/pathways/PC1160_r17.0.0_20260605-171052,superpathway of phospholipid biosynthesis II (plants),50
http://rdf-plantmetwiki.bioinformatics.nl/pathways/PC1019_r17.0.0_20260605-171052,superpathway of ergosterol biosynthesis II,50
http://rdf-plantmetwiki.bioinformatics.nl/pathways/PC190_r17.0.0_20260605-171052,glycolysis II (from fructose 6-phosphate),49
http://rdf-plantmetwiki.bioinformatics.nl/pathways/PC212_r17.0.0_20260605-171052,gluconeogenesis I,49
http://rdf-plantmetwiki.bioinformatics.nl/pathways/PC332_r17.0.0_20260605-171052,superpathway of flavones and derivatives biosynthesis,47
http://rdf-plantmetwiki.bioinformatics.nl/pathways/PC984_r17.0.0_20260605-171052,superpathway of seleno-compound metabolism,47
http://rdf-plantmetwiki.bioinformatics.nl/pathways/PC426_r17.0.0_20260605-171052,superpathway of glycoalkaloid metabolism (Solanaceae),47
http://rdf-plantmetwiki.bioinformatics.nl/pathways/PC379_r17.0.0_20260605-171052,superpathway of rosmarinic acid biosynthesis,47
http://rdf-plantmetwiki.bioinformatics.nl/pathways/PC491_r17.0.0_20260605-171052,suberin monomers biosynthesis,46
http://rdf-plantmetwiki.bioinformatics.nl/pathways/PC465_r17.0.0_20260605-171052,superpathway of polymethylated quercetin/quercetagetin glucoside biosynthesis (Chrysosplenium),46
http://rdf-plantmetwiki.bioinformatics.nl/pathways/PC427_r17.0.0_20260605-171052,Amaryllidacea alkaloids biosynthesis,43
http://rdf-plantmetwiki.bioinformatics.nl/pathways/PC1103_r17.0.0_20260605-171052,superpathway of Allium flavor precursors,43
http://rdf-plantmetwiki.bioinformatics.nl/pathways/PC582_r17.0.0_20260605-171052,sanguinarine and macarpine biosynthesis,43
http://rdf-plantmetwiki.bioinformatics.nl/pathways/PC148_r17.0.0_20260605-171052,superpathway of nicotine biosynthesis,43
http://rdf-plantmetwiki.bioinformatics.nl/pathways/PC21_r17.0.0_20260605-171052,superpathway of purines degradation in plants,42
http://rdf-plantmetwiki.bioinformatics.nl/pathways/PC590_r17.0.0_20260605-171052,Organic Nitrogen Assimilation,42
http://rdf-plantmetwiki.bioinformatics.nl/pathways/PC533_r17.0.0_20260605-171052,superpathway of diterpene resin acids biosynthesis,42
http://rdf-plantmetwiki.bioinformatics.nl/pathways/PC346_r17.0.0_20260605-171052,superpathway of isoflavonoids (via naringenin),41
http://rdf-plantmetwiki.bioinformatics.nl/pathways/PC648_r17.0.0_20260605-171052,ajmaline and sarpagine biosynthesis,41
http://rdf-plantmetwiki.bioinformatics.nl/pathways/PC130_r17.0.0_20260605-171052,L-methionine salvage cycle I (bacteria and plants),40
http://rdf-plantmetwiki.bioinformatics.nl/pathways/PC225_r17.0.0_20260605-171052,Rubisco shunt,40
http://rdf-plantmetwiki.bioinformatics.nl/pathways/PC1016_r17.0.0_20260605-171052,"aliphatic glucosinolate biosynthesis, side chain elongation cycle",40
http://rdf-plantmetwiki.bioinformatics.nl/pathways/PC857_r17.0.0_20260605-171052,superpathway of gibberellin biosynthesis,40
http://rdf-plantmetwiki.bioinformatics.nl/pathways/PC1144_r17.0.0_20260605-171052,glucosinolate biosynthesis from dihomomethionine,39
http://rdf-plantmetwiki.bioinformatics.nl/pathways/PC506_r17.0.0_20260605-171052,phytosterol biosynthesis (plants),39
http://rdf-plantmetwiki.bioinformatics.nl/pathways/PC524_r17.0.0_20260605-171052,sucrose biosynthesis I (from photosynthesis),38
http://rdf-plantmetwiki.bioinformatics.nl/pathways/PC187_r17.0.0_20260605-171052,superpathway of anthocyanin biosynthesis (from pelargonidin 3-O-glucoside),38
http://rdf-plantmetwiki.bioinformatics.nl/pathways/PC113_r17.0.0_20260605-171052,superpathway of C28 brassinosteroid biosynthesis,38
http://rdf-plantmetwiki.bioinformatics.nl/pathways/PC1159_r17.0.0_20260605-171052,α-tomatine biosynthesis,38
http://rdf-plantmetwiki.bioinformatics.nl/pathways/PC791_r17.0.0_20260605-171052,polymethylated quercetin glucoside biosynthesis II-quercetagetin series (Chrysosplenium),38
http://rdf-plantmetwiki.bioinformatics.nl/pathways/PC762_r17.0.0_20260605-171052,rosmarinic acid biosynthesis I,37
http://rdf-plantmetwiki.bioinformatics.nl/pathways/PC523_r17.0.0_20260605-171052,superpathway of scopolin and esculin biosynthesis,37
http://rdf-plantmetwiki.bioinformatics.nl/pathways/PC1134_r17.0.0_20260605-171052,superpathway of carotenoid biosynthesis in plants,37
http://rdf-plantmetwiki.bioinformatics.nl/pathways/PC176_r17.0.0_20260605-171052,noscapine biosynthesis,37
http://rdf-plantmetwiki.bioinformatics.nl/pathways/PC358_r17.0.0_20260605-171052,Calvin-Benson-Bassham cycle,37
http://rdf-plantmetwiki.bioinformatics.nl/pathways/PC289_r17.0.0_20260605-171052,L-methionine salvage cycle II (plants),37
http://rdf-plantmetwiki.bioinformatics.nl/pathways/PC767_r17.0.0_20260605-171052,superpathway of purine nucleotides de novo biosynthesis I,37
http://rdf-plantmetwiki.bioinformatics.nl/pathways/PC601_r17.0.0_20260605-171052,tetrahydrofolate biosynthesis II,36
http://rdf-plantmetwiki.bioinformatics.nl/pathways/PC175_r17.0.0_20260605-171052,superpathway of pyrimidine deoxyribonucleotides de novo biosynthesis,36
http://rdf-plantmetwiki.bioinformatics.nl/pathways/PC1025_r17.0.0_20260605-171052,chelerythrine biosynthesis,36
http://rdf-plantmetwiki.bioinformatics.nl/pathways/PC921_r17.0.0_20260605-171052,superpathway of lipoxygenase,36
http://rdf-plantmetwiki.bioinformatics.nl/pathways/PC891_r17.0.0_20260605-171052,superpathway of sucrose and starch metabolism I (non-photosynthetic tissue),35
http://rdf-plantmetwiki.bioinformatics.nl/pathways/PC146_r17.0.0_20260605-171052,superpathway of indole-3-acetate conjugate biosynthesis,35
http://rdf-plantmetwiki.bioinformatics.nl/pathways/PC925_r17.0.0_20260605-171052,coumarins biosynthesis (engineered),35
http://rdf-plantmetwiki.bioinformatics.nl/pathways/PC675_r17.0.0_20260605-171052,quercetin glycoside biosynthesis (Arabidopsis),35
http://rdf-plantmetwiki.bioinformatics.nl/pathways/PC538_r17.0.0_20260605-171052,anthocyanidin modification (Arabidopsis),34
http://rdf-plantmetwiki.bioinformatics.nl/pathways/PC843_r17.0.0_20260605-171052,secologanin and strictosidine biosynthesis,34
http://rdf-plantmetwiki.bioinformatics.nl/pathways/PC122_r17.0.0_20260605-171052,superpathway of pterocarpan biosynthesis (via formononetin),34
http://rdf-plantmetwiki.bioinformatics.nl/pathways/PC898_r17.0.0_20260605-171052,plant sterol biosynthesis II,34
http://rdf-plantmetwiki.bioinformatics.nl/pathways/PC380_r17.0.0_20260605-171052,superpathway of bitter acids biosynthesis,34
http://rdf-plantmetwiki.bioinformatics.nl/pathways/PC504_r17.0.0_20260605-171052,monolignol biosynthesis,34
http://rdf-plantmetwiki.bioinformatics.nl/pathways/PC1048_r17.0.0_20260605-171052,glucosinolate biosynthesis from homomethionine,34
http://rdf-plantmetwiki.bioinformatics.nl/pathways/PC1051_r17.0.0_20260605-171052,superpathway of formononetin derivative biosynthesis,34
http://rdf-plantmetwiki.bioinformatics.nl/pathways/PC409_r17.0.0_20260605-171052,morphine biosynthesis,34
http://rdf-plantmetwiki.bioinformatics.nl/pathways/PC604_r17.0.0_20260605-171052,"superpathway of L-lysine, L-threonine and L-methionine biosynthesis II",34
http://rdf-plantmetwiki.bioinformatics.nl/pathways/PC620_r17.0.0_20260605-171052,tropane alkaloids biosynthesis,34
http://rdf-plantmetwiki.bioinformatics.nl/pathways/PC203_r17.0.0_20260605-171052,sphingolipid biosynthesis (plants),33
http://rdf-plantmetwiki.bioinformatics.nl/pathways/PC219_r17.0.0_20260605-171052,sporopollenin precursors biosynthesis,33
http://rdf-plantmetwiki.bioinformatics.nl/pathways/PC721_r17.0.0_20260605-171052,superpathway of phylloquinol biosynthesis,33
http://rdf-plantmetwiki.bioinformatics.nl/pathways/PC442_r17.0.0_20260605-171052,paclitaxel biosynthesis,33
http://rdf-plantmetwiki.bioinformatics.nl/pathways/PC264_r17.0.0_20260605-171052,superpathway of coenzyme A biosynthesis II (plants),33
http://rdf-plantmetwiki.bioinformatics.nl/pathways/PC844_r17.0.0_20260605-171052,(S)-reticuline biosynthesis I,33
http://rdf-plantmetwiki.bioinformatics.nl/pathways/PC33_r17.0.0_20260605-171052,superpathway of choline biosynthesis,33
http://rdf-plantmetwiki.bioinformatics.nl/pathways/PC1090_r17.0.0_20260605-171052,jasmonic acid biosynthesis,33
http://rdf-plantmetwiki.bioinformatics.nl/pathways/PC1082_r17.0.0_20260605-171052,flavonoid di-C-glucosylation,32
http://rdf-plantmetwiki.bioinformatics.nl/pathways/PC1026_r17.0.0_20260605-171052,eupatolitin 3-O-glucoside biosynthesis,32
http://rdf-plantmetwiki.bioinformatics.nl/pathways/PC69_r17.0.0_20260605-171052,superpathway of branched chain amino acid biosynthesis,31
http://rdf-plantmetwiki.bioinformatics.nl/pathways/PC345_r17.0.0_20260605-171052,TCA cycle variation V (plant),31
http://rdf-plantmetwiki.bioinformatics.nl/pathways/PC1042_r17.0.0_20260605-171052,anthocyanidin acylglucoside and acylsambubioside biosynthesis,31
http://rdf-plantmetwiki.bioinformatics.nl/pathways/PC104_r17.0.0_20260605-171052,superpathway of anthocyanin biosynthesis (from cyanidin and cyanidin 3-O-glucoside),31
http://rdf-plantmetwiki.bioinformatics.nl/pathways/PC634_r17.0.0_20260605-171052,taxadiene biosynthesis (engineered),31
http://rdf-plantmetwiki.bioinformatics.nl/pathways/PC652_r17.0.0_20260605-171052,polymethylated quercetin glucoside biosynthesis I-quercetin series (Chrysosplenium),31
http://rdf-plantmetwiki.bioinformatics.nl/pathways/PC824_r17.0.0_20260605-171052,purine nucleotides degradation I (plants),31
http://rdf-plantmetwiki.bioinformatics.nl/pathways/PC585_r17.0.0_20260605-171052,superpathway of L-citrulline metabolism,31
http://rdf-plantmetwiki.bioinformatics.nl/pathways/PC722_r17.0.0_20260605-171052,glucosinolate biosynthesis from tryptophan,31
http://rdf-plantmetwiki.bioinformatics.nl/pathways/PC858_r17.0.0_20260605-171052,brassinolide biosynthesis I,31
http://rdf-plantmetwiki.bioinformatics.nl/pathways/PC59_r17.0.0_20260605-171052,glycolipid desaturation,30
http://rdf-plantmetwiki.bioinformatics.nl/pathways/PC625_r17.0.0_20260605-171052,superpathway of tetrahydrofolate biosynthesis,30
http://rdf-plantmetwiki.bioinformatics.nl/pathways/PC560_r17.0.0_20260605-171052,pelargonidin conjugates biosynthesis,30
http://rdf-plantmetwiki.bioinformatics.nl/pathways/PC633_r17.0.0_20260605-171052,sucrose biosynthesis II,30
http://rdf-plantmetwiki.bioinformatics.nl/pathways/PC554_r17.0.0_20260605-171052,berberine biosynthesis,30
http://rdf-plantmetwiki.bioinformatics.nl/pathways/PC706_r17.0.0_20260605-171052,hydroxylated fatty acid biosynthesis (plants),30
http://rdf-plantmetwiki.bioinformatics.nl/pathways/PC654_r17.0.0_20260605-171052,superpathway of hydrolyzable tannin biosynthesis,30
http://rdf-plantmetwiki.bioinformatics.nl/pathways/PC743_r17.0.0_20260605-171052,superpathway of geranylgeranyl pyrophosphate biosynthesis II (via MEP),30
http://rdf-plantmetwiki.bioinformatics.nl/pathways/PC268_r17.0.0_20260605-171052,hypoglycin biosynthesis,29
http://rdf-plantmetwiki.bioinformatics.nl/pathways/PC164_r17.0.0_20260605-171052,flavonoid biosynthesis (in equisetum),29
http://rdf-plantmetwiki.bioinformatics.nl/pathways/PC194_r17.0.0_20260605-171052,superpathway of glyoxylate cycle and fatty acid degradation,29
http://rdf-plantmetwiki.bioinformatics.nl/pathways/PC44_r17.0.0_20260605-171052,phenylpropanoids methylation (ice plant),29
http://rdf-plantmetwiki.bioinformatics.nl/pathways/PC185_r17.0.0_20260605-171052,superpathway of acylsucrose biosynthesis (cultivated tomato),29
http://rdf-plantmetwiki.bioinformatics.nl/pathways/PC239_r17.0.0_20260605-171052,superpathway of heme b biosynthesis from glutamate,28
http://rdf-plantmetwiki.bioinformatics.nl/pathways/PC816_r17.0.0_20260605-171052,isoflavonoid biosynthesis II,28
http://rdf-plantmetwiki.bioinformatics.nl/pathways/PC913_r17.0.0_20260605-171052,glucosinolate biosynthesis from phenylalanine,28
http://rdf-plantmetwiki.bioinformatics.nl/pathways/PC779_r17.0.0_20260605-171052,superpathway of benzoxazinoid glucosides biosynthesis,28
http://rdf-plantmetwiki.bioinformatics.nl/pathways/PC1056_r17.0.0_20260605-171052,sucrose degradation II (sucrose synthase),28
http://rdf-plantmetwiki.bioinformatics.nl/pathways/PC645_r17.0.0_20260605-171052,superpathway of L-isoleucine biosynthesis I,28
http://rdf-plantmetwiki.bioinformatics.nl/pathways/PC847_r17.0.0_20260605-171052,cannabinoid biosynthesis,28
http://rdf-plantmetwiki.bioinformatics.nl/pathways/PC53_r17.0.0_20260605-171052,glucosinolate biosynthesis from trihomomethionine,28
http://rdf-plantmetwiki.bioinformatics.nl/pathways/PC67_r17.0.0_20260605-171052,L-arginine biosynthesis II (acetyl cycle),27
http://rdf-plantmetwiki.bioinformatics.nl/pathways/PC1022_r17.0.0_20260605-171052,simplecoumarins biosynthesis,27
http://rdf-plantmetwiki.bioinformatics.nl/pathways/PC172_r17.0.0_20260605-171052,gossypetin metabolism,27
http://rdf-plantmetwiki.bioinformatics.nl/pathways/PC1014_r17.0.0_20260605-171052,folate transformations II (plants),27
http://rdf-plantmetwiki.bioinformatics.nl/pathways/PC1155_r17.0.0_20260605-171052,cholesterol biosynthesis I,27
http://rdf-plantmetwiki.bioinformatics.nl/pathways/PC207_r17.0.0_20260605-171052,L-histidine biosynthesis,27
http://rdf-plantmetwiki.bioinformatics.nl/pathways/PC817_r17.0.0_20260605-171052,nicotine biosynthesis,27
http://rdf-plantmetwiki.bioinformatics.nl/pathways/PC1028_r17.0.0_20260605-171052,crotonyl-CoA/ethylmalonyl-CoA/hydroxybutyryl-CoA cycle (engineered),27
http://rdf-plantmetwiki.bioinformatics.nl/pathways/PC561_r17.0.0_20260605-171052,brassinolide biosynthesis II,27
http://rdf-plantmetwiki.bioinformatics.nl/pathways/PC729_r17.0.0_20260605-171052,curcuminoid biosynthesis,27
http://rdf-plantmetwiki.bioinformatics.nl/pathways/PC629_r17.0.0_20260605-171052,capsaicin biosynthesis,27
http://rdf-plantmetwiki.bioinformatics.nl/pathways/PC340_r17.0.0_20260605-171052,cutin biosynthesis,27
http://rdf-plantmetwiki.bioinformatics.nl/pathways/PC997_r17.0.0_20260605-171052,L-arginine biosynthesis I (via L-ornithine),27
http://rdf-plantmetwiki.bioinformatics.nl/pathways/PC578_r17.0.0_20260605-171052,salvianin biosynthesis,27
http://rdf-plantmetwiki.bioinformatics.nl/pathways/PC356_r17.0.0_20260605-171052,quercetin glucoside biosynthesis (Allium),27
http://rdf-plantmetwiki.bioinformatics.nl/pathways/PC250_r17.0.0_20260605-171052,nitrogen remobilization from senescing leaves,27
http://rdf-plantmetwiki.bioinformatics.nl/pathways/PC835_r17.0.0_20260605-171052,superpathway of geranylgeranylpyrophosphate biosynthesis I (via mevalonate),27
http://rdf-plantmetwiki.bioinformatics.nl/pathways/PC777_r17.0.0_20260605-171052,kaempferol glycoside biosynthesis (Arabidopsis),27
http://rdf-plantmetwiki.bioinformatics.nl/pathways/PC674_r17.0.0_20260605-171052,indole glucosinolate activation (herbivore attack),26
http://rdf-plantmetwiki.bioinformatics.nl/pathways/PC233_r17.0.0_20260605-171052,glucosinolate biosynthesis from tetrahomomethionine,26
http://rdf-plantmetwiki.bioinformatics.nl/pathways/PC365_r17.0.0_20260605-171052,cardenolide glucosides biosynthesis,26
http://rdf-plantmetwiki.bioinformatics.nl/pathways/PC450_r17.0.0_20260605-171052,glucosinolate biosynthesis from hexahomomethionine,26
http://rdf-plantmetwiki.bioinformatics.nl/pathways/PC347_r17.0.0_20260605-171052,starch biosynthesis,26
http://rdf-plantmetwiki.bioinformatics.nl/pathways/PC639_r17.0.0_20260605-171052,alliin metabolism,26
http://rdf-plantmetwiki.bioinformatics.nl/pathways/PC693_r17.0.0_20260605-171052,protein N-glycosylation initial phase (eukaryotic),26
http://rdf-plantmetwiki.bioinformatics.nl/pathways/PC414_r17.0.0_20260605-171052,glucosinolate biosynthesis from pentahomomethionine,26
http://rdf-plantmetwiki.bioinformatics.nl/pathways/PC557_r17.0.0_20260605-171052,NAD de novo biosynthesis II (from tryptophan),26
http://rdf-plantmetwiki.bioinformatics.nl/pathways/PC272_r17.0.0_20260605-171052,superpathway of thiamine pyrophosphate biosynthesis III (eukaryotes),26
http://rdf-plantmetwiki.bioinformatics.nl/pathways/PC507_r17.0.0_20260605-171052,shisonin biosynthesis,26
http://rdf-plantmetwiki.bioinformatics.nl/pathways/PC337_r17.0.0_20260605-171052,flavonol acylglucoside biosynthesis I-kaempferol derivatives,25
http://rdf-plantmetwiki.bioinformatics.nl/pathways/PC423_r17.0.0_20260605-171052,salicortin biosynthesis,25
http://rdf-plantmetwiki.bioinformatics.nl/pathways/PC1086_r17.0.0_20260605-171052,"benzoate biosynthesis I (CoA-dependent, β-oxidative)",25
http://rdf-plantmetwiki.bioinformatics.nl/pathways/PC1125_r17.0.0_20260605-171052,ginsenosides biosynthesis,25
http://rdf-plantmetwiki.bioinformatics.nl/pathways/PC883_r17.0.0_20260605-171052,reductive TCA cycle I,25
http://rdf-plantmetwiki.bioinformatics.nl/pathways/PC887_r17.0.0_20260605-171052,polymethylated myricetin biosynthesis (tomato),25
http://rdf-plantmetwiki.bioinformatics.nl/pathways/PC795_r17.0.0_20260605-171052,chlorogenic acid biosynthesis I,25
http://rdf-plantmetwiki.bioinformatics.nl/pathways/PC275_r17.0.0_20260605-171052,superpathway of pantothenate and coenzymeA biosynthesis,25
http://rdf-plantmetwiki.bioinformatics.nl/pathways/PC1118_r17.0.0_20260605-171052,flavonoid biosynthesis,25
http://rdf-plantmetwiki.bioinformatics.nl/pathways/PC641_r17.0.0_20260605-171052,superpathway of guanosine nucleotides degradation (plants),25
http://rdf-plantmetwiki.bioinformatics.nl/pathways/PC733_r17.0.0_20260605-171052,superpathway of pyrimidine deoxyribonucleotides de novo biosynthesis (E. coli),25
http://rdf-plantmetwiki.bioinformatics.nl/pathways/PC7_r17.0.0_20260605-171052,"3,8-divinyl-chlorophyllide a biosynthesis I (aerobic, light-dependent)",25
http://rdf-plantmetwiki.bioinformatics.nl/pathways/PC643_r17.0.0_20260605-171052,UDP-N-acetyl-D-glucosamine biosynthesis II,25
http://rdf-plantmetwiki.bioinformatics.nl/pathways/PC549_r17.0.0_20260605-171052,adenosine nucleotides degradation I,24
http://rdf-plantmetwiki.bioinformatics.nl/pathways/PC520_r17.0.0_20260605-171052,hyperxanthone E biosynthesis,24
http://rdf-plantmetwiki.bioinformatics.nl/pathways/PC355_r17.0.0_20260605-171052,superpathway of pterocarpan biosynthesis (via daidzein),24
http://rdf-plantmetwiki.bioinformatics.nl/pathways/PC420_r17.0.0_20260605-171052,flavonol acylglucoside biosynthesis III-quercetin derivatives,24
http://rdf-plantmetwiki.bioinformatics.nl/pathways/PC683_r17.0.0_20260605-171052,rosmarinic acid biosynthesis II,24
http://rdf-plantmetwiki.bioinformatics.nl/pathways/PC119_r17.0.0_20260605-171052,hispidol and hispidol 4'-O-β-D-glucoside biosynthesis,24
http://rdf-plantmetwiki.bioinformatics.nl/pathways/PC778_r17.0.0_20260605-171052,indole glucosinolate activation (intact plant cell),24
http://rdf-plantmetwiki.bioinformatics.nl/pathways/PC666_r17.0.0_20260605-171052,gibberellin inactivation I (2β-hydroxylation),24
http://rdf-plantmetwiki.bioinformatics.nl/pathways/PC749_r17.0.0_20260605-171052,photorespiration I,24
http://rdf-plantmetwiki.bioinformatics.nl/pathways/PC567_r17.0.0_20260605-171052,guanosine nucleotides degradation I,24
http://rdf-plantmetwiki.bioinformatics.nl/pathways/PC120_r17.0.0_20260605-171052,lysine degradation III,24
http://rdf-plantmetwiki.bioinformatics.nl/pathways/PC449_r17.0.0_20260605-171052,very long chain fatty acid biosynthesis II,24
http://rdf-plantmetwiki.bioinformatics.nl/pathways/PC184_r17.0.0_20260605-171052,traumatin and (Z)-3-hexen-1-yl acetate biosynthesis,24
http://rdf-plantmetwiki.bioinformatics.nl/pathways/PC220_r17.0.0_20260605-171052,"cholesterol biosynthesis (plants, early side-chain reductase)",23
http://rdf-plantmetwiki.bioinformatics.nl/pathways/PC600_r17.0.0_20260605-171052,dimethylsulfoniopropanoate biosynthesis II (Spartina),23
http://rdf-plantmetwiki.bioinformatics.nl/pathways/PC152_r17.0.0_20260605-171052,rutin biosynthesis,23
http://rdf-plantmetwiki.bioinformatics.nl/pathways/PC924_r17.0.0_20260605-171052,indole-3-acetate biosynthesis II,23
http://rdf-plantmetwiki.bioinformatics.nl/pathways/PC967_r17.0.0_20260605-171052,glutathione-mediated detoxification II,23
http://rdf-plantmetwiki.bioinformatics.nl/pathways/PC916_r17.0.0_20260605-171052,superpathway of tetrahydroxyxanthone biosynthesis,23
http://rdf-plantmetwiki.bioinformatics.nl/pathways/PC241_r17.0.0_20260605-171052,superpathway of avenacin A biosynthesis,23
http://rdf-plantmetwiki.bioinformatics.nl/pathways/PC301_r17.0.0_20260605-171052,superpathway of linamarin and lotaustralin biosynthesis,23
http://rdf-plantmetwiki.bioinformatics.nl/pathways/PC908_r17.0.0_20260605-171052,ubiquinol-10 biosynthesis (late decarboxylation),23
http://rdf-plantmetwiki.bioinformatics.nl/pathways/PC293_r17.0.0_20260605-171052,guanosine nucleotides degradation II,23
http://rdf-plantmetwiki.bioinformatics.nl/pathways/PC277_r17.0.0_20260605-171052,superpathway of pyrimidine ribonucleotides de novo biosynthesis,23
http://rdf-plantmetwiki.bioinformatics.nl/pathways/PC681_r17.0.0_20260605-171052,stachyose biosynthesis,23
http://rdf-plantmetwiki.bioinformatics.nl/pathways/PC869_r17.0.0_20260605-171052,solasodine and soladulcidine biosynthesis,23
http://rdf-plantmetwiki.bioinformatics.nl/pathways/PC292_r17.0.0_20260605-171052,ephedrine biosynthesis,23
http://rdf-plantmetwiki.bioinformatics.nl/pathways/PC111_r17.0.0_20260605-171052,aurone biosynthesis,23
http://rdf-plantmetwiki.bioinformatics.nl/pathways/PC1094_r17.0.0_20260605-171052,D-sorbitol biosynthesis I,23
http://rdf-plantmetwiki.bioinformatics.nl/pathways/PC189_r17.0.0_20260605-171052,NAD de novo biosynthesis I,22
http://rdf-plantmetwiki.bioinformatics.nl/pathways/PC335_r17.0.0_20260605-171052,NAD salvage (plants),22
http://rdf-plantmetwiki.bioinformatics.nl/pathways/PC248_r17.0.0_20260605-171052,linear furanocoumarin biosynthesis,22
http://rdf-plantmetwiki.bioinformatics.nl/pathways/PC1104_r17.0.0_20260605-171052,quercetin sulfate biosynthesis,22
http://rdf-plantmetwiki.bioinformatics.nl/pathways/PC58_r17.0.0_20260605-171052,6-methoxymellein biosynthesis,22
http://rdf-plantmetwiki.bioinformatics.nl/pathways/PC415_r17.0.0_20260605-171052,gossypol biosynthesis,22
http://rdf-plantmetwiki.bioinformatics.nl/pathways/PC907_r17.0.0_20260605-171052,L-citrulline biosynthesis,22
http://rdf-plantmetwiki.bioinformatics.nl/pathways/PC90_r17.0.0_20260605-171052,"C4 photosynthetic carbon assimilation cycle, NAD-ME type",22
http://rdf-plantmetwiki.bioinformatics.nl/pathways/PC500_r17.0.0_20260605-171052,carotenoid cleavage,22
http://rdf-plantmetwiki.bioinformatics.nl/pathways/PC521_r17.0.0_20260605-171052,2'-deoxymugineic acid phytosiderophore biosynthesis,22
http://rdf-plantmetwiki.bioinformatics.nl/pathways/PC665_r17.0.0_20260605-171052,ethene biosynthesis I (plants),22
http://rdf-plantmetwiki.bioinformatics.nl/pathways/PC562_r17.0.0_20260605-171052,superpathway of isoleucine and valine biosynthesis,22
http://rdf-plantmetwiki.bioinformatics.nl/pathways/PC109_r17.0.0_20260605-171052,S-adenosyl-L-methionine salvage II,22
http://rdf-plantmetwiki.bioinformatics.nl/pathways/PC9_r17.0.0_20260605-171052,palmatine biosynthesis,22
http://rdf-plantmetwiki.bioinformatics.nl/pathways/PC52_r17.0.0_20260605-171052,L-methionine degradation I (to L-homocysteine),22
http://rdf-plantmetwiki.bioinformatics.nl/pathways/PC838_r17.0.0_20260605-171052,superpathway of fatty acid biosynthesis II (plant),22
http://rdf-plantmetwiki.bioinformatics.nl/pathways/PC61_r17.0.0_20260605-171052,isoprene biosynthesis I,22
http://rdf-plantmetwiki.bioinformatics.nl/pathways/PC132_r17.0.0_20260605-171052,detoxification of reactive carbonyls in chloroplasts,22
http://rdf-plantmetwiki.bioinformatics.nl/pathways/PC1080_r17.0.0_20260605-171052,phospholipid desaturation,21
http://rdf-plantmetwiki.bioinformatics.nl/pathways/PC833_r17.0.0_20260605-171052,pyrimidine deoxyribonucleotides de novo biosynthesis I,21
http://rdf-plantmetwiki.bioinformatics.nl/pathways/PC118_r17.0.0_20260605-171052,"2,4,6-trinitrotoluene degradation",21
http://rdf-plantmetwiki.bioinformatics.nl/pathways/PC615_r17.0.0_20260605-171052,camalexin biosynthesis,21
http://rdf-plantmetwiki.bioinformatics.nl/pathways/PC1002_r17.0.0_20260605-171052,"C4 photosynthetic carbon assimilation cycle, PEPCK type",21
http://rdf-plantmetwiki.bioinformatics.nl/pathways/PC150_r17.0.0_20260605-171052,sinapate ester biosynthesis,21
http://rdf-plantmetwiki.bioinformatics.nl/pathways/PC75_r17.0.0_20260605-171052,ergosterol biosynthesis II,21
http://rdf-plantmetwiki.bioinformatics.nl/pathways/PC1035_r17.0.0_20260605-171052,L-lysine biosynthesis VI,21
http://rdf-plantmetwiki.bioinformatics.nl/pathways/PC266_r17.0.0_20260605-171052,L-lysine degradation I,21
http://rdf-plantmetwiki.bioinformatics.nl/pathways/PC255_r17.0.0_20260605-171052,ubiquinol-9 biosynthesis (late decarboxylation),21
http://rdf-plantmetwiki.bioinformatics.nl/pathways/PC766_r17.0.0_20260605-171052,methylerythritol phosphate pathway II,21
http://rdf-plantmetwiki.bioinformatics.nl/pathways/PC413_r17.0.0_20260605-171052,lysine degradation II,21
http://rdf-plantmetwiki.bioinformatics.nl/pathways/PC154_r17.0.0_20260605-171052,phytate degradation I,21
http://rdf-plantmetwiki.bioinformatics.nl/pathways/PC712_r17.0.0_20260605-171052,hydroxycinnamic acid tyramine amides biosynthesis,21
http://rdf-plantmetwiki.bioinformatics.nl/pathways/PC977_r17.0.0_20260605-171052,TCA cycle II (plants and fungi),21
http://rdf-plantmetwiki.bioinformatics.nl/pathways/PC535_r17.0.0_20260605-171052,choline biosynthesis I,21
http://rdf-plantmetwiki.bioinformatics.nl/pathways/PC472_r17.0.0_20260605-171052,L-Nδ-acetylornithine biosynthesis,21
http://rdf-plantmetwiki.bioinformatics.nl/pathways/PC825_r17.0.0_20260605-171052,flavin biosynthesis I (bacteria and plants),21
http://rdf-plantmetwiki.bioinformatics.nl/pathways/PC1060_r17.0.0_20260605-171052,superpathway of anthocyanin biosynthesis (from delphinidin 3-O-glucoside),21
http://rdf-plantmetwiki.bioinformatics.nl/pathways/PC769_r17.0.0_20260605-171052,menthol biosynthesis,21
http://rdf-plantmetwiki.bioinformatics.nl/pathways/PC802_r17.0.0_20260605-171052,propanethial S-oxide biosynthesis,21
http://rdf-plantmetwiki.bioinformatics.nl/pathways/PC946_r17.0.0_20260605-171052,stachyose degradation,21
http://rdf-plantmetwiki.bioinformatics.nl/pathways/PC755_r17.0.0_20260605-171052,6-gingerol analog biosynthesis (engineered),21
http://rdf-plantmetwiki.bioinformatics.nl/pathways/PC628_r17.0.0_20260605-171052,methylerythritol phosphate pathway I,21
http://rdf-plantmetwiki.bioinformatics.nl/pathways/PC697_r17.0.0_20260605-171052,esculetin modification,21
http://rdf-plantmetwiki.bioinformatics.nl/pathways/PC323_r17.0.0_20260605-171052,1-methylpyrrolinium biosynthesis,21
http://rdf-plantmetwiki.bioinformatics.nl/pathways/PC123_r17.0.0_20260605-171052,L-valine degradation I,20
http://rdf-plantmetwiki.bioinformatics.nl/pathways/PC454_r17.0.0_20260605-171052,leucopelargonidin and leucocyanidin biosynthesis,20
http://rdf-plantmetwiki.bioinformatics.nl/pathways/PC23_r17.0.0_20260605-171052,kaempferol triglucoside biosynthesis,20
http://rdf-plantmetwiki.bioinformatics.nl/pathways/PC692_r17.0.0_20260605-171052,proanthocyanidins biosynthesis from flavanols,20
http://rdf-plantmetwiki.bioinformatics.nl/pathways/PC401_r17.0.0_20260605-171052,icosapentaenoate biosynthesis I (lower eukaryotes),20
http://rdf-plantmetwiki.bioinformatics.nl/pathways/PC849_r17.0.0_20260605-171052,cocaine biosynthesis,20
http://rdf-plantmetwiki.bioinformatics.nl/pathways/PC162_r17.0.0_20260605-171052,trans-zeatin biosynthesis,20
http://rdf-plantmetwiki.bioinformatics.nl/pathways/PC584_r17.0.0_20260605-171052,"phosphatidate metabolism, as a signaling molecule",20
http://rdf-plantmetwiki.bioinformatics.nl/pathways/PC1061_r17.0.0_20260605-171052,"phosphatidate metabolism, as a signaling molecule (Chlamydomonas)",20
http://rdf-plantmetwiki.bioinformatics.nl/pathways/PC244_r17.0.0_20260605-171052,ureide biosynthesis,20
http://rdf-plantmetwiki.bioinformatics.nl/pathways/PC699_r17.0.0_20260605-171052,GDP-mannose biosynthesis,20
http://rdf-plantmetwiki.bioinformatics.nl/pathways/PC1068_r17.0.0_20260605-171052,L-leucine degradation I,20
http://rdf-plantmetwiki.bioinformatics.nl/pathways/PC206_r17.0.0_20260605-171052,"arachidonate biosynthesis I (6-desaturase, lower eukaryotes)",20
http://rdf-plantmetwiki.bioinformatics.nl/pathways/PC166_r17.0.0_20260605-171052,superpathway of pyrimidine ribonucleosides salvage,20
http://rdf-plantmetwiki.bioinformatics.nl/pathways/PC40_r17.0.0_20260605-171052,emetine biosynthesis,20
http://rdf-plantmetwiki.bioinformatics.nl/pathways/PC478_r17.0.0_20260605-171052,γ-coniciene and coniine biosynthesis,20
http://rdf-plantmetwiki.bioinformatics.nl/pathways/PC952_r17.0.0_20260605-171052,UMP biosynthesis I,20
http://rdf-plantmetwiki.bioinformatics.nl/pathways/PC18_r17.0.0_20260605-171052,lupulone and humulone biosynthesis,20
http://rdf-plantmetwiki.bioinformatics.nl/pathways/PC1011_r17.0.0_20260605-171052,poly-hydroxy fatty acids biosynthesis,20
http://rdf-plantmetwiki.bioinformatics.nl/pathways/PC278_r17.0.0_20260605-171052,colupulone and cohumulone biosynthesis,20
http://rdf-plantmetwiki.bioinformatics.nl/pathways/PC940_r17.0.0_20260605-171052,superpathway of plastoquinol biosynthesis,20
http://rdf-plantmetwiki.bioinformatics.nl/pathways/PC143_r17.0.0_20260605-171052,volatile esters biosynthesis (during fruit ripening),20
http://rdf-plantmetwiki.bioinformatics.nl/pathways/PC276_r17.0.0_20260605-171052,furaneol and mesifurane biosynthesis,20
http://rdf-plantmetwiki.bioinformatics.nl/pathways/PC663_r17.0.0_20260605-171052,betacyanin biosynthesis,19
http://rdf-plantmetwiki.bioinformatics.nl/pathways/PC349_r17.0.0_20260605-171052,aerobic respiration III (alternative oxidase pathway),19
http://rdf-plantmetwiki.bioinformatics.nl/pathways/PC727_r17.0.0_20260605-171052,justicidin B biosynthesis,19
http://rdf-plantmetwiki.bioinformatics.nl/pathways/PC1116_r17.0.0_20260605-171052,pyrethrin I biosynthesis,19
http://rdf-plantmetwiki.bioinformatics.nl/pathways/PC1049_r17.0.0_20260605-171052,docosahexaenoate biosynthesis I (lower eukaryotes),19
http://rdf-plantmetwiki.bioinformatics.nl/pathways/PC942_r17.0.0_20260605-171052,tetrapyrrole biosynthesis I (from glutamate),19
http://rdf-plantmetwiki.bioinformatics.nl/pathways/PC993_r17.0.0_20260605-171052,lupanine biosynthesis,19
http://rdf-plantmetwiki.bioinformatics.nl/pathways/PC900_r17.0.0_20260605-171052,quercetin gentiotetraside biosynthesis,19
http://rdf-plantmetwiki.bioinformatics.nl/pathways/PC354_r17.0.0_20260605-171052,"benzoate biosynthesis III (CoA-dependent, non-β-oxidative)",19
http://rdf-plantmetwiki.bioinformatics.nl/pathways/PC850_r17.0.0_20260605-171052,sucrose degradation III (sucrose invertase),19
http://rdf-plantmetwiki.bioinformatics.nl/pathways/PC949_r17.0.0_20260605-171052,pyridoxal 5'-phosphate salvage II (plants),19
http://rdf-plantmetwiki.bioinformatics.nl/pathways/PC31_r17.0.0_20260605-171052,matairesinol biosynthesis,19
http://rdf-plantmetwiki.bioinformatics.nl/pathways/PC696_r17.0.0_20260605-171052,indole-3-acetate inactivation VIII,19
http://rdf-plantmetwiki.bioinformatics.nl/pathways/PC1107_r17.0.0_20260605-171052,hydroxycinnamic acid serotonin amides biosynthesis,19
http://rdf-plantmetwiki.bioinformatics.nl/pathways/PC901_r17.0.0_20260605-171052,robustaquinone biosynthesis,19
http://rdf-plantmetwiki.bioinformatics.nl/pathways/PC377_r17.0.0_20260605-171052,phosphatidylglycerol biosynthesis II,19
http://rdf-plantmetwiki.bioinformatics.nl/pathways/PC964_r17.0.0_20260605-171052,tetrahydroxyxanthone biosynthesis (from 3-hydroxybenzoate),19
http://rdf-plantmetwiki.bioinformatics.nl/pathways/PC870_r17.0.0_20260605-171052,flavonol glucosylation I,19
http://rdf-plantmetwiki.bioinformatics.nl/pathways/PC1065_r17.0.0_20260605-171052,volatile benzenoid biosynthesis I (ester formation),19
http://rdf-plantmetwiki.bioinformatics.nl/pathways/PC312_r17.0.0_20260605-171052,sorgoleone biosynthesis,19
http://rdf-plantmetwiki.bioinformatics.nl/pathways/PC86_r17.0.0_20260605-171052,indole-3-acetate inactivation IX,19
http://rdf-plantmetwiki.bioinformatics.nl/pathways/PC646_r17.0.0_20260605-171052,phosphatidylethanolamine biosynthesis II,19
http://rdf-plantmetwiki.bioinformatics.nl/pathways/PC947_r17.0.0_20260605-171052,digitoxigenin biosynthesis,19
http://rdf-plantmetwiki.bioinformatics.nl/pathways/PC97_r17.0.0_20260605-171052,methyl ketone biosynthesis (engineered),19
http://rdf-plantmetwiki.bioinformatics.nl/pathways/PC1139_r17.0.0_20260605-171052,polymethylated quercetin biosynthesis,19
http://rdf-plantmetwiki.bioinformatics.nl/pathways/PC453_r17.0.0_20260605-171052,glucosinolate activation,19
http://rdf-plantmetwiki.bioinformatics.nl/pathways/PC362_r17.0.0_20260605-171052,superpathway of pyrimidine deoxyribonucleoside salvage,19
http://rdf-plantmetwiki.bioinformatics.nl/pathways/PC542_r17.0.0_20260605-171052,isoprene biosynthesis II (engineered),19
http://rdf-plantmetwiki.bioinformatics.nl/pathways/PC73_r17.0.0_20260605-171052,adlupulone and adhumulone biosynthesis,19
http://rdf-plantmetwiki.bioinformatics.nl/pathways/PC147_r17.0.0_20260605-171052,syringetin biosynthesis,19
http://rdf-plantmetwiki.bioinformatics.nl/pathways/PC632_r17.0.0_20260605-171052,aerobic respiration I (cytochrome c),19
http://rdf-plantmetwiki.bioinformatics.nl/pathways/PC595_r17.0.0_20260605-171052,UTP and CTP dephosphorylation I,19
http://rdf-plantmetwiki.bioinformatics.nl/pathways/PC717_r17.0.0_20260605-171052,seleno-amino acid biosynthesis (plants),18
http://rdf-plantmetwiki.bioinformatics.nl/pathways/PC705_r17.0.0_20260605-171052,superpathway of fermentation (Chlamydomonas reinhardtii),18
http://rdf-plantmetwiki.bioinformatics.nl/pathways/PC341_r17.0.0_20260605-171052,pyrimidine deoxyribonucleotides de novo biosynthesis II,18
http://rdf-plantmetwiki.bioinformatics.nl/pathways/PC1151_r17.0.0_20260605-171052,pyridoxal 5'-phosphate salvage I,18
http://rdf-plantmetwiki.bioinformatics.nl/pathways/PC818_r17.0.0_20260605-171052,epiberberine biosynthesis,18
http://rdf-plantmetwiki.bioinformatics.nl/pathways/PC922_r17.0.0_20260605-171052,L-methionine biosynthesis II,18
http://rdf-plantmetwiki.bioinformatics.nl/pathways/PC1132_r17.0.0_20260605-171052,hyperforin and adhyperforin biosynthesis,18
http://rdf-plantmetwiki.bioinformatics.nl/pathways/PC1147_r17.0.0_20260605-171052,superpathway of L-threonine biosynthesis,18
http://rdf-plantmetwiki.bioinformatics.nl/pathways/PC758_r17.0.0_20260605-171052,coumarin biosynthesis (via 2-coumarate),18
http://rdf-plantmetwiki.bioinformatics.nl/pathways/PC918_r17.0.0_20260605-171052,isovitexin glycosides biosynthesis,18
http://rdf-plantmetwiki.bioinformatics.nl/pathways/PC617_r17.0.0_20260605-171052,glycerolipid acyl chain desaturation (Chlamydomonas),18
http://rdf-plantmetwiki.bioinformatics.nl/pathways/PC3_r17.0.0_20260605-171052,stellariose and mediose biosynthesis,18
http://rdf-plantmetwiki.bioinformatics.nl/pathways/PC678_r17.0.0_20260605-171052,kaempferide triglycoside biosynthesis,18
http://rdf-plantmetwiki.bioinformatics.nl/pathways/PC739_r17.0.0_20260605-171052,zymosterol biosynthesis,18
http://rdf-plantmetwiki.bioinformatics.nl/pathways/PC814_r17.0.0_20260605-171052,artemisinin and arteannuin B biosynthesis,18
http://rdf-plantmetwiki.bioinformatics.nl/pathways/PC131_r17.0.0_20260605-171052,colchicine biosynthesis,18
http://rdf-plantmetwiki.bioinformatics.nl/pathways/PC968_r17.0.0_20260605-171052,scopoletin biosynthesis,18
http://rdf-plantmetwiki.bioinformatics.nl/pathways/PC199_r17.0.0_20260605-171052,arabidopyrone biosynthesis,18
http://rdf-plantmetwiki.bioinformatics.nl/pathways/PC768_r17.0.0_20260605-171052,L-serine biosynthesis II,18
http://rdf-plantmetwiki.bioinformatics.nl/pathways/PC1119_r17.0.0_20260605-171052,trans-lycopene biosynthesis II (oxygenic phototrophs and green sulfur bacteria),17
http://rdf-plantmetwiki.bioinformatics.nl/pathways/PC565_r17.0.0_20260605-171052,epoxypseudoisoeugenol-2-methylbutanoate biosynthesis,17
http://rdf-plantmetwiki.bioinformatics.nl/pathways/PC1032_r17.0.0_20260605-171052,saponin biosynthesis II,17
http://rdf-plantmetwiki.bioinformatics.nl/pathways/PC581_r17.0.0_20260605-171052,L-ornithine biosynthesis I,17
http://rdf-plantmetwiki.bioinformatics.nl/pathways/PC1101_r17.0.0_20260605-171052,pyrimidine ribonucleotides interconversion,17
http://rdf-plantmetwiki.bioinformatics.nl/pathways/PC382_r17.0.0_20260605-171052,"2-carboxy-1,4-naphthoquinol biosynthesis",17
http://rdf-plantmetwiki.bioinformatics.nl/pathways/PC493_r17.0.0_20260605-171052,medicarpin conjugates interconversion,17
http://rdf-plantmetwiki.bioinformatics.nl/pathways/PC1036_r17.0.0_20260605-171052,phosphopantothenate biosynthesis I,17
http://rdf-plantmetwiki.bioinformatics.nl/pathways/PC1070_r17.0.0_20260605-171052,L-isoleucine biosynthesis I (from threonine),17
http://rdf-plantmetwiki.bioinformatics.nl/pathways/PC990_r17.0.0_20260605-171052,myricetin gentiobioside biosynthesis,17
http://rdf-plantmetwiki.bioinformatics.nl/pathways/PC65_r17.0.0_20260605-171052,acridone alkaloid biosynthesis,17
http://rdf-plantmetwiki.bioinformatics.nl/pathways/PC1089_r17.0.0_20260605-171052,luteolinidin 5-O-glucoside biosynthesis,17
http://rdf-plantmetwiki.bioinformatics.nl/pathways/PC1078_r17.0.0_20260605-171052,methiin metabolism,17
http://rdf-plantmetwiki.bioinformatics.nl/pathways/PC57_r17.0.0_20260605-171052,superpathway of methylsalicylate metabolism,17
http://rdf-plantmetwiki.bioinformatics.nl/pathways/PC1120_r17.0.0_20260605-171052,"C4 photosynthetic carbon assimilation cycle, NADP-ME type",17
http://rdf-plantmetwiki.bioinformatics.nl/pathways/PC227_r17.0.0_20260605-171052,α-solanine/α-chaconine biosynthesis,17
http://rdf-plantmetwiki.bioinformatics.nl/pathways/PC836_r17.0.0_20260605-171052,podophyllotoxin glucosides metabolism,17
http://rdf-plantmetwiki.bioinformatics.nl/pathways/PC191_r17.0.0_20260605-171052,kaempferol gentiobioside biosynthesis,17
http://rdf-plantmetwiki.bioinformatics.nl/pathways/PC1108_r17.0.0_20260605-171052,biochanin A conjugates interconversion,17
http://rdf-plantmetwiki.bioinformatics.nl/pathways/PC877_r17.0.0_20260605-171052,alkane biosynthesis II,17
http://rdf-plantmetwiki.bioinformatics.nl/pathways/PC713_r17.0.0_20260605-171052,acylated cyanidin galactoside biosynthesis,17
http://rdf-plantmetwiki.bioinformatics.nl/pathways/PC1021_r17.0.0_20260605-171052,D-galactose degradation I (Leloir pathway),17
http://rdf-plantmetwiki.bioinformatics.nl/pathways/PC512_r17.0.0_20260605-171052,"1,4-dihydroxy-2-naphthoate biosynthesis II (plants)",17
http://rdf-plantmetwiki.bioinformatics.nl/pathways/PC962_r17.0.0_20260605-171052,apigeninidin 5-O-glucoside biosynthesis,17
http://rdf-plantmetwiki.bioinformatics.nl/pathways/PC1010_r17.0.0_20260605-171052,anthocyanidin sambubioside biosynthesis,17
http://rdf-plantmetwiki.bioinformatics.nl/pathways/PC180_r17.0.0_20260605-171052,superpathway of L-phenylalanine and L-tyrosine biosynthesis,17
http://rdf-plantmetwiki.bioinformatics.nl/pathways/PC760_r17.0.0_20260605-171052,Inorganic Nitrogen Assimilation,17
http://rdf-plantmetwiki.bioinformatics.nl/pathways/PC764_r17.0.0_20260605-171052,superpathway of jasmonoyl-amino acid conjugates biosynthesis,17
http://rdf-plantmetwiki.bioinformatics.nl/pathways/PC488_r17.0.0_20260605-171052,juvenile hormone III biosynthesis I,17
http://rdf-plantmetwiki.bioinformatics.nl/pathways/PC810_r17.0.0_20260605-171052,genistein conjugates interconversion,17
http://rdf-plantmetwiki.bioinformatics.nl/pathways/PC1113_r17.0.0_20260605-171052,superpathway of oleoresin turpentine biosynthesis,17
http://rdf-plantmetwiki.bioinformatics.nl/pathways/PC290_r17.0.0_20260605-171052,lychnose and isolychnose biosynthesis,17
http://rdf-plantmetwiki.bioinformatics.nl/pathways/PC1052_r17.0.0_20260605-171052,daidzein conjugates interconversion,17
http://rdf-plantmetwiki.bioinformatics.nl/pathways/PC801_r17.0.0_20260605-171052,phosphatidylglycerol biosynthesis I,17
http://rdf-plantmetwiki.bioinformatics.nl/pathways/PC445_r17.0.0_20260605-171052,L-tryptophan biosynthesis,17
http://rdf-plantmetwiki.bioinformatics.nl/pathways/PC1123_r17.0.0_20260605-171052,violdelphin biosynthesis,17
http://rdf-plantmetwiki.bioinformatics.nl/pathways/PC787_r17.0.0_20260605-171052,ascorbate glutathione cycle,17
http://rdf-plantmetwiki.bioinformatics.nl/pathways/PC469_r17.0.0_20260605-171052,zealexin biosynthesis,17
http://rdf-plantmetwiki.bioinformatics.nl/pathways/PC594_r17.0.0_20260605-171052,6-hydroxymethyl-dihydropterin pyrophosphate biosynthesis I,17
http://rdf-plantmetwiki.bioinformatics.nl/pathways/PC603_r17.0.0_20260605-171052,urea cycle,17
http://rdf-plantmetwiki.bioinformatics.nl/pathways/PC945_r17.0.0_20260605-171052,homogalacturonan biosynthesis,17
http://rdf-plantmetwiki.bioinformatics.nl/pathways/PC937_r17.0.0_20260605-171052,4-hydroxybenzoate biosynthesis III (plants),17
http://rdf-plantmetwiki.bioinformatics.nl/pathways/PC539_r17.0.0_20260605-171052,S-methyl-5'-thioadenosine degradation I,17
http://rdf-plantmetwiki.bioinformatics.nl/pathways/PC1059_r17.0.0_20260605-171052,mevalonate pathway I (eukaryotes and bacteria),17
http://rdf-plantmetwiki.bioinformatics.nl/pathways/PC536_r17.0.0_20260605-171052,superpathway of glandular trichomes produced diterpenoids (tobacco),17
http://rdf-plantmetwiki.bioinformatics.nl/pathways/PC484_r17.0.0_20260605-171052,xanthohumol biosynthesis,17
http://rdf-plantmetwiki.bioinformatics.nl/pathways/PC568_r17.0.0_20260605-171052,maackiain conjugates interconversion,17
http://rdf-plantmetwiki.bioinformatics.nl/pathways/PC1005_r17.0.0_20260605-171052,L-homomethionine biosynthesis,17
http://rdf-plantmetwiki.bioinformatics.nl/pathways/PC367_r17.0.0_20260605-171052,seleno-amino acid detoxification and volatilization II,17
http://rdf-plantmetwiki.bioinformatics.nl/pathways/PC85_r17.0.0_20260605-171052,cytokinins 7-N-glucoside biosynthesis,17
http://rdf-plantmetwiki.bioinformatics.nl/pathways/PC385_r17.0.0_20260605-171052,(-)-maackiain biosynthesis,17
http://rdf-plantmetwiki.bioinformatics.nl/pathways/PC314_r17.0.0_20260605-171052,β-alanine biosynthesis II,17
http://rdf-plantmetwiki.bioinformatics.nl/pathways/PC1039_r17.0.0_20260605-171052,phenylphenalenone biosynthesis,17
http://rdf-plantmetwiki.bioinformatics.nl/pathways/PC446_r17.0.0_20260605-171052,quercetin triglucoside biosynthesis,17
http://rdf-plantmetwiki.bioinformatics.nl/pathways/PC994_r17.0.0_20260605-171052,tetrahydrofolate biosynthesis I,17
http://rdf-plantmetwiki.bioinformatics.nl/pathways/PC1109_r17.0.0_20260605-171052,UDP-galactose biosynthesis (salvage pathway from galactose using UDP-glucose),17
http://rdf-plantmetwiki.bioinformatics.nl/pathways/PC979_r17.0.0_20260605-171052,brassinosteroids inactivation,17
http://rdf-plantmetwiki.bioinformatics.nl/pathways/PC981_r17.0.0_20260605-171052,purine nucleosides salvage II (plant),17
http://rdf-plantmetwiki.bioinformatics.nl/pathways/PC16_r17.0.0_20260605-171052,papaverine biosynthesis,17
http://rdf-plantmetwiki.bioinformatics.nl/pathways/PC1110_r17.0.0_20260605-171052,5-aminoimidazole ribonucleotide biosynthesis I,17
http://rdf-plantmetwiki.bioinformatics.nl/pathways/PC1058_r17.0.0_20260605-171052,sesamin biosynthesis,16
http://rdf-plantmetwiki.bioinformatics.nl/pathways/PC598_r17.0.0_20260605-171052,L-leucine biosynthesis,16
http://rdf-plantmetwiki.bioinformatics.nl/pathways/PC137_r17.0.0_20260605-171052,indole-3-acetate inactivation VII,16
http://rdf-plantmetwiki.bioinformatics.nl/pathways/PC621_r17.0.0_20260605-171052,coptisine biosynthesis,16
http://rdf-plantmetwiki.bioinformatics.nl/pathways/PC298_r17.0.0_20260605-171052,UDP-α-D-glucuronate biosynthesis (from myo-inositol),16
http://rdf-plantmetwiki.bioinformatics.nl/pathways/PC476_r17.0.0_20260605-171052,calystegine biosynthesis,16
http://rdf-plantmetwiki.bioinformatics.nl/pathways/PC136_r17.0.0_20260605-171052,spermine and spermidine degradation II,16
http://rdf-plantmetwiki.bioinformatics.nl/pathways/PC619_r17.0.0_20260605-171052,chorismate biosynthesis I,16
http://rdf-plantmetwiki.bioinformatics.nl/pathways/PC363_r17.0.0_20260605-171052,crocetin biosynthesis,16
http://rdf-plantmetwiki.bioinformatics.nl/pathways/PC99_r17.0.0_20260605-171052,flavonol biosynthesis,16
http://rdf-plantmetwiki.bioinformatics.nl/pathways/PC999_r17.0.0_20260605-171052,NAD biosynthesis from 2-amino-3-carboxymuconate semialdehyde,16
http://rdf-plantmetwiki.bioinformatics.nl/pathways/PC890_r17.0.0_20260605-171052,juniperonate biosynthesis,16
http://rdf-plantmetwiki.bioinformatics.nl/pathways/PC182_r17.0.0_20260605-171052,volatile cinnamoic ester biosynthesis,16
http://rdf-plantmetwiki.bioinformatics.nl/pathways/PC234_r17.0.0_20260605-171052,saponin biosynthesis IV,16
http://rdf-plantmetwiki.bioinformatics.nl/pathways/PC374_r17.0.0_20260605-171052,inosine-5'-phosphate biosynthesis II,16
http://rdf-plantmetwiki.bioinformatics.nl/pathways/PC792_r17.0.0_20260605-171052,6-methoxypodophyllotoxin biosynthesis,16
http://rdf-plantmetwiki.bioinformatics.nl/pathways/PC550_r17.0.0_20260605-171052,L-isoleucine degradation I,16
http://rdf-plantmetwiki.bioinformatics.nl/pathways/PC804_r17.0.0_20260605-171052,"D-myo-inositol (1,4,5)-trisphosphate biosynthesis",16
http://rdf-plantmetwiki.bioinformatics.nl/pathways/PC616_r17.0.0_20260605-171052,diterpene phytoalexins precursors biosynthesis,16
http://rdf-plantmetwiki.bioinformatics.nl/pathways/PC378_r17.0.0_20260605-171052,dehydroabietic acid biosynthesis,16
http://rdf-plantmetwiki.bioinformatics.nl/pathways/PC694_r17.0.0_20260605-171052,S-methyl-5-thio-α-D-ribose 1-phosphate degradation I,16
http://rdf-plantmetwiki.bioinformatics.nl/pathways/PC807_r17.0.0_20260605-171052,chlorophyll cycle,16
http://rdf-plantmetwiki.bioinformatics.nl/pathways/PC878_r17.0.0_20260605-171052,alkane oxidation,16
http://rdf-plantmetwiki.bioinformatics.nl/pathways/PC84_r17.0.0_20260605-171052,canavanine biosynthesis,16
http://rdf-plantmetwiki.bioinformatics.nl/pathways/PC1063_r17.0.0_20260605-171052,triacylsucrose biosynthesis (Solanum),16
http://rdf-plantmetwiki.bioinformatics.nl/pathways/PC710_r17.0.0_20260605-171052,6'-deoxychalcone metabolism,16
http://rdf-plantmetwiki.bioinformatics.nl/pathways/PC27_r17.0.0_20260605-171052,heliocides biosynthesis,16
http://rdf-plantmetwiki.bioinformatics.nl/pathways/PC1099_r17.0.0_20260605-171052,formononetin conjugates interconversion,16
http://rdf-plantmetwiki.bioinformatics.nl/pathways/PC973_r17.0.0_20260605-171052,dimethylsulfoniopropanoate biosynthesis III (algae and phytoplankton),16
http://rdf-plantmetwiki.bioinformatics.nl/pathways/PC871_r17.0.0_20260605-171052,mannitol degradation II,16
http://rdf-plantmetwiki.bioinformatics.nl/pathways/PC202_r17.0.0_20260605-171052,tea aroma glycosidic precursor bioactivation,16
http://rdf-plantmetwiki.bioinformatics.nl/pathways/PC503_r17.0.0_20260605-171052,pinitol biosynthesis II,16
http://rdf-plantmetwiki.bioinformatics.nl/pathways/PC1017_r17.0.0_20260605-171052,gentiodelphin biosynthesis,16
http://rdf-plantmetwiki.bioinformatics.nl/pathways/PC496_r17.0.0_20260605-171052,botryococcenes and methylated squalene biosynthesis,16
http://rdf-plantmetwiki.bioinformatics.nl/pathways/PC933_r17.0.0_20260605-171052,molybdopterin biosynthesis,16
http://rdf-plantmetwiki.bioinformatics.nl/pathways/PC998_r17.0.0_20260605-171052,soybean saponin I biosynthesis,16
http://rdf-plantmetwiki.bioinformatics.nl/pathways/PC703_r17.0.0_20260605-171052,fatty acid β-oxidation II (plant peroxisome),16
http://rdf-plantmetwiki.bioinformatics.nl/pathways/PC501_r17.0.0_20260605-171052,chlorogenic acid biosynthesis II,16
http://rdf-plantmetwiki.bioinformatics.nl/pathways/PC1138_r17.0.0_20260605-171052,phaselate biosynthesis,16
http://rdf-plantmetwiki.bioinformatics.nl/pathways/PC672_r17.0.0_20260605-171052,phenylpropanoid volatiles glycoconjugation (tomato),16
http://rdf-plantmetwiki.bioinformatics.nl/pathways/PC353_r17.0.0_20260605-171052,hypusine biosynthesis,16
http://rdf-plantmetwiki.bioinformatics.nl/pathways/PC1140_r17.0.0_20260605-171052,D-galactose detoxification,16
http://rdf-plantmetwiki.bioinformatics.nl/pathways/PC837_r17.0.0_20260605-171052,β-alanine biosynthesis I,16
http://rdf-plantmetwiki.bioinformatics.nl/pathways/PC830_r17.0.0_20260605-171052,dimethylsulfoniopropanoate biosynthesis I (Wollastonia),15
http://rdf-plantmetwiki.bioinformatics.nl/pathways/PC875_r17.0.0_20260605-171052,pyrimidine deoxyribonucleosides salvage,15
http://rdf-plantmetwiki.bioinformatics.nl/pathways/PC195_r17.0.0_20260605-171052,γ-glutamyl cycle,15
http://rdf-plantmetwiki.bioinformatics.nl/pathways/PC861_r17.0.0_20260605-171052,cytokinin-O-glucosides biosynthesis,15
http://rdf-plantmetwiki.bioinformatics.nl/pathways/PC806_r17.0.0_20260605-171052,daphnetin modification,15
http://rdf-plantmetwiki.bioinformatics.nl/pathways/PC39_r17.0.0_20260605-171052,starch degradation II,15
http://rdf-plantmetwiki.bioinformatics.nl/pathways/PC376_r17.0.0_20260605-171052,ethiin metabolism,15
http://rdf-plantmetwiki.bioinformatics.nl/pathways/PC477_r17.0.0_20260605-171052,salvigenin biosynthesis,15
http://rdf-plantmetwiki.bioinformatics.nl/pathways/PC34_r17.0.0_20260605-171052,superpathway of acetyl-CoA biosynthesis,15
http://rdf-plantmetwiki.bioinformatics.nl/pathways/PC60_r17.0.0_20260605-171052,hydroxycinnamate sugar acid ester biosynthesis,15
http://rdf-plantmetwiki.bioinformatics.nl/pathways/PC383_r17.0.0_20260605-171052,rot-2'-enonate biosynthesis,15
http://rdf-plantmetwiki.bioinformatics.nl/pathways/PC436_r17.0.0_20260605-171052,jasmonoyl-amino acid conjugates biosynthesis I,15
http://rdf-plantmetwiki.bioinformatics.nl/pathways/PC803_r17.0.0_20260605-171052,umbelliferone biosynthesis,15
http://rdf-plantmetwiki.bioinformatics.nl/pathways/PC989_r17.0.0_20260605-171052,phospholipases,15
http://rdf-plantmetwiki.bioinformatics.nl/pathways/PC197_r17.0.0_20260605-171052,naringenin biosynthesis (engineered),15
http://rdf-plantmetwiki.bioinformatics.nl/pathways/PC609_r17.0.0_20260605-171052,pinosylvin metabolism,15
http://rdf-plantmetwiki.bioinformatics.nl/pathways/PC435_r17.0.0_20260605-171052,linamarin biosynthesis,15
http://rdf-plantmetwiki.bioinformatics.nl/pathways/PC474_r17.0.0_20260605-171052,sesquiterpenoid phytoalexins biosynthesis,15
http://rdf-plantmetwiki.bioinformatics.nl/pathways/PC451_r17.0.0_20260605-171052,"astaxanthin biosynthesis (bacteria, fungi, algae)",15
http://rdf-plantmetwiki.bioinformatics.nl/pathways/PC265_r17.0.0_20260605-171052,luteolin biosynthesis,15
http://rdf-plantmetwiki.bioinformatics.nl/pathways/PC201_r17.0.0_20260605-171052,NAD(P)/NADPH interconversion,15
http://rdf-plantmetwiki.bioinformatics.nl/pathways/PC288_r17.0.0_20260605-171052,selenate reduction,15
http://rdf-plantmetwiki.bioinformatics.nl/pathways/PC80_r17.0.0_20260605-171052,phosphatidylcholine biosynthesis II,15
http://rdf-plantmetwiki.bioinformatics.nl/pathways/PC489_r17.0.0_20260605-171052,phylloquinol biosynthesis,15
http://rdf-plantmetwiki.bioinformatics.nl/pathways/PC482_r17.0.0_20260605-171052,1D-myo-inositol hexakisphosphate biosynthesis III (Spirodela polyrrhiza),15
http://rdf-plantmetwiki.bioinformatics.nl/pathways/PC732_r17.0.0_20260605-171052,indole-3-acetate inactivation IV,15
http://rdf-plantmetwiki.bioinformatics.nl/pathways/PC978_r17.0.0_20260605-171052,superpathway of polyamine biosynthesis II,15
http://rdf-plantmetwiki.bioinformatics.nl/pathways/PC961_r17.0.0_20260605-171052,spermidine hydroxycinnamic acid conjugates biosynthesis,15
http://rdf-plantmetwiki.bioinformatics.nl/pathways/PC915_r17.0.0_20260605-171052,chlorophyll a degradation II,15
http://rdf-plantmetwiki.bioinformatics.nl/pathways/PC677_r17.0.0_20260605-171052,avenacin A-1 biosynthesis,15
http://rdf-plantmetwiki.bioinformatics.nl/pathways/PC171_r17.0.0_20260605-171052,leucodelphinidin biosynthesis,15
http://rdf-plantmetwiki.bioinformatics.nl/pathways/PC364_r17.0.0_20260605-171052,cytokinins 9-N-glucoside biosynthesis,15
http://rdf-plantmetwiki.bioinformatics.nl/pathways/PC485_r17.0.0_20260605-171052,guanosine ribonucleotides de novo biosynthesis,15
http://rdf-plantmetwiki.bioinformatics.nl/pathways/PC218_r17.0.0_20260605-171052,taxiphyllin biosynthesis,15
http://rdf-plantmetwiki.bioinformatics.nl/pathways/PC1102_r17.0.0_20260605-171052,salidroside biosynthesis,15
http://rdf-plantmetwiki.bioinformatics.nl/pathways/PC246_r17.0.0_20260605-171052,L-phenylalanine biosynthesis II,15
http://rdf-plantmetwiki.bioinformatics.nl/pathways/PC106_r17.0.0_20260605-171052,vicianin bioactivation,15
http://rdf-plantmetwiki.bioinformatics.nl/pathways/PC723_r17.0.0_20260605-171052,L-glutamate degradation IV,15
http://rdf-plantmetwiki.bioinformatics.nl/pathways/PC463_r17.0.0_20260605-171052,vitamin E biosynthesis (tocopherols),15
http://rdf-plantmetwiki.bioinformatics.nl/pathways/PC259_r17.0.0_20260605-171052,astaxanthin biosynthesis (flowering plants),15
http://rdf-plantmetwiki.bioinformatics.nl/pathways/PC602_r17.0.0_20260605-171052,costunolide biosynthesis,15
http://rdf-plantmetwiki.bioinformatics.nl/pathways/PC261_r17.0.0_20260605-171052,pentose phosphate pathway,15
http://rdf-plantmetwiki.bioinformatics.nl/pathways/PC687_r17.0.0_20260605-171052,heme degradation I,15
http://rdf-plantmetwiki.bioinformatics.nl/pathways/PC939_r17.0.0_20260605-171052,jasmonoyl-L-isoleucine inactivation,15
http://rdf-plantmetwiki.bioinformatics.nl/pathways/PC592_r17.0.0_20260605-171052,indole-3-acetate inactivation VIII,15
http://rdf-plantmetwiki.bioinformatics.nl/pathways/PC819_r17.0.0_20260605-171052,dhurrin biosynthesis,15
http://rdf-plantmetwiki.bioinformatics.nl/pathways/PC853_r17.0.0_20260605-171052,vitexin and derivatives biosynthesis,15
http://rdf-plantmetwiki.bioinformatics.nl/pathways/PC738_r17.0.0_20260605-171052,(+)-pisatin biosynthesis,15
http://rdf-plantmetwiki.bioinformatics.nl/pathways/PC1043_r17.0.0_20260605-171052,free phenylpropanoid acid biosynthesis,15
http://rdf-plantmetwiki.bioinformatics.nl/pathways/PC622_r17.0.0_20260605-171052,superpathway of acylsucrose biosynthesis (wild tomato),15
http://rdf-plantmetwiki.bioinformatics.nl/pathways/PC736_r17.0.0_20260605-171052,palmitate biosynthesis II (type II fatty acid synthase),15
http://rdf-plantmetwiki.bioinformatics.nl/pathways/PC328_r17.0.0_20260605-171052,diacylglycerol and triacylglycerol biosynthesis,15
http://rdf-plantmetwiki.bioinformatics.nl/pathways/PC660_r17.0.0_20260605-171052,prunasin and amygdalin biosynthesis,15
http://rdf-plantmetwiki.bioinformatics.nl/pathways/PC569_r17.0.0_20260605-171052,aloin biosynthesis,14
http://rdf-plantmetwiki.bioinformatics.nl/pathways/PC862_r17.0.0_20260605-171052,betalamic acid biosynthesis,14
http://rdf-plantmetwiki.bioinformatics.nl/pathways/PC1074_r17.0.0_20260605-171052,nitric oxide biosynthesis II (mammals),14
http://rdf-plantmetwiki.bioinformatics.nl/pathways/PC105_r17.0.0_20260605-171052,sesaminol glucoside biosynthesis,14
http://rdf-plantmetwiki.bioinformatics.nl/pathways/PC2_r17.0.0_20260605-171052,serotonin and melatonin biosynthesis I,14
http://rdf-plantmetwiki.bioinformatics.nl/pathways/PC1044_r17.0.0_20260605-171052,superpathway of adenosine nucleotides de novo biosynthesis I,14
http://rdf-plantmetwiki.bioinformatics.nl/pathways/PC361_r17.0.0_20260605-171052,isoflavonoid biosynthesis I,14
http://rdf-plantmetwiki.bioinformatics.nl/pathways/PC32_r17.0.0_20260605-171052,gibberellin biosynthesis II (early C-3 hydroxylation),14
http://rdf-plantmetwiki.bioinformatics.nl/pathways/PC525_r17.0.0_20260605-171052,inosine 5'-phosphate degradation,14
http://rdf-plantmetwiki.bioinformatics.nl/pathways/PC467_r17.0.0_20260605-171052,superpathway of lipid-dependent phytate biosynthesis,14
http://rdf-plantmetwiki.bioinformatics.nl/pathways/PC976_r17.0.0_20260605-171052,baicalein metabolism,14
http://rdf-plantmetwiki.bioinformatics.nl/pathways/PC728_r17.0.0_20260605-171052,farnesylcysteine salvage pathway,14
http://rdf-plantmetwiki.bioinformatics.nl/pathways/PC29_r17.0.0_20260605-171052,chorismate biosynthesis from 3-dehydroquinate,14
http://rdf-plantmetwiki.bioinformatics.nl/pathways/PC1024_r17.0.0_20260605-171052,(4S)-carvone biosynthesis,14
http://rdf-plantmetwiki.bioinformatics.nl/pathways/PC1136_r17.0.0_20260605-171052,cuticular wax biosynthesis,14
http://rdf-plantmetwiki.bioinformatics.nl/pathways/PC370_r17.0.0_20260605-171052,cornusiin E biosynthesis,14
http://rdf-plantmetwiki.bioinformatics.nl/pathways/PC661_r17.0.0_20260605-171052,solasodine glycosylation,14
http://rdf-plantmetwiki.bioinformatics.nl/pathways/PC316_r17.0.0_20260605-171052,S-methyl-5-thio-α-D-ribose 1-phosphate degradation I,14
http://rdf-plantmetwiki.bioinformatics.nl/pathways/PC655_r17.0.0_20260605-171052,L-valine biosynthesis,14
http://rdf-plantmetwiki.bioinformatics.nl/pathways/PC297_r17.0.0_20260605-171052,4-hydroxyindole-3-carbonyl nitrile biosynthesis,14
http://rdf-plantmetwiki.bioinformatics.nl/pathways/PC217_r17.0.0_20260605-171052,7-dehydroporiferasterol biosynthesis,14
http://rdf-plantmetwiki.bioinformatics.nl/pathways/PC671_r17.0.0_20260605-171052,hordatine biosynthesis,14
http://rdf-plantmetwiki.bioinformatics.nl/pathways/PC866_r17.0.0_20260605-171052,pinobanksin biosynthesis,14
http://rdf-plantmetwiki.bioinformatics.nl/pathways/PC165_r17.0.0_20260605-171052,"1,3,6,7-tetrahydroxyxanthone biosynthesis (from benzoyl-CoA)",14
http://rdf-plantmetwiki.bioinformatics.nl/pathways/PC899_r17.0.0_20260605-171052,superpathway of allantoin degradation in plants,14
http://rdf-plantmetwiki.bioinformatics.nl/pathways/PC210_r17.0.0_20260605-171052,bisabolene biosynthesis (engineered),14
http://rdf-plantmetwiki.bioinformatics.nl/pathways/PC511_r17.0.0_20260605-171052,cyanidin diglucoside biosynthesis (acyl-glucose dependent),14
http://rdf-plantmetwiki.bioinformatics.nl/pathways/PC986_r17.0.0_20260605-171052,linustatin bioactivation,14
http://rdf-plantmetwiki.bioinformatics.nl/pathways/PC823_r17.0.0_20260605-171052,cis-zeatin biosynthesis,14
http://rdf-plantmetwiki.bioinformatics.nl/pathways/PC649_r17.0.0_20260605-171052,phenylethanol biosynthesis,14
http://rdf-plantmetwiki.bioinformatics.nl/pathways/PC216_r17.0.0_20260605-171052,ferulate and sinapate biosynthesis,14
http://rdf-plantmetwiki.bioinformatics.nl/pathways/PC46_r17.0.0_20260605-171052,N-hydroxy-L-pipecolate biosynthesis,14
http://rdf-plantmetwiki.bioinformatics.nl/pathways/PC873_r17.0.0_20260605-171052,superpathway of pyrimidine nucleobases salvage,14
http://rdf-plantmetwiki.bioinformatics.nl/pathways/PC1100_r17.0.0_20260605-171052,cytokinins degradation,14
http://rdf-plantmetwiki.bioinformatics.nl/pathways/PC369_r17.0.0_20260605-171052,nevadensin biosynthesis,14
http://rdf-plantmetwiki.bioinformatics.nl/pathways/PC336_r17.0.0_20260605-171052,lipid IVA biosynthesis (E. coli),14
http://rdf-plantmetwiki.bioinformatics.nl/pathways/PC559_r17.0.0_20260605-171052,lotaustralin biosynthesis,14
http://rdf-plantmetwiki.bioinformatics.nl/pathways/PC68_r17.0.0_20260605-171052,glycyrrhetinate biosynthesis,14
http://rdf-plantmetwiki.bioinformatics.nl/pathways/PC623_r17.0.0_20260605-171052,kauralexin biosynthesis,14
http://rdf-plantmetwiki.bioinformatics.nl/pathways/PC135_r17.0.0_20260605-171052,apigenin glycosides biosynthesis,14
http://rdf-plantmetwiki.bioinformatics.nl/pathways/PC1037_r17.0.0_20260605-171052,shikonin biosynthesis,14
http://rdf-plantmetwiki.bioinformatics.nl/pathways/PC902_r17.0.0_20260605-171052,β-pyrazole-1-ylalanine biosynthesis,14
http://rdf-plantmetwiki.bioinformatics.nl/pathways/PC144_r17.0.0_20260605-171052,biotin biosynthesis from 8-amino-7-oxononanoate I,14
http://rdf-plantmetwiki.bioinformatics.nl/pathways/PC1124_r17.0.0_20260605-171052,gibberellin biosynthesis III (early C-13 hydroxylation),14
http://rdf-plantmetwiki.bioinformatics.nl/pathways/PC744_r17.0.0_20260605-171052,trichloroethene degradation,14
http://rdf-plantmetwiki.bioinformatics.nl/pathways/PC468_r17.0.0_20260605-171052,beta-carboline biosynthesis,14
http://rdf-plantmetwiki.bioinformatics.nl/pathways/PC839_r17.0.0_20260605-171052,stigma estolide biosynthesis,14
http://rdf-plantmetwiki.bioinformatics.nl/pathways/PC299_r17.0.0_20260605-171052,lycopadiene biosynthesis,14
http://rdf-plantmetwiki.bioinformatics.nl/pathways/PC17_r17.0.0_20260605-171052,chlorophyll a degradation I,14
http://rdf-plantmetwiki.bioinformatics.nl/pathways/PC51_r17.0.0_20260605-171052,momilactone A biosynthesis,14
http://rdf-plantmetwiki.bioinformatics.nl/pathways/PC730_r17.0.0_20260605-171052,sciadonate biosynthesis,14
http://rdf-plantmetwiki.bioinformatics.nl/pathways/PC1150_r17.0.0_20260605-171052,salicin biosynthesis,14
http://rdf-plantmetwiki.bioinformatics.nl/pathways/PC483_r17.0.0_20260605-171052,"gibberellin biosynthesis I (non C-3, non C-13 hydroxylation)",14
http://rdf-plantmetwiki.bioinformatics.nl/pathways/PC987_r17.0.0_20260605-171052,triacylglycerol biosynthesis (Chlamydomonas),14
http://rdf-plantmetwiki.bioinformatics.nl/pathways/PC304_r17.0.0_20260605-171052,aucuparin biosynthesis,13
http://rdf-plantmetwiki.bioinformatics.nl/pathways/PC638_r17.0.0_20260605-171052,superpathway of ammonia assimilation (plants),13
http://rdf-plantmetwiki.bioinformatics.nl/pathways/PC78_r17.0.0_20260605-171052,bixin biosynthesis,13
http://rdf-plantmetwiki.bioinformatics.nl/pathways/PC537_r17.0.0_20260605-171052,ethanol degradation II,13
http://rdf-plantmetwiki.bioinformatics.nl/pathways/PC208_r17.0.0_20260605-171052,phosphatidylcholine biosynthesis III,13
http://rdf-plantmetwiki.bioinformatics.nl/pathways/PC547_r17.0.0_20260605-171052,cichoriin interconversion,13
http://rdf-plantmetwiki.bioinformatics.nl/pathways/PC756_r17.0.0_20260605-171052,S-adenosyl-L-methionine biosynthesis,13
http://rdf-plantmetwiki.bioinformatics.nl/pathways/PC1050_r17.0.0_20260605-171052,carnosate bioynthesis,13
http://rdf-plantmetwiki.bioinformatics.nl/pathways/PC157_r17.0.0_20260605-171052,mannitol biosynthesis,13
http://rdf-plantmetwiki.bioinformatics.nl/pathways/PC386_r17.0.0_20260605-171052,glyoxylate cycle,13
http://rdf-plantmetwiki.bioinformatics.nl/pathways/PC89_r17.0.0_20260605-171052,L-ascorbate degradation IV,13
http://rdf-plantmetwiki.bioinformatics.nl/pathways/PC1097_r17.0.0_20260605-171052,oxalate degradation VI,13
http://rdf-plantmetwiki.bioinformatics.nl/pathways/PC880_r17.0.0_20260605-171052,dehydroscoulerine biosynthesis,13
http://rdf-plantmetwiki.bioinformatics.nl/pathways/PC1023_r17.0.0_20260605-171052,naringenin C-glucosylation,13
http://rdf-plantmetwiki.bioinformatics.nl/pathways/PC1121_r17.0.0_20260605-171052,xyloglucan biosynthesis,13
http://rdf-plantmetwiki.bioinformatics.nl/pathways/PC1111_r17.0.0_20260605-171052,methylquercetin biosynthesis,13
http://rdf-plantmetwiki.bioinformatics.nl/pathways/PC895_r17.0.0_20260605-171052,jasmonoyl-amino acid conjugates biosynthesis II,13
http://rdf-plantmetwiki.bioinformatics.nl/pathways/PC725_r17.0.0_20260605-171052,galloylated catechin biosynthesis,13
http://rdf-plantmetwiki.bioinformatics.nl/pathways/PC735_r17.0.0_20260605-171052,isopimaric acid biosynthesis,13
http://rdf-plantmetwiki.bioinformatics.nl/pathways/PC553_r17.0.0_20260605-171052,allantoin degradation to glyoxylate III,13
http://rdf-plantmetwiki.bioinformatics.nl/pathways/PC505_r17.0.0_20260605-171052,amaranthin biosynthesis,13
http://rdf-plantmetwiki.bioinformatics.nl/pathways/PC954_r17.0.0_20260605-171052,phosphatidylcholine acyl editing,13
http://rdf-plantmetwiki.bioinformatics.nl/pathways/PC783_r17.0.0_20260605-171052,flavonol acylglucoside biosynthesis II-isorhamnetin derivatives,13
http://rdf-plantmetwiki.bioinformatics.nl/pathways/PC170_r17.0.0_20260605-171052,ethanol degradation IV,13
http://rdf-plantmetwiki.bioinformatics.nl/pathways/PC573_r17.0.0_20260605-171052,superpathway of gibberellin GA₁₂ biosynthesis,13
http://rdf-plantmetwiki.bioinformatics.nl/pathways/PC624_r17.0.0_20260605-171052,pyruvate fermentation to (S)-lactate,13
http://rdf-plantmetwiki.bioinformatics.nl/pathways/PC1145_r17.0.0_20260605-171052,all-trans-farnesol biosynthesis,13
http://rdf-plantmetwiki.bioinformatics.nl/pathways/PC110_r17.0.0_20260605-171052,abietic acid biosynthesis,13
http://rdf-plantmetwiki.bioinformatics.nl/pathways/PC92_r17.0.0_20260605-171052,L-tryptophan degradation to 2-amino-3-carboxymuconate semialdehyde,13
http://rdf-plantmetwiki.bioinformatics.nl/pathways/PC828_r17.0.0_20260605-171052,tricin biosynthesis,13
http://rdf-plantmetwiki.bioinformatics.nl/pathways/PC938_r17.0.0_20260605-171052,phosphatidylcholine biosynthesis I,13
http://rdf-plantmetwiki.bioinformatics.nl/pathways/PC1105_r17.0.0_20260605-171052,phenolic malonylglucosides biosynthesis,13
http://rdf-plantmetwiki.bioinformatics.nl/pathways/PC695_r17.0.0_20260605-171052,stearate biosynthesis II (bacteria and plants),13
http://rdf-plantmetwiki.bioinformatics.nl/pathways/PC653_r17.0.0_20260605-171052,luteolin triglucuronide degradation,13
http://rdf-plantmetwiki.bioinformatics.nl/pathways/PC894_r17.0.0_20260605-171052,"formate assimilation into 5,10-methylenetetrahydrofolate",13
http://rdf-plantmetwiki.bioinformatics.nl/pathways/PC1064_r17.0.0_20260605-171052,levopimaric acid biosynthesis,13
http://rdf-plantmetwiki.bioinformatics.nl/pathways/PC228_r17.0.0_20260605-171052,DIBOA-glucoside biosynthesis,13
http://rdf-plantmetwiki.bioinformatics.nl/pathways/PC70_r17.0.0_20260605-171052,vitamin E biosynthesis (tocotrienols),13
http://rdf-plantmetwiki.bioinformatics.nl/pathways/PC982_r17.0.0_20260605-171052,neoabietic acid biosynthesis,13
http://rdf-plantmetwiki.bioinformatics.nl/pathways/PC1131_r17.0.0_20260605-171052,superpathway of linalool biosynthesis,13
http://rdf-plantmetwiki.bioinformatics.nl/pathways/PC1127_r17.0.0_20260605-171052,coenzyme A biosynthesis I (bacteria),13
http://rdf-plantmetwiki.bioinformatics.nl/pathways/PC788_r17.0.0_20260605-171052,D-myo-inositol-5-phosphate metabolism,13
http://rdf-plantmetwiki.bioinformatics.nl/pathways/PC812_r17.0.0_20260605-171052,monoterpene biosynthesis,13
http://rdf-plantmetwiki.bioinformatics.nl/pathways/PC486_r17.0.0_20260605-171052,ammonia assimilation cycle I,13
http://rdf-plantmetwiki.bioinformatics.nl/pathways/PC300_r17.0.0_20260605-171052,phosphatidylcholine biosynthesis IV,13
http://rdf-plantmetwiki.bioinformatics.nl/pathways/PC422_r17.0.0_20260605-171052,choline biosynthesis III,13
http://rdf-plantmetwiki.bioinformatics.nl/pathways/PC881_r17.0.0_20260605-171052,cinchona alkaloids biosynthesis,13
http://rdf-plantmetwiki.bioinformatics.nl/pathways/PC441_r17.0.0_20260605-171052,curcumin glucoside biosynthesis,13
http://rdf-plantmetwiki.bioinformatics.nl/pathways/PC77_r17.0.0_20260605-171052,"L-ascorbate biosynthesis II (plants, L-gulose pathway)",13
http://rdf-plantmetwiki.bioinformatics.nl/pathways/PC826_r17.0.0_20260605-171052,palustric acid biosynthesis,13
http://rdf-plantmetwiki.bioinformatics.nl/pathways/PC48_r17.0.0_20260605-171052,linamarin degradation,12
http://rdf-plantmetwiki.bioinformatics.nl/pathways/PC87_r17.0.0_20260605-171052,brassinosteroid biosynthesis III,12
http://rdf-plantmetwiki.bioinformatics.nl/pathways/PC726_r17.0.0_20260605-171052,pentagalloylglucose biosynthesis,12
http://rdf-plantmetwiki.bioinformatics.nl/pathways/PC30_r17.0.0_20260605-171052,dTDP-β-L-rhamnose biosynthesis,12
http://rdf-plantmetwiki.bioinformatics.nl/pathways/PC614_r17.0.0_20260605-171052,cyanide detoxification I,12
http://rdf-plantmetwiki.bioinformatics.nl/pathways/PC1020_r17.0.0_20260605-171052,indole-3-acetate inactivation III,12
http://rdf-plantmetwiki.bioinformatics.nl/pathways/PC430_r17.0.0_20260605-171052,ornithine-citrulline shuttle,12
http://rdf-plantmetwiki.bioinformatics.nl/pathways/PC412_r17.0.0_20260605-171052,phosphopantothenate biosynthesis II,12
http://rdf-plantmetwiki.bioinformatics.nl/pathways/PC1_r17.0.0_20260605-171052,seleno-amino acid detoxification and volatilization III,12
http://rdf-plantmetwiki.bioinformatics.nl/pathways/PC1045_r17.0.0_20260605-171052,L-ornithine biosynthesis II,12
http://rdf-plantmetwiki.bioinformatics.nl/pathways/PC62_r17.0.0_20260605-171052,CDP-diacylglycerol biosynthesis I,12
http://rdf-plantmetwiki.bioinformatics.nl/pathways/PC1092_r17.0.0_20260605-171052,betaxanthin biosynthesis (via dopaxanthin),12
http://rdf-plantmetwiki.bioinformatics.nl/pathways/PC410_r17.0.0_20260605-171052,echinatin biosynthesis,12
http://rdf-plantmetwiki.bioinformatics.nl/pathways/PC809_r17.0.0_20260605-171052,β-carotene biosynthesis (engineered),12
http://rdf-plantmetwiki.bioinformatics.nl/pathways/PC1075_r17.0.0_20260605-171052,linalool biosynthesis I,12
http://rdf-plantmetwiki.bioinformatics.nl/pathways/PC1015_r17.0.0_20260605-171052,L-phenylalanine degradation III,12
http://rdf-plantmetwiki.bioinformatics.nl/pathways/PC287_r17.0.0_20260605-171052,t-anethole biosynthesis,12
http://rdf-plantmetwiki.bioinformatics.nl/pathways/PC751_r17.0.0_20260605-171052,4-aminobutanoate degradation IV,12
http://rdf-plantmetwiki.bioinformatics.nl/pathways/PC676_r17.0.0_20260605-171052,pinocembrin C-glucosylation,12
http://rdf-plantmetwiki.bioinformatics.nl/pathways/PC750_r17.0.0_20260605-171052,L-arginine degradation V (arginine deiminase pathway),12
http://rdf-plantmetwiki.bioinformatics.nl/pathways/PC748_r17.0.0_20260605-171052,"L-ascorbate biosynthesis I (plants, L-galactose pathway)",12
http://rdf-plantmetwiki.bioinformatics.nl/pathways/PC551_r17.0.0_20260605-171052,putrescine degradation IV,12
http://rdf-plantmetwiki.bioinformatics.nl/pathways/PC495_r17.0.0_20260605-171052,superpathway of 1D-myo-inositol hexakisphosphate biosynthesis (plants),12
http://rdf-plantmetwiki.bioinformatics.nl/pathways/PC943_r17.0.0_20260605-171052,indole-3-acetate inactivation II,12
http://rdf-plantmetwiki.bioinformatics.nl/pathways/PC5_r17.0.0_20260605-171052,saponin biosynthesis III,12
http://rdf-plantmetwiki.bioinformatics.nl/pathways/PC324_r17.0.0_20260605-171052,heme b biosynthesis I (aerobic),12
http://rdf-plantmetwiki.bioinformatics.nl/pathways/PC563_r17.0.0_20260605-171052,piperine biosynthesis,12
http://rdf-plantmetwiki.bioinformatics.nl/pathways/PC28_r17.0.0_20260605-171052,anthocyanin biosynthesis (pelargonidin 3-O-glucoside),12
http://rdf-plantmetwiki.bioinformatics.nl/pathways/PC461_r17.0.0_20260605-171052,UDP-α-D-xylose biosynthesis,12
http://rdf-plantmetwiki.bioinformatics.nl/pathways/PC286_r17.0.0_20260605-171052,L-homoserine biosynthesis,12
http://rdf-plantmetwiki.bioinformatics.nl/pathways/PC820_r17.0.0_20260605-171052,acylsucrose biosynthesis (Solanum habrochaites),12
http://rdf-plantmetwiki.bioinformatics.nl/pathways/PC115_r17.0.0_20260605-171052,allantoin degradation to glyoxylate II,12
http://rdf-plantmetwiki.bioinformatics.nl/pathways/PC159_r17.0.0_20260605-171052,indole-3-acetate inactivation VI,12
http://rdf-plantmetwiki.bioinformatics.nl/pathways/PC1034_r17.0.0_20260605-171052,L-asparagine degradation II,12
http://rdf-plantmetwiki.bioinformatics.nl/pathways/PC351_r17.0.0_20260605-171052,"phytocassanes biosynthesis, shared reactions",12
http://rdf-plantmetwiki.bioinformatics.nl/pathways/PC1013_r17.0.0_20260605-171052,5-deoxystrigol biosynthesis,12
http://rdf-plantmetwiki.bioinformatics.nl/pathways/PC860_r17.0.0_20260605-171052,diacylsucrose biosynthesis (Solanum),12
http://rdf-plantmetwiki.bioinformatics.nl/pathways/PC36_r17.0.0_20260605-171052,(3R)-linalool biosynthesis,12
http://rdf-plantmetwiki.bioinformatics.nl/pathways/PC574_r17.0.0_20260605-171052,monoacylsucrose biosynthesis (Solanum),12
http://rdf-plantmetwiki.bioinformatics.nl/pathways/PC576_r17.0.0_20260605-171052,sakuranetin biosynthesis,12
http://rdf-plantmetwiki.bioinformatics.nl/pathways/PC1054_r17.0.0_20260605-171052,(3S)-linalool biosynthesis,12
http://rdf-plantmetwiki.bioinformatics.nl/pathways/PC872_r17.0.0_20260605-171052,vanillin biosynthesis I,12
http://rdf-plantmetwiki.bioinformatics.nl/pathways/PC789_r17.0.0_20260605-171052,aloenin biosynthesis,12
http://rdf-plantmetwiki.bioinformatics.nl/pathways/PC342_r17.0.0_20260605-171052,phloridzin biosynthesis,12
http://rdf-plantmetwiki.bioinformatics.nl/pathways/PC129_r17.0.0_20260605-171052,L-canavanine degradation I,12
http://rdf-plantmetwiki.bioinformatics.nl/pathways/PC607_r17.0.0_20260605-171052,superpathway of polyamine biosynthesis,12
http://rdf-plantmetwiki.bioinformatics.nl/pathways/PC295_r17.0.0_20260605-171052,coenzyme A biosynthesis II (eukaryotic),12
http://rdf-plantmetwiki.bioinformatics.nl/pathways/PC630_r17.0.0_20260605-171052,D-sorbitol degradation I,12
http://rdf-plantmetwiki.bioinformatics.nl/pathways/PC100_r17.0.0_20260605-171052,methyl indole-3-acetate interconversion,12
http://rdf-plantmetwiki.bioinformatics.nl/pathways/PC526_r17.0.0_20260605-171052,UDP-glucose biosynthesis (from sucrose),12
http://rdf-plantmetwiki.bioinformatics.nl/pathways/PC664_r17.0.0_20260605-171052,homocysteine and cysteine interconversion,12
http://rdf-plantmetwiki.bioinformatics.nl/pathways/PC709_r17.0.0_20260605-171052,L-ascorbate degradation III,12
http://rdf-plantmetwiki.bioinformatics.nl/pathways/PC951_r17.0.0_20260605-171052,raspberry ketone biosynthesis,12
http://rdf-plantmetwiki.bioinformatics.nl/pathways/PC651_r17.0.0_20260605-171052,yatein biosynthesis II,12
http://rdf-plantmetwiki.bioinformatics.nl/pathways/PC102_r17.0.0_20260605-171052,phospholipases (Chlamydomonas),12
http://rdf-plantmetwiki.bioinformatics.nl/pathways/PC955_r17.0.0_20260605-171052,L-tryptophan degradation VI (via tryptamine),12
http://rdf-plantmetwiki.bioinformatics.nl/pathways/PC884_r17.0.0_20260605-171052,γ-glutamyl cycle (plant pathway),12
http://rdf-plantmetwiki.bioinformatics.nl/pathways/PC375_r17.0.0_20260605-171052,L-arginine degradation VI (arginase 2 pathway),12
http://rdf-plantmetwiki.bioinformatics.nl/pathways/PC786_r17.0.0_20260605-171052,abscisic acid biosynthesis,11
http://rdf-plantmetwiki.bioinformatics.nl/pathways/PC96_r17.0.0_20260605-171052,phytate degradation II,11
http://rdf-plantmetwiki.bioinformatics.nl/pathways/PC1142_r17.0.0_20260605-171052,felinine and 3-methyl-3-sulfanylbutan-1-ol biosynthesis,11
http://rdf-plantmetwiki.bioinformatics.nl/pathways/PC680_r17.0.0_20260605-171052,indole-3-acetate inactivation V,11
http://rdf-plantmetwiki.bioinformatics.nl/pathways/PC879_r17.0.0_20260605-171052,UTP and CTP de novo biosynthesis,11
http://rdf-plantmetwiki.bioinformatics.nl/pathways/PC141_r17.0.0_20260605-171052,CO₂ fixation into oxaloacetate (anaplerotic),11
http://rdf-plantmetwiki.bioinformatics.nl/pathways/PC1149_r17.0.0_20260605-171052,UTP and CTP dephosphorylation II,11
http://rdf-plantmetwiki.bioinformatics.nl/pathways/PC431_r17.0.0_20260605-171052,indole degradation to anthranil and anthranilate,11
http://rdf-plantmetwiki.bioinformatics.nl/pathways/PC267_r17.0.0_20260605-171052,anthocyanin biosynthesis,11
http://rdf-plantmetwiki.bioinformatics.nl/pathways/PC186_r17.0.0_20260605-171052,gibberellin inactivation III (epoxidation),11
http://rdf-plantmetwiki.bioinformatics.nl/pathways/PC1038_r17.0.0_20260605-171052,indican biosynthesis,11
http://rdf-plantmetwiki.bioinformatics.nl/pathways/PC934_r17.0.0_20260605-171052,superpathway of photosynthetic hydrogen production,11
http://rdf-plantmetwiki.bioinformatics.nl/pathways/PC528_r17.0.0_20260605-171052,CMP-3-deoxy-D-manno-octulosonate biosynthesis,11
http://rdf-plantmetwiki.bioinformatics.nl/pathways/PC357_r17.0.0_20260605-171052,pinitol biosynthesis I,11
http://rdf-plantmetwiki.bioinformatics.nl/pathways/PC95_r17.0.0_20260605-171052,L-serine biosynthesis I,11
http://rdf-plantmetwiki.bioinformatics.nl/pathways/PC765_r17.0.0_20260605-171052,glyceollin biosynthesis,11
http://rdf-plantmetwiki.bioinformatics.nl/pathways/PC108_r17.0.0_20260605-171052,glycine biosynthesis,11
http://rdf-plantmetwiki.bioinformatics.nl/pathways/PC555_r17.0.0_20260605-171052,ppGpp metabolism,11
http://rdf-plantmetwiki.bioinformatics.nl/pathways/PC995_r17.0.0_20260605-171052,plastoquinol-9 biosynthesis I,11
http://rdf-plantmetwiki.bioinformatics.nl/pathways/PC460_r17.0.0_20260605-171052,UDP-β-L-arabinose biosynthesis II (from β-L-arabinose),11
http://rdf-plantmetwiki.bioinformatics.nl/pathways/PC459_r17.0.0_20260605-171052,chrysin biosynthesis,11
http://rdf-plantmetwiki.bioinformatics.nl/pathways/RC220_r17.0.0_20260605-171052,PHOSPHOENOLPYRUVATE-PHOSPHATASE-RXN,11
http://rdf-plantmetwiki.bioinformatics.nl/pathways/PC15_r17.0.0_20260605-171052,folate polyglutamylation,11
http://rdf-plantmetwiki.bioinformatics.nl/pathways/PC1001_r17.0.0_20260605-171052,very long chain fatty acid biosynthesis I,11
http://rdf-plantmetwiki.bioinformatics.nl/pathways/PC447_r17.0.0_20260605-171052,coumestrol biosynthesis,11
http://rdf-plantmetwiki.bioinformatics.nl/pathways/PC759_r17.0.0_20260605-171052,adenosine ribonucleotides de novo biosynthesis,11
http://rdf-plantmetwiki.bioinformatics.nl/pathways/PC177_r17.0.0_20260605-171052,hesperitin glycoside biosynthesis,11
http://rdf-plantmetwiki.bioinformatics.nl/pathways/PC253_r17.0.0_20260605-171052,caffeine biosynthesis I,11
http://rdf-plantmetwiki.bioinformatics.nl/pathways/PC198_r17.0.0_20260605-171052,(+)-camphor biosynthesis,11
http://rdf-plantmetwiki.bioinformatics.nl/pathways/PC684_r17.0.0_20260605-171052,hydroxyjasmonate sulfate biosynthesis,11
http://rdf-plantmetwiki.bioinformatics.nl/pathways/PC114_r17.0.0_20260605-171052,dimorphecolate biosynthesis,11
http://rdf-plantmetwiki.bioinformatics.nl/pathways/PC935_r17.0.0_20260605-171052,purine deoxyribonucleosides salvage,11
http://rdf-plantmetwiki.bioinformatics.nl/pathways/PC296_r17.0.0_20260605-171052,abscisic acid biosynthesis shunt,11
http://rdf-plantmetwiki.bioinformatics.nl/pathways/PC121_r17.0.0_20260605-171052,anthocyanin biosynthesis (delphinidin 3-O-glucoside),11
http://rdf-plantmetwiki.bioinformatics.nl/pathways/PC1040_r17.0.0_20260605-171052,8-O-methylated benzoxazinoid glucoside biosynthesis,11
http://rdf-plantmetwiki.bioinformatics.nl/pathways/PC896_r17.0.0_20260605-171052,L-tyrosine biosynthesis II,11
http://rdf-plantmetwiki.bioinformatics.nl/pathways/PC1003_r17.0.0_20260605-171052,geraniol and geranial biosynthesis,11
http://rdf-plantmetwiki.bioinformatics.nl/pathways/PC991_r17.0.0_20260605-171052,caffeine biosynthesis II (via paraxanthine),11
http://rdf-plantmetwiki.bioinformatics.nl/pathways/PC742_r17.0.0_20260605-171052,assimilatory sulfate reduction II,11
http://rdf-plantmetwiki.bioinformatics.nl/pathways/PC43_r17.0.0_20260605-171052,thiazole component of thiamine pyrophosphate biosynthesis III,11
http://rdf-plantmetwiki.bioinformatics.nl/pathways/PC72_r17.0.0_20260605-171052,wax esters biosynthesis II,11
http://rdf-plantmetwiki.bioinformatics.nl/pathways/PC242_r17.0.0_20260605-171052,thiamine pyrophosphate biosynthesis IV (eukaryotes),11
http://rdf-plantmetwiki.bioinformatics.nl/pathways/PC747_r17.0.0_20260605-171052,"(3E)-4,8-dimethylnona-1,3,7-triene biosynthesis I",11
http://rdf-plantmetwiki.bioinformatics.nl/pathways/PC746_r17.0.0_20260605-171052,chlorophyll a biosynthesis II,11
http://rdf-plantmetwiki.bioinformatics.nl/pathways/PC63_r17.0.0_20260605-171052,formononetin biosynthesis,11
http://rdf-plantmetwiki.bioinformatics.nl/pathways/PC247_r17.0.0_20260605-171052,resveratrol biosynthesis,11
http://rdf-plantmetwiki.bioinformatics.nl/pathways/PC715_r17.0.0_20260605-171052,indole-3-acetate biosynthesis I,11
http://rdf-plantmetwiki.bioinformatics.nl/pathways/PC917_r17.0.0_20260605-171052,glycine cleavage,11
http://rdf-plantmetwiki.bioinformatics.nl/pathways/PC26_r17.0.0_20260605-171052,indole-3-acetate activation II,11
http://rdf-plantmetwiki.bioinformatics.nl/pathways/PC479_r17.0.0_20260605-171052,"trans, trans-farnesyl pyrophosphate biosynthesis",11
http://rdf-plantmetwiki.bioinformatics.nl/pathways/PC771_r17.0.0_20260605-171052,orientin and isoorientin biosynthesis I,11
http://rdf-plantmetwiki.bioinformatics.nl/pathways/PC432_r17.0.0_20260605-171052,cembratrienediol biosynthesis,11
http://rdf-plantmetwiki.bioinformatics.nl/pathways/PC291_r17.0.0_20260605-171052,methyl indole-3-acetate interconversion,11
http://rdf-plantmetwiki.bioinformatics.nl/pathways/PC22_r17.0.0_20260605-171052,"fatty acid β-oxidation V (unsaturated, odd number, di-isomerase-dependent)",11
http://rdf-plantmetwiki.bioinformatics.nl/pathways/PC224_r17.0.0_20260605-171052,"lipid-dependent phytate biosynthesis II (via Ins(1,3,4)P₃)",11
http://rdf-plantmetwiki.bioinformatics.nl/pathways/PC796_r17.0.0_20260605-171052,4-amino-2-methyl-5-diphosphomethylpyrimidine biosynthesis I,11
http://rdf-plantmetwiki.bioinformatics.nl/pathways/PC926_r17.0.0_20260605-171052,gibberellin biosynthesis V,11
http://rdf-plantmetwiki.bioinformatics.nl/pathways/PC790_r17.0.0_20260605-171052,choline biosynthesis II,11
http://rdf-plantmetwiki.bioinformatics.nl/pathways/PC859_r17.0.0_20260605-171052,plaunotol biosynthesis,11
http://rdf-plantmetwiki.bioinformatics.nl/pathways/PC214_r17.0.0_20260605-171052,plumbagin biosynthesis,11
http://rdf-plantmetwiki.bioinformatics.nl/pathways/PC168_r17.0.0_20260605-171052,cinnamoyl-CoA biosynthesis,11
http://rdf-plantmetwiki.bioinformatics.nl/pathways/PC38_r17.0.0_20260605-171052,ophthalmate biosynthesis,11
http://rdf-plantmetwiki.bioinformatics.nl/pathways/PC103_r17.0.0_20260605-171052,wighteone and luteone biosynthesis,11
http://rdf-plantmetwiki.bioinformatics.nl/pathways/PC932_r17.0.0_20260605-171052,L-tyrosine biosynthesis III,11
http://rdf-plantmetwiki.bioinformatics.nl/pathways/PC626_r17.0.0_20260605-171052,siroheme biosynthesis,11
http://rdf-plantmetwiki.bioinformatics.nl/pathways/PC10_r17.0.0_20260605-171052,L-phenylalanine degradation V,11
http://rdf-plantmetwiki.bioinformatics.nl/pathways/PC403_r17.0.0_20260605-171052,(-)-glycinol biosynthesis,11
http://rdf-plantmetwiki.bioinformatics.nl/pathways/PC851_r17.0.0_20260605-171052,cardiolipin biosynthesis II,11
http://rdf-plantmetwiki.bioinformatics.nl/pathways/PC399_r17.0.0_20260605-171052,monolignol glucosides biosynthesis,11
http://rdf-plantmetwiki.bioinformatics.nl/pathways/PC258_r17.0.0_20260605-171052,capsiconiate biosynthesis,11
http://rdf-plantmetwiki.bioinformatics.nl/pathways/PC326_r17.0.0_20260605-171052,(Z)-phenylmethanethial S-oxide biosynthesis,11
http://rdf-plantmetwiki.bioinformatics.nl/pathways/PC188_r17.0.0_20260605-171052,pyrimidine salvage pathway,11
http://rdf-plantmetwiki.bioinformatics.nl/pathways/PC333_r17.0.0_20260605-171052,fatty acid α-oxidation I (plants),11
http://rdf-plantmetwiki.bioinformatics.nl/pathways/PC71_r17.0.0_20260605-171052,L-asparagine biosynthesis III (tRNA-dependent),11
http://rdf-plantmetwiki.bioinformatics.nl/pathways/PC245_r17.0.0_20260605-171052,steviol glucoside biosynthesis (rebaudioside A biosynthesis),11
http://rdf-plantmetwiki.bioinformatics.nl/pathways/PC1008_r17.0.0_20260605-171052,"lipid-dependent phytate biosynthesis I (via Ins(1,4,5)P₃)",10
http://rdf-plantmetwiki.bioinformatics.nl/pathways/PC236_r17.0.0_20260605-171052,L-alanine degradation II (to D-lactate),10
http://rdf-plantmetwiki.bioinformatics.nl/pathways/PC1161_r17.0.0_20260605-171052,"1D-myo-inositol hexakisphosphate biosynthesis I (from Ins(1,4,5)P3)",10
http://rdf-plantmetwiki.bioinformatics.nl/pathways/PC773_r17.0.0_20260605-171052,camptothecin biosynthesis,10
http://rdf-plantmetwiki.bioinformatics.nl/pathways/PC597_r17.0.0_20260605-171052,L-selenocysteine biosynthesis II (archaea and eukaryotes),10
http://rdf-plantmetwiki.bioinformatics.nl/pathways/PC589_r17.0.0_20260605-171052,tuberonate glucoside biosynthesis,10
http://rdf-plantmetwiki.bioinformatics.nl/pathways/PC303_r17.0.0_20260605-171052,olivetol biosynthesis,10
http://rdf-plantmetwiki.bioinformatics.nl/pathways/PC235_r17.0.0_20260605-171052,(-)-4'-demethyl-epipodophyllotoxin biosynthesis,10
http://rdf-plantmetwiki.bioinformatics.nl/pathways/PC975_r17.0.0_20260605-171052,DIMBOA-glucoside biosynthesis,10
http://rdf-plantmetwiki.bioinformatics.nl/pathways/PC518_r17.0.0_20260605-171052,chitin degradation II (Vibrio),10
http://rdf-plantmetwiki.bioinformatics.nl/pathways/PC845_r17.0.0_20260605-171052,quercetin diglycoside biosynthesis (pollen-specific),10
http://rdf-plantmetwiki.bioinformatics.nl/pathways/PC373_r17.0.0_20260605-171052,4-hydroxybenzoate biosynthesis IV (plants),10
http://rdf-plantmetwiki.bioinformatics.nl/pathways/PC1073_r17.0.0_20260605-171052,urate conversion to allantoin I,10
http://rdf-plantmetwiki.bioinformatics.nl/pathways/PC752_r17.0.0_20260605-171052,dTDP-L-rhamnose biosynthesis II,10
http://rdf-plantmetwiki.bioinformatics.nl/pathways/PC230_r17.0.0_20260605-171052,2-O-acetyl-3-O-trans-coutarate biosynthesis,10
http://rdf-plantmetwiki.bioinformatics.nl/pathways/PC927_r17.0.0_20260605-171052,CDP-diacylglycerol biosynthesis II,10
http://rdf-plantmetwiki.bioinformatics.nl/pathways/PC128_r17.0.0_20260605-171052,hypericin biosynthesis,10
http://rdf-plantmetwiki.bioinformatics.nl/pathways/RC961_r17.0.0_20260605-171052,RXN-8247,10
http://rdf-plantmetwiki.bioinformatics.nl/pathways/PC1057_r17.0.0_20260605-171052,theobromine biosynthesis I,10
http://rdf-plantmetwiki.bioinformatics.nl/pathways/PC480_r17.0.0_20260605-171052,L-citrulline degradation,10
http://rdf-plantmetwiki.bioinformatics.nl/pathways/PC509_r17.0.0_20260605-171052,trichome monoterpenes biosynthesis,10
http://rdf-plantmetwiki.bioinformatics.nl/pathways/PC315_r17.0.0_20260605-171052,phaseollin biosynthesis,10
http://rdf-plantmetwiki.bioinformatics.nl/pathways/PC704_r17.0.0_20260605-171052,oleoresin monoterpene volatiles biosynthesis,10
http://rdf-plantmetwiki.bioinformatics.nl/pathways/PC319_r17.0.0_20260605-171052,pyruvate fermentation to acetate VII,10
http://rdf-plantmetwiki.bioinformatics.nl/pathways/PC145_r17.0.0_20260605-171052,"caffeine degradation I (main, plants)",10
http://rdf-plantmetwiki.bioinformatics.nl/pathways/PC283_r17.0.0_20260605-171052,willardiine and isowillardiine biosynthesis,10
http://rdf-plantmetwiki.bioinformatics.nl/pathways/PC508_r17.0.0_20260605-171052,8-oxo-(d)GTP detoxification I,10
http://rdf-plantmetwiki.bioinformatics.nl/pathways/PC359_r17.0.0_20260605-171052,"1D-myo-inositol hexakisphosphate biosynthesis V (from Ins(1,3,4)P3)",10
http://rdf-plantmetwiki.bioinformatics.nl/pathways/PC1137_r17.0.0_20260605-171052,zerumbone biosynthesis,10
http://rdf-plantmetwiki.bioinformatics.nl/pathways/PC352_r17.0.0_20260605-171052,kaempferol diglycoside biosynthesis (pollen-specific),10
http://rdf-plantmetwiki.bioinformatics.nl/pathways/PC889_r17.0.0_20260605-171052,benzoyl-CoA biosynthesis,10
http://rdf-plantmetwiki.bioinformatics.nl/pathways/PC251_r17.0.0_20260605-171052,epoxysqualene biosynthesis,10
http://rdf-plantmetwiki.bioinformatics.nl/pathways/RC287_r17.0.0_20260605-171052,RXN-10794,10
http://rdf-plantmetwiki.bioinformatics.nl/pathways/PC487_r17.0.0_20260605-171052,thymine degradation,10
http://rdf-plantmetwiki.bioinformatics.nl/pathways/PC944_r17.0.0_20260605-171052,glutaminyl-tRNAglⁿ biosynthesis via transamidation,10
http://rdf-plantmetwiki.bioinformatics.nl/pathways/PC912_r17.0.0_20260605-171052,gibberellin A₁₂ biosynthesis,10
http://rdf-plantmetwiki.bioinformatics.nl/pathways/PC55_r17.0.0_20260605-171052,rotenoid biosynthesis I,10
http://rdf-plantmetwiki.bioinformatics.nl/pathways/PC126_r17.0.0_20260605-171052,L-proline biosynthesis III (from L-ornithine),10
http://rdf-plantmetwiki.bioinformatics.nl/pathways/PC636_r17.0.0_20260605-171052,betacyanin biosynthesis (via dopamine),10
http://rdf-plantmetwiki.bioinformatics.nl/pathways/PC719_r17.0.0_20260605-171052,ω-hydroxylation of caprate and laurate,10
http://rdf-plantmetwiki.bioinformatics.nl/pathways/PC400_r17.0.0_20260605-171052,allantoin degradation to ureidoglycolate II (ammonia producing),10
http://rdf-plantmetwiki.bioinformatics.nl/pathways/PC12_r17.0.0_20260605-171052,fenchol biosynthesis I,10
http://rdf-plantmetwiki.bioinformatics.nl/pathways/PC577_r17.0.0_20260605-171052,vernolate biosynthesis III,10
http://rdf-plantmetwiki.bioinformatics.nl/pathways/PC566_r17.0.0_20260605-171052,(4R)-carvone biosynthesis,10
http://rdf-plantmetwiki.bioinformatics.nl/pathways/PC753_r17.0.0_20260605-171052,rose anthocyanin biosynthesis II (via cyanidin 3-O-β-D-glucoside),10
http://rdf-plantmetwiki.bioinformatics.nl/pathways/PC348_r17.0.0_20260605-171052,olivetol biosynthesis,10
http://rdf-plantmetwiki.bioinformatics.nl/pathways/PC988_r17.0.0_20260605-171052,tetraacylsucrose biosynthesis (Solanum),10
http://rdf-plantmetwiki.bioinformatics.nl/pathways/RC611_r17.0.0_20260605-171052,luteolin 8-hydroxylase,10
http://rdf-plantmetwiki.bioinformatics.nl/pathways/PC257_r17.0.0_20260605-171052,gibberellin inactivation II (methylation),10
http://rdf-plantmetwiki.bioinformatics.nl/pathways/PC657_r17.0.0_20260605-171052,caffeoylglucarate biosynthesis,10
http://rdf-plantmetwiki.bioinformatics.nl/pathways/PC155_r17.0.0_20260605-171052,UDP-D-apiose biosynthesis (from UDP-D-glucuronate),10
http://rdf-plantmetwiki.bioinformatics.nl/pathways/PC532_r17.0.0_20260605-171052,2-oxoisovalerate decarboxylation to isobutanoyl-CoA,10
http://rdf-plantmetwiki.bioinformatics.nl/pathways/PC811_r17.0.0_20260605-171052,pyruvate fermentation to ethanol I,10
http://rdf-plantmetwiki.bioinformatics.nl/pathways/PC395_r17.0.0_20260605-171052,coumarin metabolism (to melilotic acid),10
http://rdf-plantmetwiki.bioinformatics.nl/pathways/PC238_r17.0.0_20260605-171052,polymethylated kaempferol biosynthesis,10
http://rdf-plantmetwiki.bioinformatics.nl/pathways/PC637_r17.0.0_20260605-171052,labdane-type diterpenes biosynthesis,10
http://rdf-plantmetwiki.bioinformatics.nl/pathways/PC774_r17.0.0_20260605-171052,pyruvate decarboxylation to acetyl CoA I,10
http://rdf-plantmetwiki.bioinformatics.nl/pathways/PC205_r17.0.0_20260605-171052,urea degradation I,10
http://rdf-plantmetwiki.bioinformatics.nl/pathways/PC160_r17.0.0_20260605-171052,amygdalin and prunasin degradation,10
http://rdf-plantmetwiki.bioinformatics.nl/pathways/PC390_r17.0.0_20260605-171052,geranyl pyrophosphate biosynthesis,10
http://rdf-plantmetwiki.bioinformatics.nl/pathways/PC269_r17.0.0_20260605-171052,(-)-medicarpin biosynthesis,10
http://rdf-plantmetwiki.bioinformatics.nl/pathways/PC1084_r17.0.0_20260605-171052,oryzalide A biosynthesis,10
http://rdf-plantmetwiki.bioinformatics.nl/pathways/PC79_r17.0.0_20260605-171052,ceramide degradation (generic),10
http://rdf-plantmetwiki.bioinformatics.nl/pathways/PC1062_r17.0.0_20260605-171052,"2,3-trans-flavanols biosynthesis",10
http://rdf-plantmetwiki.bioinformatics.nl/pathways/PC338_r17.0.0_20260605-171052,uracil degradation I (reductive),10
http://rdf-plantmetwiki.bioinformatics.nl/pathways/PC1148_r17.0.0_20260605-171052,salicylate glucosides biosynthesis II,10
http://rdf-plantmetwiki.bioinformatics.nl/pathways/PC310_r17.0.0_20260605-171052,2-oxoglutarate decarboxylation to succinyl-CoA,10
http://rdf-plantmetwiki.bioinformatics.nl/pathways/PC329_r17.0.0_20260605-171052,aromatic glucosinolate activation,10
http://rdf-plantmetwiki.bioinformatics.nl/pathways/PC112_r17.0.0_20260605-171052,L-arginine degradation I (arginase pathway),10
http://rdf-plantmetwiki.bioinformatics.nl/pathways/PC107_r17.0.0_20260605-171052,trans-lycopene biosynthesis I,10
http://rdf-plantmetwiki.bioinformatics.nl/pathways/PC274_r17.0.0_20260605-171052,betaxanthin biosynthesis,10
http://rdf-plantmetwiki.bioinformatics.nl/pathways/PC892_r17.0.0_20260605-171052,L-proline degradation I,10
http://rdf-plantmetwiki.bioinformatics.nl/pathways/PC42_r17.0.0_20260605-171052,malonly-CoA biosynthesis via biotin-carboxyl carrier protein,10
http://rdf-plantmetwiki.bioinformatics.nl/pathways/PC580_r17.0.0_20260605-171052,"benzoate biosynthesis II (CoA-independent, non-β-oxidative)",10
http://rdf-plantmetwiki.bioinformatics.nl/pathways/PC54_r17.0.0_20260605-171052,yatein biosynthesis I,10
http://rdf-plantmetwiki.bioinformatics.nl/pathways/PC309_r17.0.0_20260605-171052,daphnin interconversion,10
http://rdf-plantmetwiki.bioinformatics.nl/pathways/PC443_r17.0.0_20260605-171052,L-glutamate biosynthesis IV,9
http://rdf-plantmetwiki.bioinformatics.nl/pathways/PC1095_r17.0.0_20260605-171052,CMP-KDO biosynthesis II (from D-arabinose 5-phosphate),9
http://rdf-plantmetwiki.bioinformatics.nl/pathways/PC1069_r17.0.0_20260605-171052,coniferyl alcohol 9-methyl ether biosynthesis,9
http://rdf-plantmetwiki.bioinformatics.nl/pathways/RC465_r17.0.0_20260605-171052,PROLINE-MULTI,9
http://rdf-plantmetwiki.bioinformatics.nl/pathways/PC558_r17.0.0_20260605-171052,choline degradation I,9
http://rdf-plantmetwiki.bioinformatics.nl/pathways/PC285_r17.0.0_20260605-171052,indole-3-acetate inactivation I,9
http://rdf-plantmetwiki.bioinformatics.nl/pathways/PC534_r17.0.0_20260605-171052,"violaxanthin, antheraxanthin and zeaxanthin interconversion",9
http://rdf-plantmetwiki.bioinformatics.nl/pathways/PC138_r17.0.0_20260605-171052,9-lipoxygenase and 9-allene oxide synthase pathway,9
http://rdf-plantmetwiki.bioinformatics.nl/pathways/PC642_r17.0.0_20260605-171052,kievitone biosynthesis,9
http://rdf-plantmetwiki.bioinformatics.nl/pathways/PC545_r17.0.0_20260605-171052,aloesone and aloesin biosynthesis,9
http://rdf-plantmetwiki.bioinformatics.nl/pathways/PC243_r17.0.0_20260605-171052,rutin degradation (plants),9
http://rdf-plantmetwiki.bioinformatics.nl/pathways/PC515_r17.0.0_20260605-171052,galactosylcyclitol biosynthesis,9
http://rdf-plantmetwiki.bioinformatics.nl/pathways/PC856_r17.0.0_20260605-171052,anthocyanidin sophoroside metabolism,9
http://rdf-plantmetwiki.bioinformatics.nl/pathways/PC204_r17.0.0_20260605-171052,UDP-α-D-galacturonate biosynthesis II (from D-galacturonate),9
http://rdf-plantmetwiki.bioinformatics.nl/pathways/PC552_r17.0.0_20260605-171052,fructan biosynthesis,9
http://rdf-plantmetwiki.bioinformatics.nl/pathways/PC647_r17.0.0_20260605-171052,L-asparagine biosynthesis I,9
http://rdf-plantmetwiki.bioinformatics.nl/pathways/PC980_r17.0.0_20260605-171052,glutathione-peroxide redox reactions,9
http://rdf-plantmetwiki.bioinformatics.nl/pathways/PC490_r17.0.0_20260605-171052,gallotannin biosynthesis,9
http://rdf-plantmetwiki.bioinformatics.nl/pathways/PC854_r17.0.0_20260605-171052,glycolate and glyoxylate degradation II,9
http://rdf-plantmetwiki.bioinformatics.nl/pathways/PC497_r17.0.0_20260605-171052,B series fagopyritols biosynthesis,9
http://rdf-plantmetwiki.bioinformatics.nl/pathways/PC179_r17.0.0_20260605-171052,D-mannose degradation I,9
http://rdf-plantmetwiki.bioinformatics.nl/pathways/PC707_r17.0.0_20260605-171052,UDP-β-L-rhamnose biosynthesis,9
http://rdf-plantmetwiki.bioinformatics.nl/pathways/PC588_r17.0.0_20260605-171052,formaldehyde oxidation II (glutathione-dependent),9
http://rdf-plantmetwiki.bioinformatics.nl/pathways/PC510_r17.0.0_20260605-171052,sophoraflavanone G biosynthesis,9
http://rdf-plantmetwiki.bioinformatics.nl/pathways/RC537_r17.0.0_20260605-171052,RXN-15355,9
http://rdf-plantmetwiki.bioinformatics.nl/pathways/PC718_r17.0.0_20260605-171052,"2,3-cis-flavanols biosynthesis",9
http://rdf-plantmetwiki.bioinformatics.nl/pathways/PC98_r17.0.0_20260605-171052,pyruvate fermentation to acetate IV,9
http://rdf-plantmetwiki.bioinformatics.nl/pathways/PC700_r17.0.0_20260605-171052,rotenoid biosynthesis II,9
http://rdf-plantmetwiki.bioinformatics.nl/pathways/PC91_r17.0.0_20260605-171052,trehalose degradation II (cytosolic),9
http://rdf-plantmetwiki.bioinformatics.nl/pathways/PC670_r17.0.0_20260605-171052,phytochromobilin biosynthesis,9
http://rdf-plantmetwiki.bioinformatics.nl/pathways/PC686_r17.0.0_20260605-171052,galactolipid biosynthesis I,9
http://rdf-plantmetwiki.bioinformatics.nl/pathways/PC530_r17.0.0_20260605-171052,A series fagopyritols biosynthesis,9
http://rdf-plantmetwiki.bioinformatics.nl/pathways/PC608_r17.0.0_20260605-171052,luteolin glycosides biosynthesis,9
http://rdf-plantmetwiki.bioinformatics.nl/pathways/PC724_r17.0.0_20260605-171052,afrormosin conjugates interconversion,9
http://rdf-plantmetwiki.bioinformatics.nl/pathways/PC394_r17.0.0_20260605-171052,4-aminobutanoate degradation I,9
http://rdf-plantmetwiki.bioinformatics.nl/pathways/PC405_r17.0.0_20260605-171052,nucleobase ascorbate transport I,9
http://rdf-plantmetwiki.bioinformatics.nl/pathways/PC948_r17.0.0_20260605-171052,seleno-amino acid detoxification and volatilization I,9
http://rdf-plantmetwiki.bioinformatics.nl/pathways/PC93_r17.0.0_20260605-171052,(-)-camphor biosynthesis,9
http://rdf-plantmetwiki.bioinformatics.nl/pathways/PC196_r17.0.0_20260605-171052,sterculate biosynthesis,9
http://rdf-plantmetwiki.bioinformatics.nl/pathways/PC1009_r17.0.0_20260605-171052,indigo biosynthesis,9
http://rdf-plantmetwiki.bioinformatics.nl/pathways/PC1012_r17.0.0_20260605-171052,linoleate biosynthesis I (plants),9
http://rdf-plantmetwiki.bioinformatics.nl/pathways/PC1000_r17.0.0_20260605-171052,2-methylketone biosynthesis,9
http://rdf-plantmetwiki.bioinformatics.nl/pathways/PC125_r17.0.0_20260605-171052,homoglutathione biosynthesis,9
http://rdf-plantmetwiki.bioinformatics.nl/pathways/PC784_r17.0.0_20260605-171052,crocetin esters biosynthesis,9
http://rdf-plantmetwiki.bioinformatics.nl/pathways/PC1088_r17.0.0_20260605-171052,juglone biosynthesis,9
http://rdf-plantmetwiki.bioinformatics.nl/pathways/PC1031_r17.0.0_20260605-171052,dicranin biosynthesis,9
http://rdf-plantmetwiki.bioinformatics.nl/pathways/PC1071_r17.0.0_20260605-171052,wogonin metabolism,9
http://rdf-plantmetwiki.bioinformatics.nl/pathways/RC364_r17.0.0_20260605-171052,RXN-11675,9
http://rdf-plantmetwiki.bioinformatics.nl/pathways/RC975_r17.0.0_20260605-171052,RXN-11676,9
http://rdf-plantmetwiki.bioinformatics.nl/pathways/PC842_r17.0.0_20260605-171052,nitric oxide biosynthesis I (plants),9
http://rdf-plantmetwiki.bioinformatics.nl/pathways/PC371_r17.0.0_20260605-171052,hydroxylated mugineic acid phytosiderophore biosynthesis,9
http://rdf-plantmetwiki.bioinformatics.nl/pathways/PC174_r17.0.0_20260605-171052,methylglyoxal degradation I,9
http://rdf-plantmetwiki.bioinformatics.nl/pathways/PC302_r17.0.0_20260605-171052,"fatty acid β-oxidation IV (unsaturated, even number)",9
http://rdf-plantmetwiki.bioinformatics.nl/pathways/PC613_r17.0.0_20260605-171052,dolabralexins biosynthesis,9
http://rdf-plantmetwiki.bioinformatics.nl/pathways/PC586_r17.0.0_20260605-171052,pyrimidine ribonucleosides salvage I,9
http://rdf-plantmetwiki.bioinformatics.nl/pathways/PC1133_r17.0.0_20260605-171052,ricinoleate biosynthesis,9
http://rdf-plantmetwiki.bioinformatics.nl/pathways/PC963_r17.0.0_20260605-171052,glycine betaine biosynthesis III (plants),9
http://rdf-plantmetwiki.bioinformatics.nl/pathways/PC124_r17.0.0_20260605-171052,ternatin C5 biosynthesis,9
http://rdf-plantmetwiki.bioinformatics.nl/pathways/PC793_r17.0.0_20260605-171052,luteolin triglucuronide biosynthesis,9
http://rdf-plantmetwiki.bioinformatics.nl/pathways/PC425_r17.0.0_20260605-171052,GDP-α-D-glucose biosynthesis,9
http://rdf-plantmetwiki.bioinformatics.nl/pathways/PC821_r17.0.0_20260605-171052,lutein biosynthesis,9
http://rdf-plantmetwiki.bioinformatics.nl/pathways/PC611_r17.0.0_20260605-171052,lipoate biosynthesis and incorporation I,9
http://rdf-plantmetwiki.bioinformatics.nl/pathways/PC805_r17.0.0_20260605-171052,pentose phosphate pathway (oxidative branch) I,9
http://rdf-plantmetwiki.bioinformatics.nl/pathways/PC930_r17.0.0_20260605-171052,glutathione biosynthesis,9
http://rdf-plantmetwiki.bioinformatics.nl/pathways/PC1152_r17.0.0_20260605-171052,4-hydroxycoumarin and dicoumarol biosynthesis,9
http://rdf-plantmetwiki.bioinformatics.nl/pathways/PC966_r17.0.0_20260605-171052,oleate biosynthesis I (plants),9
http://rdf-plantmetwiki.bioinformatics.nl/pathways/PC772_r17.0.0_20260605-171052,eugenol and isoeugenol biosynthesis,9
http://rdf-plantmetwiki.bioinformatics.nl/pathways/RC923_r17.0.0_20260605-171052,ICOSANOYL-COA-SYNTHASE-RXN,9
http://rdf-plantmetwiki.bioinformatics.nl/pathways/RC533_r17.0.0_20260605-171052,INOSINEKIN-RXN,9
http://rdf-plantmetwiki.bioinformatics.nl/pathways/PC972_r17.0.0_20260605-171052,neurosporene biosynthesis,9
http://rdf-plantmetwiki.bioinformatics.nl/pathways/PC334_r17.0.0_20260605-171052,allantoin degradation to glyoxylate I,8
http://rdf-plantmetwiki.bioinformatics.nl/pathways/PC741_r17.0.0_20260605-171052,"26,27-dehydrozymosterol metabolism",8
http://rdf-plantmetwiki.bioinformatics.nl/pathways/PC780_r17.0.0_20260605-171052,"cyanidin 3,7-diglucoside polyacylation biosynthesis",8
http://rdf-plantmetwiki.bioinformatics.nl/pathways/PC737_r17.0.0_20260605-171052,putrescine biosynthesis II,8
http://rdf-plantmetwiki.bioinformatics.nl/pathways/RC335_r17.0.0_20260605-171052,RXN-15525,8
http://rdf-plantmetwiki.bioinformatics.nl/pathways/PC840_r17.0.0_20260605-171052,CDP-diacylglycerol biosynthesis IV,8
http://rdf-plantmetwiki.bioinformatics.nl/pathways/PC372_r17.0.0_20260605-171052,capsidiol biosynthesis,8
http://rdf-plantmetwiki.bioinformatics.nl/pathways/PC1157_r17.0.0_20260605-171052,9-lipoxygenase and 9-hydroperoxide lyase pathway,8
http://rdf-plantmetwiki.bioinformatics.nl/pathways/PC391_r17.0.0_20260605-171052,anthocyanidin 3-malylglucoside biosynthesis (acyl-glucose dependent),8
http://rdf-plantmetwiki.bioinformatics.nl/pathways/RC842_r17.0.0_20260605-171052,RXN-7645,8
http://rdf-plantmetwiki.bioinformatics.nl/pathways/PC402_r17.0.0_20260605-171052,coniferin metabolism,8
http://rdf-plantmetwiki.bioinformatics.nl/pathways/PC669_r17.0.0_20260605-171052,L-cysteine biosynthesis I,8
http://rdf-plantmetwiki.bioinformatics.nl/pathways/PC82_r17.0.0_20260605-171052,naringenin glycoside biosynthesis,8
http://rdf-plantmetwiki.bioinformatics.nl/pathways/PC1128_r17.0.0_20260605-171052,petroselinate biosynthesis,8
http://rdf-plantmetwiki.bioinformatics.nl/pathways/PC280_r17.0.0_20260605-171052,IAA biosynthesis VII,8
http://rdf-plantmetwiki.bioinformatics.nl/pathways/PC25_r17.0.0_20260605-171052,trehalose biosynthesis I,8
http://rdf-plantmetwiki.bioinformatics.nl/pathways/PC882_r17.0.0_20260605-171052,ethanol degradation I,8
http://rdf-plantmetwiki.bioinformatics.nl/pathways/PC133_r17.0.0_20260605-171052,pyrimidine deoxyribonucleotide phosphorylation,8
http://rdf-plantmetwiki.bioinformatics.nl/pathways/PC322_r17.0.0_20260605-171052,costunolide biosynthesis I,8
http://rdf-plantmetwiki.bioinformatics.nl/pathways/PC56_r17.0.0_20260605-171052,β-alanine betaine biosynthesis,8
http://rdf-plantmetwiki.bioinformatics.nl/pathways/PC366_r17.0.0_20260605-171052,pyridoxal 5'-phosphate biosynthesis II,8
http://rdf-plantmetwiki.bioinformatics.nl/pathways/PC499_r17.0.0_20260605-171052,vestitol and sativan biosynthesis,8
http://rdf-plantmetwiki.bioinformatics.nl/pathways/PC794_r17.0.0_20260605-171052,adenine and adenosine salvage II,8
http://rdf-plantmetwiki.bioinformatics.nl/pathways/PC868_r17.0.0_20260605-171052,methylhalides biosynthesis (plants),8
http://rdf-plantmetwiki.bioinformatics.nl/pathways/PC754_r17.0.0_20260605-171052,hinokiresinol biosynthesis,8
http://rdf-plantmetwiki.bioinformatics.nl/pathways/PC1093_r17.0.0_20260605-171052,oleanolate biosynthesis,8
http://rdf-plantmetwiki.bioinformatics.nl/pathways/PC273_r17.0.0_20260605-171052,esculetin biosynthesis,8
http://rdf-plantmetwiki.bioinformatics.nl/pathways/PC116_r17.0.0_20260605-171052,GDP-L-fucose biosynthesis I (from GDP-D-mannose),8
http://rdf-plantmetwiki.bioinformatics.nl/pathways/PC428_r17.0.0_20260605-171052,"D-myo-inositol (1,3,4)-trisphosphate biosynthesis",8
http://rdf-plantmetwiki.bioinformatics.nl/pathways/RC1005_r17.0.0_20260605-171052,RXN-2207,8
http://rdf-plantmetwiki.bioinformatics.nl/pathways/RC504_r17.0.0_20260605-171052,RXNQT-4315,8
http://rdf-plantmetwiki.bioinformatics.nl/pathways/PC178_r17.0.0_20260605-171052,neolinustatin bioactivation,8
http://rdf-plantmetwiki.bioinformatics.nl/pathways/RC349_r17.0.0_20260605-171052,RXNQT-4318,8
http://rdf-plantmetwiki.bioinformatics.nl/pathways/PC14_r17.0.0_20260605-171052,ammonia assimilation cycle II,8
http://rdf-plantmetwiki.bioinformatics.nl/pathways/PC832_r17.0.0_20260605-171052,mimosine biosynthesis,8
http://rdf-plantmetwiki.bioinformatics.nl/pathways/PC237_r17.0.0_20260605-171052,methylsalicylate degradation,8
http://rdf-plantmetwiki.bioinformatics.nl/pathways/PC673_r17.0.0_20260605-171052,pelargonidin diglucoside biosynthesis (acyl-glucose dependent),8
http://rdf-plantmetwiki.bioinformatics.nl/pathways/PC906_r17.0.0_20260605-171052,cyanide degradation,8
http://rdf-plantmetwiki.bioinformatics.nl/pathways/PC658_r17.0.0_20260605-171052,"L-phenylalanine biosynthesis III (cytosolic, plants)",8
http://rdf-plantmetwiki.bioinformatics.nl/pathways/RC871_r17.0.0_20260605-171052,RXNQT-4317,8
http://rdf-plantmetwiki.bioinformatics.nl/pathways/PC142_r17.0.0_20260605-171052,UDP-α-D-glucose biosynthesis,8
http://rdf-plantmetwiki.bioinformatics.nl/pathways/PC815_r17.0.0_20260605-171052,cyanidin dimalonylglucoside biosynthesis,8
http://rdf-plantmetwiki.bioinformatics.nl/pathways/RC759_r17.0.0_20260605-171052,RXNQT-4316,8
http://rdf-plantmetwiki.bioinformatics.nl/pathways/RC1250_r17.0.0_20260605-171052,RXN-8332,8
http://rdf-plantmetwiki.bioinformatics.nl/pathways/PC153_r17.0.0_20260605-171052,usnate biosynthesis,8
http://rdf-plantmetwiki.bioinformatics.nl/pathways/PC910_r17.0.0_20260605-171052,guanine and guanosine salvage III,8
http://rdf-plantmetwiki.bioinformatics.nl/pathways/PC311_r17.0.0_20260605-171052,furcatin degradation,8
http://rdf-plantmetwiki.bioinformatics.nl/pathways/PC8_r17.0.0_20260605-171052,glycerol degradation I,8
http://rdf-plantmetwiki.bioinformatics.nl/pathways/RC209_r17.0.0_20260605-171052,RXN-17677,8
http://rdf-plantmetwiki.bioinformatics.nl/pathways/PC481_r17.0.0_20260605-171052,cis-vaccenate biosynthesis,8
http://rdf-plantmetwiki.bioinformatics.nl/pathways/PC874_r17.0.0_20260605-171052,sulfoquinovosyl diacylglycerol biosynthesis,8
http://rdf-plantmetwiki.bioinformatics.nl/pathways/PC440_r17.0.0_20260605-171052,photosynthesis light reactions I (plastocyanin),8
http://rdf-plantmetwiki.bioinformatics.nl/pathways/PC456_r17.0.0_20260605-171052,abscisic acid degradation to phaseic acid,8
http://rdf-plantmetwiki.bioinformatics.nl/pathways/PC1041_r17.0.0_20260605-171052,GDP-L-fucose biosynthesis II (from L-fucose),8
http://rdf-plantmetwiki.bioinformatics.nl/pathways/PC1067_r17.0.0_20260605-171052,phytol salvage pathway,8
http://rdf-plantmetwiki.bioinformatics.nl/pathways/PC344_r17.0.0_20260605-171052,gallate biosynthesis,8
http://rdf-plantmetwiki.bioinformatics.nl/pathways/PC41_r17.0.0_20260605-171052,steviol biosynthesis,8
http://rdf-plantmetwiki.bioinformatics.nl/pathways/PC711_r17.0.0_20260605-171052,patchoulol biosynthesis,8
http://rdf-plantmetwiki.bioinformatics.nl/pathways/RC696_r17.0.0_20260605-171052,AMP-DEPHOSPHORYLATION-RXN,8
http://rdf-plantmetwiki.bioinformatics.nl/pathways/PC411_r17.0.0_20260605-171052,chlorophyll a degradation III,8
http://rdf-plantmetwiki.bioinformatics.nl/pathways/PC863_r17.0.0_20260605-171052,UDP-α-D-glucuronate biosynthesis (from UDP-glucose),8
http://rdf-plantmetwiki.bioinformatics.nl/pathways/PC1076_r17.0.0_20260605-171052,oryzalexin D and E biosynthesis,8
http://rdf-plantmetwiki.bioinformatics.nl/pathways/PC397_r17.0.0_20260605-171052,magnoflorine biosynthesis,8
http://rdf-plantmetwiki.bioinformatics.nl/pathways/RC653_r17.0.0_20260605-171052,FATTY-ACYL-COA-SYNTHASE-RXN,8
http://rdf-plantmetwiki.bioinformatics.nl/pathways/PC156_r17.0.0_20260605-171052,divinyl ether biosynthesis I,8
http://rdf-plantmetwiki.bioinformatics.nl/pathways/PC635_r17.0.0_20260605-171052,chlorophyll a biosynthesis I,8
http://rdf-plantmetwiki.bioinformatics.nl/pathways/PC640_r17.0.0_20260605-171052,lathyrine biosynthesis,8
http://rdf-plantmetwiki.bioinformatics.nl/pathways/PC770_r17.0.0_20260605-171052,fatty acid biosynthesis initiation (plant mitochondria),8
http://rdf-plantmetwiki.bioinformatics.nl/pathways/PC1047_r17.0.0_20260605-171052,gallate biosynthesis,8
http://rdf-plantmetwiki.bioinformatics.nl/pathways/PC1129_r17.0.0_20260605-171052,L-threonine biosynthesis,8
http://rdf-plantmetwiki.bioinformatics.nl/pathways/PC929_r17.0.0_20260605-171052,oleoresin sesquiterpene volatiles biosynthesis,8
http://rdf-plantmetwiki.bioinformatics.nl/pathways/PC593_r17.0.0_20260605-171052,canthaxanthin biosynthesis,8
http://rdf-plantmetwiki.bioinformatics.nl/pathways/PC1030_r17.0.0_20260605-171052,3-(4-hydroxyphenyl)pyruvate biosynthesis,8
http://rdf-plantmetwiki.bioinformatics.nl/pathways/RC808_r17.0.0_20260605-171052,RXN-4603,8
http://rdf-plantmetwiki.bioinformatics.nl/pathways/PC167_r17.0.0_20260605-171052,homophytochelatin biosynthesis,8
http://rdf-plantmetwiki.bioinformatics.nl/pathways/PC317_r17.0.0_20260605-171052,superpathway of putrescine biosynthesis,8
http://rdf-plantmetwiki.bioinformatics.nl/pathways/PC434_r17.0.0_20260605-171052,glutamate-glutamine shuttle,8
http://rdf-plantmetwiki.bioinformatics.nl/pathways/RC332_r17.0.0_20260605-171052,1.2.1.27-RXN,8
http://rdf-plantmetwiki.bioinformatics.nl/pathways/PC775_r17.0.0_20260605-171052,fenchone biosynthesis,8
http://rdf-plantmetwiki.bioinformatics.nl/pathways/PC1053_r17.0.0_20260605-171052,pyruvate fermentation to ethanol II,8
http://rdf-plantmetwiki.bioinformatics.nl/pathways/PC396_r17.0.0_20260605-171052,lactucaxanthin biosynthesis,8
http://rdf-plantmetwiki.bioinformatics.nl/pathways/RC441_r17.0.0_20260605-171052,RXNQT-4314,8
http://rdf-plantmetwiki.bioinformatics.nl/pathways/PC876_r17.0.0_20260605-171052,N-methylanthraniloyl-β-D-glucopyranose biosynthesis,8
http://rdf-plantmetwiki.bioinformatics.nl/pathways/RC519_r17.0.0_20260605-171052,RXN-12202,7
http://rdf-plantmetwiki.bioinformatics.nl/pathways/RC1107_r17.0.0_20260605-171052,RXN-1061,7
http://rdf-plantmetwiki.bioinformatics.nl/pathways/PC852_r17.0.0_20260605-171052,maysin biosynthesis,7
http://rdf-plantmetwiki.bioinformatics.nl/pathways/PC682_r17.0.0_20260605-171052,phenylethanol glycoconjugate biosynthesis,7
http://rdf-plantmetwiki.bioinformatics.nl/pathways/RC78_r17.0.0_20260605-171052,RXN-13398,7
http://rdf-plantmetwiki.bioinformatics.nl/pathways/RC1077_r17.0.0_20260605-171052,RXN-21434,7
http://rdf-plantmetwiki.bioinformatics.nl/pathways/RC237_r17.0.0_20260605-171052,RXN-10429,7
http://rdf-plantmetwiki.bioinformatics.nl/pathways/RC583_r17.0.0_20260605-171052,RXN-10435,7
http://rdf-plantmetwiki.bioinformatics.nl/pathways/PC223_r17.0.0_20260605-171052,betulinate biosynthesis,7
http://rdf-plantmetwiki.bioinformatics.nl/pathways/PC161_r17.0.0_20260605-171052,spermine and spermidine degradation III,7
http://rdf-plantmetwiki.bioinformatics.nl/pathways/PC263_r17.0.0_20260605-171052,L-methionine degradation II,7
http://rdf-plantmetwiki.bioinformatics.nl/pathways/PC799_r17.0.0_20260605-171052,acetate and ATP formation from acetyl-CoA I,7
http://rdf-plantmetwiki.bioinformatics.nl/pathways/PC81_r17.0.0_20260605-171052,myo-inositol biosynthesis,7
http://rdf-plantmetwiki.bioinformatics.nl/pathways/RC1221_r17.0.0_20260605-171052,RXN-10431,7
http://rdf-plantmetwiki.bioinformatics.nl/pathways/PC931_r17.0.0_20260605-171052,malate-oxaloacetate shuttle II,7
http://rdf-plantmetwiki.bioinformatics.nl/pathways/PC885_r17.0.0_20260605-171052,des-methyl avenacin A-1 biosynthesis,7
http://rdf-plantmetwiki.bioinformatics.nl/pathways/PC254_r17.0.0_20260605-171052,iron reduction and absorption,7
http://rdf-plantmetwiki.bioinformatics.nl/pathways/PC458_r17.0.0_20260605-171052,spermine biosynthesis,7
http://rdf-plantmetwiki.bioinformatics.nl/pathways/PC262_r17.0.0_20260605-171052,molybdenum cofactor sulfulylation (eukaryotes),7
http://rdf-plantmetwiki.bioinformatics.nl/pathways/PC679_r17.0.0_20260605-171052,abscisic acid degradation by glucosylation,7
http://rdf-plantmetwiki.bioinformatics.nl/pathways/PC320_r17.0.0_20260605-171052,fructan degradation,7
http://rdf-plantmetwiki.bioinformatics.nl/pathways/PC149_r17.0.0_20260605-171052,caffeine degradation II,7
http://rdf-plantmetwiki.bioinformatics.nl/pathways/PC321_r17.0.0_20260605-171052,acylsucrose biosynthesis (Solanum pennellii),7
http://rdf-plantmetwiki.bioinformatics.nl/pathways/PC627_r17.0.0_20260605-171052,sulfate activation for sulfonation,7
http://rdf-plantmetwiki.bioinformatics.nl/pathways/PC531_r17.0.0_20260605-171052,xylan biosynthesis,7
http://rdf-plantmetwiki.bioinformatics.nl/pathways/PC384_r17.0.0_20260605-171052,putrescine biosynthesis I,7
http://rdf-plantmetwiki.bioinformatics.nl/pathways/PC6_r17.0.0_20260605-171052,L-glutamate degradation I,7
http://rdf-plantmetwiki.bioinformatics.nl/pathways/RC1181_r17.0.0_20260605-171052,6.3.5.7-RXN,7
http://rdf-plantmetwiki.bioinformatics.nl/pathways/RC1156_r17.0.0_20260605-171052,RXN-7863,7
http://rdf-plantmetwiki.bioinformatics.nl/pathways/PC279_r17.0.0_20260605-171052,perillyl aldehyde biosynthesis,7
http://rdf-plantmetwiki.bioinformatics.nl/pathways/PC439_r17.0.0_20260605-171052,mangrove triterpenoid biosynthesis,7
http://rdf-plantmetwiki.bioinformatics.nl/pathways/PC76_r17.0.0_20260605-171052,D-serine metabolism,7
http://rdf-plantmetwiki.bioinformatics.nl/pathways/RC971_r17.0.0_20260605-171052,RXN-10437,7
http://rdf-plantmetwiki.bioinformatics.nl/pathways/PC20_r17.0.0_20260605-171052,putrescine biosynthesis III,7
http://rdf-plantmetwiki.bioinformatics.nl/pathways/RC49_r17.0.0_20260605-171052,RXN-10886,7
http://rdf-plantmetwiki.bioinformatics.nl/pathways/PC433_r17.0.0_20260605-171052,acacetin biosynthesis,7
http://rdf-plantmetwiki.bioinformatics.nl/pathways/RC454_r17.0.0_20260605-171052,RXN-7797,7
http://rdf-plantmetwiki.bioinformatics.nl/pathways/PC631_r17.0.0_20260605-171052,ricinoleate biosynthesis,7
http://rdf-plantmetwiki.bioinformatics.nl/pathways/PC284_r17.0.0_20260605-171052,laudanine biosynthesis,7
http://rdf-plantmetwiki.bioinformatics.nl/pathways/RC367_r17.0.0_20260605-171052,1.14.11.19-RXN,7
http://rdf-plantmetwiki.bioinformatics.nl/pathways/PC331_r17.0.0_20260605-171052,zeaxanthin biosynthesis,7
http://rdf-plantmetwiki.bioinformatics.nl/pathways/PC808_r17.0.0_20260605-171052,fatty acid elongation--saturated,7
http://rdf-plantmetwiki.bioinformatics.nl/pathways/PC599_r17.0.0_20260605-171052,baicalein degradation (hydrogen peroxide detoxification),7
http://rdf-plantmetwiki.bioinformatics.nl/pathways/PC708_r17.0.0_20260605-171052,guanine and guanosine salvage II,7
http://rdf-plantmetwiki.bioinformatics.nl/pathways/PC1158_r17.0.0_20260605-171052,spermidine biosynthesis I,7
http://rdf-plantmetwiki.bioinformatics.nl/pathways/PC517_r17.0.0_20260605-171052,oligomeric urushiol biosynthesis,7
http://rdf-plantmetwiki.bioinformatics.nl/pathways/PC702_r17.0.0_20260605-171052,geranyl acetate biosynthesis,7
http://rdf-plantmetwiki.bioinformatics.nl/pathways/PC591_r17.0.0_20260605-171052,lotaustralin degradation,7
http://rdf-plantmetwiki.bioinformatics.nl/pathways/PC37_r17.0.0_20260605-171052,glycerol-3-phosphate shuttle,7
http://rdf-plantmetwiki.bioinformatics.nl/pathways/RC1139_r17.0.0_20260605-171052,RXN-13334,7
http://rdf-plantmetwiki.bioinformatics.nl/pathways/PC848_r17.0.0_20260605-171052,(+)-secoisolariciresinol diglucoside biosynthesis,7
http://rdf-plantmetwiki.bioinformatics.nl/pathways/RC669_r17.0.0_20260605-171052,RXN-10436,7
http://rdf-plantmetwiki.bioinformatics.nl/pathways/PC662_r17.0.0_20260605-171052,nitrate reduction II (assimilatory),7
http://rdf-plantmetwiki.bioinformatics.nl/pathways/PC294_r17.0.0_20260605-171052,pinolenate and coniferonate biosynthesis,7
http://rdf-plantmetwiki.bioinformatics.nl/pathways/PC571_r17.0.0_20260605-171052,pyrimidine ribonucleosides salvage II,7
http://rdf-plantmetwiki.bioinformatics.nl/pathways/PC470_r17.0.0_20260605-171052,labdenediol and sclareol biosynthesis,7
http://rdf-plantmetwiki.bioinformatics.nl/pathways/RC534_r17.0.0_20260605-171052,RXN-7651,7
http://rdf-plantmetwiki.bioinformatics.nl/pathways/PC462_r17.0.0_20260605-171052,germacrene biosynthesis,7
http://rdf-plantmetwiki.bioinformatics.nl/pathways/RC628_r17.0.0_20260605-171052,RXN-12259,7
http://rdf-plantmetwiki.bioinformatics.nl/pathways/PC1029_r17.0.0_20260605-171052,L-proline biosynthesis IV,7
http://rdf-plantmetwiki.bioinformatics.nl/pathways/RC56_r17.0.0_20260605-171052,RXN-22735,7
http://rdf-plantmetwiki.bioinformatics.nl/pathways/RC1312_r17.0.0_20260605-171052,RXN-9221,7
http://rdf-plantmetwiki.bioinformatics.nl/pathways/PC1027_r17.0.0_20260605-171052,aromatic polyketides biosynthesis,7
http://rdf-plantmetwiki.bioinformatics.nl/pathways/PC260_r17.0.0_20260605-171052,polyisoprenoid biosynthesis,7
http://rdf-plantmetwiki.bioinformatics.nl/pathways/PC252_r17.0.0_20260605-171052,gramine biosynthesis,7
http://rdf-plantmetwiki.bioinformatics.nl/pathways/PC936_r17.0.0_20260605-171052,salicylate biosynthesis III,7
http://rdf-plantmetwiki.bioinformatics.nl/pathways/RC855_r17.0.0_20260605-171052,RXN-1441,7
http://rdf-plantmetwiki.bioinformatics.nl/pathways/RC212_r17.0.0_20260605-171052,RXN-14325,7
http://rdf-plantmetwiki.bioinformatics.nl/pathways/RC376_r17.0.0_20260605-171052,1.5.1.7-RXN,7
http://rdf-plantmetwiki.bioinformatics.nl/pathways/RC604_r17.0.0_20260605-171052,2.7.9.4-RXN,7
http://rdf-plantmetwiki.bioinformatics.nl/pathways/RC706_r17.0.0_20260605-171052,GLUTDEHYD-RXN,7
http://rdf-plantmetwiki.bioinformatics.nl/pathways/RC458_r17.0.0_20260605-171052,RXN-10438,7
http://rdf-plantmetwiki.bioinformatics.nl/pathways/PC822_r17.0.0_20260605-171052,"(E,E)-4,8,12-trimethyltrideca-1,3,7,11-tetraene biosynthesis",7
http://rdf-plantmetwiki.bioinformatics.nl/pathways/RC712_r17.0.0_20260605-171052,GARTRANSFORMYL2-RXN,7
http://rdf-plantmetwiki.bioinformatics.nl/pathways/RC1239_r17.0.0_20260605-171052,ASNSYNA-RXN,7
http://rdf-plantmetwiki.bioinformatics.nl/pathways/PC914_r17.0.0_20260605-171052,lampranthin biosynthesis,7
http://rdf-plantmetwiki.bioinformatics.nl/pathways/PC893_r17.0.0_20260605-171052,NAD biosynthesis from nicotinamide,7
http://rdf-plantmetwiki.bioinformatics.nl/pathways/PC527_r17.0.0_20260605-171052,4-aminobenzoate biosynthesis I,7
http://rdf-plantmetwiki.bioinformatics.nl/pathways/PC572_r17.0.0_20260605-171052,betaxanthin biosynthesis (via dopamine),7
http://rdf-plantmetwiki.bioinformatics.nl/pathways/PC1055_r17.0.0_20260605-171052,L-glutamate biosynthesis II,7
http://rdf-plantmetwiki.bioinformatics.nl/pathways/RC252_r17.0.0_20260605-171052,RXN-10887,7
http://rdf-plantmetwiki.bioinformatics.nl/pathways/PC158_r17.0.0_20260605-171052,L-glutamine biosynthesis I,7
http://rdf-plantmetwiki.bioinformatics.nl/pathways/RC365_r17.0.0_20260605-171052,RXN-10434,7
http://rdf-plantmetwiki.bioinformatics.nl/pathways/RC159_r17.0.0_20260605-171052,RXN-10433,7
http://rdf-plantmetwiki.bioinformatics.nl/pathways/RC963_r17.0.0_20260605-171052,RXN-11230,7
http://rdf-plantmetwiki.bioinformatics.nl/pathways/PC971_r17.0.0_20260605-171052,terminal olefins biosynthesis II,7
http://rdf-plantmetwiki.bioinformatics.nl/pathways/PC886_r17.0.0_20260605-171052,cyanate degradation,7
http://rdf-plantmetwiki.bioinformatics.nl/pathways/RC129_r17.0.0_20260605-171052,RXN-20084,7
http://rdf-plantmetwiki.bioinformatics.nl/pathways/PC19_r17.0.0_20260605-171052,folate polyglutamylation II,7
http://rdf-plantmetwiki.bioinformatics.nl/pathways/RC1315_r17.0.0_20260605-171052,RXN-8349,7
http://rdf-plantmetwiki.bioinformatics.nl/pathways/PC1007_r17.0.0_20260605-171052,geranyl β-primeveroside biosynthesis,7
http://rdf-plantmetwiki.bioinformatics.nl/pathways/PC983_r17.0.0_20260605-171052,"fructose 2,6-bisphosphate biosynthesis",7
http://rdf-plantmetwiki.bioinformatics.nl/pathways/RC1124_r17.0.0_20260605-171052,1-pyrroline-5-carboxylate dehydrogenase,7
http://rdf-plantmetwiki.bioinformatics.nl/pathways/RC608_r17.0.0_20260605-171052,2.7.9.5-RXN,7
http://rdf-plantmetwiki.bioinformatics.nl/pathways/PC140_r17.0.0_20260605-171052,triacylglycerol degradation,7
http://rdf-plantmetwiki.bioinformatics.nl/pathways/PC471_r17.0.0_20260605-171052,delphinidin diglucoside biosynthesis (acyl-glucose dependent),7
http://rdf-plantmetwiki.bioinformatics.nl/pathways/PC466_r17.0.0_20260605-171052,capsanthin and capsorubin biosynthesis,7
http://rdf-plantmetwiki.bioinformatics.nl/pathways/PC407_r17.0.0_20260605-171052,"1,3,5-trimethoxybenzene biosynthesis",7
http://rdf-plantmetwiki.bioinformatics.nl/pathways/PC834_r17.0.0_20260605-171052,"diacylglyceryl-N,N,N-trimethylhomoserine biosynthesis",7
http://rdf-plantmetwiki.bioinformatics.nl/pathways/RC1293_r17.0.0_20260605-171052,RXN-10885,7
http://rdf-plantmetwiki.bioinformatics.nl/pathways/RC140_r17.0.0_20260605-171052,RXN-602,7
http://rdf-plantmetwiki.bioinformatics.nl/pathways/RC1095_r17.0.0_20260605-171052,RXN-10430,7
http://rdf-plantmetwiki.bioinformatics.nl/pathways/RC1182_r17.0.0_20260605-171052,6.3.5.6-RXN,7
http://rdf-plantmetwiki.bioinformatics.nl/pathways/PC865_r17.0.0_20260605-171052,3-amino-3-phenylpropanoyl-CoA biosynthesis,7
http://rdf-plantmetwiki.bioinformatics.nl/pathways/PC139_r17.0.0_20260605-171052,"(7Z,10Z,13Z)-hexadecatrienoate biosynthesis",7
http://rdf-plantmetwiki.bioinformatics.nl/pathways/RC1023_r17.0.0_20260605-171052,RXN-10884,7
http://rdf-plantmetwiki.bioinformatics.nl/pathways/PC256_r17.0.0_20260605-171052,acetyl-CoA biosynthesis from citrate,7
http://rdf-plantmetwiki.bioinformatics.nl/pathways/RC774_r17.0.0_20260605-171052,RXN-12201,7
http://rdf-plantmetwiki.bioinformatics.nl/pathways/PC444_r17.0.0_20260605-171052,"oryzalexin A, B, and C biosynthesis",7
http://rdf-plantmetwiki.bioinformatics.nl/pathways/PC920_r17.0.0_20260605-171052,phytyl pyrophosphate biosynthesis,7
http://rdf-plantmetwiki.bioinformatics.nl/pathways/PC127_r17.0.0_20260605-171052,serinol biosynthesis,7
http://rdf-plantmetwiki.bioinformatics.nl/pathways/PC659_r17.0.0_20260605-171052,sulfur volatiles biosynthesis,7
http://rdf-plantmetwiki.bioinformatics.nl/pathways/RC178_r17.0.0_20260605-171052,ricinoleyl-CoA desaturase,7
http://rdf-plantmetwiki.bioinformatics.nl/pathways/PC757_r17.0.0_20260605-171052,pentose phosphate pathway (non-oxidative branch) I,7
http://rdf-plantmetwiki.bioinformatics.nl/pathways/RC818_r17.0.0_20260605-171052,GMP-SYN-NH3-RXN,7
http://rdf-plantmetwiki.bioinformatics.nl/pathways/RC539_r17.0.0_20260605-171052,ACETYL-COA-CARBOXYLTRANSFER-RXN,7
http://rdf-plantmetwiki.bioinformatics.nl/pathways/RC767_r17.0.0_20260605-171052,RXN-13191,7
http://rdf-plantmetwiki.bioinformatics.nl/pathways/RC128_r17.0.0_20260605-171052,RXN-10432,7
http://rdf-plantmetwiki.bioinformatics.nl/pathways/PC957_r17.0.0_20260605-171052,ursolate biosynthesis,7
http://rdf-plantmetwiki.bioinformatics.nl/pathways/PC950_r17.0.0_20260605-171052,phosphatidylserine and phosphatidylethanolamine biosynthesis I,7
http://rdf-plantmetwiki.bioinformatics.nl/pathways/PC4_r17.0.0_20260605-171052,chlorophyll a biosynthesis III,6
http://rdf-plantmetwiki.bioinformatics.nl/pathways/RC889_r17.0.0_20260605-171052,RXN-7852,6
http://rdf-plantmetwiki.bioinformatics.nl/pathways/PC1077_r17.0.0_20260605-171052,3β-hydroxysesquiterpene lactone biosynthesis,6
http://rdf-plantmetwiki.bioinformatics.nl/pathways/PC452_r17.0.0_20260605-171052,methylsalicylate biosynthesis,6
http://rdf-plantmetwiki.bioinformatics.nl/pathways/PC455_r17.0.0_20260605-171052,tricetin methylation,6
http://rdf-plantmetwiki.bioinformatics.nl/pathways/RC643_r17.0.0_20260605-171052,RXN-18212,6
http://rdf-plantmetwiki.bioinformatics.nl/pathways/RC1109_r17.0.0_20260605-171052,RXN-8094,6
http://rdf-plantmetwiki.bioinformatics.nl/pathways/RC899_r17.0.0_20260605-171052,RXN-7002,6
http://rdf-plantmetwiki.bioinformatics.nl/pathways/RC348_r17.0.0_20260605-171052,RXN-8090,6
http://rdf-plantmetwiki.bioinformatics.nl/pathways/PC522_r17.0.0_20260605-171052,S-methyl-L-methionine cycle,6
http://rdf-plantmetwiki.bioinformatics.nl/pathways/RC1081_r17.0.0_20260605-171052,RXN-13162,6
http://rdf-plantmetwiki.bioinformatics.nl/pathways/RC352_r17.0.0_20260605-171052,Polyamine oxidase,6
http://rdf-plantmetwiki.bioinformatics.nl/pathways/RC724_r17.0.0_20260605-171052,RXN-10733,6
http://rdf-plantmetwiki.bioinformatics.nl/pathways/RC1088_r17.0.0_20260605-171052,RXN-2122,6
http://rdf-plantmetwiki.bioinformatics.nl/pathways/RC32_r17.0.0_20260605-171052,RXN-18960,6
http://rdf-plantmetwiki.bioinformatics.nl/pathways/PC996_r17.0.0_20260605-171052,bergamotene biosynthesis II,6
http://rdf-plantmetwiki.bioinformatics.nl/pathways/PC169_r17.0.0_20260605-171052,"(3E)-4,8-dimethylnona-1,3,7-triene biosynthesis II",6
http://rdf-plantmetwiki.bioinformatics.nl/pathways/RC401_r17.0.0_20260605-171052,RXN-6542,6
http://rdf-plantmetwiki.bioinformatics.nl/pathways/RC216_r17.0.0_20260605-171052,Formaldehyde dehydrogenase (glutathione),6
http://rdf-plantmetwiki.bioinformatics.nl/pathways/RC796_r17.0.0_20260605-171052,RXNQT-4140,6
http://rdf-plantmetwiki.bioinformatics.nl/pathways/PC226_r17.0.0_20260605-171052,calendate biosynthesis,6
http://rdf-plantmetwiki.bioinformatics.nl/pathways/PC193_r17.0.0_20260605-171052,dihydroconiferyl alcohol biosynthesis,6
http://rdf-plantmetwiki.bioinformatics.nl/pathways/PC928_r17.0.0_20260605-171052,dhurrin degradation,6
http://rdf-plantmetwiki.bioinformatics.nl/pathways/RC1068_r17.0.0_20260605-171052,RXN-7183,6
http://rdf-plantmetwiki.bioinformatics.nl/pathways/RC705_r17.0.0_20260605-171052,RXN-18968,6
http://rdf-plantmetwiki.bioinformatics.nl/pathways/RC1308_r17.0.0_20260605-171052,RXN-7680,6
http://rdf-plantmetwiki.bioinformatics.nl/pathways/RC1232_r17.0.0_20260605-171052,1.14.11.2-RXN,6
http://rdf-plantmetwiki.bioinformatics.nl/pathways/RC983_r17.0.0_20260605-171052,MONOPHENOL-MONOOXYGENASE-RXN,6
http://rdf-plantmetwiki.bioinformatics.nl/pathways/RC541_r17.0.0_20260605-171052,RXN-6543,6
http://rdf-plantmetwiki.bioinformatics.nl/pathways/PC270_r17.0.0_20260605-171052,copper transport I,6
http://rdf-plantmetwiki.bioinformatics.nl/pathways/PC406_r17.0.0_20260605-171052,"3,5-dimethoxytoluene biosynthesis",6
http://rdf-plantmetwiki.bioinformatics.nl/pathways/RC205_r17.0.0_20260605-171052,RXN-20768,6
http://rdf-plantmetwiki.bioinformatics.nl/pathways/RC892_r17.0.0_20260605-171052,1.14.15.6-RXN,6
http://rdf-plantmetwiki.bioinformatics.nl/pathways/PC101_r17.0.0_20260605-171052,cis-abienol biosynthesis,6
http://rdf-plantmetwiki.bioinformatics.nl/pathways/RC319_r17.0.0_20260605-171052,RXN-14660,6
http://rdf-plantmetwiki.bioinformatics.nl/pathways/PC544_r17.0.0_20260605-171052,ajugose biosynthesis II (galactinol-independent),6
http://rdf-plantmetwiki.bioinformatics.nl/pathways/RC1261_r17.0.0_20260605-171052,RXN-12251,6
http://rdf-plantmetwiki.bioinformatics.nl/pathways/RC896_r17.0.0_20260605-171052,CINNAMOYL-COA-REDUCTASE-RXN,6
http://rdf-plantmetwiki.bioinformatics.nl/pathways/PC393_r17.0.0_20260605-171052,arctigenin and isoarctigenin biosynthesis,6
http://rdf-plantmetwiki.bioinformatics.nl/pathways/RC768_r17.0.0_20260605-171052,RXN-8071,6
http://rdf-plantmetwiki.bioinformatics.nl/pathways/RC701_r17.0.0_20260605-171052,RXN-18342,6
http://rdf-plantmetwiki.bioinformatics.nl/pathways/PC492_r17.0.0_20260605-171052,indole-3-acetate activation I,6
http://rdf-plantmetwiki.bioinformatics.nl/pathways/RC428_r17.0.0_20260605-171052,"carotene 7,8-desaturase",6
http://rdf-plantmetwiki.bioinformatics.nl/pathways/RC414_r17.0.0_20260605-171052,RXN-18970,6
http://rdf-plantmetwiki.bioinformatics.nl/pathways/RC1271_r17.0.0_20260605-171052,pyridoxal 5&prime;-phosphate synthase (glutamine hydrolyzing),6
http://rdf-plantmetwiki.bioinformatics.nl/pathways/PC903_r17.0.0_20260605-171052,3-methylthiopropanoate biosynthesis,6
http://rdf-plantmetwiki.bioinformatics.nl/pathways/PC1117_r17.0.0_20260605-171052,pentaketide chromone biosynthesis,6
http://rdf-plantmetwiki.bioinformatics.nl/pathways/RC67_r17.0.0_20260605-171052,RXN-23866,6
http://rdf-plantmetwiki.bioinformatics.nl/pathways/RC957_r17.0.0_20260605-171052,RXN-12332,6
http://rdf-plantmetwiki.bioinformatics.nl/pathways/RC1199_r17.0.0_20260605-171052,7KAPSYN-RXN,6
http://rdf-plantmetwiki.bioinformatics.nl/pathways/RC934_r17.0.0_20260605-171052,RXN-7825,6
http://rdf-plantmetwiki.bioinformatics.nl/pathways/PC698_r17.0.0_20260605-171052,D-serine degradation,6
http://rdf-plantmetwiki.bioinformatics.nl/pathways/RC858_r17.0.0_20260605-171052,RXN-18965,6
http://rdf-plantmetwiki.bioinformatics.nl/pathways/PC864_r17.0.0_20260605-171052,diacylglycerol biosynthesis (PUFA enrichment in oilseed),6
http://rdf-plantmetwiki.bioinformatics.nl/pathways/RC538_r17.0.0_20260605-171052,RXN-12185,6
http://rdf-plantmetwiki.bioinformatics.nl/pathways/RC573_r17.0.0_20260605-171052,phenylacetaldoxime hydrolase,6
http://rdf-plantmetwiki.bioinformatics.nl/pathways/RC431_r17.0.0_20260605-171052,RXN-14857,6
http://rdf-plantmetwiki.bioinformatics.nl/pathways/PC831_r17.0.0_20260605-171052,allantoin degradation to ureidoglycolate I (urea producing),6
http://rdf-plantmetwiki.bioinformatics.nl/pathways/RC799_r17.0.0_20260605-171052,RXN-12610,6
http://rdf-plantmetwiki.bioinformatics.nl/pathways/RC853_r17.0.0_20260605-171052,RXN-12257,6
http://rdf-plantmetwiki.bioinformatics.nl/pathways/PC240_r17.0.0_20260605-171052,terminal olefins biosynthesis I,6
http://rdf-plantmetwiki.bioinformatics.nl/pathways/RC2_r17.0.0_20260605-171052,RXN-7617,6
http://rdf-plantmetwiki.bioinformatics.nl/pathways/RC782_r17.0.0_20260605-171052,RXN-18964,6
http://rdf-plantmetwiki.bioinformatics.nl/pathways/RC811_r17.0.0_20260605-171052,RXN-12978,6
http://rdf-plantmetwiki.bioinformatics.nl/pathways/RC974_r17.0.0_20260605-171052,RXN-11226,6
http://rdf-plantmetwiki.bioinformatics.nl/pathways/RC872_r17.0.0_20260605-171052,RXN-6081,6
http://rdf-plantmetwiki.bioinformatics.nl/pathways/RC480_r17.0.0_20260605-171052,RXN-5482,6
http://rdf-plantmetwiki.bioinformatics.nl/pathways/RC1179_r17.0.0_20260605-171052,RXN-8406,6
http://rdf-plantmetwiki.bioinformatics.nl/pathways/PC969_r17.0.0_20260605-171052,adenosylcobalamin salvage from cobalamin,6
http://rdf-plantmetwiki.bioinformatics.nl/pathways/PC94_r17.0.0_20260605-171052,nitrite reduction (hemoglobin),6
http://rdf-plantmetwiki.bioinformatics.nl/pathways/RC579_r17.0.0_20260605-171052,RXN-11224,6
http://rdf-plantmetwiki.bioinformatics.nl/pathways/PC855_r17.0.0_20260605-171052,fenchol biosynthesis II,6
http://rdf-plantmetwiki.bioinformatics.nl/pathways/RC911_r17.0.0_20260605-171052,SPERMIDINE-DEHYDROGENASE-RXN,6
http://rdf-plantmetwiki.bioinformatics.nl/pathways/RC153_r17.0.0_20260605-171052,RXN-18957,6
http://rdf-plantmetwiki.bioinformatics.nl/pathways/RC1197_r17.0.0_20260605-171052,RXN-19128,6
http://rdf-plantmetwiki.bioinformatics.nl/pathways/PC1156_r17.0.0_20260605-171052,"2α,7β-dihydroxylation of taxusin",6
http://rdf-plantmetwiki.bioinformatics.nl/pathways/RC600_r17.0.0_20260605-171052,RXN-12449,6
http://rdf-plantmetwiki.bioinformatics.nl/pathways/RC253_r17.0.0_20260605-171052,RXN-14981,6
http://rdf-plantmetwiki.bioinformatics.nl/pathways/PC408_r17.0.0_20260605-171052,starch degradation I,6
http://rdf-plantmetwiki.bioinformatics.nl/pathways/PC1004_r17.0.0_20260605-171052,cadmium transport I,6
http://rdf-plantmetwiki.bioinformatics.nl/pathways/RC1254_r17.0.0_20260605-171052,RXN-6547,6
http://rdf-plantmetwiki.bioinformatics.nl/pathways/RC956_r17.0.0_20260605-171052,ALDHDEHYDROG-RXN,6
http://rdf-plantmetwiki.bioinformatics.nl/pathways/RC109_r17.0.0_20260605-171052,RXN-14332,6
http://rdf-plantmetwiki.bioinformatics.nl/pathways/PC222_r17.0.0_20260605-171052,"D-myo-inositol (1,4,5)-trisphosphate degradation",6
http://rdf-plantmetwiki.bioinformatics.nl/pathways/PC800_r17.0.0_20260605-171052,thalianol and derivatives biosynthesis,6
http://rdf-plantmetwiki.bioinformatics.nl/pathways/PC475_r17.0.0_20260605-171052,3-dehydroquinate biosynthesis I,6
http://rdf-plantmetwiki.bioinformatics.nl/pathways/RC757_r17.0.0_20260605-171052,RXN-11401,6
http://rdf-plantmetwiki.bioinformatics.nl/pathways/RC840_r17.0.0_20260605-171052,thiamin phosphate synthase,6
http://rdf-plantmetwiki.bioinformatics.nl/pathways/RC512_r17.0.0_20260605-171052,RXN-18199,6
http://rdf-plantmetwiki.bioinformatics.nl/pathways/RC372_r17.0.0_20260605-171052,RXN1ZN3-10,6
http://rdf-plantmetwiki.bioinformatics.nl/pathways/PC897_r17.0.0_20260605-171052,"phenylpropanoid biosynthesis, initial reactions",6
http://rdf-plantmetwiki.bioinformatics.nl/pathways/RC1189_r17.0.0_20260605-171052,RXN-8001,6
http://rdf-plantmetwiki.bioinformatics.nl/pathways/RC1063_r17.0.0_20260605-171052,RXN-6546,6
http://rdf-plantmetwiki.bioinformatics.nl/pathways/PC685_r17.0.0_20260605-171052,pterostilbene biosynthesis,6
http://rdf-plantmetwiki.bioinformatics.nl/pathways/RC986_r17.0.0_20260605-171052,2.4.2.38-RXN,6
http://rdf-plantmetwiki.bioinformatics.nl/pathways/RC249_r17.0.0_20260605-171052,RXN-22734,6
http://rdf-plantmetwiki.bioinformatics.nl/pathways/RC317_r17.0.0_20260605-171052,RXN-18356,6
http://rdf-plantmetwiki.bioinformatics.nl/pathways/RC226_r17.0.0_20260605-171052,RXN-9673,6
http://rdf-plantmetwiki.bioinformatics.nl/pathways/PC11_r17.0.0_20260605-171052,acetate and ATP formation from acetyl-CoA II,6
http://rdf-plantmetwiki.bioinformatics.nl/pathways/PC1087_r17.0.0_20260605-171052,hydroxymethylpyrimidine salvage,6
http://rdf-plantmetwiki.bioinformatics.nl/pathways/RC115_r17.0.0_20260605-171052,ALDEHYDE-OXIDASE-RXN,6
http://rdf-plantmetwiki.bioinformatics.nl/pathways/RC246_r17.0.0_20260605-171052,RXN66-339,6
http://rdf-plantmetwiki.bioinformatics.nl/pathways/RC801_r17.0.0_20260605-171052,RXN-21170,6
http://rdf-plantmetwiki.bioinformatics.nl/pathways/RC685_r17.0.0_20260605-171052,RXN-11289,6
http://rdf-plantmetwiki.bioinformatics.nl/pathways/RC852_r17.0.0_20260605-171052,RXN-21167,6
http://rdf-plantmetwiki.bioinformatics.nl/pathways/RC903_r17.0.0_20260605-171052,RXN-8089,6
http://rdf-plantmetwiki.bioinformatics.nl/pathways/RC1162_r17.0.0_20260605-171052,RXN-10734,6
http://rdf-plantmetwiki.bioinformatics.nl/pathways/RC323_r17.0.0_20260605-171052,RXN-7826,6
http://rdf-plantmetwiki.bioinformatics.nl/pathways/RC1084_r17.0.0_20260605-171052,RXN-23868,6
http://rdf-plantmetwiki.bioinformatics.nl/pathways/RC527_r17.0.0_20260605-171052,RXN-18967,6
http://rdf-plantmetwiki.bioinformatics.nl/pathways/PC421_r17.0.0_20260605-171052,acetaldehyde biosynthesis I,6
http://rdf-plantmetwiki.bioinformatics.nl/pathways/RC572_r17.0.0_20260605-171052,UBIQUITIN--PROTEIN-LIGASE-RXN,6
http://rdf-plantmetwiki.bioinformatics.nl/pathways/PC541_r17.0.0_20260605-171052,genistin gentiobioside biosynthesis,6
http://rdf-plantmetwiki.bioinformatics.nl/pathways/PC24_r17.0.0_20260605-171052,"6,7,4'-trihydroxyisoflavone biosynthesis",6
http://rdf-plantmetwiki.bioinformatics.nl/pathways/PC941_r17.0.0_20260605-171052,bisbenzylisoquinoline alkaloid biosynthesis,6
http://rdf-plantmetwiki.bioinformatics.nl/pathways/RC629_r17.0.0_20260605-171052,SELENOCYSTEINE-LYASE-RXN,6
http://rdf-plantmetwiki.bioinformatics.nl/pathways/RC992_r17.0.0_20260605-171052,RXN-16415,6
http://rdf-plantmetwiki.bioinformatics.nl/pathways/RC1007_r17.0.0_20260605-171052,RXN-9332,6
http://rdf-plantmetwiki.bioinformatics.nl/pathways/PC689_r17.0.0_20260605-171052,calmodulin regulated calcium transport,6
http://rdf-plantmetwiki.bioinformatics.nl/pathways/PC404_r17.0.0_20260605-171052,quercetin glucoside degradation (Allium),6
http://rdf-plantmetwiki.bioinformatics.nl/pathways/PC271_r17.0.0_20260605-171052,santalene biosynthesis II,6
http://rdf-plantmetwiki.bioinformatics.nl/pathways/PC1126_r17.0.0_20260605-171052,N-glucosylnicotinate metabolism,6
http://rdf-plantmetwiki.bioinformatics.nl/pathways/RC540_r17.0.0_20260605-171052,RXN-18971,6
http://rdf-plantmetwiki.bioinformatics.nl/pathways/RC229_r17.0.0_20260605-171052,RXN-19833,6
http://rdf-plantmetwiki.bioinformatics.nl/pathways/PC350_r17.0.0_20260605-171052,long-chain fatty acid activation,6
http://rdf-plantmetwiki.bioinformatics.nl/pathways/RC1037_r17.0.0_20260605-171052,RXN-18962,6
http://rdf-plantmetwiki.bioinformatics.nl/pathways/RC381_r17.0.0_20260605-171052,1.5.99.12-RXN,6
http://rdf-plantmetwiki.bioinformatics.nl/pathways/PC13_r17.0.0_20260605-171052,guanosine deoxyribonucleotides de novo biosynthesis I,6
http://rdf-plantmetwiki.bioinformatics.nl/pathways/PC437_r17.0.0_20260605-171052,farnesene biosynthesis,6
http://rdf-plantmetwiki.bioinformatics.nl/pathways/PC919_r17.0.0_20260605-171052,dalpatein and dalnigrein biosynthesis,6
http://rdf-plantmetwiki.bioinformatics.nl/pathways/RC738_r17.0.0_20260605-171052,RXN-8088,6
http://rdf-plantmetwiki.bioinformatics.nl/pathways/RC1050_r17.0.0_20260605-171052,RXN-12883,6
http://rdf-plantmetwiki.bioinformatics.nl/pathways/RC679_r17.0.0_20260605-171052,RXN-8092,6
http://rdf-plantmetwiki.bioinformatics.nl/pathways/RC108_r17.0.0_20260605-171052,RXNQT-4365,6
http://rdf-plantmetwiki.bioinformatics.nl/pathways/RC361_r17.0.0_20260605-171052,RXN-11225,6
http://rdf-plantmetwiki.bioinformatics.nl/pathways/RC734_r17.0.0_20260605-171052,RXN-1883,6
http://rdf-plantmetwiki.bioinformatics.nl/pathways/PC183_r17.0.0_20260605-171052,theobromine biosynthesis II (via xanthine),6
http://rdf-plantmetwiki.bioinformatics.nl/pathways/RC1002_r17.0.0_20260605-171052,GAPDHSYNEC-RXN,6
http://rdf-plantmetwiki.bioinformatics.nl/pathways/PC776_r17.0.0_20260605-171052,gentisate 5-O-β-D-xylopyranoside biosynthesis,6
http://rdf-plantmetwiki.bioinformatics.nl/pathways/PC249_r17.0.0_20260605-171052,glutathione degradation,6
http://rdf-plantmetwiki.bioinformatics.nl/pathways/RC640_r17.0.0_20260605-171052,GLUTAMATESYN-RXN,6
http://rdf-plantmetwiki.bioinformatics.nl/pathways/PC419_r17.0.0_20260605-171052,(R)-canadine biosynthesis,6
http://rdf-plantmetwiki.bioinformatics.nl/pathways/PC232_r17.0.0_20260605-171052,eudesmol biosynthesis,6
http://rdf-plantmetwiki.bioinformatics.nl/pathways/RC633_r17.0.0_20260605-171052,RXN1F-10,6
http://rdf-plantmetwiki.bioinformatics.nl/pathways/RC989_r17.0.0_20260605-171052,RXN-8348,6
http://rdf-plantmetwiki.bioinformatics.nl/pathways/RC880_r17.0.0_20260605-171052,RXN-8162,6
http://rdf-plantmetwiki.bioinformatics.nl/pathways/RC130_r17.0.0_20260605-171052,RXN-11223,6
http://rdf-plantmetwiki.bioinformatics.nl/pathways/PC958_r17.0.0_20260605-171052,trigonelline biosynthesis,6
http://rdf-plantmetwiki.bioinformatics.nl/pathways/RC4_r17.0.0_20260605-171052,RXN-13681,6
http://rdf-plantmetwiki.bioinformatics.nl/pathways/RC605_r17.0.0_20260605-171052,TDCEACT-RXN,6
http://rdf-plantmetwiki.bioinformatics.nl/pathways/RC565_r17.0.0_20260605-171052,14-oxolanosterol deformylase,6
http://rdf-plantmetwiki.bioinformatics.nl/pathways/RC749_r17.0.0_20260605-171052,3.2.1.114-RXN,6
http://rdf-plantmetwiki.bioinformatics.nl/pathways/RC967_r17.0.0_20260605-171052,RXN-12670,6
http://rdf-plantmetwiki.bioinformatics.nl/pathways/RC241_r17.0.0_20260605-171052,SARCOX-RXN,6
http://rdf-plantmetwiki.bioinformatics.nl/pathways/PC720_r17.0.0_20260605-171052,rose anthocyanin biosynthesis I (via cyanidin 5-O-β-D-glucoside),6
http://rdf-plantmetwiki.bioinformatics.nl/pathways/RC1087_r17.0.0_20260605-171052,RXN-19646,6
http://rdf-plantmetwiki.bioinformatics.nl/pathways/RC578_r17.0.0_20260605-171052,RXN-9911,6
http://rdf-plantmetwiki.bioinformatics.nl/pathways/PC213_r17.0.0_20260605-171052,wax esters biosynthesis I,6
http://rdf-plantmetwiki.bioinformatics.nl/pathways/PC1114_r17.0.0_20260605-171052,copper transport II,6
http://rdf-plantmetwiki.bioinformatics.nl/pathways/RC950_r17.0.0_20260605-171052,3.6.3.35-RXN,6
http://rdf-plantmetwiki.bioinformatics.nl/pathways/RC333_r17.0.0_20260605-171052,RXN-19785,5
http://rdf-plantmetwiki.bioinformatics.nl/pathways/RC684_r17.0.0_20260605-171052,RXN-8354,5
http://rdf-plantmetwiki.bioinformatics.nl/pathways/RC887_r17.0.0_20260605-171052,METHIONINE-GAMMA-LYASE-RXN,5
http://rdf-plantmetwiki.bioinformatics.nl/pathways/RC1220_r17.0.0_20260605-171052,RXN-5465,5
http://rdf-plantmetwiki.bioinformatics.nl/pathways/RC1022_r17.0.0_20260605-171052,ATPASE-RXN,5
http://rdf-plantmetwiki.bioinformatics.nl/pathways/RC1125_r17.0.0_20260605-171052,RXN-8407,5
http://rdf-plantmetwiki.bioinformatics.nl/pathways/RC1071_r17.0.0_20260605-171052,RXN-18165,5
http://rdf-plantmetwiki.bioinformatics.nl/pathways/PC305_r17.0.0_20260605-171052,urea degradation II,5
http://rdf-plantmetwiki.bioinformatics.nl/pathways/RC1072_r17.0.0_20260605-171052,RXN-12991,5
http://rdf-plantmetwiki.bioinformatics.nl/pathways/PC64_r17.0.0_20260605-171052,taxiphyllin bioactivation,5
http://rdf-plantmetwiki.bioinformatics.nl/pathways/RC1082_r17.0.0_20260605-171052,RXN-13027,5
http://rdf-plantmetwiki.bioinformatics.nl/pathways/RC1151_r17.0.0_20260605-171052,SULFATE-ADENYLYLTRANSFERASE-ADP-RXN,5
http://rdf-plantmetwiki.bioinformatics.nl/pathways/RC391_r17.0.0_20260605-171052,RXN-18161,5
http://rdf-plantmetwiki.bioinformatics.nl/pathways/RC239_r17.0.0_20260605-171052,RXN-11668,5
http://rdf-plantmetwiki.bioinformatics.nl/pathways/RC139_r17.0.0_20260605-171052,2.4.1.214-RXN,5
http://rdf-plantmetwiki.bioinformatics.nl/pathways/RC378_r17.0.0_20260605-171052,RXN-13189,5
http://rdf-plantmetwiki.bioinformatics.nl/pathways/RC418_r17.0.0_20260605-171052,RXN-9567,5
http://rdf-plantmetwiki.bioinformatics.nl/pathways/PC781_r17.0.0_20260605-171052,β-caryophyllene biosynthesis,5
http://rdf-plantmetwiki.bioinformatics.nl/pathways/RC807_r17.0.0_20260605-171052,RXN0-5330,5
http://rdf-plantmetwiki.bioinformatics.nl/pathways/RC38_r17.0.0_20260605-171052,RXN-12086,5
http://rdf-plantmetwiki.bioinformatics.nl/pathways/PC211_r17.0.0_20260605-171052,scopolin biosynthesis,5
http://rdf-plantmetwiki.bioinformatics.nl/pathways/RC824_r17.0.0_20260605-171052,<i>cis</i>-abscisic alcohol monooxygenase,5
http://rdf-plantmetwiki.bioinformatics.nl/pathways/RC1148_r17.0.0_20260605-171052,NADPH-DEHYDROGENASE-RXN,5
http://rdf-plantmetwiki.bioinformatics.nl/pathways/PC418_r17.0.0_20260605-171052,guaiacol biosynthesis,5
http://rdf-plantmetwiki.bioinformatics.nl/pathways/RC777_r17.0.0_20260605-171052,"4,4-dimethylzymosterol 4-hydroxylase",5
http://rdf-plantmetwiki.bioinformatics.nl/pathways/RC764_r17.0.0_20260605-171052,RXN-13938,5
http://rdf-plantmetwiki.bioinformatics.nl/pathways/RC135_r17.0.0_20260605-171052,RXN-22406,5
http://rdf-plantmetwiki.bioinformatics.nl/pathways/RC689_r17.0.0_20260605-171052,RXN-22711,5
http://rdf-plantmetwiki.bioinformatics.nl/pathways/RC610_r17.0.0_20260605-171052,HYDROXYPRODEHYDROG-RXN,5
http://rdf-plantmetwiki.bioinformatics.nl/pathways/RC1280_r17.0.0_20260605-171052,RXN-9722,5
http://rdf-plantmetwiki.bioinformatics.nl/pathways/RC825_r17.0.0_20260605-171052,phenylethyl acetate esterase,5
http://rdf-plantmetwiki.bioinformatics.nl/pathways/PC343_r17.0.0_20260605-171052,chalcone 2'-O-glucoside biosynthesis,5
http://rdf-plantmetwiki.bioinformatics.nl/pathways/PC1141_r17.0.0_20260605-171052,PRPP biosynthesis,5
http://rdf-plantmetwiki.bioinformatics.nl/pathways/RC662_r17.0.0_20260605-171052,RXN-4224,5
http://rdf-plantmetwiki.bioinformatics.nl/pathways/RC174_r17.0.0_20260605-171052,ALCOHOL-DEHYDROG-GENERIC-RXN,5
http://rdf-plantmetwiki.bioinformatics.nl/pathways/PC438_r17.0.0_20260605-171052,α-eleostearate biosynthesis,5
http://rdf-plantmetwiki.bioinformatics.nl/pathways/RC271_r17.0.0_20260605-171052,4&alpha;-methyl-zymosterol 4-hydroxylase,5
http://rdf-plantmetwiki.bioinformatics.nl/pathways/RC884_r17.0.0_20260605-171052,1.14.13.117-RXN,5
http://rdf-plantmetwiki.bioinformatics.nl/pathways/RC514_r17.0.0_20260605-171052,"3',5'-<i>O</i>-dimethyltricetin 4&prime;-<em>O</em>-methyltransferase",5
http://rdf-plantmetwiki.bioinformatics.nl/pathways/RC1194_r17.0.0_20260605-171052,RXN-8353,5
http://rdf-plantmetwiki.bioinformatics.nl/pathways/RC452_r17.0.0_20260605-171052,RXN-12805,5
http://rdf-plantmetwiki.bioinformatics.nl/pathways/RC946_r17.0.0_20260605-171052,RXN-19786,5
http://rdf-plantmetwiki.bioinformatics.nl/pathways/RC860_r17.0.0_20260605-171052,FAD-PYROPHOSPHATASE-RXN,5
http://rdf-plantmetwiki.bioinformatics.nl/pathways/RC149_r17.0.0_20260605-171052,RXN-19583,5
http://rdf-plantmetwiki.bioinformatics.nl/pathways/RC399_r17.0.0_20260605-171052,pyruvate:thiamin diphosphate acetaldehydetransferase (decarboxylating),5
http://rdf-plantmetwiki.bioinformatics.nl/pathways/RC64_r17.0.0_20260605-171052,RXN-14216,5
http://rdf-plantmetwiki.bioinformatics.nl/pathways/RC948_r17.0.0_20260605-171052,RXN-12125,5
http://rdf-plantmetwiki.bioinformatics.nl/pathways/RC475_r17.0.0_20260605-171052,ADPSUGPPHOSPHAT-RXN,5
http://rdf-plantmetwiki.bioinformatics.nl/pathways/PC701_r17.0.0_20260605-171052,pyruvate fermentation to acetoin,5
http://rdf-plantmetwiki.bioinformatics.nl/pathways/RC902_r17.0.0_20260605-171052,RXN-1302,5
http://rdf-plantmetwiki.bioinformatics.nl/pathways/RC584_r17.0.0_20260605-171052,RXN-13433,5
http://rdf-plantmetwiki.bioinformatics.nl/pathways/RC602_r17.0.0_20260605-171052,4-methyl-2-oxopentanoate dehydrogenase (lipoamide),5
http://rdf-plantmetwiki.bioinformatics.nl/pathways/RC1313_r17.0.0_20260605-171052,RXN-14215,5
http://rdf-plantmetwiki.bioinformatics.nl/pathways/PC221_r17.0.0_20260605-171052,oxalate biosynthesis,5
http://rdf-plantmetwiki.bioinformatics.nl/pathways/RC763_r17.0.0_20260605-171052,RXN-17428,5
http://rdf-plantmetwiki.bioinformatics.nl/pathways/PC923_r17.0.0_20260605-171052,6-gingerol biosynthesis,5
http://rdf-plantmetwiki.bioinformatics.nl/pathways/RC344_r17.0.0_20260605-171052,CINNAMYL-ALCOHOL-DEHYDROGENASE-RXN,5
http://rdf-plantmetwiki.bioinformatics.nl/pathways/RC999_r17.0.0_20260605-171052,RXN-3103,5
http://rdf-plantmetwiki.bioinformatics.nl/pathways/RC183_r17.0.0_20260605-171052,2-HEXADECENAL-REDUCTASE-RXN,5
http://rdf-plantmetwiki.bioinformatics.nl/pathways/RC83_r17.0.0_20260605-171052,THIAMINASE-RXN,5
http://rdf-plantmetwiki.bioinformatics.nl/pathways/RC1121_r17.0.0_20260605-171052,RXN-7875,5
http://rdf-plantmetwiki.bioinformatics.nl/pathways/RC719_r17.0.0_20260605-171052,2.4.1.126-RXN,5
http://rdf-plantmetwiki.bioinformatics.nl/pathways/RC1029_r17.0.0_20260605-171052,UDP-GLUCURONOSYLTRANSFERASE-RXN,5
http://rdf-plantmetwiki.bioinformatics.nl/pathways/PC596_r17.0.0_20260605-171052,adenosine 5'-phosphoramidate biosynthesis,5
http://rdf-plantmetwiki.bioinformatics.nl/pathways/RC1074_r17.0.0_20260605-171052,RXN-12641,5
http://rdf-plantmetwiki.bioinformatics.nl/pathways/RC962_r17.0.0_20260605-171052,RXN-14198,5
http://rdf-plantmetwiki.bioinformatics.nl/pathways/RC699_r17.0.0_20260605-171052,FUC4NACTRANS-RXN,5
http://rdf-plantmetwiki.bioinformatics.nl/pathways/RC1172_r17.0.0_20260605-171052,RXN-10763,5
http://rdf-plantmetwiki.bioinformatics.nl/pathways/RC47_r17.0.0_20260605-171052,RXN-14200,5
http://rdf-plantmetwiki.bioinformatics.nl/pathways/RC806_r17.0.0_20260605-171052,arachidonate &Delta;<sup>17</sup> desaturase,5
http://rdf-plantmetwiki.bioinformatics.nl/pathways/RC156_r17.0.0_20260605-171052,RXNQT-4165,5
http://rdf-plantmetwiki.bioinformatics.nl/pathways/RC187_r17.0.0_20260605-171052,RXN-22915,5
http://rdf-plantmetwiki.bioinformatics.nl/pathways/RC1237_r17.0.0_20260605-171052,RXN-12267,5
http://rdf-plantmetwiki.bioinformatics.nl/pathways/PC867_r17.0.0_20260605-171052,divinyl ether biosynthesis II,5
http://rdf-plantmetwiki.bioinformatics.nl/pathways/RC780_r17.0.0_20260605-171052,phenolic oxidative coupling protein,5
http://rdf-plantmetwiki.bioinformatics.nl/pathways/RC1219_r17.0.0_20260605-171052,UDPSUGARHYDRO-RXN,5
http://rdf-plantmetwiki.bioinformatics.nl/pathways/PC1096_r17.0.0_20260605-171052,oxalate degradation IV,5
http://rdf-plantmetwiki.bioinformatics.nl/pathways/PC690_r17.0.0_20260605-171052,calycosin 7-O-glucoside biosynthesis,5
http://rdf-plantmetwiki.bioinformatics.nl/pathways/RC607_r17.0.0_20260605-171052,2.4.1.143-RXN,5
http://rdf-plantmetwiki.bioinformatics.nl/pathways/RC1288_r17.0.0_20260605-171052,RXN-13196,5
http://rdf-plantmetwiki.bioinformatics.nl/pathways/RC982_r17.0.0_20260605-171052,RXN-11271,5
http://rdf-plantmetwiki.bioinformatics.nl/pathways/RC1235_r17.0.0_20260605-171052,RXN-14219,5
http://rdf-plantmetwiki.bioinformatics.nl/pathways/RC524_r17.0.0_20260605-171052,RXN-12486,5
http://rdf-plantmetwiki.bioinformatics.nl/pathways/RC444_r17.0.0_20260605-171052,RXN-10880,5
http://rdf-plantmetwiki.bioinformatics.nl/pathways/RC1055_r17.0.0_20260605-171052,RXN-17697,5
http://rdf-plantmetwiki.bioinformatics.nl/pathways/PC644_r17.0.0_20260605-171052,ent-kaurene biosynthesis II,5
http://rdf-plantmetwiki.bioinformatics.nl/pathways/RC330_r17.0.0_20260605-171052,RXN-11927,5
http://rdf-plantmetwiki.bioinformatics.nl/pathways/RC926_r17.0.0_20260605-171052,RXN-11932,5
http://rdf-plantmetwiki.bioinformatics.nl/pathways/RC568_r17.0.0_20260605-171052,RXN-12799,5
http://rdf-plantmetwiki.bioinformatics.nl/pathways/PC587_r17.0.0_20260605-171052,glycine biosynthesis I,5
http://rdf-plantmetwiki.bioinformatics.nl/pathways/RC1302_r17.0.0_20260605-171052,1.14.13.87-RXN,5
http://rdf-plantmetwiki.bioinformatics.nl/pathways/RC13_r17.0.0_20260605-171052,RXN-13005,5
http://rdf-plantmetwiki.bioinformatics.nl/pathways/RC303_r17.0.0_20260605-171052,RXN-7753,5
http://rdf-plantmetwiki.bioinformatics.nl/pathways/RC587_r17.0.0_20260605-171052,RXN-20095,5
http://rdf-plantmetwiki.bioinformatics.nl/pathways/RC609_r17.0.0_20260605-171052,RXN-10862,5
http://rdf-plantmetwiki.bioinformatics.nl/pathways/RC347_r17.0.0_20260605-171052,L-ASCORBATE-PEROXIDASE-RXN,5
http://rdf-plantmetwiki.bioinformatics.nl/pathways/PC1046_r17.0.0_20260605-171052,lacinilene C biosynthesis,5
http://rdf-plantmetwiki.bioinformatics.nl/pathways/RC1230_r17.0.0_20260605-171052,RXN1F-152,5
http://rdf-plantmetwiki.bioinformatics.nl/pathways/RC37_r17.0.0_20260605-171052,RXNQT-4386,5
http://rdf-plantmetwiki.bioinformatics.nl/pathways/RC942_r17.0.0_20260605-171052,RXN-18343,5
http://rdf-plantmetwiki.bioinformatics.nl/pathways/RC513_r17.0.0_20260605-171052,RXN-20666,5
http://rdf-plantmetwiki.bioinformatics.nl/pathways/PC429_r17.0.0_20260605-171052,ponciretin biosynthesis,5
http://rdf-plantmetwiki.bioinformatics.nl/pathways/RC101_r17.0.0_20260605-171052,RXN-14220,5
http://rdf-plantmetwiki.bioinformatics.nl/pathways/RC520_r17.0.0_20260605-171052,RXN-9136,5
http://rdf-plantmetwiki.bioinformatics.nl/pathways/RC221_r17.0.0_20260605-171052,NADH-DEHYDROGENASE-RXN,5
http://rdf-plantmetwiki.bioinformatics.nl/pathways/RC417_r17.0.0_20260605-171052,RXN-21164,5
http://rdf-plantmetwiki.bioinformatics.nl/pathways/RC556_r17.0.0_20260605-171052,1.14.13.118-RXN,5
http://rdf-plantmetwiki.bioinformatics.nl/pathways/RC288_r17.0.0_20260605-171052,RXN-12253,5
http://rdf-plantmetwiki.bioinformatics.nl/pathways/RC1262_r17.0.0_20260605-171052,RXN-21161,5
http://rdf-plantmetwiki.bioinformatics.nl/pathways/RC20_r17.0.0_20260605-171052,2.4.1.194-RXN,5
http://rdf-plantmetwiki.bioinformatics.nl/pathways/RC1303_r17.0.0_20260605-171052,RXN-12816,5
http://rdf-plantmetwiki.bioinformatics.nl/pathways/RC1214_r17.0.0_20260605-171052,RXN-22405,5
http://rdf-plantmetwiki.bioinformatics.nl/pathways/RC261_r17.0.0_20260605-171052,RXN-7381,5
http://rdf-plantmetwiki.bioinformatics.nl/pathways/RC641_r17.0.0_20260605-171052,RXN-10767,5
http://rdf-plantmetwiki.bioinformatics.nl/pathways/RC1058_r17.0.0_20260605-171052,PHENOL-BETA-GLUCOSYLTRANSFERASE-RXN,5
http://rdf-plantmetwiki.bioinformatics.nl/pathways/RC501_r17.0.0_20260605-171052,RXN-18224,5
http://rdf-plantmetwiki.bioinformatics.nl/pathways/RC792_r17.0.0_20260605-171052,RXN-14814,5
http://rdf-plantmetwiki.bioinformatics.nl/pathways/RC1099_r17.0.0_20260605-171052,RXN0-3542,5
http://rdf-plantmetwiki.bioinformatics.nl/pathways/RC634_r17.0.0_20260605-171052,2.8.1.6-RXN,5
http://rdf-plantmetwiki.bioinformatics.nl/pathways/RC51_r17.0.0_20260605-171052,RXN-10869,5
http://rdf-plantmetwiki.bioinformatics.nl/pathways/RC1287_r17.0.0_20260605-171052,NADNUCLEOSID-RXN,5
http://rdf-plantmetwiki.bioinformatics.nl/pathways/RC1092_r17.0.0_20260605-171052,Farnesyl-diphosphate farnesyltransferase,5
http://rdf-plantmetwiki.bioinformatics.nl/pathways/RC622_r17.0.0_20260605-171052,UMPKI-RXN,5
http://rdf-plantmetwiki.bioinformatics.nl/pathways/RC1102_r17.0.0_20260605-171052,ENTF-RXN,5
http://rdf-plantmetwiki.bioinformatics.nl/pathways/PC330_r17.0.0_20260605-171052,"3,4-dihydroxymandelonitrile β-D-glucose biosynthesis",5
http://rdf-plantmetwiki.bioinformatics.nl/pathways/RC626_r17.0.0_20260605-171052,RXN-11926,5
http://rdf-plantmetwiki.bioinformatics.nl/pathways/PC761_r17.0.0_20260605-171052,(5Z)-icosenoate biosynthesis,5
http://rdf-plantmetwiki.bioinformatics.nl/pathways/PC546_r17.0.0_20260605-171052,fatty acid biosynthesis initiation (type II),5
http://rdf-plantmetwiki.bioinformatics.nl/pathways/RC72_r17.0.0_20260605-171052,RXNQT-4168,5
http://rdf-plantmetwiki.bioinformatics.nl/pathways/RC1135_r17.0.0_20260605-171052,ARGININE-2-MONOOXYGENASE-RXN,5
http://rdf-plantmetwiki.bioinformatics.nl/pathways/RC518_r17.0.0_20260605-171052,RXN-20373,5
http://rdf-plantmetwiki.bioinformatics.nl/pathways/RC1274_r17.0.0_20260605-171052,RXN-10811,5
http://rdf-plantmetwiki.bioinformatics.nl/pathways/RC286_r17.0.0_20260605-171052,RXN-8408,5
http://rdf-plantmetwiki.bioinformatics.nl/pathways/RC617_r17.0.0_20260605-171052,RXN-12961,5
http://rdf-plantmetwiki.bioinformatics.nl/pathways/RC385_r17.0.0_20260605-171052,1.1.1.271-RXN,5
http://rdf-plantmetwiki.bioinformatics.nl/pathways/RC497_r17.0.0_20260605-171052,RXN-19659,5
http://rdf-plantmetwiki.bioinformatics.nl/pathways/RC127_r17.0.0_20260605-171052,ACYLPHOSPHATASE-RXN,5
http://rdf-plantmetwiki.bioinformatics.nl/pathways/RC574_r17.0.0_20260605-171052,2.4.1.198-RXN,5
http://rdf-plantmetwiki.bioinformatics.nl/pathways/RC995_r17.0.0_20260605-171052,Amine oxidase (flavin-containing),5
http://rdf-plantmetwiki.bioinformatics.nl/pathways/RC192_r17.0.0_20260605-171052,RXN-4309,5
http://rdf-plantmetwiki.bioinformatics.nl/pathways/RC931_r17.0.0_20260605-171052,THYMIDINE-TRIPHOSPHATASE-RXN,5
http://rdf-plantmetwiki.bioinformatics.nl/pathways/RC1236_r17.0.0_20260605-171052,RXN-23869,5
http://rdf-plantmetwiki.bioinformatics.nl/pathways/RC951_r17.0.0_20260605-171052,RXN-8355,5
http://rdf-plantmetwiki.bioinformatics.nl/pathways/PC960_r17.0.0_20260605-171052,acyl carrier protein metabolism,5
http://rdf-plantmetwiki.bioinformatics.nl/pathways/RC996_r17.0.0_20260605-171052,RXN-14214,5
http://rdf-plantmetwiki.bioinformatics.nl/pathways/RC785_r17.0.0_20260605-171052,RXN-13017,5
http://rdf-plantmetwiki.bioinformatics.nl/pathways/RC424_r17.0.0_20260605-171052,"4&alpha;-formyl-4&beta;-methyl-5&alpha;-cholesta-8,24-dien-3&beta;-ol 4-hydroxylase",5
http://rdf-plantmetwiki.bioinformatics.nl/pathways/RC613_r17.0.0_20260605-171052,RXN-12127,5
http://rdf-plantmetwiki.bioinformatics.nl/pathways/RC682_r17.0.0_20260605-171052,ALCOHOL-DEHYDROGENASE-NADPORNOP+-RXN,5
http://rdf-plantmetwiki.bioinformatics.nl/pathways/RC117_r17.0.0_20260605-171052,RXN-21007,5
http://rdf-plantmetwiki.bioinformatics.nl/pathways/RC228_r17.0.0_20260605-171052,RXN-23867,5
http://rdf-plantmetwiki.bioinformatics.nl/pathways/RC851_r17.0.0_20260605-171052,RXN-13016,5
http://rdf-plantmetwiki.bioinformatics.nl/pathways/RC751_r17.0.0_20260605-171052,RXN-14195,5
http://rdf-plantmetwiki.bioinformatics.nl/pathways/PC313_r17.0.0_20260605-171052,ajugose biosynthesis I (galactinol-dependent),5
http://rdf-plantmetwiki.bioinformatics.nl/pathways/RC535_r17.0.0_20260605-171052,RXN-13014,5
http://rdf-plantmetwiki.bioinformatics.nl/pathways/RC816_r17.0.0_20260605-171052,RXN-18163,5
http://rdf-plantmetwiki.bioinformatics.nl/pathways/RC833_r17.0.0_20260605-171052,RXN-14004,5
http://rdf-plantmetwiki.bioinformatics.nl/pathways/RC687_r17.0.0_20260605-171052,RXN-19656,5
http://rdf-plantmetwiki.bioinformatics.nl/pathways/RC743_r17.0.0_20260605-171052,GALACTOSIDE-2-L-FUCOSYLTRANSFERASE-RXN,5
http://rdf-plantmetwiki.bioinformatics.nl/pathways/RC742_r17.0.0_20260605-171052,RXN1F-72,5
http://rdf-plantmetwiki.bioinformatics.nl/pathways/PC281_r17.0.0_20260605-171052,adenosine deoxyribonucleotides de novo biosynthesis I,5
http://rdf-plantmetwiki.bioinformatics.nl/pathways/RC53_r17.0.0_20260605-171052,22-&beta;-hydroxycholesterol 20-&alpha;-hydroxylation,5
http://rdf-plantmetwiki.bioinformatics.nl/pathways/RC1193_r17.0.0_20260605-171052,RXNQT-4171,5
http://rdf-plantmetwiki.bioinformatics.nl/pathways/RC206_r17.0.0_20260605-171052,RXN-11936,5
http://rdf-plantmetwiki.bioinformatics.nl/pathways/RC921_r17.0.0_20260605-171052,2.7.7.35-RXN,5
http://rdf-plantmetwiki.bioinformatics.nl/pathways/PC1112_r17.0.0_20260605-171052,γ-linolenate biosynthesis I (plants),5
http://rdf-plantmetwiki.bioinformatics.nl/pathways/RC916_r17.0.0_20260605-171052,3-SULFINYL-PYRUVATE-SPON-RXN,5
http://rdf-plantmetwiki.bioinformatics.nl/pathways/RC269_r17.0.0_20260605-171052,RXN-18259,5
http://rdf-plantmetwiki.bioinformatics.nl/pathways/PC1085_r17.0.0_20260605-171052,crepenynate biosynthesis,5
http://rdf-plantmetwiki.bioinformatics.nl/pathways/RC985_r17.0.0_20260605-171052,RXN-13020,5
http://rdf-plantmetwiki.bioinformatics.nl/pathways/RC1052_r17.0.0_20260605-171052,RXN-10851,5
http://rdf-plantmetwiki.bioinformatics.nl/pathways/RC569_r17.0.0_20260605-171052,4-NITROPHENYLPHOSPHATASE-RXN,5
http://rdf-plantmetwiki.bioinformatics.nl/pathways/RC157_r17.0.0_20260605-171052,RXN-8039,5
http://rdf-plantmetwiki.bioinformatics.nl/pathways/RC876_r17.0.0_20260605-171052,RXN-14205,5
http://rdf-plantmetwiki.bioinformatics.nl/pathways/RC61_r17.0.0_20260605-171052,RXN-14187,5
http://rdf-plantmetwiki.bioinformatics.nl/pathways/RC877_r17.0.0_20260605-171052,RXN-13190,5
http://rdf-plantmetwiki.bioinformatics.nl/pathways/RC676_r17.0.0_20260605-171052,RXN-14199,5
http://rdf-plantmetwiki.bioinformatics.nl/pathways/RC654_r17.0.0_20260605-171052,2.4.1.52-RXN,5
http://rdf-plantmetwiki.bioinformatics.nl/pathways/RC307_r17.0.0_20260605-171052,RXN-12642,5
http://rdf-plantmetwiki.bioinformatics.nl/pathways/RC462_r17.0.0_20260605-171052,Fenton reaction,5
http://rdf-plantmetwiki.bioinformatics.nl/pathways/RC386_r17.0.0_20260605-171052,NQOR-RXN,5
http://rdf-plantmetwiki.bioinformatics.nl/pathways/RC1149_r17.0.0_20260605-171052,DIHYDROPICRED-RXN,5
http://rdf-plantmetwiki.bioinformatics.nl/pathways/PC1018_r17.0.0_20260605-171052,extended VTC2 cycle,5
http://rdf-plantmetwiki.bioinformatics.nl/pathways/RC721_r17.0.0_20260605-171052,RXN-19007,5
http://rdf-plantmetwiki.bioinformatics.nl/pathways/RC198_r17.0.0_20260605-171052,RXN-11473,5
http://rdf-plantmetwiki.bioinformatics.nl/pathways/RC1115_r17.0.0_20260605-171052,RXN0-7192,5
http://rdf-plantmetwiki.bioinformatics.nl/pathways/RC440_r17.0.0_20260605-171052,RXN-7693,5
http://rdf-plantmetwiki.bioinformatics.nl/pathways/RC36_r17.0.0_20260605-171052,RXN-20374,5
http://rdf-plantmetwiki.bioinformatics.nl/pathways/RC1019_r17.0.0_20260605-171052,RXN-708,5
http://rdf-plantmetwiki.bioinformatics.nl/pathways/RC103_r17.0.0_20260605-171052,RXN-12989,5
http://rdf-plantmetwiki.bioinformatics.nl/pathways/RC403_r17.0.0_20260605-171052,RXN-13003,5
http://rdf-plantmetwiki.bioinformatics.nl/pathways/PC117_r17.0.0_20260605-171052,abscisic acid degradation to neophaseic acid,5
http://rdf-plantmetwiki.bioinformatics.nl/pathways/RC446_r17.0.0_20260605-171052,RXNQT-4178,5
http://rdf-plantmetwiki.bioinformatics.nl/pathways/PC556_r17.0.0_20260605-171052,thioredoxin pathway,5
http://rdf-plantmetwiki.bioinformatics.nl/pathways/RC906_r17.0.0_20260605-171052,RXN-14213,5
http://rdf-plantmetwiki.bioinformatics.nl/pathways/RC959_r17.0.0_20260605-171052,RXN-7673,5
http://rdf-plantmetwiki.bioinformatics.nl/pathways/RC1269_r17.0.0_20260605-171052,"4&alpha;-formyl-5&alpha;-cholesta-8,24-dien-3&beta;-ol 4-hydroxylase",5
http://rdf-plantmetwiki.bioinformatics.nl/pathways/RC1276_r17.0.0_20260605-171052,RXN-12085,5
http://rdf-plantmetwiki.bioinformatics.nl/pathways/RC491_r17.0.0_20260605-171052,RXN-15011,5
http://rdf-plantmetwiki.bioinformatics.nl/pathways/RC427_r17.0.0_20260605-171052,2.7.7.64-RXN,5
http://rdf-plantmetwiki.bioinformatics.nl/pathways/RC1066_r17.0.0_20260605-171052,RXN-14003,5
http://rdf-plantmetwiki.bioinformatics.nl/pathways/RC169_r17.0.0_20260605-171052,RXN-13435,5
http://rdf-plantmetwiki.bioinformatics.nl/pathways/RC576_r17.0.0_20260605-171052,RXN-982,5
http://rdf-plantmetwiki.bioinformatics.nl/pathways/RC888_r17.0.0_20260605-171052,RXN-18158,5
http://rdf-plantmetwiki.bioinformatics.nl/pathways/PC1006_r17.0.0_20260605-171052,thiosulfate disproportionation IV (rhodanese),5
http://rdf-plantmetwiki.bioinformatics.nl/pathways/RC752_r17.0.0_20260605-171052,L-aspartate : fumarate oxidoreductase (deaminating),5
http://rdf-plantmetwiki.bioinformatics.nl/pathways/RC564_r17.0.0_20260605-171052,3.1.1.23-RXN,5
http://rdf-plantmetwiki.bioinformatics.nl/pathways/RC750_r17.0.0_20260605-171052,RXN-18159,5
http://rdf-plantmetwiki.bioinformatics.nl/pathways/RC1134_r17.0.0_20260605-171052,RXN-13508,5
http://rdf-plantmetwiki.bioinformatics.nl/pathways/RC862_r17.0.0_20260605-171052,"4&alpha;-hydroxymethyl-4&beta;-methyl-5&alpha;-cholesta-8,24-dien-3&beta;-ol dehydrogenase",5
http://rdf-plantmetwiki.bioinformatics.nl/pathways/RC793_r17.0.0_20260605-171052,RXN-12539,5
http://rdf-plantmetwiki.bioinformatics.nl/pathways/RC268_r17.0.0_20260605-171052,ESTRADIOL-17-BETA-DEHYDROGENASE-RXN,5
http://rdf-plantmetwiki.bioinformatics.nl/pathways/RC681_r17.0.0_20260605-171052,RXN-14208,5
http://rdf-plantmetwiki.bioinformatics.nl/pathways/PC1098_r17.0.0_20260605-171052,CMP phosphorylation,5
http://rdf-plantmetwiki.bioinformatics.nl/pathways/RC492_r17.0.0_20260605-171052,2.4.1.101-RXN,5
http://rdf-plantmetwiki.bioinformatics.nl/pathways/RC1305_r17.0.0_20260605-171052,RXN-10981,5
http://rdf-plantmetwiki.bioinformatics.nl/pathways/RC310_r17.0.0_20260605-171052,RXN-19639,5
http://rdf-plantmetwiki.bioinformatics.nl/pathways/RC24_r17.0.0_20260605-171052,RXN-21162,5
http://rdf-plantmetwiki.bioinformatics.nl/pathways/PC1122_r17.0.0_20260605-171052,adenine and adenosine salvage VI,5
http://rdf-plantmetwiki.bioinformatics.nl/pathways/RC1017_r17.0.0_20260605-171052,RXN-12417,5
http://rdf-plantmetwiki.bioinformatics.nl/pathways/RC658_r17.0.0_20260605-171052,RXN-13021,5
http://rdf-plantmetwiki.bioinformatics.nl/pathways/RC776_r17.0.0_20260605-171052,RXN-17900,5
http://rdf-plantmetwiki.bioinformatics.nl/pathways/RC1129_r17.0.0_20260605-171052,RXN-10774,5
http://rdf-plantmetwiki.bioinformatics.nl/pathways/RC1030_r17.0.0_20260605-171052,RXN-13197,5
http://rdf-plantmetwiki.bioinformatics.nl/pathways/RC1299_r17.0.0_20260605-171052,SHCHCSYNTH-RXN,5
http://rdf-plantmetwiki.bioinformatics.nl/pathways/RC557_r17.0.0_20260605-171052,RXN-1402,5
http://rdf-plantmetwiki.bioinformatics.nl/pathways/RC166_r17.0.0_20260605-171052,RXN-18783,5
http://rdf-plantmetwiki.bioinformatics.nl/pathways/RC1215_r17.0.0_20260605-171052,TRIPHOSPHATASE-RXN,5
http://rdf-plantmetwiki.bioinformatics.nl/pathways/RC1097_r17.0.0_20260605-171052,RXN-1348,5
http://rdf-plantmetwiki.bioinformatics.nl/pathways/PC564_r17.0.0_20260605-171052,curcumene biosynthesis,5
http://rdf-plantmetwiki.bioinformatics.nl/pathways/RC1297_r17.0.0_20260605-171052,oleoyl-CoA 12-hydroxylase,5
http://rdf-plantmetwiki.bioinformatics.nl/pathways/RC208_r17.0.0_20260605-171052,RXN-12863,5
http://rdf-plantmetwiki.bioinformatics.nl/pathways/RC471_r17.0.0_20260605-171052,hexaprenyldihydroxybenzoate methyltransferase,5
http://rdf-plantmetwiki.bioinformatics.nl/pathways/RC741_r17.0.0_20260605-171052,RXN-5481,5
http://rdf-plantmetwiki.bioinformatics.nl/pathways/RC1131_r17.0.0_20260605-171052,RXN-13158,5
http://rdf-plantmetwiki.bioinformatics.nl/pathways/RC644_r17.0.0_20260605-171052,RXN-11930,5
http://rdf-plantmetwiki.bioinformatics.nl/pathways/RC464_r17.0.0_20260605-171052,RXN-13185,5
http://rdf-plantmetwiki.bioinformatics.nl/pathways/PC229_r17.0.0_20260605-171052,acyl-CoA hydrolysis,5
http://rdf-plantmetwiki.bioinformatics.nl/pathways/RC546_r17.0.0_20260605-171052,NUCLEOSIDE-TRIPHOSPHATASE-RXN,5
http://rdf-plantmetwiki.bioinformatics.nl/pathways/PC1143_r17.0.0_20260605-171052,sulfite oxidation IV (sulfite oxidase),5
http://rdf-plantmetwiki.bioinformatics.nl/pathways/RC1085_r17.0.0_20260605-171052,RXN-8344,5
http://rdf-plantmetwiki.bioinformatics.nl/pathways/RC22_r17.0.0_20260605-171052,ADENYLYLSULFATASE-RXN,5
http://rdf-plantmetwiki.bioinformatics.nl/pathways/RC886_r17.0.0_20260605-171052,RXN-19749,5
http://rdf-plantmetwiki.bioinformatics.nl/pathways/PC745_r17.0.0_20260605-171052,lupinate biosynthesis,5
http://rdf-plantmetwiki.bioinformatics.nl/pathways/PC424_r17.0.0_20260605-171052,punicate biosynthesis,5
http://rdf-plantmetwiki.bioinformatics.nl/pathways/RC131_r17.0.0_20260605-171052,1.5.1.20-RXN,5
http://rdf-plantmetwiki.bioinformatics.nl/pathways/RC841_r17.0.0_20260605-171052,1.6.5.4-RXN,5
http://rdf-plantmetwiki.bioinformatics.nl/pathways/RC95_r17.0.0_20260605-171052,RXN-11937,5
http://rdf-plantmetwiki.bioinformatics.nl/pathways/RC802_r17.0.0_20260605-171052,3.1.3.77-RXN,5
http://rdf-plantmetwiki.bioinformatics.nl/pathways/RC1247_r17.0.0_20260605-171052,RXN-4311,5
http://rdf-plantmetwiki.bioinformatics.nl/pathways/RC1008_r17.0.0_20260605-171052,PREPHENATEDEHYDROG-RXN,5
http://rdf-plantmetwiki.bioinformatics.nl/pathways/RC318_r17.0.0_20260605-171052,RXN-11931,5
http://rdf-plantmetwiki.bioinformatics.nl/pathways/RC980_r17.0.0_20260605-171052,3.6.3.6-RXN,5
http://rdf-plantmetwiki.bioinformatics.nl/pathways/RC661_r17.0.0_20260605-171052,fatty acid elongation,5
http://rdf-plantmetwiki.bioinformatics.nl/pathways/RC224_r17.0.0_20260605-171052,RXN-21159,5
http://rdf-plantmetwiki.bioinformatics.nl/pathways/PC1130_r17.0.0_20260605-171052,chrysoeriol biosynthesis,5
http://rdf-plantmetwiki.bioinformatics.nl/pathways/RC656_r17.0.0_20260605-171052,RXN-12325,5
http://rdf-plantmetwiki.bioinformatics.nl/pathways/RC324_r17.0.0_20260605-171052,RXN-10770,5
http://rdf-plantmetwiki.bioinformatics.nl/pathways/RC402_r17.0.0_20260605-171052,RXN-12307,5
http://rdf-plantmetwiki.bioinformatics.nl/pathways/RC970_r17.0.0_20260605-171052,1.1.1.170-RXN,5
http://rdf-plantmetwiki.bioinformatics.nl/pathways/RC469_r17.0.0_20260605-171052,RXN-10879,5
http://rdf-plantmetwiki.bioinformatics.nl/pathways/RC739_r17.0.0_20260605-171052,RXN-13187,5
http://rdf-plantmetwiki.bioinformatics.nl/pathways/RC306_r17.0.0_20260605-171052,RXN-13403,5
http://rdf-plantmetwiki.bioinformatics.nl/pathways/PC650_r17.0.0_20260605-171052,ω-hydroxylation of laurate,5
http://rdf-plantmetwiki.bioinformatics.nl/pathways/RC124_r17.0.0_20260605-171052,RXN-18782,5
http://rdf-plantmetwiki.bioinformatics.nl/pathways/PC209_r17.0.0_20260605-171052,malate-oxaloacetate shuttle I,5
http://rdf-plantmetwiki.bioinformatics.nl/pathways/RC1291_r17.0.0_20260605-171052,2.5.1.46-RXN,5
http://rdf-plantmetwiki.bioinformatics.nl/pathways/PC579_r17.0.0_20260605-171052,vernolate biosynthesis I,5
http://rdf-plantmetwiki.bioinformatics.nl/pathways/PC610_r17.0.0_20260605-171052,superoxide radicals degradation,5
http://rdf-plantmetwiki.bioinformatics.nl/pathways/RC86_r17.0.0_20260605-171052,RXN-9081,5
http://rdf-plantmetwiki.bioinformatics.nl/pathways/RC181_r17.0.0_20260605-171052,TRANS-RXN4LZ-6845,5
http://rdf-plantmetwiki.bioinformatics.nl/pathways/RC114_r17.0.0_20260605-171052,RXN-22914,5
http://rdf-plantmetwiki.bioinformatics.nl/pathways/RC1091_r17.0.0_20260605-171052,RXN-22404,5
http://rdf-plantmetwiki.bioinformatics.nl/pathways/RC94_r17.0.0_20260605-171052,RXN-10625,5
http://rdf-plantmetwiki.bioinformatics.nl/pathways/RC510_r17.0.0_20260605-171052,heme <i>o</i> biosynthesis,5
http://rdf-plantmetwiki.bioinformatics.nl/pathways/PC714_r17.0.0_20260605-171052,phosphatidylinositol biosynthesis II (eukaryotes),5
http://rdf-plantmetwiki.bioinformatics.nl/pathways/RC878_r17.0.0_20260605-171052,MANNPGUANYLTRANGDP-RXN,5
http://rdf-plantmetwiki.bioinformatics.nl/pathways/RC558_r17.0.0_20260605-171052,choline monooxygenase (NADP),5
http://rdf-plantmetwiki.bioinformatics.nl/pathways/RC664_r17.0.0_20260605-171052,HEXOKINASE-RXN,5
http://rdf-plantmetwiki.bioinformatics.nl/pathways/RC68_r17.0.0_20260605-171052,STEROL-GLUCOSYLTRANSFERASE-RXN,5
http://rdf-plantmetwiki.bioinformatics.nl/pathways/RC293_r17.0.0_20260605-171052,RXN-12183,5
http://rdf-plantmetwiki.bioinformatics.nl/pathways/RC377_r17.0.0_20260605-171052,RXN-13023,5
http://rdf-plantmetwiki.bioinformatics.nl/pathways/RC1209_r17.0.0_20260605-171052,RXN0-3543,5
http://rdf-plantmetwiki.bioinformatics.nl/pathways/RC972_r17.0.0_20260605-171052,RXN-14024,5
http://rdf-plantmetwiki.bioinformatics.nl/pathways/RC1034_r17.0.0_20260605-171052,"4&alpha;-hydroxymethyl-5&alpha;-cholesta-8,24-dien-3&beta;-ol dehydrogenase",5
http://rdf-plantmetwiki.bioinformatics.nl/pathways/RC340_r17.0.0_20260605-171052,RXN-20169,5
http://rdf-plantmetwiki.bioinformatics.nl/pathways/RC1027_r17.0.0_20260605-171052,RXN-11846,5
http://rdf-plantmetwiki.bioinformatics.nl/pathways/RC281_r17.0.0_20260605-171052,RXN-13507,5
http://rdf-plantmetwiki.bioinformatics.nl/pathways/RC947_r17.0.0_20260605-171052,RXN-14858,5
http://rdf-plantmetwiki.bioinformatics.nl/pathways/RC283_r17.0.0_20260605-171052,RXN-7657,5
http://rdf-plantmetwiki.bioinformatics.nl/pathways/RC10_r17.0.0_20260605-171052,GLYOXYLATE-REDUCTASE-NADP+-RXN,5
http://rdf-plantmetwiki.bioinformatics.nl/pathways/RC885_r17.0.0_20260605-171052,ACYL-COA-HYDROLASE-RXN,5
http://rdf-plantmetwiki.bioinformatics.nl/pathways/RC781_r17.0.0_20260605-171052,RXN-12893,5
http://rdf-plantmetwiki.bioinformatics.nl/pathways/RC1279_r17.0.0_20260605-171052,HOMOCYSTEINE-S-METHYLTRANSFERASE-RXN,5
http://rdf-plantmetwiki.bioinformatics.nl/pathways/RC1210_r17.0.0_20260605-171052,2.7.7.11-RXN,5
http://rdf-plantmetwiki.bioinformatics.nl/pathways/RC1285_r17.0.0_20260605-171052,hydroxypyruvate reductase (NADP+),5
http://rdf-plantmetwiki.bioinformatics.nl/pathways/RC1208_r17.0.0_20260605-171052,FORMYLTHFDEFORMYL-RXN,5
http://rdf-plantmetwiki.bioinformatics.nl/pathways/RC21_r17.0.0_20260605-171052,RXN-13506,5
http://rdf-plantmetwiki.bioinformatics.nl/pathways/RC111_r17.0.0_20260605-171052,ACETYL-COA-HYDROLASE-RXN,5
http://rdf-plantmetwiki.bioinformatics.nl/pathways/RC829_r17.0.0_20260605-171052,RXN4FS-23,5
http://rdf-plantmetwiki.bioinformatics.nl/pathways/RC343_r17.0.0_20260605-171052,RXNQT-4174,5
http://rdf-plantmetwiki.bioinformatics.nl/pathways/RC1246_r17.0.0_20260605-171052,RXN-18164,5
http://rdf-plantmetwiki.bioinformatics.nl/pathways/RC1295_r17.0.0_20260605-171052,RXN-22736,5
http://rdf-plantmetwiki.bioinformatics.nl/pathways/RC495_r17.0.0_20260605-171052,RXN-9771,5
http://rdf-plantmetwiki.bioinformatics.nl/pathways/RC438_r17.0.0_20260605-171052,RXN-13193,5
http://rdf-plantmetwiki.bioinformatics.nl/pathways/RC1061_r17.0.0_20260605-171052,1.14.19.3-RXN,5
http://rdf-plantmetwiki.bioinformatics.nl/pathways/RC1240_r17.0.0_20260605-171052,RXNQT-4393,5
http://rdf-plantmetwiki.bioinformatics.nl/pathways/RC838_r17.0.0_20260605-171052,RXN-18162,5
http://rdf-plantmetwiki.bioinformatics.nl/pathways/RC941_r17.0.0_20260605-171052,GALACTOLIPASE-RXN,5
http://rdf-plantmetwiki.bioinformatics.nl/pathways/PC83_r17.0.0_20260605-171052,α-linolenate biosynthesis I (plants and red algae),5
http://rdf-plantmetwiki.bioinformatics.nl/pathways/RC451_r17.0.0_20260605-171052,RXN-3541,5
http://rdf-plantmetwiki.bioinformatics.nl/pathways/RC315_r17.0.0_20260605-171052,RXN-19005,5
http://rdf-plantmetwiki.bioinformatics.nl/pathways/RC152_r17.0.0_20260605-171052,"phosphogluconate dehydrogenase [NAD(P)+-dependent, decarboxylating]",5
http://rdf-plantmetwiki.bioinformatics.nl/pathways/RC113_r17.0.0_20260605-171052,RXN0-4401,5
http://rdf-plantmetwiki.bioinformatics.nl/pathways/RC1141_r17.0.0_20260605-171052,PERILLYL-ALCOHOL-DEHYDROGENASE-RXN,5
http://rdf-plantmetwiki.bioinformatics.nl/pathways/RC1083_r17.0.0_20260605-171052,RXN-14218,5
http://rdf-plantmetwiki.bioinformatics.nl/pathways/PC35_r17.0.0_20260605-171052,CA1P biosynthesis,5
http://rdf-plantmetwiki.bioinformatics.nl/pathways/PC473_r17.0.0_20260605-171052,hinokinin biosynthesis,5
http://rdf-plantmetwiki.bioinformatics.nl/pathways/RC338_r17.0.0_20260605-171052,isocitrate dehydrogenase (NADP<small><sup>+</sup></small>),5
http://rdf-plantmetwiki.bioinformatics.nl/pathways/RC331_r17.0.0_20260605-171052,RXN-12126,5
http://rdf-plantmetwiki.bioinformatics.nl/pathways/RC850_r17.0.0_20260605-171052,RXN-13446,5
http://rdf-plantmetwiki.bioinformatics.nl/pathways/RC1298_r17.0.0_20260605-171052,RXN0-5462,5
http://rdf-plantmetwiki.bioinformatics.nl/pathways/RC346_r17.0.0_20260605-171052,GUANOSINE-DIPHOSPHATASE-RXN,5
http://rdf-plantmetwiki.bioinformatics.nl/pathways/RC73_r17.0.0_20260605-171052,TRYPSYN-RXN,5
http://rdf-plantmetwiki.bioinformatics.nl/pathways/RC548_r17.0.0_20260605-171052,RXN-18160,5
http://rdf-plantmetwiki.bioinformatics.nl/pathways/RC54_r17.0.0_20260605-171052,3.5.1.52-RXN,5
http://rdf-plantmetwiki.bioinformatics.nl/pathways/RC410_r17.0.0_20260605-171052,GLUCONOKIN-RXN,5
http://rdf-plantmetwiki.bioinformatics.nl/pathways/RC337_r17.0.0_20260605-171052,RXN-22713,5
http://rdf-plantmetwiki.bioinformatics.nl/pathways/RC954_r17.0.0_20260605-171052,RXN-19657,5
http://rdf-plantmetwiki.bioinformatics.nl/pathways/RC74_r17.0.0_20260605-171052,6.3.4.11-RXN,5
http://rdf-plantmetwiki.bioinformatics.nl/pathways/RC423_r17.0.0_20260605-171052,RXN-11585,5
http://rdf-plantmetwiki.bioinformatics.nl/pathways/RC639_r17.0.0_20260605-171052,1.14.19.1-RXN,5
http://rdf-plantmetwiki.bioinformatics.nl/pathways/RC1292_r17.0.0_20260605-171052,DCYSDESULF-RXN,5
http://rdf-plantmetwiki.bioinformatics.nl/pathways/RC680_r17.0.0_20260605-171052,RXN-14658,5
http://rdf-plantmetwiki.bioinformatics.nl/pathways/RC918_r17.0.0_20260605-171052,CARBOXYLESTERASE-RXN,5
http://rdf-plantmetwiki.bioinformatics.nl/pathways/PC448_r17.0.0_20260605-171052,salicylate glucosides biosynthesis IV,5
http://rdf-plantmetwiki.bioinformatics.nl/pathways/PC1079_r17.0.0_20260605-171052,marneral biosynthesis,5
http://rdf-plantmetwiki.bioinformatics.nl/pathways/RC575_r17.0.0_20260605-171052,RXN-10874,5
http://rdf-plantmetwiki.bioinformatics.nl/pathways/RC589_r17.0.0_20260605-171052,RXN-11662,5
http://rdf-plantmetwiki.bioinformatics.nl/pathways/RC190_r17.0.0_20260605-171052,RXN-19151,5
http://rdf-plantmetwiki.bioinformatics.nl/pathways/PC398_r17.0.0_20260605-171052,sapienate biosynthesis,5
http://rdf-plantmetwiki.bioinformatics.nl/pathways/RC978_r17.0.0_20260605-171052,GST-RXN,5
http://rdf-plantmetwiki.bioinformatics.nl/pathways/RC145_r17.0.0_20260605-171052,RXN-13025,5
http://rdf-plantmetwiki.bioinformatics.nl/pathways/RC846_r17.0.0_20260605-171052,RXN-12304,5
http://rdf-plantmetwiki.bioinformatics.nl/pathways/RC559_r17.0.0_20260605-171052,RXN-12078,5
http://rdf-plantmetwiki.bioinformatics.nl/pathways/RC26_r17.0.0_20260605-171052,RXN-12878,5
http://rdf-plantmetwiki.bioinformatics.nl/pathways/RC694_r17.0.0_20260605-171052,RXN-11925,5
http://rdf-plantmetwiki.bioinformatics.nl/pathways/PC200_r17.0.0_20260605-171052,xylogalacturonan biosynthesis,5
http://rdf-plantmetwiki.bioinformatics.nl/pathways/RC34_r17.0.0_20260605-171052,THIAZOLSYN3-RXN,5
http://rdf-plantmetwiki.bioinformatics.nl/pathways/RC429_r17.0.0_20260605-171052,Isovaleryl-CoA dehydrogenase,5
http://rdf-plantmetwiki.bioinformatics.nl/pathways/RC1133_r17.0.0_20260605-171052,RXN0-1441,5
http://rdf-plantmetwiki.bioinformatics.nl/pathways/RC646_r17.0.0_20260605-171052,TEICHOICSYN5-RXN,5
http://rdf-plantmetwiki.bioinformatics.nl/pathways/RC186_r17.0.0_20260605-171052,RXN-18804,5
http://rdf-plantmetwiki.bioinformatics.nl/pathways/RC284_r17.0.0_20260605-171052,RXN-21163,5
http://rdf-plantmetwiki.bioinformatics.nl/pathways/RC30_r17.0.0_20260605-171052,RXN-10453,5
http://rdf-plantmetwiki.bioinformatics.nl/pathways/RC993_r17.0.0_20260605-171052,CARBON-MONOXIDE-DEHYDROGENASE-RXN,5
http://rdf-plantmetwiki.bioinformatics.nl/pathways/RC143_r17.0.0_20260605-171052,RXN1F-444,5
http://rdf-plantmetwiki.bioinformatics.nl/pathways/RC861_r17.0.0_20260605-171052,RXN-9564,5
http://rdf-plantmetwiki.bioinformatics.nl/pathways/RC313_r17.0.0_20260605-171052,DOLICHOL-KINASE-RXN,5
http://rdf-plantmetwiki.bioinformatics.nl/pathways/RC772_r17.0.0_20260605-171052,RXN-12128,5
http://rdf-plantmetwiki.bioinformatics.nl/pathways/RC1147_r17.0.0_20260605-171052,RXN-14058,5
http://rdf-plantmetwiki.bioinformatics.nl/pathways/RC822_r17.0.0_20260605-171052,ARYL-ALCOHOL-DEHYDROGENASE-NADP+-RXN,5
http://rdf-plantmetwiki.bioinformatics.nl/pathways/RC461_r17.0.0_20260605-171052,PSERPHOSPHA-RXN,5
http://rdf-plantmetwiki.bioinformatics.nl/pathways/RC784_r17.0.0_20260605-171052,RXN-9565,5
http://rdf-plantmetwiki.bioinformatics.nl/pathways/RC832_r17.0.0_20260605-171052,RXN-4602,5
http://rdf-plantmetwiki.bioinformatics.nl/pathways/RC173_r17.0.0_20260605-171052,RXN-8243,5
http://rdf-plantmetwiki.bioinformatics.nl/pathways/RC260_r17.0.0_20260605-171052,RXN-14201,5
http://rdf-plantmetwiki.bioinformatics.nl/pathways/PC575_r17.0.0_20260605-171052,rubber biosynthesis,5
http://rdf-plantmetwiki.bioinformatics.nl/pathways/RC673_r17.0.0_20260605-171052,RXN-12364,5
http://rdf-plantmetwiki.bioinformatics.nl/pathways/PC731_r17.0.0_20260605-171052,peonidin and derivatives biosynthesis,5
http://rdf-plantmetwiki.bioinformatics.nl/pathways/RC158_r17.0.0_20260605-171052,RXN-2121,5
http://rdf-plantmetwiki.bioinformatics.nl/pathways/RC1045_r17.0.0_20260605-171052,RXN-21160,5
http://rdf-plantmetwiki.bioinformatics.nl/pathways/RC1233_r17.0.0_20260605-171052,RXN-8980,5
http://rdf-plantmetwiki.bioinformatics.nl/pathways/RC384_r17.0.0_20260605-171052,3-methyl-2-oxobutanoate dehydrogenase [(<i>S</i>)-2-methylbutanoyl-transferring),5
http://rdf-plantmetwiki.bioinformatics.nl/pathways/RC151_r17.0.0_20260605-171052,CYSTAGLY-RXN,5
http://rdf-plantmetwiki.bioinformatics.nl/pathways/RC204_r17.0.0_20260605-171052,LCYSDESULF-RXN,5
http://rdf-plantmetwiki.bioinformatics.nl/pathways/RC1120_r17.0.0_20260605-171052,3.6.3.44-RXN,5
http://rdf-plantmetwiki.bioinformatics.nl/pathways/RC387_r17.0.0_20260605-171052,RXN-12645,5
http://rdf-plantmetwiki.bioinformatics.nl/pathways/RC1142_r17.0.0_20260605-171052,RXN-11935,5
http://rdf-plantmetwiki.bioinformatics.nl/pathways/PC318_r17.0.0_20260605-171052,DIMBOA-glucoside activation,5
http://rdf-plantmetwiki.bioinformatics.nl/pathways/RC105_r17.0.0_20260605-171052,RXN-12570,5
http://rdf-plantmetwiki.bioinformatics.nl/pathways/RC44_r17.0.0_20260605-171052,APYRASE-RXN,5
http://rdf-plantmetwiki.bioinformatics.nl/pathways/RC895_r17.0.0_20260605-171052,RXN-21389,5
http://rdf-plantmetwiki.bioinformatics.nl/pathways/RC1258_r17.0.0_20260605-171052,NUCLEOSIDE-DIPHOSPHATASE-RXN,5
http://rdf-plantmetwiki.bioinformatics.nl/pathways/RC276_r17.0.0_20260605-171052,RXN-7968,5
http://rdf-plantmetwiki.bioinformatics.nl/pathways/RC439_r17.0.0_20260605-171052,1.5.1.31-RXN,5
http://rdf-plantmetwiki.bioinformatics.nl/pathways/RC211_r17.0.0_20260605-171052,GKI-RXN,5
http://rdf-plantmetwiki.bioinformatics.nl/pathways/RC225_r17.0.0_20260605-171052,RXN-14217,5
http://rdf-plantmetwiki.bioinformatics.nl/pathways/RC1307_r17.0.0_20260605-171052,RXN-16910,5
http://rdf-plantmetwiki.bioinformatics.nl/pathways/RC81_r17.0.0_20260605-171052,ATPSYN-RXN,5
http://rdf-plantmetwiki.bioinformatics.nl/pathways/PC307_r17.0.0_20260605-171052,cinnamate esters biosynthesis,4
http://rdf-plantmetwiki.bioinformatics.nl/pathways/RC164_r17.0.0_20260605-171052,RXN-22407,4
http://rdf-plantmetwiki.bioinformatics.nl/pathways/RC595_r17.0.0_20260605-171052,3.5.1.60-RXN,4
http://rdf-plantmetwiki.bioinformatics.nl/pathways/RC523_r17.0.0_20260605-171052,GLYCEROL-2-PHOSPHATASE-RXN,4
http://rdf-plantmetwiki.bioinformatics.nl/pathways/RC920_r17.0.0_20260605-171052,RXN-19006,4
http://rdf-plantmetwiki.bioinformatics.nl/pathways/RC218_r17.0.0_20260605-171052,RXN-7860,4
http://rdf-plantmetwiki.bioinformatics.nl/pathways/RC329_r17.0.0_20260605-171052,ALPHA-L-FUCOSIDASE-RXN,4
http://rdf-plantmetwiki.bioinformatics.nl/pathways/PC691_r17.0.0_20260605-171052,geranylgeranyl pyrophosphate biosynthesis,4
http://rdf-plantmetwiki.bioinformatics.nl/pathways/RC89_r17.0.0_20260605-171052,RXN0-3741,4
http://rdf-plantmetwiki.bioinformatics.nl/pathways/RC1191_r17.0.0_20260605-171052,2-(&alpha;-hydroxyethyl)-TPP:[dihydrolipoyllysine-residue acetyltransferase]-lipoyllysine acetyltransferase,4
http://rdf-plantmetwiki.bioinformatics.nl/pathways/RC722_r17.0.0_20260605-171052,RXN18C3-110,4
http://rdf-plantmetwiki.bioinformatics.nl/pathways/RC189_r17.0.0_20260605-171052,RXN-10720,4
http://rdf-plantmetwiki.bioinformatics.nl/pathways/RC7_r17.0.0_20260605-171052,RXN-22830,4
http://rdf-plantmetwiki.bioinformatics.nl/pathways/RC1051_r17.0.0_20260605-171052,3' hydroxy flavanone 5&prime;-hydroxylase,4
http://rdf-plantmetwiki.bioinformatics.nl/pathways/RC1079_r17.0.0_20260605-171052,RXN0-7188,4
http://rdf-plantmetwiki.bioinformatics.nl/pathways/RC1094_r17.0.0_20260605-171052,RXN-14473,4
http://rdf-plantmetwiki.bioinformatics.nl/pathways/RC778_r17.0.0_20260605-171052,RXN-14290,4
http://rdf-plantmetwiki.bioinformatics.nl/pathways/RC1049_r17.0.0_20260605-171052,FLAVONOID-3-MONOOXYGENASE-RXN,4
http://rdf-plantmetwiki.bioinformatics.nl/pathways/RC614_r17.0.0_20260605-171052,RXN-14509,4
http://rdf-plantmetwiki.bioinformatics.nl/pathways/RC314_r17.0.0_20260605-171052,RXN18C3-112,4
http://rdf-plantmetwiki.bioinformatics.nl/pathways/RC82_r17.0.0_20260605-171052,RXN0-5292,4
http://rdf-plantmetwiki.bioinformatics.nl/pathways/RC1177_r17.0.0_20260605-171052,1.14.13.68-RXN,4
http://rdf-plantmetwiki.bioinformatics.nl/pathways/RC389_r17.0.0_20260605-171052,14-hydroxylanosterol 14-dehydrogenase,4
http://rdf-plantmetwiki.bioinformatics.nl/pathways/RC358_r17.0.0_20260605-171052,RXN-15509,4
http://rdf-plantmetwiki.bioinformatics.nl/pathways/RC1060_r17.0.0_20260605-171052,RXN0-6721,4
http://rdf-plantmetwiki.bioinformatics.nl/pathways/RC779_r17.0.0_20260605-171052,RXN-7740,4
http://rdf-plantmetwiki.bioinformatics.nl/pathways/RC1098_r17.0.0_20260605-171052,ORNITHINE--OXO-ACID-AMINOTRANSFERASE-RXN,4
http://rdf-plantmetwiki.bioinformatics.nl/pathways/RC311_r17.0.0_20260605-171052,RXN-10731,4
http://rdf-plantmetwiki.bioinformatics.nl/pathways/RC1056_r17.0.0_20260605-171052,RXN-3482,4
http://rdf-plantmetwiki.bioinformatics.nl/pathways/RC945_r17.0.0_20260605-171052,RXN-18894,4
http://rdf-plantmetwiki.bioinformatics.nl/pathways/RC1188_r17.0.0_20260605-171052,RXN-18484,4
http://rdf-plantmetwiki.bioinformatics.nl/pathways/RC815_r17.0.0_20260605-171052,RXN-14510,4
http://rdf-plantmetwiki.bioinformatics.nl/pathways/RC296_r17.0.0_20260605-171052,RXN-13004,4
http://rdf-plantmetwiki.bioinformatics.nl/pathways/RC1278_r17.0.0_20260605-171052,DEOXYNUCLEOTIDE-3-PHOSPHATASE-RXN,4
http://rdf-plantmetwiki.bioinformatics.nl/pathways/RC191_r17.0.0_20260605-171052,RXN-7876,4
http://rdf-plantmetwiki.bioinformatics.nl/pathways/RC85_r17.0.0_20260605-171052,RXN-12862,4
http://rdf-plantmetwiki.bioinformatics.nl/pathways/RC1096_r17.0.0_20260605-171052,3-NUCLEOTID-RXN,4
http://rdf-plantmetwiki.bioinformatics.nl/pathways/RC62_r17.0.0_20260605-171052,3-SULFINOALANINE-AMINOTRANSFERASE-RXN,4
http://rdf-plantmetwiki.bioinformatics.nl/pathways/RC116_r17.0.0_20260605-171052,MALTODEG-RXN,4
http://rdf-plantmetwiki.bioinformatics.nl/pathways/RC965_r17.0.0_20260605-171052,RXN4FS-15,4
http://rdf-plantmetwiki.bioinformatics.nl/pathways/RC371_r17.0.0_20260605-171052,RXN-1024,4
http://rdf-plantmetwiki.bioinformatics.nl/pathways/RC1198_r17.0.0_20260605-171052,RXN-21004,4
http://rdf-plantmetwiki.bioinformatics.nl/pathways/RC1158_r17.0.0_20260605-171052,RXN-12565,4
http://rdf-plantmetwiki.bioinformatics.nl/pathways/RC409_r17.0.0_20260605-171052,RXN-12242,4
http://rdf-plantmetwiki.bioinformatics.nl/pathways/RC200_r17.0.0_20260605-171052,CYCPHOSDIESTER-RXN,4
http://rdf-plantmetwiki.bioinformatics.nl/pathways/RC865_r17.0.0_20260605-171052,25-DIAMINOVALERATE-AMINOTRANSFERASE-RXN,4
http://rdf-plantmetwiki.bioinformatics.nl/pathways/RC426_r17.0.0_20260605-171052,RXN-4181,4
http://rdf-plantmetwiki.bioinformatics.nl/pathways/RC141_r17.0.0_20260605-171052,RXN-10873,4
http://rdf-plantmetwiki.bioinformatics.nl/pathways/RC1257_r17.0.0_20260605-171052,2.6.1.64-RXN,4
http://rdf-plantmetwiki.bioinformatics.nl/pathways/RC1024_r17.0.0_20260605-171052,1.8.4.8-RXN,4
http://rdf-plantmetwiki.bioinformatics.nl/pathways/RC243_r17.0.0_20260605-171052,RXN-17753,4
http://rdf-plantmetwiki.bioinformatics.nl/pathways/RC723_r17.0.0_20260605-171052,RXNQT-4377,4
http://rdf-plantmetwiki.bioinformatics.nl/pathways/RC350_r17.0.0_20260605-171052,RXN-13873,4
http://rdf-plantmetwiki.bioinformatics.nl/pathways/RC649_r17.0.0_20260605-171052,RXN18C3-113,4
http://rdf-plantmetwiki.bioinformatics.nl/pathways/RC489_r17.0.0_20260605-171052,1.14.13.76-RXN,4
http://rdf-plantmetwiki.bioinformatics.nl/pathways/RC691_r17.0.0_20260605-171052,RXN-18483,4
http://rdf-plantmetwiki.bioinformatics.nl/pathways/RC396_r17.0.0_20260605-171052,RXN-11655,4
http://rdf-plantmetwiki.bioinformatics.nl/pathways/PC134_r17.0.0_20260605-171052,methylbutenol biosynthesis,4
http://rdf-plantmetwiki.bioinformatics.nl/pathways/RC433_r17.0.0_20260605-171052,RXN-7892,4
http://rdf-plantmetwiki.bioinformatics.nl/pathways/RC1218_r17.0.0_20260605-171052,dihydroorotate dehydrogenase,4
http://rdf-plantmetwiki.bioinformatics.nl/pathways/RC1224_r17.0.0_20260605-171052,2.3.1.162-RXN,4
http://rdf-plantmetwiki.bioinformatics.nl/pathways/RC1216_r17.0.0_20260605-171052,DLACTDEHYDROGFAD-RXN,4
http://rdf-plantmetwiki.bioinformatics.nl/pathways/PC612_r17.0.0_20260605-171052,L-glutamate biosynthesis V,4
http://rdf-plantmetwiki.bioinformatics.nl/pathways/RC907_r17.0.0_20260605-171052,dihydrolipoyllysine-residue (2-methylbutanoyl)transferase,4
http://rdf-plantmetwiki.bioinformatics.nl/pathways/RC1009_r17.0.0_20260605-171052,RXN1ZN3-9,4
http://rdf-plantmetwiki.bioinformatics.nl/pathways/PC1146_r17.0.0_20260605-171052,phosphatidylethanolamine biosynthesis III,4
http://rdf-plantmetwiki.bioinformatics.nl/pathways/RC554_r17.0.0_20260605-171052,RXN-10946,4
http://rdf-plantmetwiki.bioinformatics.nl/pathways/RC29_r17.0.0_20260605-171052,RXN-9561,4
http://rdf-plantmetwiki.bioinformatics.nl/pathways/RC1316_r17.0.0_20260605-171052,GLUCONOLACT-RXN,4
http://rdf-plantmetwiki.bioinformatics.nl/pathways/RC805_r17.0.0_20260605-171052,RXN-10768,4
http://rdf-plantmetwiki.bioinformatics.nl/pathways/PC1154_r17.0.0_20260605-171052,glutamate removal from folates,4
http://rdf-plantmetwiki.bioinformatics.nl/pathways/RC177_r17.0.0_20260605-171052,RXN-14523,4
http://rdf-plantmetwiki.bioinformatics.nl/pathways/PC513_r17.0.0_20260605-171052,selinene biosynthesis,4
http://rdf-plantmetwiki.bioinformatics.nl/pathways/RC132_r17.0.0_20260605-171052,RXN-10961,4
http://rdf-plantmetwiki.bioinformatics.nl/pathways/RC359_r17.0.0_20260605-171052,RXN0-5187,4
http://rdf-plantmetwiki.bioinformatics.nl/pathways/RC1213_r17.0.0_20260605-171052,2.4.1.207-RXN,4
http://rdf-plantmetwiki.bioinformatics.nl/pathways/RC747_r17.0.0_20260605-171052,GLYCEROL-1-PHOSPHATASE-RXN,4
http://rdf-plantmetwiki.bioinformatics.nl/pathways/RC968_r17.0.0_20260605-171052,RXN-14161,4
http://rdf-plantmetwiki.bioinformatics.nl/pathways/RC737_r17.0.0_20260605-171052,RXN-21019,4
http://rdf-plantmetwiki.bioinformatics.nl/pathways/RC1153_r17.0.0_20260605-171052,RXN4FS-28,4
http://rdf-plantmetwiki.bioinformatics.nl/pathways/RC1163_r17.0.0_20260605-171052,RXN4FS-29,4
http://rdf-plantmetwiki.bioinformatics.nl/pathways/RC123_r17.0.0_20260605-171052,RXN-14522,4
http://rdf-plantmetwiki.bioinformatics.nl/pathways/RC754_r17.0.0_20260605-171052,RXN-11544,4
http://rdf-plantmetwiki.bioinformatics.nl/pathways/RC1111_r17.0.0_20260605-171052,RXN-19980,4
http://rdf-plantmetwiki.bioinformatics.nl/pathways/RC232_r17.0.0_20260605-171052,ADENYLYLSULFATE-REDUCTASE-RXN,4
http://rdf-plantmetwiki.bioinformatics.nl/pathways/PC417_r17.0.0_20260605-171052,L-alanine degradation III,4
http://rdf-plantmetwiki.bioinformatics.nl/pathways/RC481_r17.0.0_20260605-171052,RXN-12541,4
http://rdf-plantmetwiki.bioinformatics.nl/pathways/PC570_r17.0.0_20260605-171052,ginsenoside degradation III,4
http://rdf-plantmetwiki.bioinformatics.nl/pathways/RC463_r17.0.0_20260605-171052,ADENPHOSPHOR-RXN,4
http://rdf-plantmetwiki.bioinformatics.nl/pathways/PC782_r17.0.0_20260605-171052,acetaldehyde biosynthesis II,4
http://rdf-plantmetwiki.bioinformatics.nl/pathways/RC6_r17.0.0_20260605-171052,RXN-7181,4
http://rdf-plantmetwiki.bioinformatics.nl/pathways/RC606_r17.0.0_20260605-171052,RXN-20884,4
http://rdf-plantmetwiki.bioinformatics.nl/pathways/RC814_r17.0.0_20260605-171052,RXN-8335,4
http://rdf-plantmetwiki.bioinformatics.nl/pathways/RC267_r17.0.0_20260605-171052,RXN-7895,4
http://rdf-plantmetwiki.bioinformatics.nl/pathways/RC167_r17.0.0_20260605-171052,2.6.1.28-RXN,4
http://rdf-plantmetwiki.bioinformatics.nl/pathways/RC1001_r17.0.0_20260605-171052,RXN-7843,4
http://rdf-plantmetwiki.bioinformatics.nl/pathways/RC1010_r17.0.0_20260605-171052,RXN-5741,4
http://rdf-plantmetwiki.bioinformatics.nl/pathways/RC936_r17.0.0_20260605-171052,RXN-12871,4
http://rdf-plantmetwiki.bioinformatics.nl/pathways/RC870_r17.0.0_20260605-171052,RXN-11355,4
http://rdf-plantmetwiki.bioinformatics.nl/pathways/RC1175_r17.0.0_20260605-171052,RXN-11308,4
http://rdf-plantmetwiki.bioinformatics.nl/pathways/RC642_r17.0.0_20260605-171052,RXN-11875,4
http://rdf-plantmetwiki.bioinformatics.nl/pathways/RC775_r17.0.0_20260605-171052,RXNQT-4382,4
http://rdf-plantmetwiki.bioinformatics.nl/pathways/RC919_r17.0.0_20260605-171052,RXN18C3-111,4
http://rdf-plantmetwiki.bioinformatics.nl/pathways/RC1290_r17.0.0_20260605-171052,PEROXID-RXN,4
http://rdf-plantmetwiki.bioinformatics.nl/pathways/RC1252_r17.0.0_20260605-171052,RXN-7643,4
http://rdf-plantmetwiki.bioinformatics.nl/pathways/RC486_r17.0.0_20260605-171052,RXN-15512,4
http://rdf-plantmetwiki.bioinformatics.nl/pathways/RC368_r17.0.0_20260605-171052,RXN-22729,4
http://rdf-plantmetwiki.bioinformatics.nl/pathways/PC970_r17.0.0_20260605-171052,pyrimidine nucleobases salvage I,4
http://rdf-plantmetwiki.bioinformatics.nl/pathways/PC1115_r17.0.0_20260605-171052,vernolate biosynthesis II,4
http://rdf-plantmetwiki.bioinformatics.nl/pathways/RC1073_r17.0.0_20260605-171052,RXN-8333,4
http://rdf-plantmetwiki.bioinformatics.nl/pathways/RC474_r17.0.0_20260605-171052,RXN-10878,4
http://rdf-plantmetwiki.bioinformatics.nl/pathways/RC33_r17.0.0_20260605-171052,RXN-23333,4
http://rdf-plantmetwiki.bioinformatics.nl/pathways/RC549_r17.0.0_20260605-171052,RXN-4315,4
http://rdf-plantmetwiki.bioinformatics.nl/pathways/RC264_r17.0.0_20260605-171052,RXN-12087,4
http://rdf-plantmetwiki.bioinformatics.nl/pathways/RC994_r17.0.0_20260605-171052,RXN-22776,4
http://rdf-plantmetwiki.bioinformatics.nl/pathways/RC944_r17.0.0_20260605-171052,RXN-9929,4
http://rdf-plantmetwiki.bioinformatics.nl/pathways/RC648_r17.0.0_20260605-171052,RXN-8855,4
http://rdf-plantmetwiki.bioinformatics.nl/pathways/RC448_r17.0.0_20260605-171052,RXN-11546,4
http://rdf-plantmetwiki.bioinformatics.nl/pathways/RC9_r17.0.0_20260605-171052,RXN-14685,4
http://rdf-plantmetwiki.bioinformatics.nl/pathways/RC1_r17.0.0_20260605-171052,RXN4FS-26,4
http://rdf-plantmetwiki.bioinformatics.nl/pathways/RC171_r17.0.0_20260605-171052,AMIDASE-RXN,4
http://rdf-plantmetwiki.bioinformatics.nl/pathways/RC1036_r17.0.0_20260605-171052,RXN-12207,4
http://rdf-plantmetwiki.bioinformatics.nl/pathways/RC758_r17.0.0_20260605-171052,flavonone 3&prime;-hydroxylase,4
http://rdf-plantmetwiki.bioinformatics.nl/pathways/RC866_r17.0.0_20260605-171052,RXN-7891,4
http://rdf-plantmetwiki.bioinformatics.nl/pathways/RC305_r17.0.0_20260605-171052,lanosterol 14-hydroxylase,4
http://rdf-plantmetwiki.bioinformatics.nl/pathways/RC60_r17.0.0_20260605-171052,RXN-12680,4
http://rdf-plantmetwiki.bioinformatics.nl/pathways/PC66_r17.0.0_20260605-171052,purine uptake,4
http://rdf-plantmetwiki.bioinformatics.nl/pathways/RC898_r17.0.0_20260605-171052,PSERTRANSAMPYR-RXN,4
http://rdf-plantmetwiki.bioinformatics.nl/pathways/RC1122_r17.0.0_20260605-171052,SUCC-FUM-OXRED-RXN,4
http://rdf-plantmetwiki.bioinformatics.nl/pathways/RC1138_r17.0.0_20260605-171052,RXN-7571,4
http://rdf-plantmetwiki.bioinformatics.nl/pathways/RC214_r17.0.0_20260605-171052,RXN0-7187,4
http://rdf-plantmetwiki.bioinformatics.nl/pathways/RC316_r17.0.0_20260605-171052,RXN0-5040,4
http://rdf-plantmetwiki.bioinformatics.nl/pathways/RC412_r17.0.0_20260605-171052,RXN-14115,4
http://rdf-plantmetwiki.bioinformatics.nl/pathways/RC552_r17.0.0_20260605-171052,RXN-14513,4
http://rdf-plantmetwiki.bioinformatics.nl/pathways/RC857_r17.0.0_20260605-171052,RXN-12892,4
http://rdf-plantmetwiki.bioinformatics.nl/pathways/RC163_r17.0.0_20260605-171052,RXN-11737,4
http://rdf-plantmetwiki.bioinformatics.nl/pathways/RC864_r17.0.0_20260605-171052,5-NUCLEOTID-RXN,4
http://rdf-plantmetwiki.bioinformatics.nl/pathways/RC213_r17.0.0_20260605-171052,RXNQT-4372,4
http://rdf-plantmetwiki.bioinformatics.nl/pathways/RC1000_r17.0.0_20260605-171052,Thioglucosidase,4
http://rdf-plantmetwiki.bioinformatics.nl/pathways/RC472_r17.0.0_20260605-171052,RXN-12516,4
http://rdf-plantmetwiki.bioinformatics.nl/pathways/RC295_r17.0.0_20260605-171052,dihydrolipoyllysine-residue (3-methylbutanoyl)transferase,4
http://rdf-plantmetwiki.bioinformatics.nl/pathways/RC312_r17.0.0_20260605-171052,RXNQT-4375,4
http://rdf-plantmetwiki.bioinformatics.nl/pathways/RC222_r17.0.0_20260605-171052,RXN-20898,4
http://rdf-plantmetwiki.bioinformatics.nl/pathways/RC618_r17.0.0_20260605-171052,1-dodecanol-<em>O</em>-arachinoyltransferase,4
http://rdf-plantmetwiki.bioinformatics.nl/pathways/RC69_r17.0.0_20260605-171052,RXN-19832,4
http://rdf-plantmetwiki.bioinformatics.nl/pathways/RC1104_r17.0.0_20260605-171052,1.14.13.74-RXN,4
http://rdf-plantmetwiki.bioinformatics.nl/pathways/RC272_r17.0.0_20260605-171052,RXN-12879,4
http://rdf-plantmetwiki.bioinformatics.nl/pathways/RC511_r17.0.0_20260605-171052,RXN-7893,4
http://rdf-plantmetwiki.bioinformatics.nl/pathways/RC407_r17.0.0_20260605-171052,RXN-9208,4
http://rdf-plantmetwiki.bioinformatics.nl/pathways/RC263_r17.0.0_20260605-171052,RXN-15312,4
http://rdf-plantmetwiki.bioinformatics.nl/pathways/RC1116_r17.0.0_20260605-171052,RXN-18939,4
http://rdf-plantmetwiki.bioinformatics.nl/pathways/RC134_r17.0.0_20260605-171052,RXN-14534,4
http://rdf-plantmetwiki.bioinformatics.nl/pathways/RC837_r17.0.0_20260605-171052,RXN-14511,4
http://rdf-plantmetwiki.bioinformatics.nl/pathways/RC563_r17.0.0_20260605-171052,RXN-19008,4
http://rdf-plantmetwiki.bioinformatics.nl/pathways/RC1173_r17.0.0_20260605-171052,RXN-18353,4
http://rdf-plantmetwiki.bioinformatics.nl/pathways/RC953_r17.0.0_20260605-171052,PHOSPHOGLYCERATE-PHOSPHATASE-RXN,4
http://rdf-plantmetwiki.bioinformatics.nl/pathways/RC66_r17.0.0_20260605-171052,RXN-22774,4
http://rdf-plantmetwiki.bioinformatics.nl/pathways/PC192_r17.0.0_20260605-171052,ortho-quinones biosynthesis,4
http://rdf-plantmetwiki.bioinformatics.nl/pathways/RC663_r17.0.0_20260605-171052,S-2-HYDROXY-ACID-OXIDASE-RXN,4
http://rdf-plantmetwiki.bioinformatics.nl/pathways/RC227_r17.0.0_20260605-171052,RXN-22775,4
http://rdf-plantmetwiki.bioinformatics.nl/pathways/RC507_r17.0.0_20260605-171052,RXN-14505,4
http://rdf-plantmetwiki.bioinformatics.nl/pathways/RC1277_r17.0.0_20260605-171052,RXN-7878,4
http://rdf-plantmetwiki.bioinformatics.nl/pathways/RC1160_r17.0.0_20260605-171052,RXN-8447,4
http://rdf-plantmetwiki.bioinformatics.nl/pathways/RC270_r17.0.0_20260605-171052,RXNQT-4387,4
http://rdf-plantmetwiki.bioinformatics.nl/pathways/RC585_r17.0.0_20260605-171052,RXN4FS-17,4
http://rdf-plantmetwiki.bioinformatics.nl/pathways/RC442_r17.0.0_20260605-171052,ACYLACPSYNTH-RXN,4
http://rdf-plantmetwiki.bioinformatics.nl/pathways/RC1225_r17.0.0_20260605-171052,RAUCAFFRICINE-BETA-GLUCOSIDASE-RXN,4
http://rdf-plantmetwiki.bioinformatics.nl/pathways/RC5_r17.0.0_20260605-171052,RXN-14514,4
http://rdf-plantmetwiki.bioinformatics.nl/pathways/RC827_r17.0.0_20260605-171052,RXNQT-4395,4
http://rdf-plantmetwiki.bioinformatics.nl/pathways/RC908_r17.0.0_20260605-171052,RXN-14090,4
http://rdf-plantmetwiki.bioinformatics.nl/pathways/RC1206_r17.0.0_20260605-171052,RXN0-5182,4
http://rdf-plantmetwiki.bioinformatics.nl/pathways/RC1117_r17.0.0_20260605-171052,3.1.3.67-RXN,4
http://rdf-plantmetwiki.bioinformatics.nl/pathways/RC1067_r17.0.0_20260605-171052,RXN-23370,4
http://rdf-plantmetwiki.bioinformatics.nl/pathways/RC960_r17.0.0_20260605-171052,RXN-11908,4
http://rdf-plantmetwiki.bioinformatics.nl/pathways/RC690_r17.0.0_20260605-171052,RXN-18895,4
http://rdf-plantmetwiki.bioinformatics.nl/pathways/RC99_r17.0.0_20260605-171052,RXN-8813,4
http://rdf-plantmetwiki.bioinformatics.nl/pathways/RC744_r17.0.0_20260605-171052,RXN-11102,4
http://rdf-plantmetwiki.bioinformatics.nl/pathways/RC102_r17.0.0_20260605-171052,RXN0-1382,4
http://rdf-plantmetwiki.bioinformatics.nl/pathways/RC3_r17.0.0_20260605-171052,Protoporphyrinogen oxidase,4
http://rdf-plantmetwiki.bioinformatics.nl/pathways/RC478_r17.0.0_20260605-171052,RXN-19835,4
http://rdf-plantmetwiki.bioinformatics.nl/pathways/RC299_r17.0.0_20260605-171052,3.2.1.24-RXN,4
http://rdf-plantmetwiki.bioinformatics.nl/pathways/RC725_r17.0.0_20260605-171052,RXN-10949,4
http://rdf-plantmetwiki.bioinformatics.nl/pathways/RC882_r17.0.0_20260605-171052,D-ALANINE-AMINOTRANSFERASE-RXN,4
http://rdf-plantmetwiki.bioinformatics.nl/pathways/RC1047_r17.0.0_20260605-171052,AMYLOMALT-RXN,4
http://rdf-plantmetwiki.bioinformatics.nl/pathways/RC339_r17.0.0_20260605-171052,4-HYDROXYGLUTAMATE-AMINOTRANSFERASE-RXN,4
http://rdf-plantmetwiki.bioinformatics.nl/pathways/RC96_r17.0.0_20260605-171052,RXN-15348,4
http://rdf-plantmetwiki.bioinformatics.nl/pathways/RC59_r17.0.0_20260605-171052,RXN-14754,4
http://rdf-plantmetwiki.bioinformatics.nl/pathways/RC686_r17.0.0_20260605-171052,RXN-14064,4
http://rdf-plantmetwiki.bioinformatics.nl/pathways/PC47_r17.0.0_20260605-171052,L-alanine biosynthesis II,4
http://rdf-plantmetwiki.bioinformatics.nl/pathways/RC812_r17.0.0_20260605-171052,RXN-10945,4
http://rdf-plantmetwiki.bioinformatics.nl/pathways/RC1025_r17.0.0_20260605-171052,RXN-15556,4
http://rdf-plantmetwiki.bioinformatics.nl/pathways/RC16_r17.0.0_20260605-171052,RXN-14113,4
http://rdf-plantmetwiki.bioinformatics.nl/pathways/RC28_r17.0.0_20260605-171052,RXN-1501,4
http://rdf-plantmetwiki.bioinformatics.nl/pathways/RC891_r17.0.0_20260605-171052,RXN-12410,4
http://rdf-plantmetwiki.bioinformatics.nl/pathways/PC606_r17.0.0_20260605-171052,δ-guaiene biosynthesis,4
http://rdf-plantmetwiki.bioinformatics.nl/pathways/RC405_r17.0.0_20260605-171052,NUCLEOSIDE-DIP-KIN-RXN,4
http://rdf-plantmetwiki.bioinformatics.nl/pathways/RC450_r17.0.0_20260605-171052,OXALODECARB-RXN,4
http://rdf-plantmetwiki.bioinformatics.nl/pathways/RC536_r17.0.0_20260605-171052,RXN-21165,4
http://rdf-plantmetwiki.bioinformatics.nl/pathways/RC632_r17.0.0_20260605-171052,GLYC3PDEHYDROG-RXN,4
http://rdf-plantmetwiki.bioinformatics.nl/pathways/RC730_r17.0.0_20260605-171052,RXN-14091,4
http://rdf-plantmetwiki.bioinformatics.nl/pathways/RC353_r17.0.0_20260605-171052,RXN-11233,4
http://rdf-plantmetwiki.bioinformatics.nl/pathways/PC656_r17.0.0_20260605-171052,santalene biosynthesis I,4
http://rdf-plantmetwiki.bioinformatics.nl/pathways/RC184_r17.0.0_20260605-171052,RXN-14124,4
http://rdf-plantmetwiki.bioinformatics.nl/pathways/PC389_r17.0.0_20260605-171052,dalcochinin biosynthesis,4
http://rdf-plantmetwiki.bioinformatics.nl/pathways/PC716_r17.0.0_20260605-171052,nonaprenyl pyrophosphate biosynthesis II,4
http://rdf-plantmetwiki.bioinformatics.nl/pathways/RC591_r17.0.0_20260605-171052,RXN-14525,4
http://rdf-plantmetwiki.bioinformatics.nl/pathways/RC255_r17.0.0_20260605-171052,RXN-10868,4
http://rdf-plantmetwiki.bioinformatics.nl/pathways/RC182_r17.0.0_20260605-171052,RXN-7948,4
http://rdf-plantmetwiki.bioinformatics.nl/pathways/RC869_r17.0.0_20260605-171052,Glycerol-3-phosphate dehydrogenase,4
http://rdf-plantmetwiki.bioinformatics.nl/pathways/RC354_r17.0.0_20260605-171052,RXN-14524,4
http://rdf-plantmetwiki.bioinformatics.nl/pathways/PC965_r17.0.0_20260605-171052,valencene and 7-epi-α-selinene biosynthesis,4
http://rdf-plantmetwiki.bioinformatics.nl/pathways/RC914_r17.0.0_20260605-171052,RXN-7022,4
http://rdf-plantmetwiki.bioinformatics.nl/pathways/RC393_r17.0.0_20260605-171052,RXN-14512,4
http://rdf-plantmetwiki.bioinformatics.nl/pathways/RC112_r17.0.0_20260605-171052,RXN-12659,4
http://rdf-plantmetwiki.bioinformatics.nl/pathways/PC618_r17.0.0_20260605-171052,ternatin C3 biosynthesis,4
http://rdf-plantmetwiki.bioinformatics.nl/pathways/RC1273_r17.0.0_20260605-171052,RXN-10954,4
http://rdf-plantmetwiki.bioinformatics.nl/pathways/RC257_r17.0.0_20260605-171052,OXALATE-COA-TRANSFERASE-RXN,4
http://rdf-plantmetwiki.bioinformatics.nl/pathways/PC827_r17.0.0_20260605-171052,alizarin biosynthesis,4
http://rdf-plantmetwiki.bioinformatics.nl/pathways/RC1304_r17.0.0_20260605-171052,RXN-11369,4
http://rdf-plantmetwiki.bioinformatics.nl/pathways/PC231_r17.0.0_20260605-171052,protein NEDDylation,4
http://rdf-plantmetwiki.bioinformatics.nl/pathways/RC1013_r17.0.0_20260605-171052,RXN-14243,4
http://rdf-plantmetwiki.bioinformatics.nl/pathways/RC245_r17.0.0_20260605-171052,1.14.99.37-RXN,4
http://rdf-plantmetwiki.bioinformatics.nl/pathways/RC819_r17.0.0_20260605-171052,RXN-13955,4
http://rdf-plantmetwiki.bioinformatics.nl/pathways/RC508_r17.0.0_20260605-171052,2-oxo-3-phenylpropanoate dioxygenase,4
http://rdf-plantmetwiki.bioinformatics.nl/pathways/RC698_r17.0.0_20260605-171052,RXN-11533,4
http://rdf-plantmetwiki.bioinformatics.nl/pathways/RC1004_r17.0.0_20260605-171052,RXN-13640,4
http://rdf-plantmetwiki.bioinformatics.nl/pathways/PC992_r17.0.0_20260605-171052,L-aspartate biosynthesis,4
http://rdf-plantmetwiki.bioinformatics.nl/pathways/RC753_r17.0.0_20260605-171052,RXN4FS-18,4
http://rdf-plantmetwiki.bioinformatics.nl/pathways/RC1119_r17.0.0_20260605-171052,RXN-22828,4
http://rdf-plantmetwiki.bioinformatics.nl/pathways/RC162_r17.0.0_20260605-171052,2-MEBUCOA-FAD-RXN,4
http://rdf-plantmetwiki.bioinformatics.nl/pathways/RC369_r17.0.0_20260605-171052,TRANS-PENTAPRENYLTRANSFERASE-RXN,4
http://rdf-plantmetwiki.bioinformatics.nl/pathways/RC856_r17.0.0_20260605-171052,phenolic oxidative coupling protein,4
http://rdf-plantmetwiki.bioinformatics.nl/pathways/RC1311_r17.0.0_20260605-171052,RXN-22777,4
http://rdf-plantmetwiki.bioinformatics.nl/pathways/PC1033_r17.0.0_20260605-171052,VTC2 cycle,4
http://rdf-plantmetwiki.bioinformatics.nl/pathways/RC40_r17.0.0_20260605-171052,RXN-7894,4
http://rdf-plantmetwiki.bioinformatics.nl/pathways/RC1041_r17.0.0_20260605-171052,RXN0-5398,4
http://rdf-plantmetwiki.bioinformatics.nl/pathways/RC828_r17.0.0_20260605-171052,3.2.1.141-RXN,4
http://rdf-plantmetwiki.bioinformatics.nl/pathways/RC704_r17.0.0_20260605-171052,KETOLACTOSE-RXN,4
http://rdf-plantmetwiki.bioinformatics.nl/pathways/RC592_r17.0.0_20260605-171052,RXN-23528,4
http://rdf-plantmetwiki.bioinformatics.nl/pathways/RC357_r17.0.0_20260605-171052,RXN4FS-16,4
http://rdf-plantmetwiki.bioinformatics.nl/pathways/RC345_r17.0.0_20260605-171052,RXN-18383,4
http://rdf-plantmetwiki.bioinformatics.nl/pathways/PC583_r17.0.0_20260605-171052,homospermidine biosynthesis I,4
http://rdf-plantmetwiki.bioinformatics.nl/pathways/RC1249_r17.0.0_20260605-171052,RXN-13728,4
http://rdf-plantmetwiki.bioinformatics.nl/pathways/RC247_r17.0.0_20260605-171052,CHLOROPHYLLASE-RXN,4
http://rdf-plantmetwiki.bioinformatics.nl/pathways/RC566_r17.0.0_20260605-171052,RXN-13022,4
http://rdf-plantmetwiki.bioinformatics.nl/pathways/RC1212_r17.0.0_20260605-171052,RXN-18781,4
http://rdf-plantmetwiki.bioinformatics.nl/pathways/RC844_r17.0.0_20260605-171052,RXN-10769,4
http://rdf-plantmetwiki.bioinformatics.nl/pathways/RC1161_r17.0.0_20260605-171052,CYSTEINE-AMINOTRANSFERASE-RXN,4
http://rdf-plantmetwiki.bioinformatics.nl/pathways/RC1306_r17.0.0_20260605-171052,RXN-7842,4
http://rdf-plantmetwiki.bioinformatics.nl/pathways/RC326_r17.0.0_20260605-171052,RXN-21168,4
http://rdf-plantmetwiki.bioinformatics.nl/pathways/RC236_r17.0.0_20260605-171052,RXN3O-4157,4
http://rdf-plantmetwiki.bioinformatics.nl/pathways/RC294_r17.0.0_20260605-171052,RXN-6545,4
http://rdf-plantmetwiki.bioinformatics.nl/pathways/PC974_r17.0.0_20260605-171052,abscisic acid degradation to 7'-hydroxyabscisate,4
http://rdf-plantmetwiki.bioinformatics.nl/pathways/RC334_r17.0.0_20260605-171052,RXN-18897,4
http://rdf-plantmetwiki.bioinformatics.nl/pathways/RC375_r17.0.0_20260605-171052,3.1.3.72-RXN,4
http://rdf-plantmetwiki.bioinformatics.nl/pathways/RC300_r17.0.0_20260605-171052,RXN-7883,4
http://rdf-plantmetwiki.bioinformatics.nl/pathways/RC1272_r17.0.0_20260605-171052,RXN-7897,4
http://rdf-plantmetwiki.bioinformatics.nl/pathways/PC1162_r17.0.0_20260605-171052,esterified suberin biosynthesis,4
http://rdf-plantmetwiki.bioinformatics.nl/pathways/RC251_r17.0.0_20260605-171052,ALKAPHOSPHA-RXN,4
http://rdf-plantmetwiki.bioinformatics.nl/pathways/RC1255_r17.0.0_20260605-171052,RXN-9348,4
http://rdf-plantmetwiki.bioinformatics.nl/pathways/RC1110_r17.0.0_20260605-171052,GLUCOSE-1-PHOSPHAT-RXN,4
http://rdf-plantmetwiki.bioinformatics.nl/pathways/PC464_r17.0.0_20260605-171052,betanidin degradation,4
http://rdf-plantmetwiki.bioinformatics.nl/pathways/RC107_r17.0.0_20260605-171052,RXN-10721,4
http://rdf-plantmetwiki.bioinformatics.nl/pathways/RC830_r17.0.0_20260605-171052,RXN-21433,4
http://rdf-plantmetwiki.bioinformatics.nl/pathways/RC924_r17.0.0_20260605-171052,RXN-8380,4
http://rdf-plantmetwiki.bioinformatics.nl/pathways/RC137_r17.0.0_20260605-171052,FORMATE-DEHYDROGENASE-NADP+-RXN,4
http://rdf-plantmetwiki.bioinformatics.nl/pathways/RC615_r17.0.0_20260605-171052,XANPRIBOSYLTRAN-RXN,4
http://rdf-plantmetwiki.bioinformatics.nl/pathways/RC1159_r17.0.0_20260605-171052,PHOSPHATIDYLINOSITOL-BISPHOSPHATASE-RXN,4
http://rdf-plantmetwiki.bioinformatics.nl/pathways/RC835_r17.0.0_20260605-171052,RXN-10944,4
http://rdf-plantmetwiki.bioinformatics.nl/pathways/RC553_r17.0.0_20260605-171052,ALANINE--GLYOXYLATE-AMINOTRANSFERASE-RXN,4
http://rdf-plantmetwiki.bioinformatics.nl/pathways/RC665_r17.0.0_20260605-171052,HYPOXANPRIBOSYLTRAN-RXN,4
http://rdf-plantmetwiki.bioinformatics.nl/pathways/RC79_r17.0.0_20260605-171052,MALDEXPHOSPHORYL-RXN,4
http://rdf-plantmetwiki.bioinformatics.nl/pathways/RC416_r17.0.0_20260605-171052,RXN-13015,4
http://rdf-plantmetwiki.bioinformatics.nl/pathways/RC1044_r17.0.0_20260605-171052,"(9Z,11E,14Z)-(13S)-hydroperoxyoctadeca-9,11,14-trienoate 12,13-hydro-lyase",4
http://rdf-plantmetwiki.bioinformatics.nl/pathways/RC327_r17.0.0_20260605-171052,RXN-13019,4
http://rdf-plantmetwiki.bioinformatics.nl/pathways/RC797_r17.0.0_20260605-171052,late4-aminobutyrate--glyoxy transaminase,4
http://rdf-plantmetwiki.bioinformatics.nl/pathways/RC466_r17.0.0_20260605-171052,RXN-14355,4
http://rdf-plantmetwiki.bioinformatics.nl/pathways/RC1310_r17.0.0_20260605-171052,RXN-19831,4
http://rdf-plantmetwiki.bioinformatics.nl/pathways/RC623_r17.0.0_20260605-171052,RXN-21169,4
http://rdf-plantmetwiki.bioinformatics.nl/pathways/RC901_r17.0.0_20260605-171052,GLYCOLATEDEHYDRO-RXN,4
http://rdf-plantmetwiki.bioinformatics.nl/pathways/RC275_r17.0.0_20260605-171052,RXN-9560,4
http://rdf-plantmetwiki.bioinformatics.nl/pathways/RC517_r17.0.0_20260605-171052,LACCASE-RXN,4
http://rdf-plantmetwiki.bioinformatics.nl/pathways/RC104_r17.0.0_20260605-171052,RXN-7877,4
http://rdf-plantmetwiki.bioinformatics.nl/pathways/RC521_r17.0.0_20260605-171052,ACETOACETATE-DECARBOXYLASE-RXN,4
http://rdf-plantmetwiki.bioinformatics.nl/pathways/RC991_r17.0.0_20260605-171052,RXN-10938,4
http://rdf-plantmetwiki.bioinformatics.nl/pathways/RC1011_r17.0.0_20260605-171052,RXN-8173,4
http://rdf-plantmetwiki.bioinformatics.nl/pathways/RC881_r17.0.0_20260605-171052,RXN-11545,4
http://rdf-plantmetwiki.bioinformatics.nl/pathways/RC1103_r17.0.0_20260605-171052,4.1.1.74-RXN,4
http://rdf-plantmetwiki.bioinformatics.nl/pathways/RC672_r17.0.0_20260605-171052,RXN0-5185,4
http://rdf-plantmetwiki.bioinformatics.nl/pathways/RC488_r17.0.0_20260605-171052,1.14.13.77-RXN,4
http://rdf-plantmetwiki.bioinformatics.nl/pathways/RC597_r17.0.0_20260605-171052,RXN-8642,4
http://rdf-plantmetwiki.bioinformatics.nl/pathways/RC718_r17.0.0_20260605-171052,RXN-13959,4
http://rdf-plantmetwiki.bioinformatics.nl/pathways/RC133_r17.0.0_20260605-171052,RXN-14471,4
http://rdf-plantmetwiki.bioinformatics.nl/pathways/RC616_r17.0.0_20260605-171052,RXN-18896,4
http://rdf-plantmetwiki.bioinformatics.nl/pathways/PC763_r17.0.0_20260605-171052,phenylethyl acetate biosynthesis,4
http://rdf-plantmetwiki.bioinformatics.nl/pathways/RC328_r17.0.0_20260605-171052,RXN-21538,4
http://rdf-plantmetwiki.bioinformatics.nl/pathways/RC1070_r17.0.0_20260605-171052,2.6.1.7-RXN,4
http://rdf-plantmetwiki.bioinformatics.nl/pathways/RC603_r17.0.0_20260605-171052,THYM-PHOSPH-RXN,4
http://rdf-plantmetwiki.bioinformatics.nl/pathways/RC987_r17.0.0_20260605-171052,RXN-9559,4
http://rdf-plantmetwiki.bioinformatics.nl/pathways/RC1043_r17.0.0_20260605-171052,RXN-12250,4
http://rdf-plantmetwiki.bioinformatics.nl/pathways/RC342_r17.0.0_20260605-171052,RXN0-5216,4
http://rdf-plantmetwiki.bioinformatics.nl/pathways/RC219_r17.0.0_20260605-171052,RXN-13399,4
http://rdf-plantmetwiki.bioinformatics.nl/pathways/RC304_r17.0.0_20260605-171052,RXN-6841,4
http://rdf-plantmetwiki.bioinformatics.nl/pathways/RC506_r17.0.0_20260605-171052,RXN-7692,4
http://rdf-plantmetwiki.bioinformatics.nl/pathways/PC1091_r17.0.0_20260605-171052,L-nicotianamine biosynthesis,4
http://rdf-plantmetwiki.bioinformatics.nl/pathways/RC90_r17.0.0_20260605-171052,RXN-9347,4
http://rdf-plantmetwiki.bioinformatics.nl/pathways/PC325_r17.0.0_20260605-171052,carbon concentration mechanism (Chlamydomonas),4
http://rdf-plantmetwiki.bioinformatics.nl/pathways/RC593_r17.0.0_20260605-171052,RXN0-308,4
http://rdf-plantmetwiki.bioinformatics.nl/pathways/RC598_r17.0.0_20260605-171052,RXN-11265,4
http://rdf-plantmetwiki.bioinformatics.nl/pathways/RC652_r17.0.0_20260605-171052,RXN-7866,4
http://rdf-plantmetwiki.bioinformatics.nl/pathways/RC638_r17.0.0_20260605-171052,RXN-4821,4
http://rdf-plantmetwiki.bioinformatics.nl/pathways/RC1192_r17.0.0_20260605-171052,RXN-14126,4
http://rdf-plantmetwiki.bioinformatics.nl/pathways/RC50_r17.0.0_20260605-171052,RXN-20026,4
http://rdf-plantmetwiki.bioinformatics.nl/pathways/PC151_r17.0.0_20260605-171052,dimethylsulfoniopropanoate degradation I (cleavage),4
http://rdf-plantmetwiki.bioinformatics.nl/pathways/RC769_r17.0.0_20260605-171052,RXN-10953,4
http://rdf-plantmetwiki.bioinformatics.nl/pathways/RC1075_r17.0.0_20260605-171052,3.1.4.37-RXN,4
http://rdf-plantmetwiki.bioinformatics.nl/pathways/RC42_r17.0.0_20260605-171052,RXN-22762,4
http://rdf-plantmetwiki.bioinformatics.nl/pathways/RC1078_r17.0.0_20260605-171052,RXN-2102,4
http://rdf-plantmetwiki.bioinformatics.nl/pathways/RC849_r17.0.0_20260605-171052,RXN-5101,4
http://rdf-plantmetwiki.bioinformatics.nl/pathways/RC1038_r17.0.0_20260605-171052,3.5.5.1-RXN,4
http://rdf-plantmetwiki.bioinformatics.nl/pathways/RC786_r17.0.0_20260605-171052,RXN-21166,4
http://rdf-plantmetwiki.bioinformatics.nl/pathways/RC900_r17.0.0_20260605-171052,GLUCOSE-6-PHOSPHATASE-RXN,4
http://rdf-plantmetwiki.bioinformatics.nl/pathways/RC897_r17.0.0_20260605-171052,RXN-8748,4
http://rdf-plantmetwiki.bioinformatics.nl/pathways/PC392_r17.0.0_20260605-171052,ricinine degradation,4
http://rdf-plantmetwiki.bioinformatics.nl/pathways/PC339_r17.0.0_20260605-171052,L-asparagine degradation I,4
http://rdf-plantmetwiki.bioinformatics.nl/pathways/RC692_r17.0.0_20260605-171052,RXN-12124,4
http://rdf-plantmetwiki.bioinformatics.nl/pathways/PC688_r17.0.0_20260605-171052,ent-kaurene biosynthesis I,4
http://rdf-plantmetwiki.bioinformatics.nl/pathways/RC733_r17.0.0_20260605-171052,RXN-4228,4
http://rdf-plantmetwiki.bioinformatics.nl/pathways/RC736_r17.0.0_20260605-171052,RXN0-1021,4
http://rdf-plantmetwiki.bioinformatics.nl/pathways/RC509_r17.0.0_20260605-171052,sn-glycerol 3-phosphate:ubiquinone oxidoreductase,4
http://rdf-plantmetwiki.bioinformatics.nl/pathways/RC1174_r17.0.0_20260605-171052,TRANS-HEXAPRENYLTRANSTRANSFERASE-RXN,4
http://rdf-plantmetwiki.bioinformatics.nl/pathways/RC516_r17.0.0_20260605-171052,RXN18C3-109,4
http://rdf-plantmetwiki.bioinformatics.nl/pathways/RC1080_r17.0.0_20260605-171052,RXN4FS-24,4
http://rdf-plantmetwiki.bioinformatics.nl/pathways/RC594_r17.0.0_20260605-171052,RXN-8992,4
http://rdf-plantmetwiki.bioinformatics.nl/pathways/RC1184_r17.0.0_20260605-171052,RXN-18938,4
http://rdf-plantmetwiki.bioinformatics.nl/pathways/RC720_r17.0.0_20260605-171052,2.6.1.57-RXN,4
http://rdf-plantmetwiki.bioinformatics.nl/pathways/RC893_r17.0.0_20260605-171052,RXN-15510,4
http://rdf-plantmetwiki.bioinformatics.nl/pathways/RC121_r17.0.0_20260605-171052,RXN-16909,4
http://rdf-plantmetwiki.bioinformatics.nl/pathways/RC1207_r17.0.0_20260605-171052,RXN-12363,4
http://rdf-plantmetwiki.bioinformatics.nl/pathways/PC846_r17.0.0_20260605-171052,benzoyl-β-D-glucopyranose biosynthesis,4
http://rdf-plantmetwiki.bioinformatics.nl/pathways/PC88_r17.0.0_20260605-171052,melibiose degradation,4
http://rdf-plantmetwiki.bioinformatics.nl/pathways/PC798_r17.0.0_20260605-171052,"(1,4)-β-D-xylan degradation",4
http://rdf-plantmetwiki.bioinformatics.nl/pathways/RC1223_r17.0.0_20260605-171052,3.2.1.21-RXN,4
http://rdf-plantmetwiki.bioinformatics.nl/pathways/RC624_r17.0.0_20260605-171052,RXN-21539,4
http://rdf-plantmetwiki.bioinformatics.nl/pathways/RC746_r17.0.0_20260605-171052,RXN-15511,4
http://rdf-plantmetwiki.bioinformatics.nl/pathways/PC1135_r17.0.0_20260605-171052,avenacin A-2 biosynthesis,4
http://rdf-plantmetwiki.bioinformatics.nl/pathways/RC1217_r17.0.0_20260605-171052,RXN-11670,4
http://rdf-plantmetwiki.bioinformatics.nl/pathways/RC601_r17.0.0_20260605-171052,RXN-4231,4
http://rdf-plantmetwiki.bioinformatics.nl/pathways/PC381_r17.0.0_20260605-171052,phosphate acquisition,4
http://rdf-plantmetwiki.bioinformatics.nl/pathways/PC282_r17.0.0_20260605-171052,diphyllin biosynthesis,4
http://rdf-plantmetwiki.bioinformatics.nl/pathways/PC959_r17.0.0_20260605-171052,bornyl pyrophosphate biosynthesis,4
http://rdf-plantmetwiki.bioinformatics.nl/pathways/RC1118_r17.0.0_20260605-171052,RXN66-526,4
http://rdf-plantmetwiki.bioinformatics.nl/pathways/PC49_r17.0.0_20260605-171052,benzoylanthranilate biosynthesis,4
http://rdf-plantmetwiki.bioinformatics.nl/pathways/RC1112_r17.0.0_20260605-171052,NADH dehydrogenase (ubiquinone),4
http://rdf-plantmetwiki.bioinformatics.nl/pathways/RC308_r17.0.0_20260605-171052,RXN-4318,4
http://rdf-plantmetwiki.bioinformatics.nl/pathways/RC477_r17.0.0_20260605-171052,RXN-8571,4
http://rdf-plantmetwiki.bioinformatics.nl/pathways/RC571_r17.0.0_20260605-171052,RXN-22790,4
http://rdf-plantmetwiki.bioinformatics.nl/pathways/RC490_r17.0.0_20260605-171052,RXN-14179,4
http://rdf-plantmetwiki.bioinformatics.nl/pathways/RC726_r17.0.0_20260605-171052,6-phospho-&beta;-fructofuranosidase,4
http://rdf-plantmetwiki.bioinformatics.nl/pathways/RC290_r17.0.0_20260605-171052,RXN-8737,4
http://rdf-plantmetwiki.bioinformatics.nl/pathways/PC905_r17.0.0_20260605-171052,palmitoleate biosynthesis II (plants and bacteria),4
http://rdf-plantmetwiki.bioinformatics.nl/pathways/RC1154_r17.0.0_20260605-171052,RXNQT-4371,4
http://rdf-plantmetwiki.bioinformatics.nl/pathways/RC635_r17.0.0_20260605-171052,RXN-23292,4
http://rdf-plantmetwiki.bioinformatics.nl/pathways/RC1186_r17.0.0_20260605-171052,RXN-22829,4
http://rdf-plantmetwiki.bioinformatics.nl/pathways/RC235_r17.0.0_20260605-171052,RXN-19022,4
http://rdf-plantmetwiki.bioinformatics.nl/pathways/RC756_r17.0.0_20260605-171052,RXN-974,4
http://rdf-plantmetwiki.bioinformatics.nl/pathways/RC388_r17.0.0_20260605-171052,RXN-19009,4
http://rdf-plantmetwiki.bioinformatics.nl/pathways/RC341_r17.0.0_20260605-171052,RXN-4230,4
http://rdf-plantmetwiki.bioinformatics.nl/pathways/RC935_r17.0.0_20260605-171052,RXN-20900,4
http://rdf-plantmetwiki.bioinformatics.nl/pathways/RC84_r17.0.0_20260605-171052,RXN18C3-114,4
http://rdf-plantmetwiki.bioinformatics.nl/pathways/RC1028_r17.0.0_20260605-171052,RXN-8427,4
http://rdf-plantmetwiki.bioinformatics.nl/pathways/RC302_r17.0.0_20260605-171052,RXN4FS-27,4
http://rdf-plantmetwiki.bioinformatics.nl/pathways/RC800_r17.0.0_20260605-171052,RXN-10787,4
http://rdf-plantmetwiki.bioinformatics.nl/pathways/RC1270_r17.0.0_20260605-171052,RXNQT-4385,4
http://rdf-plantmetwiki.bioinformatics.nl/pathways/RC455_r17.0.0_20260605-171052,3.2.1.23-RXN,4
http://rdf-plantmetwiki.bioinformatics.nl/pathways/RC1053_r17.0.0_20260605-171052,12-ALPHA-L-FUCOSIDASE-RXN,4
http://rdf-plantmetwiki.bioinformatics.nl/pathways/RC550_r17.0.0_20260605-171052,RXN-14143,4
http://rdf-plantmetwiki.bioinformatics.nl/pathways/RC1259_r17.0.0_20260605-171052,325-BISPHOSPHATE-NUCLEOTIDASE-RXN,4
http://rdf-plantmetwiki.bioinformatics.nl/pathways/RC202_r17.0.0_20260605-171052,methionine--phenylpyruvate transaminase,4
http://rdf-plantmetwiki.bioinformatics.nl/pathways/RC545_r17.0.0_20260605-171052,RXN-12613,4
http://rdf-plantmetwiki.bioinformatics.nl/pathways/RC148_r17.0.0_20260605-171052,RXN-13024,4
http://rdf-plantmetwiki.bioinformatics.nl/pathways/RC230_r17.0.0_20260605-171052,3.2.1.52-RXN,4
http://rdf-plantmetwiki.bioinformatics.nl/pathways/RC443_r17.0.0_20260605-171052,SUGAR-PHOSPHATASE-RXN,4
http://rdf-plantmetwiki.bioinformatics.nl/pathways/PC985_r17.0.0_20260605-171052,nonaprenyl pyrophosphate biosynthesis I,4
http://rdf-plantmetwiki.bioinformatics.nl/pathways/RC1268_r17.0.0_20260605-171052,RXN-9562,4
http://rdf-plantmetwiki.bioinformatics.nl/pathways/RC1205_r17.0.0_20260605-171052,PHOSPHATIDYLINOSITOL-3-PHOSPHATASE-RXN,4
http://rdf-plantmetwiki.bioinformatics.nl/pathways/RC43_r17.0.0_20260605-171052,RXN-2881,4
http://rdf-plantmetwiki.bioinformatics.nl/pathways/RC809_r17.0.0_20260605-171052,GLUTAMINE--PYRUVATE-AMINOTRANSFERASE-RXN,4
http://rdf-plantmetwiki.bioinformatics.nl/pathways/RC500_r17.0.0_20260605-171052,RXN-13192,4
http://rdf-plantmetwiki.bioinformatics.nl/pathways/RC1229_r17.0.0_20260605-171052,RXN-10036,4
http://rdf-plantmetwiki.bioinformatics.nl/pathways/RC395_r17.0.0_20260605-171052,RXN-10947,4
http://rdf-plantmetwiki.bioinformatics.nl/pathways/PC529_r17.0.0_20260605-171052,salicylate biosynthesis I,4
http://rdf-plantmetwiki.bioinformatics.nl/pathways/RC717_r17.0.0_20260605-171052,RXN-4208,4
http://rdf-plantmetwiki.bioinformatics.nl/pathways/RC87_r17.0.0_20260605-171052,RXN-18079,4
http://rdf-plantmetwiki.bioinformatics.nl/pathways/RC619_r17.0.0_20260605-171052,RXN-18341,4
http://rdf-plantmetwiki.bioinformatics.nl/pathways/RC1245_r17.0.0_20260605-171052,RXN-13397,4
http://rdf-plantmetwiki.bioinformatics.nl/pathways/RC810_r17.0.0_20260605-171052,MALATE-DEHYDROGENASE-ACCEPTOR-RXN,4
http://rdf-plantmetwiki.bioinformatics.nl/pathways/RC278_r17.0.0_20260605-171052,RXN-23332,4
http://rdf-plantmetwiki.bioinformatics.nl/pathways/PC388_r17.0.0_20260605-171052,diploterol biosynthesis,4
http://rdf-plantmetwiki.bioinformatics.nl/pathways/RC1289_r17.0.0_20260605-171052,RXN-22761,4
http://rdf-plantmetwiki.bioinformatics.nl/pathways/PC306_r17.0.0_20260605-171052,cis-calamenene related sesquiterpenoids biosynthesis,4
http://rdf-plantmetwiki.bioinformatics.nl/pathways/RC100_r17.0.0_20260605-171052,RXN-8956,4
http://rdf-plantmetwiki.bioinformatics.nl/pathways/PC841_r17.0.0_20260605-171052,(Z)-butanethial-S-oxide biosynthesis,4
http://rdf-plantmetwiki.bioinformatics.nl/pathways/RC291_r17.0.0_20260605-171052,RXN-14112,4
http://rdf-plantmetwiki.bioinformatics.nl/pathways/PC668_r17.0.0_20260605-171052,salicylate glucosides biosynthesis III,4
http://rdf-plantmetwiki.bioinformatics.nl/pathways/RC1042_r17.0.0_20260605-171052,INORGPYROPHOSPHAT-RXN,4
http://rdf-plantmetwiki.bioinformatics.nl/pathways/RC447_r17.0.0_20260605-171052,RXN-11403,4
http://rdf-plantmetwiki.bioinformatics.nl/pathways/RC1026_r17.0.0_20260605-171052,RXN-9373,4
http://rdf-plantmetwiki.bioinformatics.nl/pathways/RC561_r17.0.0_20260605-171052,RXN-13956,4
http://rdf-plantmetwiki.bioinformatics.nl/pathways/RC542_r17.0.0_20260605-171052,RXN-15139,4
http://rdf-plantmetwiki.bioinformatics.nl/pathways/RC470_r17.0.0_20260605-171052,RXNQT-4180,4
http://rdf-plantmetwiki.bioinformatics.nl/pathways/RC894_r17.0.0_20260605-171052,RXN-15140,4
http://rdf-plantmetwiki.bioinformatics.nl/pathways/RC586_r17.0.0_20260605-171052,Acrylamidase,4
http://rdf-plantmetwiki.bioinformatics.nl/pathways/RC668_r17.0.0_20260605-171052,RXN-22402,4
http://rdf-plantmetwiki.bioinformatics.nl/pathways/RC160_r17.0.0_20260605-171052,RXN-18453,4
http://rdf-plantmetwiki.bioinformatics.nl/pathways/RC301_r17.0.0_20260605-171052,RXN-22831,4
http://rdf-plantmetwiki.bioinformatics.nl/pathways/RC863_r17.0.0_20260605-171052,RXNQT-4383,4
http://rdf-plantmetwiki.bioinformatics.nl/pathways/RC1127_r17.0.0_20260605-171052,RXN0-7080,4
http://rdf-plantmetwiki.bioinformatics.nl/pathways/RC175_r17.0.0_20260605-171052,RXN-11234,4
http://rdf-plantmetwiki.bioinformatics.nl/pathways/RC728_r17.0.0_20260605-171052,RXN-7920,4
http://rdf-plantmetwiki.bioinformatics.nl/pathways/RC392_r17.0.0_20260605-171052,RXN-14142,4
http://rdf-plantmetwiki.bioinformatics.nl/pathways/RC144_r17.0.0_20260605-171052,RXN-22778,4
http://rdf-plantmetwiki.bioinformatics.nl/pathways/RC803_r17.0.0_20260605-171052,RXN-11529,4
http://rdf-plantmetwiki.bioinformatics.nl/pathways/RC1243_r17.0.0_20260605-171052,RXN4FS-25,4
http://rdf-plantmetwiki.bioinformatics.nl/pathways/RC1248_r17.0.0_20260605-171052,RXN-12990,4
http://rdf-plantmetwiki.bioinformatics.nl/pathways/RC498_r17.0.0_20260605-171052,RXN-11269,3
http://rdf-plantmetwiki.bioinformatics.nl/pathways/RC813_r17.0.0_20260605-171052,RXN-19772,3
http://rdf-plantmetwiki.bioinformatics.nl/pathways/RC292_r17.0.0_20260605-171052,RXN-5105,3
http://rdf-plantmetwiki.bioinformatics.nl/pathways/RC770_r17.0.0_20260605-171052,RXN-18899,3
http://rdf-plantmetwiki.bioinformatics.nl/pathways/RC19_r17.0.0_20260605-171052,RXN-12182,3
http://rdf-plantmetwiki.bioinformatics.nl/pathways/RC645_r17.0.0_20260605-171052,RXN-20447,3
http://rdf-plantmetwiki.bioinformatics.nl/pathways/RC621_r17.0.0_20260605-171052,RXN-8547,3
http://rdf-plantmetwiki.bioinformatics.nl/pathways/PC540_r17.0.0_20260605-171052,casbene biosynthesis,3
http://rdf-plantmetwiki.bioinformatics.nl/pathways/RC958_r17.0.0_20260605-171052,RXN-19987,3
http://rdf-plantmetwiki.bioinformatics.nl/pathways/RC437_r17.0.0_20260605-171052,RXN-8589,3
http://rdf-plantmetwiki.bioinformatics.nl/pathways/RC1093_r17.0.0_20260605-171052,RXN0-6490,3
http://rdf-plantmetwiki.bioinformatics.nl/pathways/RC125_r17.0.0_20260605-171052,RXN-21400,3
http://rdf-plantmetwiki.bioinformatics.nl/pathways/RC248_r17.0.0_20260605-171052,RXN-15447,3
http://rdf-plantmetwiki.bioinformatics.nl/pathways/RC279_r17.0.0_20260605-171052,RXN-15129,3
http://rdf-plantmetwiki.bioinformatics.nl/pathways/RC432_r17.0.0_20260605-171052,RXN0-5261,3
http://rdf-plantmetwiki.bioinformatics.nl/pathways/RC964_r17.0.0_20260605-171052,RXN-24257,3
http://rdf-plantmetwiki.bioinformatics.nl/pathways/RC1228_r17.0.0_20260605-171052,RXN-22002,3
http://rdf-plantmetwiki.bioinformatics.nl/pathways/RC355_r17.0.0_20260605-171052,RXN-1823,3
http://rdf-plantmetwiki.bioinformatics.nl/pathways/RC88_r17.0.0_20260605-171052,RXN-20155,3
http://rdf-plantmetwiki.bioinformatics.nl/pathways/RC710_r17.0.0_20260605-171052,CARBODEHYDRAT-RXN,3
http://rdf-plantmetwiki.bioinformatics.nl/pathways/RC955_r17.0.0_20260605-171052,RXN-24129,3
http://rdf-plantmetwiki.bioinformatics.nl/pathways/RC1244_r17.0.0_20260605-171052,RXN-20674,3
http://rdf-plantmetwiki.bioinformatics.nl/pathways/RC1054_r17.0.0_20260605-171052,RXN-9826,3
http://rdf-plantmetwiki.bioinformatics.nl/pathways/RC336_r17.0.0_20260605-171052,myristoyl-ACP hydrolase activity,3
http://rdf-plantmetwiki.bioinformatics.nl/pathways/RC890_r17.0.0_20260605-171052,RXN-17757,3
http://rdf-plantmetwiki.bioinformatics.nl/pathways/RC525_r17.0.0_20260605-171052,RXNQT-4155,3
http://rdf-plantmetwiki.bioinformatics.nl/pathways/RC1253_r17.0.0_20260605-171052,RXN-15582,3
http://rdf-plantmetwiki.bioinformatics.nl/pathways/RC761_r17.0.0_20260605-171052,RXN-18732,3
http://rdf-plantmetwiki.bioinformatics.nl/pathways/RC867_r17.0.0_20260605-171052,RXN-18031,3
http://rdf-plantmetwiki.bioinformatics.nl/pathways/PC605_r17.0.0_20260605-171052,α-carotene biosynthesis,3
http://rdf-plantmetwiki.bioinformatics.nl/pathways/RC168_r17.0.0_20260605-171052,DSERDEAM-RXN,3
http://rdf-plantmetwiki.bioinformatics.nl/pathways/RC732_r17.0.0_20260605-171052,RXN-5985,3
http://rdf-plantmetwiki.bioinformatics.nl/pathways/RC1021_r17.0.0_20260605-171052,RXN-22388,3
http://rdf-plantmetwiki.bioinformatics.nl/pathways/RC927_r17.0.0_20260605-171052,RXN-15137,3
http://rdf-plantmetwiki.bioinformatics.nl/pathways/PC173_r17.0.0_20260605-171052,"avenacin biosynthesis, initial reactions",3
http://rdf-plantmetwiki.bioinformatics.nl/pathways/RC580_r17.0.0_20260605-171052,RXN-8603,3
http://rdf-plantmetwiki.bioinformatics.nl/pathways/RC716_r17.0.0_20260605-171052,RXN-23907,3
http://rdf-plantmetwiki.bioinformatics.nl/pathways/RC52_r17.0.0_20260605-171052,RXN-11281,3
http://rdf-plantmetwiki.bioinformatics.nl/pathways/RC436_r17.0.0_20260605-171052,RXN-8423,3
http://rdf-plantmetwiki.bioinformatics.nl/pathways/RC1256_r17.0.0_20260605-171052,RXN-8559,3
http://rdf-plantmetwiki.bioinformatics.nl/pathways/RC1020_r17.0.0_20260605-171052,RXN-11811,3
http://rdf-plantmetwiki.bioinformatics.nl/pathways/RC966_r17.0.0_20260605-171052,RXN0-5184,3
http://rdf-plantmetwiki.bioinformatics.nl/pathways/RC984_r17.0.0_20260605-171052,RXN-22287,3
http://rdf-plantmetwiki.bioinformatics.nl/pathways/RC382_r17.0.0_20260605-171052,3.2.1.55-RXN,3
http://rdf-plantmetwiki.bioinformatics.nl/pathways/RC1314_r17.0.0_20260605-171052,RXN-8430,3
http://rdf-plantmetwiki.bioinformatics.nl/pathways/PC514_r17.0.0_20260605-171052,acyl-[acyl-carrier protein] thioesterase pathway,3
http://rdf-plantmetwiki.bioinformatics.nl/pathways/RC430_r17.0.0_20260605-171052,RXN-18527,3
http://rdf-plantmetwiki.bioinformatics.nl/pathways/RC555_r17.0.0_20260605-171052,NADPH--FERRIHEMOPROTEIN-REDUCTASE-RXN,3
http://rdf-plantmetwiki.bioinformatics.nl/pathways/RC379_r17.0.0_20260605-171052,RXN-19584,3
http://rdf-plantmetwiki.bioinformatics.nl/pathways/RC783_r17.0.0_20260605-171052,RXN-16995,3
http://rdf-plantmetwiki.bioinformatics.nl/pathways/RC325_r17.0.0_20260605-171052,RXN-8546,3
http://rdf-plantmetwiki.bioinformatics.nl/pathways/RC233_r17.0.0_20260605-171052,RXN-15451,3
http://rdf-plantmetwiki.bioinformatics.nl/pathways/RC374_r17.0.0_20260605-171052,RXN-5122,3
http://rdf-plantmetwiki.bioinformatics.nl/pathways/RC449_r17.0.0_20260605-171052,RXN-16329,3
http://rdf-plantmetwiki.bioinformatics.nl/pathways/RC949_r17.0.0_20260605-171052,RXN-19010,3
http://rdf-plantmetwiki.bioinformatics.nl/pathways/RC485_r17.0.0_20260605-171052,RXN-12392,3
http://rdf-plantmetwiki.bioinformatics.nl/pathways/RC421_r17.0.0_20260605-171052,3.2.1.153-RXN,3
http://rdf-plantmetwiki.bioinformatics.nl/pathways/RC1169_r17.0.0_20260605-171052,RXN-8555,3
http://rdf-plantmetwiki.bioinformatics.nl/pathways/RC760_r17.0.0_20260605-171052,RXN-8564,3
http://rdf-plantmetwiki.bioinformatics.nl/pathways/RC620_r17.0.0_20260605-171052,RXN-23912,3
http://rdf-plantmetwiki.bioinformatics.nl/pathways/RC596_r17.0.0_20260605-171052,RXN-13872,3
http://rdf-plantmetwiki.bioinformatics.nl/pathways/RC943_r17.0.0_20260605-171052,RXN-10773,3
http://rdf-plantmetwiki.bioinformatics.nl/pathways/PC74_r17.0.0_20260605-171052,phytochelatins biosynthesis,3
http://rdf-plantmetwiki.bioinformatics.nl/pathways/RC46_r17.0.0_20260605-171052,RXN-8425,3
http://rdf-plantmetwiki.bioinformatics.nl/pathways/RC1267_r17.0.0_20260605-171052,THREDEHYD-RXN,3
http://rdf-plantmetwiki.bioinformatics.nl/pathways/RC262_r17.0.0_20260605-171052,3.2.1.154-RXN,3
http://rdf-plantmetwiki.bioinformatics.nl/pathways/RC48_r17.0.0_20260605-171052,RXN-8560,3
http://rdf-plantmetwiki.bioinformatics.nl/pathways/RC1144_r17.0.0_20260605-171052,RXN-8554,3
http://rdf-plantmetwiki.bioinformatics.nl/pathways/RC1059_r17.0.0_20260605-171052,RXN-7838,3
http://rdf-plantmetwiki.bioinformatics.nl/pathways/RC657_r17.0.0_20260605-171052,RXN-22286,3
http://rdf-plantmetwiki.bioinformatics.nl/pathways/PC45_r17.0.0_20260605-171052,"1,3-β-D-glucan biosynthesis",3
http://rdf-plantmetwiki.bioinformatics.nl/pathways/RC1065_r17.0.0_20260605-171052,RXN-8558,3
http://rdf-plantmetwiki.bioinformatics.nl/pathways/RC203_r17.0.0_20260605-171052,RXN-8557,3
http://rdf-plantmetwiki.bioinformatics.nl/pathways/RC677_r17.0.0_20260605-171052,RXN-11231,3
http://rdf-plantmetwiki.bioinformatics.nl/pathways/RC63_r17.0.0_20260605-171052,RXN-13183,3
http://rdf-plantmetwiki.bioinformatics.nl/pathways/RC25_r17.0.0_20260605-171052,RXN-23276,3
http://rdf-plantmetwiki.bioinformatics.nl/pathways/RC298_r17.0.0_20260605-171052,RXN-12838,3
http://rdf-plantmetwiki.bioinformatics.nl/pathways/RC1180_r17.0.0_20260605-171052,RXN-22604,3
http://rdf-plantmetwiki.bioinformatics.nl/pathways/RC259_r17.0.0_20260605-171052,RXN-8424,3
http://rdf-plantmetwiki.bioinformatics.nl/pathways/RC1145_r17.0.0_20260605-171052,RXN-11173,3
http://rdf-plantmetwiki.bioinformatics.nl/pathways/RC217_r17.0.0_20260605-171052,RXN-12567,3
http://rdf-plantmetwiki.bioinformatics.nl/pathways/RC1296_r17.0.0_20260605-171052,RXN0-5248,3
http://rdf-plantmetwiki.bioinformatics.nl/pathways/RC362_r17.0.0_20260605-171052,RXN-8602,3
http://rdf-plantmetwiki.bioinformatics.nl/pathways/RC925_r17.0.0_20260605-171052,RXN-8416,3
http://rdf-plantmetwiki.bioinformatics.nl/pathways/RC363_r17.0.0_20260605-171052,RXN-8252,3
http://rdf-plantmetwiki.bioinformatics.nl/pathways/RC1100_r17.0.0_20260605-171052,RXN-18780,3
http://rdf-plantmetwiki.bioinformatics.nl/pathways/RC543_r17.0.0_20260605-171052,RXN-8418,3
http://rdf-plantmetwiki.bioinformatics.nl/pathways/RC98_r17.0.0_20260605-171052,MALTODEXGLUCOSID-RXN,3
http://rdf-plantmetwiki.bioinformatics.nl/pathways/PC1072_r17.0.0_20260605-171052,chitin degradation III (carnivorous plants),3
http://rdf-plantmetwiki.bioinformatics.nl/pathways/RC1014_r17.0.0_20260605-171052,RXN-6182,3
http://rdf-plantmetwiki.bioinformatics.nl/pathways/RC868_r17.0.0_20260605-171052,RXN-4301,3
http://rdf-plantmetwiki.bioinformatics.nl/pathways/RC1108_r17.0.0_20260605-171052,(S)-3-hydroxybutanoyl-CoA dehydrogenase,3
http://rdf-plantmetwiki.bioinformatics.nl/pathways/RC937_r17.0.0_20260605-171052,RXN4LZ-39,3
http://rdf-plantmetwiki.bioinformatics.nl/pathways/RC688_r17.0.0_20260605-171052,RXN-19011,3
http://rdf-plantmetwiki.bioinformatics.nl/pathways/RC499_r17.0.0_20260605-171052,Sulfur dioxygenase,3
http://rdf-plantmetwiki.bioinformatics.nl/pathways/RC8_r17.0.0_20260605-171052,RXN-21031,3
http://rdf-plantmetwiki.bioinformatics.nl/pathways/RC1064_r17.0.0_20260605-171052,RXN-12753,3
http://rdf-plantmetwiki.bioinformatics.nl/pathways/RC547_r17.0.0_20260605-171052,1.3.7.2-RXN,3
http://rdf-plantmetwiki.bioinformatics.nl/pathways/RC126_r17.0.0_20260605-171052,RXN0-5181,3
http://rdf-plantmetwiki.bioinformatics.nl/pathways/RC97_r17.0.0_20260605-171052,RXN-20456,3
http://rdf-plantmetwiki.bioinformatics.nl/pathways/RC939_r17.0.0_20260605-171052,RXN-22317,3
http://rdf-plantmetwiki.bioinformatics.nl/pathways/RC12_r17.0.0_20260605-171052,RXN-10783,3
http://rdf-plantmetwiki.bioinformatics.nl/pathways/RC1046_r17.0.0_20260605-171052,RXN-21025,3
http://rdf-plantmetwiki.bioinformatics.nl/pathways/RC794_r17.0.0_20260605-171052,5-fluoro-5-deoxy-d-ribulose-1-phosphate aldolase,3
http://rdf-plantmetwiki.bioinformatics.nl/pathways/RC675_r17.0.0_20260605-171052,RXN-19744,3
http://rdf-plantmetwiki.bioinformatics.nl/pathways/RC952_r17.0.0_20260605-171052,CARDIOLIPSYN-RXN,3
http://rdf-plantmetwiki.bioinformatics.nl/pathways/RC711_r17.0.0_20260605-171052,RXN-8417,3
http://rdf-plantmetwiki.bioinformatics.nl/pathways/RC1089_r17.0.0_20260605-171052,MERCAPYSTRANS-RXN,3
http://rdf-plantmetwiki.bioinformatics.nl/pathways/RC1264_r17.0.0_20260605-171052,RXN-21024,3
http://rdf-plantmetwiki.bioinformatics.nl/pathways/RC650_r17.0.0_20260605-171052,RXN-13409,3
http://rdf-plantmetwiki.bioinformatics.nl/pathways/RC630_r17.0.0_20260605-171052,RXN-9090,3
http://rdf-plantmetwiki.bioinformatics.nl/pathways/PC829_r17.0.0_20260605-171052,UDP-β-L-arabinose biosynthesis I (from UDP-α-D-xylose),3
http://rdf-plantmetwiki.bioinformatics.nl/pathways/RC570_r17.0.0_20260605-171052,RXN-8984,3
http://rdf-plantmetwiki.bioinformatics.nl/pathways/RC150_r17.0.0_20260605-171052,RXN-8594,3
http://rdf-plantmetwiki.bioinformatics.nl/pathways/RC76_r17.0.0_20260605-171052,1.3.7.5-RXN,3
http://rdf-plantmetwiki.bioinformatics.nl/pathways/RC1137_r17.0.0_20260605-171052,RXN-12876,3
http://rdf-plantmetwiki.bioinformatics.nl/pathways/RC929_r17.0.0_20260605-171052,RXN-18969,3
http://rdf-plantmetwiki.bioinformatics.nl/pathways/RC1101_r17.0.0_20260605-171052,RXN-1827,3
http://rdf-plantmetwiki.bioinformatics.nl/pathways/RC285_r17.0.0_20260605-171052,3.2.1.7-RXN,3
http://rdf-plantmetwiki.bioinformatics.nl/pathways/RC170_r17.0.0_20260605-171052,RXN4FS-11,3
http://rdf-plantmetwiki.bioinformatics.nl/pathways/RC210_r17.0.0_20260605-171052,RXN-20154,3
http://rdf-plantmetwiki.bioinformatics.nl/pathways/RC697_r17.0.0_20260605-171052,RXN-8544,3
http://rdf-plantmetwiki.bioinformatics.nl/pathways/PC181_r17.0.0_20260605-171052,β-carotene biosynthesis,3
http://rdf-plantmetwiki.bioinformatics.nl/pathways/RC194_r17.0.0_20260605-171052,RXN-23914,3
http://rdf-plantmetwiki.bioinformatics.nl/pathways/RC406_r17.0.0_20260605-171052,RXN-14396,3
http://rdf-plantmetwiki.bioinformatics.nl/pathways/RC176_r17.0.0_20260605-171052,RXN-1824,3
http://rdf-plantmetwiki.bioinformatics.nl/pathways/RC551_r17.0.0_20260605-171052,RXN-8336,3
http://rdf-plantmetwiki.bioinformatics.nl/pathways/RC522_r17.0.0_20260605-171052,RXN-16996,3
http://rdf-plantmetwiki.bioinformatics.nl/pathways/RC714_r17.0.0_20260605-171052,RXN-12309,3
http://rdf-plantmetwiki.bioinformatics.nl/pathways/RC1231_r17.0.0_20260605-171052,RXN-8200,3
http://rdf-plantmetwiki.bioinformatics.nl/pathways/RC1132_r17.0.0_20260605-171052,RXN-8542,3
http://rdf-plantmetwiki.bioinformatics.nl/pathways/RC146_r17.0.0_20260605-171052,RXN-19582,3
http://rdf-plantmetwiki.bioinformatics.nl/pathways/PC457_r17.0.0_20260605-171052,Fe(II)-nicotianamine transport in phloem,3
http://rdf-plantmetwiki.bioinformatics.nl/pathways/RC729_r17.0.0_20260605-171052,RXN-13373,3
http://rdf-plantmetwiki.bioinformatics.nl/pathways/RC647_r17.0.0_20260605-171052,RXN-10730,3
http://rdf-plantmetwiki.bioinformatics.nl/pathways/RC875_r17.0.0_20260605-171052,2.6.1.41-RXN,3
http://rdf-plantmetwiki.bioinformatics.nl/pathways/RC493_r17.0.0_20260605-171052,RXN-18789,3
http://rdf-plantmetwiki.bioinformatics.nl/pathways/RC990_r17.0.0_20260605-171052,RXN-18958,3
http://rdf-plantmetwiki.bioinformatics.nl/pathways/RC422_r17.0.0_20260605-171052,RXN-10005,3
http://rdf-plantmetwiki.bioinformatics.nl/pathways/RC599_r17.0.0_20260605-171052,1.11.1.15-RXN,3
http://rdf-plantmetwiki.bioinformatics.nl/pathways/RC795_r17.0.0_20260605-171052,RXN-10857,3
http://rdf-plantmetwiki.bioinformatics.nl/pathways/RC1281_r17.0.0_20260605-171052,RXN-12338,3
http://rdf-plantmetwiki.bioinformatics.nl/pathways/RC71_r17.0.0_20260605-171052,RIBONUCLEOSIDE-DIP-REDUCTI-RXN,3
http://rdf-plantmetwiki.bioinformatics.nl/pathways/RC434_r17.0.0_20260605-171052,RXN-18032,3
http://rdf-plantmetwiki.bioinformatics.nl/pathways/RC670_r17.0.0_20260605-171052,RXN-24256,3
http://rdf-plantmetwiki.bioinformatics.nl/pathways/RC172_r17.0.0_20260605-171052,3.2.1.58-RXN,3
http://rdf-plantmetwiki.bioinformatics.nl/pathways/RC1039_r17.0.0_20260605-171052,LONG-CHAIN-ENOYL-COA-HYDRATASE-RXN,3
http://rdf-plantmetwiki.bioinformatics.nl/pathways/RC930_r17.0.0_20260605-171052,RXN-19381,3
http://rdf-plantmetwiki.bioinformatics.nl/pathways/RC1090_r17.0.0_20260605-171052,RXN-21551,3
http://rdf-plantmetwiki.bioinformatics.nl/pathways/RC1286_r17.0.0_20260605-171052,RXN-8426,3
http://rdf-plantmetwiki.bioinformatics.nl/pathways/RC940_r17.0.0_20260605-171052,RXN-8545,3
http://rdf-plantmetwiki.bioinformatics.nl/pathways/RC435_r17.0.0_20260605-171052,RXN-14206,3
http://rdf-plantmetwiki.bioinformatics.nl/pathways/RC932_r17.0.0_20260605-171052,RXN0-5393,3
http://rdf-plantmetwiki.bioinformatics.nl/pathways/RC1152_r17.0.0_20260605-171052,RXN-10735,3
http://rdf-plantmetwiki.bioinformatics.nl/pathways/RC1130_r17.0.0_20260605-171052,RXN-18344,3
http://rdf-plantmetwiki.bioinformatics.nl/pathways/RC1106_r17.0.0_20260605-171052,RXN0-5245,3
http://rdf-plantmetwiki.bioinformatics.nl/pathways/RC922_r17.0.0_20260605-171052,RXN-22643,3
http://rdf-plantmetwiki.bioinformatics.nl/pathways/RC874_r17.0.0_20260605-171052,RXN-13939,3
http://rdf-plantmetwiki.bioinformatics.nl/pathways/RC1195_r17.0.0_20260605-171052,3.2.1.3-RXN,3
http://rdf-plantmetwiki.bioinformatics.nl/pathways/PC519_r17.0.0_20260605-171052,3-carene biosynthesis,3
http://rdf-plantmetwiki.bioinformatics.nl/pathways/RC843_r17.0.0_20260605-171052,RXN-12754,3
http://rdf-plantmetwiki.bioinformatics.nl/pathways/PC1083_r17.0.0_20260605-171052,β-cubebene biosynthesis,3
http://rdf-plantmetwiki.bioinformatics.nl/pathways/PC498_r17.0.0_20260605-171052,UDP-α-D-galactose biosynthesis,3
http://rdf-plantmetwiki.bioinformatics.nl/pathways/RC1283_r17.0.0_20260605-171052,RXN-924,3
http://rdf-plantmetwiki.bioinformatics.nl/pathways/RC1003_r17.0.0_20260605-171052,RXN-14185,3
http://rdf-plantmetwiki.bioinformatics.nl/pathways/RC804_r17.0.0_20260605-171052,3.2.1.65-RXN,3
http://rdf-plantmetwiki.bioinformatics.nl/pathways/RC280_r17.0.0_20260605-171052,RXN-23918,3
http://rdf-plantmetwiki.bioinformatics.nl/pathways/RC92_r17.0.0_20260605-171052,RXN-8556,3
http://rdf-plantmetwiki.bioinformatics.nl/pathways/RC1202_r17.0.0_20260605-171052,RXN-19743,3
http://rdf-plantmetwiki.bioinformatics.nl/pathways/RC969_r17.0.0_20260605-171052,RXN0-5254,3
http://rdf-plantmetwiki.bioinformatics.nl/pathways/PC813_r17.0.0_20260605-171052,bergamotene biosynthesis I,3
http://rdf-plantmetwiki.bioinformatics.nl/pathways/RC973_r17.0.0_20260605-171052,RXN-8601,3
http://rdf-plantmetwiki.bioinformatics.nl/pathways/RC195_r17.0.0_20260605-171052,RXN-22606,3
http://rdf-plantmetwiki.bioinformatics.nl/pathways/RC817_r17.0.0_20260605-171052,RXNQT-4394,3
http://rdf-plantmetwiki.bioinformatics.nl/pathways/RC370_r17.0.0_20260605-171052,RXN-16333,3
http://rdf-plantmetwiki.bioinformatics.nl/pathways/RC1167_r17.0.0_20260605-171052,dehydroascorbate hydrolase,3
http://rdf-plantmetwiki.bioinformatics.nl/pathways/RC1238_r17.0.0_20260605-171052,RXN-8918,3
http://rdf-plantmetwiki.bioinformatics.nl/pathways/RC1284_r17.0.0_20260605-171052,RXN-8563,3
http://rdf-plantmetwiki.bioinformatics.nl/pathways/RC398_r17.0.0_20260605-171052,RXN-1403,3
http://rdf-plantmetwiki.bioinformatics.nl/pathways/RC997_r17.0.0_20260605-171052,RXN-8431,3
http://rdf-plantmetwiki.bioinformatics.nl/pathways/RC748_r17.0.0_20260605-171052,4.3.1.17-RXN,3
http://rdf-plantmetwiki.bioinformatics.nl/pathways/RC1183_r17.0.0_20260605-171052,RXN-8543,3
http://rdf-plantmetwiki.bioinformatics.nl/pathways/RC671_r17.0.0_20260605-171052,FLAVONADPREDUCT-RXN,3
http://rdf-plantmetwiki.bioinformatics.nl/pathways/RC420_r17.0.0_20260605-171052,RXN-18966,3
http://rdf-plantmetwiki.bioinformatics.nl/pathways/RC196_r17.0.0_20260605-171052,RXN-15125,3
http://rdf-plantmetwiki.bioinformatics.nl/pathways/RC1201_r17.0.0_20260605-171052,RXN-1826,3
http://rdf-plantmetwiki.bioinformatics.nl/pathways/RC1128_r17.0.0_20260605-171052,RXN-22605,3
http://rdf-plantmetwiki.bioinformatics.nl/pathways/RC320_r17.0.0_20260605-171052,RXNQT-4158,3
http://rdf-plantmetwiki.bioinformatics.nl/pathways/RC515_r17.0.0_20260605-171052,RXN-13413,3
http://rdf-plantmetwiki.bioinformatics.nl/pathways/RC821_r17.0.0_20260605-171052,RXN-2942,3
http://rdf-plantmetwiki.bioinformatics.nl/pathways/RC532_r17.0.0_20260605-171052,RXN-22319,3
http://rdf-plantmetwiki.bioinformatics.nl/pathways/RC740_r17.0.0_20260605-171052,RXN0-5259,3
http://rdf-plantmetwiki.bioinformatics.nl/pathways/RC122_r17.0.0_20260605-171052,RXN-1825,3
http://rdf-plantmetwiki.bioinformatics.nl/pathways/RC394_r17.0.0_20260605-171052,RXN-8622,3
http://rdf-plantmetwiki.bioinformatics.nl/pathways/RC179_r17.0.0_20260605-171052,"(4<i>S</i>)-4-hydroxy-2,3,4,5-tetrahydro-(2<i>S</i>)-dipicolinate dehydratase",3
http://rdf-plantmetwiki.bioinformatics.nl/pathways/RC904_r17.0.0_20260605-171052,RXN-8573,3
http://rdf-plantmetwiki.bioinformatics.nl/pathways/RC404_r17.0.0_20260605-171052,RXN-8419,3
http://rdf-plantmetwiki.bioinformatics.nl/pathways/RC23_r17.0.0_20260605-171052,RXN-21027,3
http://rdf-plantmetwiki.bioinformatics.nl/pathways/RC1032_r17.0.0_20260605-171052,RXN0-5265,3
http://rdf-plantmetwiki.bioinformatics.nl/pathways/RC627_r17.0.0_20260605-171052,RXN-22315,3
http://rdf-plantmetwiki.bioinformatics.nl/pathways/RC366_r17.0.0_20260605-171052,RXN0-5257,3
http://rdf-plantmetwiki.bioinformatics.nl/pathways/RC765_r17.0.0_20260605-171052,RXN-8421,3
http://rdf-plantmetwiki.bioinformatics.nl/pathways/RC1190_r17.0.0_20260605-171052,RXN-10722,3
http://rdf-plantmetwiki.bioinformatics.nl/pathways/RC700_r17.0.0_20260605-171052,RXN-10772,3
http://rdf-plantmetwiki.bioinformatics.nl/pathways/RC1265_r17.0.0_20260605-171052,RXN-18963,3
http://rdf-plantmetwiki.bioinformatics.nl/pathways/RC788_r17.0.0_20260605-171052,RXN-8548,3
http://rdf-plantmetwiki.bioinformatics.nl/pathways/RC468_r17.0.0_20260605-171052,RXN-24075,3
http://rdf-plantmetwiki.bioinformatics.nl/pathways/RC1263_r17.0.0_20260605-171052,RXN-7710,3
http://rdf-plantmetwiki.bioinformatics.nl/pathways/RC836_r17.0.0_20260605-171052,RXN-8334,3
http://rdf-plantmetwiki.bioinformatics.nl/pathways/RC1114_r17.0.0_20260605-171052,RXN-9955,3
http://rdf-plantmetwiki.bioinformatics.nl/pathways/RC979_r17.0.0_20260605-171052,RXN0-7005,3
http://rdf-plantmetwiki.bioinformatics.nl/pathways/RC322_r17.0.0_20260605-171052,RXN-9091,3
http://rdf-plantmetwiki.bioinformatics.nl/pathways/RC75_r17.0.0_20260605-171052,3.2.1.39-RXN,3
http://rdf-plantmetwiki.bioinformatics.nl/pathways/RC667_r17.0.0_20260605-171052,CYTOCHROME-B5-REDUCTASE-RXN,3
http://rdf-plantmetwiki.bioinformatics.nl/pathways/RC199_r17.0.0_20260605-171052,RXN-20457,3
http://rdf-plantmetwiki.bioinformatics.nl/pathways/RC197_r17.0.0_20260605-171052,RXN-10632,3
http://rdf-plantmetwiki.bioinformatics.nl/pathways/RC180_r17.0.0_20260605-171052,RXN-8428,3
http://rdf-plantmetwiki.bioinformatics.nl/pathways/RC666_r17.0.0_20260605-171052,RXN-8315,3
http://rdf-plantmetwiki.bioinformatics.nl/pathways/RC1136_r17.0.0_20260605-171052,L-asparaginyl-tRNA<SUP>asn</SUP> hydrolase,3
http://rdf-plantmetwiki.bioinformatics.nl/pathways/RC1203_r17.0.0_20260605-171052,RXN0-5244,3
http://rdf-plantmetwiki.bioinformatics.nl/pathways/RC695_r17.0.0_20260605-171052,RXN-22316,3
http://rdf-plantmetwiki.bioinformatics.nl/pathways/RC57_r17.0.0_20260605-171052,FMN-RED-RXN,3
http://rdf-plantmetwiki.bioinformatics.nl/pathways/PC215_r17.0.0_20260605-171052,pectin degradation III,3
http://rdf-plantmetwiki.bioinformatics.nl/pathways/PC667_r17.0.0_20260605-171052,neoxanthin biosynthesis,3
http://rdf-plantmetwiki.bioinformatics.nl/pathways/RC1166_r17.0.0_20260605-171052,RXN-13323,3
http://rdf-plantmetwiki.bioinformatics.nl/pathways/RC660_r17.0.0_20260605-171052,RXN-11270,3
http://rdf-plantmetwiki.bioinformatics.nl/pathways/RC110_r17.0.0_20260605-171052,RXN-8002,3
http://rdf-plantmetwiki.bioinformatics.nl/pathways/RC256_r17.0.0_20260605-171052,RXN-11280,3
http://rdf-plantmetwiki.bioinformatics.nl/pathways/RC651_r17.0.0_20260605-171052,RXN-12648,3
http://rdf-plantmetwiki.bioinformatics.nl/pathways/RC567_r17.0.0_20260605-171052,RXN-22285,3
http://rdf-plantmetwiki.bioinformatics.nl/pathways/RC789_r17.0.0_20260605-171052,RXN-18972,3
http://rdf-plantmetwiki.bioinformatics.nl/pathways/RC55_r17.0.0_20260605-171052,pinene synthase,3
http://rdf-plantmetwiki.bioinformatics.nl/pathways/RC11_r17.0.0_20260605-171052,RXN-22758,3
http://rdf-plantmetwiki.bioinformatics.nl/pathways/RC1033_r17.0.0_20260605-171052,RXNQT-4384,3
http://rdf-plantmetwiki.bioinformatics.nl/pathways/RC1143_r17.0.0_20260605-171052,FAD-RED-RXN,3
http://rdf-plantmetwiki.bioinformatics.nl/pathways/RC707_r17.0.0_20260605-171052,RXN-14048,3
http://rdf-plantmetwiki.bioinformatics.nl/pathways/RC834_r17.0.0_20260605-171052,RXN-11656,3
http://rdf-plantmetwiki.bioinformatics.nl/pathways/RC581_r17.0.0_20260605-171052,RXN-22817,2
http://rdf-plantmetwiki.bioinformatics.nl/pathways/RC297_r17.0.0_20260605-171052,RXN-21525,2
http://rdf-plantmetwiki.bioinformatics.nl/pathways/PC416_r17.0.0_20260605-171052,UDP-α-D-galacturonate biosynthesis I (from UDP-D-glucuronate),2
http://rdf-plantmetwiki.bioinformatics.nl/pathways/RC755_r17.0.0_20260605-171052,3-OXOACYL-ACP-SYNTH-BASE-RXN,2
http://rdf-plantmetwiki.bioinformatics.nl/pathways/RC1105_r17.0.0_20260605-171052,RXN-20585,2
http://rdf-plantmetwiki.bioinformatics.nl/pathways/RC612_r17.0.0_20260605-171052,RXN-15461,2
http://rdf-plantmetwiki.bioinformatics.nl/pathways/RC390_r17.0.0_20260605-171052,RXN-2043,2
http://rdf-plantmetwiki.bioinformatics.nl/pathways/RC31_r17.0.0_20260605-171052,RXN-15651,2
http://rdf-plantmetwiki.bioinformatics.nl/pathways/PC327_r17.0.0_20260605-171052,lawsone biosynthesis,2
http://rdf-plantmetwiki.bioinformatics.nl/pathways/RC1062_r17.0.0_20260605-171052,RXN-21526,2
http://rdf-plantmetwiki.bioinformatics.nl/pathways/RC1266_r17.0.0_20260605-171052,RXN-20459,2
http://rdf-plantmetwiki.bioinformatics.nl/pathways/RC185_r17.0.0_20260605-171052,RXNQT-4173,2
http://rdf-plantmetwiki.bioinformatics.nl/pathways/RC1031_r17.0.0_20260605-171052,RXN-12591,2
http://rdf-plantmetwiki.bioinformatics.nl/pathways/RC526_r17.0.0_20260605-171052,RXN-14047,2
http://rdf-plantmetwiki.bioinformatics.nl/pathways/RC1012_r17.0.0_20260605-171052,RXN-11041,2
http://rdf-plantmetwiki.bioinformatics.nl/pathways/RC1126_r17.0.0_20260605-171052,RXN-4424,2
http://rdf-plantmetwiki.bioinformatics.nl/pathways/RC360_r17.0.0_20260605-171052,acyl-ACP:sn-glycerol-3-phosphate 1-O-acyltransferase,2
http://rdf-plantmetwiki.bioinformatics.nl/pathways/RC1222_r17.0.0_20260605-171052,RXN-18451,2
http://rdf-plantmetwiki.bioinformatics.nl/pathways/RC273_r17.0.0_20260605-171052,RXN-14807,2
http://rdf-plantmetwiki.bioinformatics.nl/pathways/RC1165_r17.0.0_20260605-171052,RXN-14409,2
http://rdf-plantmetwiki.bioinformatics.nl/pathways/RC356_r17.0.0_20260605-171052,RXN-21390,2
http://rdf-plantmetwiki.bioinformatics.nl/pathways/RC487_r17.0.0_20260605-171052,RXNQT-4354,2
http://rdf-plantmetwiki.bioinformatics.nl/pathways/RC715_r17.0.0_20260605-171052,RXN-9713,2
http://rdf-plantmetwiki.bioinformatics.nl/pathways/RC678_r17.0.0_20260605-171052,RXN-19986,2
http://rdf-plantmetwiki.bioinformatics.nl/pathways/RC1301_r17.0.0_20260605-171052,RXN-14242,2
http://rdf-plantmetwiki.bioinformatics.nl/pathways/RC142_r17.0.0_20260605-171052,RXNQT-4164,2
http://rdf-plantmetwiki.bioinformatics.nl/pathways/RC27_r17.0.0_20260605-171052,RXN-14806,2
http://rdf-plantmetwiki.bioinformatics.nl/pathways/RC562_r17.0.0_20260605-171052,CELLULOSE-SYNTHASE-GDP-FORMING-RXN,2
http://rdf-plantmetwiki.bioinformatics.nl/pathways/RC1170_r17.0.0_20260605-171052,RXN-11172,2
http://rdf-plantmetwiki.bioinformatics.nl/pathways/RC771_r17.0.0_20260605-171052,RXN-9924,2
http://rdf-plantmetwiki.bioinformatics.nl/pathways/RC1016_r17.0.0_20260605-171052,RXN-12102,2
http://rdf-plantmetwiki.bioinformatics.nl/pathways/RC161_r17.0.0_20260605-171052,RXN-14889,2
http://rdf-plantmetwiki.bioinformatics.nl/pathways/RC380_r17.0.0_20260605-171052,RXN-8985,2
http://rdf-plantmetwiki.bioinformatics.nl/pathways/RC154_r17.0.0_20260605-171052,PROSTAGLANDIN-E-SYNTHASE-RXN,2
http://rdf-plantmetwiki.bioinformatics.nl/pathways/RC1260_r17.0.0_20260605-171052,RXN-14813,2
http://rdf-plantmetwiki.bioinformatics.nl/pathways/RC791_r17.0.0_20260605-171052,RXN-9089,2
http://rdf-plantmetwiki.bioinformatics.nl/pathways/RC910_r17.0.0_20260605-171052,RXN-5984,2
http://rdf-plantmetwiki.bioinformatics.nl/pathways/RC790_r17.0.0_20260605-171052,RXN-11250,2
http://rdf-plantmetwiki.bioinformatics.nl/pathways/RC41_r17.0.0_20260605-171052,RXN-9023,2
http://rdf-plantmetwiki.bioinformatics.nl/pathways/RC460_r17.0.0_20260605-171052,RXN-11229,2
http://rdf-plantmetwiki.bioinformatics.nl/pathways/RC1226_r17.0.0_20260605-171052,RXN-8345,2
http://rdf-plantmetwiki.bioinformatics.nl/pathways/RC909_r17.0.0_20260605-171052,RXN-12847,2
http://rdf-plantmetwiki.bioinformatics.nl/pathways/RC727_r17.0.0_20260605-171052,RXN-12077,2
http://rdf-plantmetwiki.bioinformatics.nl/pathways/RC17_r17.0.0_20260605-171052,RXN-14056,2
http://rdf-plantmetwiki.bioinformatics.nl/pathways/RC15_r17.0.0_20260605-171052,RXN-23260,2
http://rdf-plantmetwiki.bioinformatics.nl/pathways/RC1204_r17.0.0_20260605-171052,RXN-12949,2
http://rdf-plantmetwiki.bioinformatics.nl/pathways/RC58_r17.0.0_20260605-171052,RXN-21230,2
http://rdf-plantmetwiki.bioinformatics.nl/pathways/RC445_r17.0.0_20260605-171052,ALDOSE-1-EPIMERASE-RXN,2
http://rdf-plantmetwiki.bioinformatics.nl/pathways/RC905_r17.0.0_20260605-171052,RXN-7669,2
http://rdf-plantmetwiki.bioinformatics.nl/pathways/RC544_r17.0.0_20260605-171052,RXN-21523,2
http://rdf-plantmetwiki.bioinformatics.nl/pathways/RC238_r17.0.0_20260605-171052,RXN-11238,2
http://rdf-plantmetwiki.bioinformatics.nl/pathways/RC883_r17.0.0_20260605-171052,RXN-11400,2
http://rdf-plantmetwiki.bioinformatics.nl/pathways/RC998_r17.0.0_20260605-171052,RXN-14490,2
http://rdf-plantmetwiki.bioinformatics.nl/pathways/RC80_r17.0.0_20260605-171052,RXN2PN3-45,2
http://rdf-plantmetwiki.bioinformatics.nl/pathways/RC708_r17.0.0_20260605-171052,RXN-8682,2
http://rdf-plantmetwiki.bioinformatics.nl/pathways/RC106_r17.0.0_20260605-171052,TRANS-RXN4LZ-7054,2
http://rdf-plantmetwiki.bioinformatics.nl/pathways/RC1227_r17.0.0_20260605-171052,RXNQT-4167,2
http://rdf-plantmetwiki.bioinformatics.nl/pathways/RC1164_r17.0.0_20260605-171052,RXNQT-4370,2
http://rdf-plantmetwiki.bioinformatics.nl/pathways/RC505_r17.0.0_20260605-171052,ACP-S-ACETYLTRANSFER-RXN,2
http://rdf-plantmetwiki.bioinformatics.nl/pathways/PC740_r17.0.0_20260605-171052,L-alanine biosynthesis III,2
http://rdf-plantmetwiki.bioinformatics.nl/pathways/RC773_r17.0.0_20260605-171052,RXN-11704,2
http://rdf-plantmetwiki.bioinformatics.nl/pathways/RC1155_r17.0.0_20260605-171052,RXN-8780,2
http://rdf-plantmetwiki.bioinformatics.nl/pathways/RC1176_r17.0.0_20260605-171052,RXN-24046,2
http://rdf-plantmetwiki.bioinformatics.nl/pathways/RC479_r17.0.0_20260605-171052,RXN-14883,2
http://rdf-plantmetwiki.bioinformatics.nl/pathways/RC136_r17.0.0_20260605-171052,RXN-8038,2
http://rdf-plantmetwiki.bioinformatics.nl/pathways/RC397_r17.0.0_20260605-171052,RXN-14904,2
http://rdf-plantmetwiki.bioinformatics.nl/pathways/RC713_r17.0.0_20260605-171052,RXN-19953,2
http://rdf-plantmetwiki.bioinformatics.nl/pathways/RC70_r17.0.0_20260605-171052,GLYCOGEN-BRANCH-RXN,2
http://rdf-plantmetwiki.bioinformatics.nl/pathways/RC1251_r17.0.0_20260605-171052,RXN-21527,2
http://rdf-plantmetwiki.bioinformatics.nl/pathways/RC1241_r17.0.0_20260605-171052,RXN-2103,2
http://rdf-plantmetwiki.bioinformatics.nl/pathways/RC1309_r17.0.0_20260605-171052,RXN-13495,2
http://rdf-plantmetwiki.bioinformatics.nl/pathways/RC731_r17.0.0_20260605-171052,RXN-12846,2
http://rdf-plantmetwiki.bioinformatics.nl/pathways/RC631_r17.0.0_20260605-171052,RXN0-5391,2
http://rdf-plantmetwiki.bioinformatics.nl/pathways/RC848_r17.0.0_20260605-171052,RXN-10856,2
http://rdf-plantmetwiki.bioinformatics.nl/pathways/PC502_r17.0.0_20260605-171052,GDP-L-galactose biosynthesis,2
http://rdf-plantmetwiki.bioinformatics.nl/pathways/RC93_r17.0.0_20260605-171052,RXN-13459,2
http://rdf-plantmetwiki.bioinformatics.nl/pathways/RC873_r17.0.0_20260605-171052,RXN-10753,2
http://rdf-plantmetwiki.bioinformatics.nl/pathways/RC188_r17.0.0_20260605-171052,RXN-10864,2
http://rdf-plantmetwiki.bioinformatics.nl/pathways/RC411_r17.0.0_20260605-171052,RXN-5102,2
http://rdf-plantmetwiki.bioinformatics.nl/pathways/RC467_r17.0.0_20260605-171052,RXNQT-4181,2
http://rdf-plantmetwiki.bioinformatics.nl/pathways/RC625_r17.0.0_20260605-171052,RXN-9213,2
http://rdf-plantmetwiki.bioinformatics.nl/pathways/RC709_r17.0.0_20260605-171052,RXN-12870,2
http://rdf-plantmetwiki.bioinformatics.nl/pathways/RC35_r17.0.0_20260605-171052,BETA-PHOSPHOGLUCOMUTASE-RXN,2
http://rdf-plantmetwiki.bioinformatics.nl/pathways/RC155_r17.0.0_20260605-171052,RXN-4221,2
http://rdf-plantmetwiki.bioinformatics.nl/pathways/RC762_r17.0.0_20260605-171052,RXN-4402,2
http://rdf-plantmetwiki.bioinformatics.nl/pathways/RC530_r17.0.0_20260605-171052,RXN-15986,2
http://rdf-plantmetwiki.bioinformatics.nl/pathways/RC223_r17.0.0_20260605-171052,RXN-14997,2
http://rdf-plantmetwiki.bioinformatics.nl/pathways/RC419_r17.0.0_20260605-171052,RXN-16997,2
http://rdf-plantmetwiki.bioinformatics.nl/pathways/RC1300_r17.0.0_20260605-171052,RXN-11040,2
http://rdf-plantmetwiki.bioinformatics.nl/pathways/RC787_r17.0.0_20260605-171052,RXN-3241,2
http://rdf-plantmetwiki.bioinformatics.nl/pathways/RC234_r17.0.0_20260605-171052,RXN-16787,2
http://rdf-plantmetwiki.bioinformatics.nl/pathways/PC1066_r17.0.0_20260605-171052,cellulose biosynthesis,2
http://rdf-plantmetwiki.bioinformatics.nl/pathways/RC244_r17.0.0_20260605-171052,RXN-12101,2
http://rdf-plantmetwiki.bioinformatics.nl/pathways/RC1157_r17.0.0_20260605-171052,RXN-3122,2
http://rdf-plantmetwiki.bioinformatics.nl/pathways/RC745_r17.0.0_20260605-171052,RXN-11552,2
http://rdf-plantmetwiki.bioinformatics.nl/pathways/RC703_r17.0.0_20260605-171052,RXN-16425,2
http://rdf-plantmetwiki.bioinformatics.nl/pathways/RC373_r17.0.0_20260605-171052,RXN-19642,2
http://rdf-plantmetwiki.bioinformatics.nl/pathways/RC351_r17.0.0_20260605-171052,RXN-20094,2
http://rdf-plantmetwiki.bioinformatics.nl/pathways/RC494_r17.0.0_20260605-171052,RXN-11402,2
http://rdf-plantmetwiki.bioinformatics.nl/pathways/RC258_r17.0.0_20260605-171052,RXN-13897,2
http://rdf-plantmetwiki.bioinformatics.nl/pathways/RC913_r17.0.0_20260605-171052,RXN-1882,2
http://rdf-plantmetwiki.bioinformatics.nl/pathways/RC266_r17.0.0_20260605-171052,RXN-10956,2
http://rdf-plantmetwiki.bioinformatics.nl/pathways/RC1275_r17.0.0_20260605-171052,RXN-14501,2
http://rdf-plantmetwiki.bioinformatics.nl/pathways/RC1150_r17.0.0_20260605-171052,RXN-14408,2
http://rdf-plantmetwiki.bioinformatics.nl/pathways/PC797_r17.0.0_20260605-171052,parkeol biosynthesis,2
http://rdf-plantmetwiki.bioinformatics.nl/pathways/RC1069_r17.0.0_20260605-171052,RXN-12587,2
http://rdf-plantmetwiki.bioinformatics.nl/pathways/RC1057_r17.0.0_20260605-171052,RXN-14812,2
http://rdf-plantmetwiki.bioinformatics.nl/pathways/RC1282_r17.0.0_20260605-171052,RXN-21008,2
http://rdf-plantmetwiki.bioinformatics.nl/pathways/RC847_r17.0.0_20260605-171052,RXN-14815,2
http://rdf-plantmetwiki.bioinformatics.nl/pathways/RC415_r17.0.0_20260605-171052,RXN-10639,2
http://rdf-plantmetwiki.bioinformatics.nl/pathways/RC981_r17.0.0_20260605-171052,ALPHA-AMYL-RXN,2
http://rdf-plantmetwiki.bioinformatics.nl/pathways/RC1187_r17.0.0_20260605-171052,RXN-16475,2
http://rdf-plantmetwiki.bioinformatics.nl/pathways/RC120_r17.0.0_20260605-171052,RXN-18444,2
http://rdf-plantmetwiki.bioinformatics.nl/pathways/RC1113_r17.0.0_20260605-171052,RXNQT-4170,2
http://rdf-plantmetwiki.bioinformatics.nl/pathways/RC590_r17.0.0_20260605-171052,RXN-11232,2
http://rdf-plantmetwiki.bioinformatics.nl/pathways/RC917_r17.0.0_20260605-171052,RXN-18617,2
http://rdf-plantmetwiki.bioinformatics.nl/pathways/RC250_r17.0.0_20260605-171052,RXN-8865,2
http://rdf-plantmetwiki.bioinformatics.nl/pathways/RC1048_r17.0.0_20260605-171052,RXN-17117,2
http://rdf-plantmetwiki.bioinformatics.nl/pathways/RC277_r17.0.0_20260605-171052,RXN-11243,2
http://rdf-plantmetwiki.bioinformatics.nl/pathways/RC193_r17.0.0_20260605-171052,indol-3-ylacetaldoxime isomerase,2
http://rdf-plantmetwiki.bioinformatics.nl/pathways/RC456_r17.0.0_20260605-171052,RXN-7282,2
http://rdf-plantmetwiki.bioinformatics.nl/pathways/RC321_r17.0.0_20260605-171052,Epoxide hydrolase,2
http://rdf-plantmetwiki.bioinformatics.nl/pathways/RC1146_r17.0.0_20260605-171052,RXN-18702,2
http://rdf-plantmetwiki.bioinformatics.nl/pathways/RC1006_r17.0.0_20260605-171052,RXN-15517,2
http://rdf-plantmetwiki.bioinformatics.nl/pathways/RC476_r17.0.0_20260605-171052,RXN-18232,2
http://rdf-plantmetwiki.bioinformatics.nl/pathways/RC529_r17.0.0_20260605-171052,RXN-10454,2
http://rdf-plantmetwiki.bioinformatics.nl/pathways/RC459_r17.0.0_20260605-171052,RXN-2203,2
http://rdf-plantmetwiki.bioinformatics.nl/pathways/RC637_r17.0.0_20260605-171052,RXN-11249,2
http://rdf-plantmetwiki.bioinformatics.nl/pathways/RC14_r17.0.0_20260605-171052,RXN-21524,2
http://rdf-plantmetwiki.bioinformatics.nl/pathways/PC1081_r17.0.0_20260605-171052,hydrogen production VIII,2
http://rdf-plantmetwiki.bioinformatics.nl/pathways/RC147_r17.0.0_20260605-171052,RXN-18392,2
http://rdf-plantmetwiki.bioinformatics.nl/pathways/RC265_r17.0.0_20260605-171052,RXN-14503,2
http://rdf-plantmetwiki.bioinformatics.nl/pathways/RC18_r17.0.0_20260605-171052,RXN0-5363,2
http://rdf-plantmetwiki.bioinformatics.nl/pathways/RC77_r17.0.0_20260605-171052,RXN-3121,2
http://rdf-plantmetwiki.bioinformatics.nl/pathways/RC1196_r17.0.0_20260605-171052,3.2.1.68-RXN,2
http://rdf-plantmetwiki.bioinformatics.nl/pathways/PC734_r17.0.0_20260605-171052,"fatty acid β-oxidation III (unsaturated, odd number)",2
http://rdf-plantmetwiki.bioinformatics.nl/pathways/PC909_r17.0.0_20260605-171052,Fe(III)-phytosiderophore transport,2
http://rdf-plantmetwiki.bioinformatics.nl/pathways/RC659_r17.0.0_20260605-171052,L-rhamnose pyranase,2
http://rdf-plantmetwiki.bioinformatics.nl/pathways/RC274_r17.0.0_20260605-171052,RXN-15345,2
http://rdf-plantmetwiki.bioinformatics.nl/pathways/RC215_r17.0.0_20260605-171052,PHENYLPYRUVATE-TAUTOMERASE-RXN,2
http://rdf-plantmetwiki.bioinformatics.nl/pathways/RC912_r17.0.0_20260605-171052,RXN-14993,2
http://rdf-plantmetwiki.bioinformatics.nl/pathways/RC636_r17.0.0_20260605-171052,RXN-16426,2
http://rdf-plantmetwiki.bioinformatics.nl/pathways/RC683_r17.0.0_20260605-171052,RXNQT-4176,2
http://rdf-plantmetwiki.bioinformatics.nl/pathways/RC207_r17.0.0_20260605-171052,RXN-9983,2
http://rdf-plantmetwiki.bioinformatics.nl/pathways/RC473_r17.0.0_20260605-171052,RXN-12845,2
http://rdf-plantmetwiki.bioinformatics.nl/pathways/PC1153_r17.0.0_20260605-171052,chrysophanol biosynthesis,2
http://rdf-plantmetwiki.bioinformatics.nl/pathways/RC1123_r17.0.0_20260605-171052,RXN-8779,2
http://rdf-plantmetwiki.bioinformatics.nl/pathways/RC119_r17.0.0_20260605-171052,RXN-11235,2
http://rdf-plantmetwiki.bioinformatics.nl/pathways/RC483_r17.0.0_20260605-171052,RXN-6884,2
http://rdf-plantmetwiki.bioinformatics.nl/pathways/RC1040_r17.0.0_20260605-171052,RXN-15346,2
http://rdf-plantmetwiki.bioinformatics.nl/pathways/PC904_r17.0.0_20260605-171052,lupeol biosynthesis,2
http://rdf-plantmetwiki.bioinformatics.nl/pathways/RC655_r17.0.0_20260605-171052,RXN-10748,2
http://rdf-plantmetwiki.bioinformatics.nl/pathways/PC543_r17.0.0_20260605-171052,"dammara-20,24-diene biosynthesis",2
http://rdf-plantmetwiki.bioinformatics.nl/pathways/PC888_r17.0.0_20260605-171052,baruol biosynthesis,2
http://rdf-plantmetwiki.bioinformatics.nl/pathways/RC138_r17.0.0_20260605-171052,RXN-16765,2
http://rdf-plantmetwiki.bioinformatics.nl/pathways/RC702_r17.0.0_20260605-171052,RXN-22603,2
http://rdf-plantmetwiki.bioinformatics.nl/pathways/RC1234_r17.0.0_20260605-171052,RXN-13163,2
http://rdf-plantmetwiki.bioinformatics.nl/pathways/RC988_r17.0.0_20260605-171052,2.4.2.39-RXN,2
http://rdf-plantmetwiki.bioinformatics.nl/pathways/RC65_r17.0.0_20260605-171052,RXN-13880,2
http://rdf-plantmetwiki.bioinformatics.nl/pathways/RC588_r17.0.0_20260605-171052,RXN0-5305,2
http://rdf-plantmetwiki.bioinformatics.nl/pathways/RC1185_r17.0.0_20260605-171052,VINYLACETYL-COA-DELTA-ISOMERASE-RXN,2
http://rdf-plantmetwiki.bioinformatics.nl/pathways/RC879_r17.0.0_20260605-171052,RXN-8861,2
http://rdf-plantmetwiki.bioinformatics.nl/pathways/PC494_r17.0.0_20260605-171052,glutathione-glutaredoxin redox reactions,2
http://rdf-plantmetwiki.bioinformatics.nl/pathways/RC484_r17.0.0_20260605-171052,RXN-11044,2
http://rdf-plantmetwiki.bioinformatics.nl/pathways/RC859_r17.0.0_20260605-171052,RXN18C3-4,2
http://rdf-plantmetwiki.bioinformatics.nl/pathways/RC531_r17.0.0_20260605-171052,RXN-12255,2
http://rdf-plantmetwiki.bioinformatics.nl/pathways/RC1294_r17.0.0_20260605-171052,RXN-18627,2
http://rdf-plantmetwiki.bioinformatics.nl/pathways/RC1018_r17.0.0_20260605-171052,RXN-14890,2
http://rdf-plantmetwiki.bioinformatics.nl/pathways/RC254_r17.0.0_20260605-171052,RXN-13747,2
http://rdf-plantmetwiki.bioinformatics.nl/pathways/RC1211_r17.0.0_20260605-171052,[phosphoenolpyruvate carboxylase] kinase,2
http://rdf-plantmetwiki.bioinformatics.nl/pathways/PC368_r17.0.0_20260605-171052,cycloartenol biosynthesis,2
http://rdf-plantmetwiki.bioinformatics.nl/pathways/RC242_r17.0.0_20260605-171052,RXN-1828,2
http://rdf-plantmetwiki.bioinformatics.nl/pathways/PC785_r17.0.0_20260605-171052,α-amyrin biosynthesis,2
http://rdf-plantmetwiki.bioinformatics.nl/pathways/RC933_r17.0.0_20260605-171052,RXN-16998,2
http://rdf-plantmetwiki.bioinformatics.nl/pathways/RC823_r17.0.0_20260605-171052,RXN-20673,2
http://rdf-plantmetwiki.bioinformatics.nl/pathways/RC915_r17.0.0_20260605-171052,RXN-12099,2
http://rdf-plantmetwiki.bioinformatics.nl/pathways/PC387_r17.0.0_20260605-171052,lanosterol biosynthesis,2
http://rdf-plantmetwiki.bioinformatics.nl/pathways/RC1178_r17.0.0_20260605-171052,RXN-14809,2
http://rdf-plantmetwiki.bioinformatics.nl/pathways/RC845_r17.0.0_20260605-171052,CHALCONE-ISOMERASE-RXN,2
http://rdf-plantmetwiki.bioinformatics.nl/pathways/RC165_r17.0.0_20260605-171052,RXN-8886,2
http://rdf-plantmetwiki.bioinformatics.nl/pathways/RC1086_r17.0.0_20260605-171052,RXN-4222,2
http://rdf-plantmetwiki.bioinformatics.nl/pathways/RC457_r17.0.0_20260605-171052,RXN-14882,2
http://rdf-plantmetwiki.bioinformatics.nl/pathways/RC1140_r17.0.0_20260605-171052,RXN-14808,2
http://rdf-plantmetwiki.bioinformatics.nl/pathways/RC502_r17.0.0_20260605-171052,RXN-1603,2
http://rdf-plantmetwiki.bioinformatics.nl/pathways/RC674_r17.0.0_20260605-171052,RXN-22697,2
http://rdf-plantmetwiki.bioinformatics.nl/pathways/RC1168_r17.0.0_20260605-171052,RXN-19954,1
http://rdf-plantmetwiki.bioinformatics.nl/pathways/RC453_r17.0.0_20260605-171052,RXN-8198,1
http://rdf-plantmetwiki.bioinformatics.nl/pathways/RC425_r17.0.0_20260605-171052,RXNQT-4380,1
http://rdf-plantmetwiki.bioinformatics.nl/pathways/RC201_r17.0.0_20260605-171052,RXN-18351,1
http://rdf-plantmetwiki.bioinformatics.nl/pathways/PC1106_r17.0.0_20260605-171052,heliannuol and heliespirone biosynthesis,1
http://rdf-plantmetwiki.bioinformatics.nl/pathways/RC839_r17.0.0_20260605-171052,TRANS-RXN-186,1
http://rdf-plantmetwiki.bioinformatics.nl/pathways/RC528_r17.0.0_20260605-171052,TRANS-RXN4LZ-7008,1
http://rdf-plantmetwiki.bioinformatics.nl/pathways/RC496_r17.0.0_20260605-171052,RXN4FS-5,1
http://rdf-plantmetwiki.bioinformatics.nl/pathways/RC582_r17.0.0_20260605-171052,RXN-8253,1
http://rdf-plantmetwiki.bioinformatics.nl/pathways/RC39_r17.0.0_20260605-171052,RXN0-5267,1
http://rdf-plantmetwiki.bioinformatics.nl/pathways/RC798_r17.0.0_20260605-171052,TRANS-RXN-187,1
http://rdf-plantmetwiki.bioinformatics.nl/pathways/RC928_r17.0.0_20260605-171052,vectoral H<SUP>+</SUP> export,1
http://rdf-plantmetwiki.bioinformatics.nl/pathways/RC766_r17.0.0_20260605-171052,TRANS-RXN4LZ-4,1
http://rdf-plantmetwiki.bioinformatics.nl/pathways/RC693_r17.0.0_20260605-171052,RXN-4422,1
http://rdf-plantmetwiki.bioinformatics.nl/pathways/RC1015_r17.0.0_20260605-171052,TRANS-RXN4LZ-45,1
http://rdf-plantmetwiki.bioinformatics.nl/pathways/RC854_r17.0.0_20260605-171052,TRANS-RXN-190,1
http://rdf-plantmetwiki.bioinformatics.nl/pathways/RC282_r17.0.0_20260605-171052,RXN-21026,1
http://rdf-plantmetwiki.bioinformatics.nl/pathways/RC482_r17.0.0_20260605-171052,RXN-8199,1
http://rdf-plantmetwiki.bioinformatics.nl/pathways/RC1171_r17.0.0_20260605-171052,RXN-18703,1
http://rdf-plantmetwiki.bioinformatics.nl/pathways/RC976_r17.0.0_20260605-171052,RXN-8251,1
http://rdf-plantmetwiki.bioinformatics.nl/pathways/RC231_r17.0.0_20260605-171052,RXN-8259,1
http://rdf-plantmetwiki.bioinformatics.nl/pathways/RC1242_r17.0.0_20260605-171052,RXN-15490,1
http://rdf-plantmetwiki.bioinformatics.nl/pathways/RC413_r17.0.0_20260605-171052,RXN-4343,1
http://rdf-plantmetwiki.bioinformatics.nl/pathways/PC548_r17.0.0_20260605-171052,ammonium transport,1
http://rdf-plantmetwiki.bioinformatics.nl/pathways/RC560_r17.0.0_20260605-171052,RXN4KF-51,1
http://rdf-plantmetwiki.bioinformatics.nl/pathways/RC240_r17.0.0_20260605-171052,RXN-12947,1
http://rdf-plantmetwiki.bioinformatics.nl/pathways/RC408_r17.0.0_20260605-171052,TRANS-RXN-185,1
http://rdf-plantmetwiki.bioinformatics.nl/pathways/RC45_r17.0.0_20260605-171052,TRANS-RXN4LZ-0,1
http://rdf-plantmetwiki.bioinformatics.nl/pathways/RC309_r17.0.0_20260605-171052,TRANS-RXN-218,1
