inchikey,label,n_pw,skeleton,skeleton_match_n,skeleton_match_qid,skeleton_match_ik
XUZMIKFKZAUSGG-IVHWZWKWSA-N,4-(3-methylbutanoyl)sucrose,27,XUZMIKFKZAUSGG,0,,
RFUSIIWQXWXIBP-UHFFFAOYSA-L,herbicide 14A,24,RFUSIIWQXWXIBP,0,,
BRKLOAHUJZWUQQ-QMMMGPOBSA-M,α-aminooxy-β-phenylpropanoate,15,BRKLOAHUJZWUQQ,0,,
BNTSBBGKFQEZMC-RCOSXJMQSA-N,3-(2-methylbutanoyl)-4-(3-methylbutanoyl)sucrose,15,BNTSBBGKFQEZMC,0,,
WDFDPXMELFXBFU-UHFFFAOYSA-N,4-(1-methyl-2-pyrrolidinyl)-3-oxobutanoate,14,WDFDPXMELFXBFU,0,,
ANYHHKFSRBHUQP-KDRVCDMJSA-N,3-dodecanoyl-4-(3-methylbutanoyl)sucrose,13,ANYHHKFSRBHUQP,0,,
YUKHDORWTMHOFN-MAKMTIOGSA-N,"3-(2-methylbutanoyl)-3',4-di(3-methylbutanoyl)sucrose",13,YUKHDORWTMHOFN,0,,
ORAJWSYKRGVTDP-UHFFFAOYSA-N,coniferyl alcohol radical,13,ORAJWSYKRGVTDP,0,,
WDHZXDLRQGPOGR-WGJSNZCWSA-N,des-acyl avenacin A,12,WDHZXDLRQGPOGR,0,,
BWKNNYLEGLXMHQ-AMBVJARFSA-L,a dolichyl phosphate,11,BWKNNYLEGLXMHQ,0,,
BKTKGBYTCNWOED-VVDGRPBXSA-O,26-amino-furostanol,10,BKTKGBYTCNWOED,0,,
JUMXNPKEKATCOD-UHFFFAOYSA-N,"2'-hydroxy 3,6,7,4'-tetramethylquercetagetin",10,JUMXNPKEKATCOD,0,,
CKJPUEYKSFDFTJ-VVDGRPBXSA-N,furostanol-26-aldehyde,9,CKJPUEYKSFDFTJ,0,,
HHNBHWPLXYYKCZ-VVDGRPBXSA-N,furostanol-26-alcohol,9,HHNBHWPLXYYKCZ,0,,
PXXNMGZTESSBFJ-UFMHMSNJSA-N,"4α-methyl ergosta-8,25(27)-dienol",8,PXXNMGZTESSBFJ,0,,
GVTPYCXGTFQZDT-YSSUGPPCSA-M,red chlorophyll catabolite,8,GVTPYCXGTFQZDT,0,,
XMACHBCVXCCTCF-BKFTWGLRSA-N,"4α-methyl ergosta-8,14,25(27)-trienol",8,XMACHBCVXCCTCF,0,,
IDPCCZAHFVRMNJ-UHFFFAOYSA-L,(indol-3-yl)-N-(sulfonatooxy)methanimidothioate,7,IDPCCZAHFVRMNJ,0,,
YCACPQDCMKYMTN-QUXAAEGESA-N,3-decanoyl-4-(3-methylbutanoyl)sucrose,7,YCACPQDCMKYMTN,0,,
ADCQBVGFARUXKA-CAHKLHCGSA-N,3-isobutanoyl-4-(3-methylbutanoyl)sucrose,7,ADCQBVGFARUXKA,0,,
YRJQNWAWJNIMPJ-NWNWEXASSA-M,a dolichyl β-D-mannosyl phosphate,7,YRJQNWAWJNIMPJ,0,,
VFBOWGAHHRQZOX-FHNJTWRLSA-N,alamethicin,7,VFBOWGAHHRQZOX,0,,
HZYKVDFNYAKASX-XBKHNYQHSA-N,"3-dodecanoyl-3',4-di(3-methylbutanoyl)sucrose",7,HZYKVDFNYAKASX,0,,
QZMOYTNIBYYCJU-HJSAGUBHSA-N,"3-decanoyl-3',4-di(3-methylbutanoyl)sucrose",7,QZMOYTNIBYYCJU,0,,
ILXHRXMLJGQOQV-NTOMXLCZSA-N,"3-isobutanoyl-3',4-di(3-methylbutanoyl)sucrose",7,ILXHRXMLJGQOQV,0,,
FPEUYSMTHKWFTD-UHFFFAOYSA-M,hemigossypolone,6,FPEUYSMTHKWFTD,0,,
FHQCTCOXKBQXGN-AXDSSHIGSA-O,"3,6-dihydronicotine",6,FHQCTCOXKBQXGN,0,,
KVBXTYVVYKUGIO-SOFGYWHQSA-M,9-hydroperoxytraumatin,6,KVBXTYVVYKUGIO,0,,
JITCDRVJVQGRRF-UHFFFAOYSA-M,"3,6-dihydronicotinate",6,JITCDRVJVQGRRF,0,,
VAXDGLVOSGCOMC-IPNZSQQUSA-N,dehydroabietadiene-diol,6,VAXDGLVOSGCOMC,0,,
VGQUBGXRAQAKRE-UHFFFAOYSA-N,2-hydroxy-2-(1H-indol-3-yl)acetonitrile,6,VGQUBGXRAQAKRE,0,,
XMGLKJFHTRQJSD-UHFFFAOYSA-N,"3,6,7,2',4'-pentamethylquercetagetin",6,XMGLKJFHTRQJSD,0,,
DQDHUJRGSAIBJC-LREAXHOUSA-N,(R)-3-(phenyl)lactate glucoside,6,DQDHUJRGSAIBJC,0,,
GLHMEFATBWIJIR-YUOBEJEYSA-N,3'-dodecanoyl-3-(2-methylbutanoyl)-4-(3-methylbutanoyl)sucrose,6,GLHMEFATBWIJIR,0,,
HTUXDQHGRVMWAC-MISYRCLQSA-N,palustradiene-diol,6,HTUXDQHGRVMWAC,0,,
INIJHFWSVNHMDI-UHFFFAOYSA-N,2-descarboxy-cyclo-dopa,6,INIJHFWSVNHMDI,0,,
MZCCLBQMNVIBAW-RMGPQRKISA-N,neoabietadiene-diol,6,MZCCLBQMNVIBAW,0,,
UKPKCEDWXTYXKB-AEOXZHQRSA-N,isopimaradiene-diol,6,UKPKCEDWXTYXKB,0,,
YRJQNWAWJNIMPJ-GANPGUSSSA-M,a dolichyl β-D-glucosyl phosphate,6,YRJQNWAWJNIMPJ,0,,
NHXUWASKMTXOKF-UHFFFAOYSA-M,hemigossypolone-6-methyl ether,6,NHXUWASKMTXOKF,0,,
QUBXBHWFQCVXQY-UHFFFAOYSA-N,DIBOA,6,QUBXBHWFQCVXQY,0,,
ZDHABOVHCKZVCM-QANQYWCOSA-N,monodeglucosyl des-acyl avenacin A,6,ZDHABOVHCKZVCM,0,,
VIPVRXUSPSUXNI-XDMMOTQBSA-N,3-dehydro-6-hydroxyteasterone,6,VIPVRXUSPSUXNI,0,,
PXAITRVCWWHJEA-VRYDHRQHSA-N,"2,4-di(3-methylbutanoyl)sucrose",6,PXAITRVCWWHJEA,0,,
DBCGWLLKQUWQLH-UHFFFAOYSA-N,dimethylselenoniopropanoate,6,DBCGWLLKQUWQLH,0,,
FGNDBYKOPHPOBA-UHFFFAOYSA-N,3-dimethylselenopropanal,6,FGNDBYKOPHPOBA,0,,
JKYUARFXWFHBMT-UHFFFAOYSA-N,"2'-hydroxy 3,7,3',4'-tetramethylquercetin",6,JKYUARFXWFHBMT,0,,
LZPFFKBGBPBJAW-KHXRIMTESA-M,a jasmonoyl-L-valine,6,LZPFFKBGBPBJAW,0,,
BEZWFOOGYOXQPU-UHFFFAOYSA-O,dimethylselenopropanoate-amine,6,BEZWFOOGYOXQPU,0,,
SWQMIWNGQFKYLI-VDVMQYDQSA-M,4β-carboxycyclolaudenol,6,SWQMIWNGQFKYLI,0,,
KLMJJYDVWFCOQY-FTDMXLNHSA-N,TRIMBOA-β-D-glucoside,6,KLMJJYDVWFCOQY,0,,
MXMMKTLARUKBFV-RMGPQRKISA-N,levopiramadiene-diol,6,MXMMKTLARUKBFV,0,,
DAWSJUFONOYCDF-HXHTVGELSA-M,cytochrome c,6,DAWSJUFONOYCDF,0,,
JAWKUBAMNCEUTJ-IUCKADQYSA-N,"ergosta-8,25(27)-dienol",6,JAWKUBAMNCEUTJ,0,,
USEJNLPKVXGAOO-ALKRTJFJSA-L,γ-L-glutamyl-(S)-2-carboxypropyl-L-cysteine,6,USEJNLPKVXGAOO,0,,
GMNDCAIERWSPRH-UFZWJVBJSA-M,"4α-carboxy-ergosta-8,25(27)-dienol",6,GMNDCAIERWSPRH,0,,
HQZUCSQUBHQEDH-BNQGZTJBSA-N,"(20αS)-19,20--dihydrovomilenine",5,HQZUCSQUBHQEDH,0,,
PYHUCQARENXJND-HOTGVXAUSA-N,"(10bR,4aS)-oxomaritinamine",5,PYHUCQARENXJND,0,,
PYHUCQARENXJND-HZPDHXFCSA-N,"(10bS,4aR)-oxomaritinamine",5,PYHUCQARENXJND,0,,
NSLWGXNKAGTHTP-UHFFFAOYSA-N,"7,2'-dihydroxy-4',5'-methylenedioxyisoflav-3-ene",5,NSLWGXNKAGTHTP,0,,
NVDIDZKEPDPXJJ-ONWAGYJKSA-M,tetrahydrogeranylgeranyl chlorophyll a,5,NVDIDZKEPDPXJJ,0,,
HDEIGSIJUBUHSO-UHFFFAOYSA-L,phenyl-N-(sulfonatooxy)methanimidothioate,5,HDEIGSIJUBUHSO,0,,
QHUCPLMRABCZRD-USXFXJNZSA-M,dihydrogeranylgeranyl chlorophyll a,5,QHUCPLMRABCZRD,0,,
FGCWEBKTQLBCLR-JRSZCNINSA-J,3-oxoauricoloyl-CoA,4,FGCWEBKTQLBCLR,0,,
XDCGLMGQYMZCGQ-JXBHDTGASA-N,4-(isobutanoyl)sucrose,4,XDCGLMGQYMZCGQ,0,,
XRXKXXULHUCVCA-OGMJMOSOSA-O,solanid-4-en-3-one,4,XRXKXXULHUCVCA,0,,
BBEFLKRIFVIFJA-JLHPCIOUSA-N,3-dodecanoyl-3'-isobutanoyl-4-(3-methylbutanoyl)sucrose,4,BBEFLKRIFVIFJA,0,,
YFTHUKVJRMGIEW-LFXIRSKSSA-N,4-dodecanoylsucrose,4,YFTHUKVJRMGIEW,0,,
GCCBKKQIEMQVGW-PKAYEDJNSA-J,"(2E,11Z,14R,17Z)-14-hydroxy-icosa-2,11,17-trienoyl-CoA",4,GCCBKKQIEMQVGW,0,,
QKZDOFMBLQQMTH-FSWVCPJQSA-N,4-decanoylsucrose,4,QKZDOFMBLQQMTH,0,,
AJLYPYKZKJKHKI-FPUYRSMXSA-N,HDM₂BOA-glucoside,4,AJLYPYKZKJKHKI,0,,
NPIHSZVTLIVPAU-FFXKVATBSA-N,2-[hydroperoxy-(4-glucosyl-hydroxyphenyl)methyl]-6-hydroxy-1-benzofuran-3-one,4,NPIHSZVTLIVPAU,0,,
QEBZGOIPMJEISG-APEVUUACSA-J,densipoloyl-CoA,4,QEBZGOIPMJEISG,0,,
QBLSEPRESQJTCI-ZNLWZYPOSA-M,geranylgeranyl chlorophyll a,4,QBLSEPRESQJTCI,0,,
OQDQFFNROJYFCY-YGXGXSKESA-N,4-(2-methylbutanoyl)sucrose,4,OQDQFFNROJYFCY,0,,
OUCINTVMAVITJZ-HESBYNJASA-N,"4α-methyl-cholesta-8,14-dienol",4,OUCINTVMAVITJZ,0,,
NQOXCBDTLUTPNO-OTFPUDJKSA-M,a jasmonoyl-glutamine,4,NQOXCBDTLUTPNO,0,,
XHRPJMCAEXVFFM-KADTVRCUSA-N,avenastenone,4,XHRPJMCAEXVFFM,0,,
RGRXEJAZCMLORS-UHFFFAOYSA-M,2-(8-hydroxy-2-oxotridecyl)-6-oxopyran-4-olate,4,RGRXEJAZCMLORS,0,,
YHDLYZATZKYYJQ-YPPKRKOXSA-N,4-O-methyl-D-myo-inosose,4,YHDLYZATZKYYJQ,0,,
RXEDUSGPUQQZEW-XIRPNGCASA-J,7-hydroxylauroyl-CoA,4,RXEDUSGPUQQZEW,0,,
ATVBRGIKCZGPSC-MHWRWJLKSA-N,norcraugsodine,4,ATVBRGIKCZGPSC,0,,
AVIGOTPVCIAGID-UHFFFAOYSA-N,"2'-hydroxy 3,6,7,3',4'-pentamethylquercetagetin",4,AVIGOTPVCIAGID,0,,
ONUWIQDGPDCVOI-OFBQGYNZSA-N,curcumin 4'-O-β-D-gentiobiosyl 4''-O-β-D-glucoside,4,ONUWIQDGPDCVOI,0,,
PWRKXLBZLTYQGN-UHFFFAOYSA-N,phenylmethanesulfenate,4,PWRKXLBZLTYQGN,0,,
SABRDYAPMPTIAT-FXCDUNLXSA-N,2-isobutanoyl-4-(3-methylbutanoyl)sucrose,4,SABRDYAPMPTIAT,0,,
SBLFAGXVSMRMRX-MKMNVTDBSA-N,"1-(4-trifluormethyl)-2-(1,2,4-triazolyl-(1) )-3-(5-methyl-l,3-dioxan-5-yl)-propen-3-ol",4,SBLFAGXVSMRMRX,0,,
DSXMYNCNZGDREU-YUOBEJEYSA-N,3-dodecanoyl-3'-(2-methylbutanoyl)-4-(3-methylbutanoyl)sucrose,4,DSXMYNCNZGDREU,0,,
BVUWSAIHNBMOAG-UHFFFAOYSA-N,5-hydroxy-γ-coniceine,4,BVUWSAIHNBMOAG,0,,
VQXIERGSFOQSNS-UHFFFAOYSA-N,(Z)-ω-(methylsulfanyl)octyl-thiohydroximate,4,VQXIERGSFOQSNS,0,,
ARDBGAXJBHFKTL-QXNFOFCISA-N,"3-(2-methylbutanoyl)-3',4,6'-tri(3-methylbutanoyl)sucrose",4,ARDBGAXJBHFKTL,0,,
XYFYELDRBHTADR-IPCBSVLMSA-L,UDP-α-D-digitoxose,4,XYFYELDRBHTADR,0,,
XYOACNDOMQSCCR-JYRXDZGKSA-N,(Z)-1-(L-cysteinylglycin-S-yl)-N-hydroxy-ω-(methylsulfanyl)nonan-1-imine,4,XYOACNDOMQSCCR,0,,
HZGWSMQRHPTXFL-UHFFFAOYSA-N,(Z)-ω-(methylsulfanyl)hexyl-thiohydroximate,4,HZGWSMQRHPTXFL,0,,
IOLOYIOKSKTZEJ-JBZCSEOXSA-N,2-acetyl-3'-dodecanoyl-3-(2-methylbutanoyl)-4-(3-methylbutanoyl)sucrose,4,IOLOYIOKSKTZEJ,0,,
VYAFZESLHLWKCS-QBXHKHJLSA-L,celosianin I,4,VYAFZESLHLWKCS,0,,
FJYXXUMBAWFLEI-ZWNOBZJWSA-M,zealexin A3,4,FJYXXUMBAWFLEI,0,,
IHJHVEOMJHXPKL-ORWZVCRDSA-N,curcumin 4'-O-β-D-gentiobioside,4,IHJHVEOMJHXPKL,0,,
LXPWRTKQCKTQNJ-HJMUTKFXSA-N,methylsalicylate 2-O-β-D-glucopyranosyl-(1-> 2)-[O-β-D-xylopyranosyl-(1-> 6)]-O-β-D-glucopyranoside,4,LXPWRTKQCKTQNJ,0,,
GLRIWFRUUABTJT-UHFFFAOYSA-N,(Z)-ω-(methylsulfanyl)heptyl-thiohydroximate,4,GLRIWFRUUABTJT,0,,
AYZJFGWBKISWDK-UHFFFAOYSA-N,"3,7-dimethylmyricetin",4,AYZJFGWBKISWDK,0,,
QJVMEAZHJKXWJD-HESBYNJASA-N,"4α-methyl-5α-cholesta-8,14,24-trien-3β-ol",4,QJVMEAZHJKXWJD,0,,
XYDQMRVDDPZFMM-UHFFFAOYSA-N,Ag²⁺,4,XYDQMRVDDPZFMM,0,,
XGYNOAIEFHWEHA-UHFFFAOYSA-O,4-(1-methyl-2-pyrrolidinyl)-3-oxobutanoate methyl ester,4,XGYNOAIEFHWEHA,0,,
YXBOBEUNDFMUCP-UBNAOBJYSA-J,auricoloyl-CoA,4,YXBOBEUNDFMUCP,0,,
ZAOQZIXHXYWKEC-WQWWKYESSA-N,3'-acetyl-3-dodecanoyl-4-(3-methylbutanoyl)sucrose,4,ZAOQZIXHXYWKEC,0,,
CHCABZDCRBQQCY-TZLKGKMXSA-N,des-methyl avenacin A-1,4,CHCABZDCRBQQCY,0,,
DCQBOIHKCBTVFH-XCIZRCLMSA-O,solanid-3-one,4,DCQBOIHKCBTVFH,0,,
DFXVSSDSXIHULO-UHFFFAOYSA-N,mesifurane (enol form),4,DFXVSSDSXIHULO,0,,
DHHVHVIUTWJSFR-OWOJBTEDSA-M,iso-arabidopaldehyde,4,DHHVHVIUTWJSFR,0,,
AZDFNKCFWMIGBN-UHFFFAOYSA-M,"9,10-epoxy-12-oxododecanoate",4,AZDFNKCFWMIGBN,0,,
ASEZOCWGVPXCSF-WQQZHNEZSA-N,"2-acetyl-3-decanoyl-3',4-di(3-methylbutanoyl)sucrose",4,ASEZOCWGVPXCSF,0,,
DXKSESFYAWUSFS-FMUUPEMKSA-N,"2-acetyl-3-dodecanoyl-3',4-di(3-methylbutanoyl)sucrose",4,DXKSESFYAWUSFS,0,,
AKWKWIHXNGCVIN-GWPJAQCUSA-N,"2-acetyl-3-isobutanoyl-3',4-di(3-methylbutanoyl)sucrose",4,AKWKWIHXNGCVIN,0,,
XANYTXLTBWWGAJ-QMPIUYLCSA-M,6-C-glucosyl-2-hydroxynaringenin,4,XANYTXLTBWWGAJ,0,,
XTSCLYCOOJHTTR-KTFRUSDTSA-J,(3R)-hydroxy-auricoloyl-CoA,4,XTSCLYCOOJHTTR,0,,
IZYQYTLECIJWMX-UHFFFAOYSA-M,"2-oxohexa-4,5-cyclopropyl-5-enoate",4,IZYQYTLECIJWMX,0,,
UDHXDZYDFAVOEH-UHFFFAOYSA-N,(Z)-ω-(methylsulfanyl)pentyl-thiohydroximate,4,UDHXDZYDFAVOEH,0,,
KKWBWWBKDSKQBN-POETZREFSA-N,"3,4-di(3-methylbutanoyl)sucrose",4,KKWBWWBKDSKQBN,0,,
JTIAMKZBSXQQDB-QAFHIVESSA-N,"2-acetyl-3-(2-methylbutanoyl)-3',4-di(3-methylbutanoyl)sucrose",4,JTIAMKZBSXQQDB,0,,
XAPBOCJASKMWEF-VJXVFPJBSA-M,"1-(3,4-dihydroxyphenyl)-3-(3-C-glucosyl-2,4,6-trihydroxyphenyl)propane-1,3-dione",4,XAPBOCJASKMWEF,0,,
WNOROHFPPLKOAH-UHFFFAOYSA-N,2-[hydroperoxy(4-hydroxyphenyl)methyl]-6-hydroxy-1-benzofuran-3-one,4,WNOROHFPPLKOAH,0,,
WMSWZXXUBKPOOZ-CZHKKLGASA-L,α-D-Man-(1→2)-α-D-Man-(1→2)-α-D-Man-(1→3)-[α-D-Man-(1→6)]-β-D-Man-(1→4)-β-D-GlcNAc-(1→4)-α-D-GlcNAc-diphosphodolichol,4,WMSWZXXUBKPOOZ,0,,
NSQIQDGIPQVASR-UHFFFAOYSA-N,indole-3-carbinonium ion,4,NSQIQDGIPQVASR,0,,
IQBFGXJTTIFUFR-OWOJBTEDSA-M,arabidopaldehyde,4,IQBFGXJTTIFUFR,0,,
XXQBOYIMJVUYPA-UHFFFAOYSA-M,"1,5,7-trihydroxy-6,8-dimethoxyanthraquinone",4,XXQBOYIMJVUYPA,0,,
MEHFFTKCQDPUMR-UHFFFAOYSA-N,"1,4,5-trihydroxy-6,7,8-trimethoxy-2-methylanthraquinone",3,MEHFFTKCQDPUMR,0,,
OTBAOEPNAGWHCY-CVDCTZTESA-O,dihydroprecondylocarpine acetate (enamine form),3,OTBAOEPNAGWHCY,0,,
FPILONYMVKSPJW-UHFFFAOYSA-L,2-[2-(methylsulfanyl)ethyl]-3-oxobutanedioate,3,FPILONYMVKSPJW,0,,
MGRHBGCZDYUXJH-UHFFFAOYSA-M,"1,7-dihydroxy-5,6,8-trimethoxyanthraquinone",3,MGRHBGCZDYUXJH,0,,
MHXHMDGJUQYJOC-YBHYYHSUSA-K,4-(1-methyl-2-pyrrolidinyl)-3-oxobutanoyl-CoA,3,MHXHMDGJUQYJOC,0,,
MNWRXDQYFZSZMN-GKBWTKQCSA-M,kauralexin B3,3,MNWRXDQYFZSZMN,0,,
MAAWASALXHTIIA-UHFFFAOYSA-O,4-(1-methyl-5-hydroxy-2-pyrrolidinyl)-3-oxobutanoate methyl ester,3,MAAWASALXHTIIA,0,,
YNGGFUNKMBPTPS-UHFFFAOYSA-N,1-(methylsulfanyl)-9-aci-nitrononane,3,YNGGFUNKMBPTPS,0,,
CJJCDFKNRQRNMW-UHFFFAOYSA-N,β-fenchene,3,CJJCDFKNRQRNMW,0,,
ZUQSVRNKVXVUEP-DWRDGJJXSA-N,"(20,21)-dihydro-20-hydroxydigitoxigenin",3,ZUQSVRNKVXVUEP,0,,
KOEJZCDRYVVSCX-LVSAPHKCSA-N,"4α-formyl-5α-cholesta-7,24-dien-3β-ol",3,KOEJZCDRYVVSCX,0,,
ZSUQPNCHNPWHAQ-UHFFFAOYSA-N,"1,7,8-trihydroxy-6-methoxy-2-methylanthraquinone",3,ZSUQPNCHNPWHAQ,0,,
LHHHZZHKUVLCJI-IINKENNYSA-N,"5α-cholesta-7,24-dien-3-one",3,LHHHZZHKUVLCJI,0,,
UVOXSNFRLNPJEB-YIHJJGCDSA-N,6-hydroxy-2-[(4-glucosyl-hydroxyphenyl)methyl]-1-benzofuran-3-one,3,UVOXSNFRLNPJEB,0,,
ZRTICYFZXFUPAO-UHFFFAOYSA-N,"1,6,7-trihydroxy-2-methylanthraquinone",3,ZRTICYFZXFUPAO,0,,
HABQCIZFBVIZEU-UHFFFAOYSA-M,chrysophanol anthrone,3,HABQCIZFBVIZEU,0,,
SLVDBDKSOJEDSU-UHFFFAOYSA-N,"1,4-dihydroxy-6,7,8-trimethoxy-2-methylanthraquinone",3,SLVDBDKSOJEDSU,0,,
UFRMHAWMOMVVFT-CDXBABSNSA-M,"3β,14β-dihydroxy-5β-pregnane-20-one-21-O-malonylhemiester",3,UFRMHAWMOMVVFT,0,,
JTDCVVYTRKWMAE-UHFFFAOYSA-N,1-(methylsulfanyl)-6-aci-nitrohexane,3,JTDCVVYTRKWMAE,0,,
JGNCYWQFXLYWMO-RSERDAIDSA-J,(E)-8-methylnon-6-enoyl-CoA,3,JGNCYWQFXLYWMO,0,,
HVBGZKVTJLINJW-AZNOBPCBSA-O,deacetylvindorosine,3,HVBGZKVTJLINJW,0,,
GUAPAZWRZCOQGT-JQUYWNEBSA-N,C33 botryococcene,3,GUAPAZWRZCOQGT,0,,
WFPHPSFEEKVIHM-DCZULFNESA-L,β-D-Man-(1→4)-β-D-GlcNAc-(1→4)-α-D-GlcNAc-diphosphodolichol,3,WFPHPSFEEKVIHM,0,,
YRUUGXZUKTWFST-HPIDHRFDSA-L,α-D-Man-a-(1→2)-α-D-Man-(1→2)-α-D-Man-(1→3)-[α-D-Man-(1→2)-α-D-Man-(1→3)-[α-D-Man-(1→6)]-α-D-Man-(1→6)]-β-D-Man-(1→4)-β-D-GlcNAc-(1→4)-α-D-GlcNAc-diphosphodolichol,3,YRUUGXZUKTWFST,0,,
NKBSFRFTBUHMJF-UHFFFAOYSA-M,"cyclic-2,3-O-oxalyl-L-threonate",3,NKBSFRFTBUHMJF,0,,
MLMXJWWXMCLAMG-CLGPPHSGSA-L,α-D-Glc-(1→3)-α-D-Man-(1→2)-α-D-Man-(1→2)-α-D-Man-(1→3)-[α-D-Man-(1→2)-α-D-Man-(1→3)-[α-D-Man-(1→2)-α-D-Man-(1→6)]-α-D-Man-(1→6)]-β-D-Man-(1→4)-β-D-GlcNAc-(1→4)-α-D-GlcNAc-diphosphodolichol,3,MLMXJWWXMCLAMG,0,,
ZOTUJOONTCAPII-UHFFFAOYSA-L,4-methoxy-3-indolylmethyl glucosinolate aglycone,3,ZOTUJOONTCAPII,0,,
MJRDPCMIUPHHDA-JVFYBLIPSA-L,bis(β-glucosyluronate)bilirubin-IX α,3,MJRDPCMIUPHHDA,0,,
MAKSAUYRROQEOB-POBDBQMVSA-N,cyanidin 3-O-glucoside-7-O-(6-O-(p-hydroxybenzoyl)-glucoside),3,MAKSAUYRROQEOB,0,,
LDIXBGSLVBJRGV-WCEUWYDISA-N,cyanidin 3-O-glucoside-7-O-(6-O-(4-O-(glucosyl)-oxybenzoyl)-glucoside),3,LDIXBGSLVBJRGV,0,,
ZTJFEYPCTFISRM-VEZSZZSESA-L,α-D-Man-(1→3)-β-D-Man-(1→4)-β-D-GlcNAc-(1→4)-α-D-GlcNAc-diphosphodolichol,3,ZTJFEYPCTFISRM,0,,
LAFREGHROJJWDK-UHFFFAOYSA-N,"7(8),7'(8')-tetrahydrojusticidin B",3,LAFREGHROJJWDK,0,,
AGWLCWWJARYSTD-MCTXPTQWSA-M,isovitexin 2''-O-arabinoside,3,AGWLCWWJARYSTD,0,,
KVMRPJKNKZURJK-JSGCOSHPSA-M,(glutathion-S-yl)-4-methoxy-3-indolylmethylisothiocyanate,3,KVMRPJKNKZURJK,0,,
AQEJBANJFDNKHW-UHFFFAOYSA-M,"1,6,7,8-tetrahydroxy-2-methylanthraquinone",3,AQEJBANJFDNKHW,0,,
JECWIAQBRVYUQC-CUYCUERUSA-L,α-D-Man-(1→2)-α-D-Man-(1→2)-α-D-Man-(1→3)-[α-D-Man-(1→2)-α-D-Man-(1→3)-[α-D-Man-(1→2)-α-D-Man-(1→6)]-α-D-Man-(1→6)]-β-D-Man-(1→4)-β-D-GlcNAc-(1→4)-α-D-GlcNAc-diphosphodolichol,3,JECWIAQBRVYUQC,0,,
IOYSGTVJJKIUCN-JAOMFSNQSA-L,α-D-Man-(1→2)-α-D-Man-(1→2)-α-D-Man-(1→3)-[α-D-Man-(1→3)-α-D-Man-(1→6)]-β-D-Man-(1→4)-β-D-GlcNAc-(1→4)-α-D-GlcNAc-diphosphodolichol,3,IOYSGTVJJKIUCN,0,,
PJOHRMFBCONSHW-VVMSOZENSA-L,N-acetyl-α-D-glucosaminyl-diphosphodolichol,3,PJOHRMFBCONSHW,0,,
WJEGHYZNKDEWFC-ZFWWWQNUSA-M,indol-3-ylmethylisothiocyanate-glutathione,3,WJEGHYZNKDEWFC,0,,
WLHWYWTVMPZGJG-UHFFFAOYSA-N,"1-phenyl-3-(2,4,6-trihydroxyphenyl)propane-1,3-dione",3,WLHWYWTVMPZGJG,0,,
VRNUZAWFZDQEGN-DGYYCLGYSA-N,strictosamide ketolactam,3,VRNUZAWFZDQEGN,0,,
VOBIUONKNAOEKQ-PAJMUHFPSA-L,α-D-Glc-(1→2)-α-D-Glc-(1→3)-α-D-Glc-(1→3)-α-D-Man-(1→2)-α-D-Man-(1→2)-α-D-Man-(1→3)-[α-D-Man-(1→2)-α-D-Man-(1→3)-[α-D-Man-(1→2)-α-D-Man-(1→6)]-α-D-Man-(1→6)]-β-D-Man-(1→4)-β-D-GlcNAc-(1→4)-α-D-GlcNAc-diphosphodolichol,3,VOBIUONKNAOEKQ,0,,
VNYRSEASZNQGSH-HIVFMZMKSA-L,α-D-Man-(1→2)-α-D-Man-(1→2)-α-D-Man-(1→3)-[α-D-Man-(1→2)-α-D-Man-(1→3)-α-D-Man-(1→6)]-β-D-Man-(1→4)-β-D-GlcNAc-(1→4)-α-D-GlcNAc-diphosphodolichol,3,VNYRSEASZNQGSH,0,,
WYPFKKHHBKZRFG-JTQLQIEISA-N,indol-3-ylmethylisothiocyanate-L-cysteine,3,WYPFKKHHBKZRFG,0,,
UIRCARMQMYTLGE-UHFFFAOYSA-M,"1-(3,4-dihydroxyphenyl)-3-(2,4,6-trihydroxyphenyl)propane-1,3-dione",3,UIRCARMQMYTLGE,0,,
QLJNQGIWNAYLCS-BSQFLWIKSA-L,C8-β-glucuronosyl-bilirubin-IX α,3,QLJNQGIWNAYLCS,0,,
XORQOFPOXJLPPB-CQYSPVIFSA-N,30-oxo-β-amyrin,3,XORQOFPOXJLPPB,0,,
PNZHRLSVSIGZON-UHFFFAOYSA-M,"6-(2,4-dihydroxy-6-methylphenyl)-4-hydroxypyran-2-one",3,PNZHRLSVSIGZON,0,,
XXYQDXFKXSZMJO-AVCSPELISA-N,7β-hydroxythalianol,3,XXYQDXFKXSZMJO,0,,
BEBZGOSIJCIAKQ-RXMQYKEDSA-N,(2R)-4-(dimethylsulfaniumyl)-2-hydroxybutanoate,3,BEBZGOSIJCIAKQ,0,,
JDRASYJDBQMJOH-NOMSFGAGSA-N,"3β,14β,21-trihydroxy-5β-pregnane-20-one",3,JDRASYJDBQMJOH,0,,
XTPSFJKQTTVFCK-UHFFFAOYSA-O,(3-aminopropyl)dimethylsulfanium,3,XTPSFJKQTTVFCK,0,,
HCRUWIGJIZVCAW-UHFFFAOYSA-N,"1,6,8-trihydroxy-7-methoxy-2-methylanthraquinone",3,HCRUWIGJIZVCAW,0,,
VCANAWRETHJMLW-CTILAWNOSA-O,vindolidine,3,VCANAWRETHJMLW,0,,
ISMXOVVYLAOVER-FPVIQYCMSA-K,1-methylpyrrolidine-2-acetyl-CoA,3,ISMXOVVYLAOVER,0,,
UYCHPUIDXXFEKR-UHFFFAOYSA-O,8-aminooctan-4-one,3,UYCHPUIDXXFEKR,0,,
SWNWAVRKVMTEIQ-ABLUPSKSSA-L,N-β-D-glucosyl-(indol-3-yl)acetyl-L-aspartate,3,SWNWAVRKVMTEIQ,0,,
PVLUNCFMFFOPIJ-DOVUUNBWSA-N,"α-3',4'-anhydrovinblastine radical",3,PVLUNCFMFFOPIJ,0,,
POAVPLAOCHOOPK-VMPITWQZSA-N,dehydro(indole-3-yl)acetonitrile,3,POAVPLAOCHOOPK,0,,
ZCCQXWKOMFKYNA-ILETWAPCSA-N,(Z)-1-(L-cystein-S-yl)-N-hydroxy-ω-(methylsulfanyl)hexan-1-imine,3,ZCCQXWKOMFKYNA,0,,
GZOFCUCPYZIBSD-JSGCOSHPSA-M,indol-3-ylmethylisothiocyanate-[γ-Glu-Cys},3,GZOFCUCPYZIBSD,0,,
BWHPOOZLIGPHHL-QPCSTCLVSA-M,"4α-carboxy-5α-cholesta-7,24-dien-3β-ol",3,BWHPOOZLIGPHHL,0,,
FTDFTFXOJYXVTH-UHFFFAOYSA-M,"cyclic-3,4-O-oxalyl-L-threonate",3,FTDFTFXOJYXVTH,0,,
CIUZTBJZAMUYJU-DXNRTYHRSA-N,"5β-pregnane-3β,14β-diol-20-one",3,CIUZTBJZAMUYJU,0,,
DNRVHCHSZDHKIM-UKSYTCCDSA-N,"4α,14α-dimethyl-9β,19-cyclo-5α-cholest-24-en-3-one",3,DNRVHCHSZDHKIM,0,,
FTXKHJXUVPWVQB-LVSAPHKCSA-N,"4α-hydroxymethyl-5α-cholesta-7,24-dien-3β-ol",3,FTXKHJXUVPWVQB,0,,
BKUXVZCTYBVOAV-WPBMQZSPSA-L,α-D-Man-(1→3)-[α-D-Man-(1→6)]-α-D-Man-(1→4)-β-D-GlcNAc-(1→4)-α-D-GlcNAc-diphosphodolichol,3,BKUXVZCTYBVOAV,0,,
AUAPFMDMEQONFY-BSQFLWIKSA-L,C12-β-glucuronosyl-bilirubin-IX α,3,AUAPFMDMEQONFY,0,,
AGKFOAYTTMSUFA-OXWYXBBUSA-L,N-acetyl-β-D-glucosaminyl-(1→4)-N-acetyl-α-D-glucosaminyl-diphosphodolichol,3,AGKFOAYTTMSUFA,0,,
ABFIJCKNMGMYAX-UHFFFAOYSA-L,4-O-oxalyl-L-threonate,3,ABFIJCKNMGMYAX,0,,
AALOZWVGCDVETJ-XUKIZSLSSA-L,α-D-Glc-(1→3)-α-D-Glc-(1→3)-α-D-Man-(1→2)-α-D-Man-(1→2)-α-D-Man-(1→3)-[α-D-Man-(1→2)-α-D-Man-(1→3)-[α-D-Man-(1→2)-α-D-Man-(1→6)]-α-D-Man-(1→6)]-β-D-Man-(1→4)-β-D-GlcNAc-(1→4)-α-D-GlcNAc-diphosphodolichol,3,AALOZWVGCDVETJ,0,,
YFTFJUGGUKHGMJ-PQPPKSKMSA-N,"(2E,14E,18E)-lycopatriene",3,YFTFJUGGUKHGMJ,0,,
LMJXQDNIBLCFED-BXAVUDHBSA-N,delphinidin 3-O-rutinoside-7-O-(6-O-(p-hydroxybenzoyl)-glucoside),3,LMJXQDNIBLCFED,0,,
ZKSALBYCUMOUDO-TWOGUOSYSA-M,"(3β,9β)-4α-demethyl-4α-carboxy-9,19-cyclolanost-3-ol",3,ZKSALBYCUMOUDO,0,,
LOOVXQAHWKSBOP-RPORLEBXSA-N,(Z)-1-(L-cystein-S-yl)-N-hydroxy-ω-(methylsulfanyl)pentan-1-imine,3,LOOVXQAHWKSBOP,0,,
YEQCZLUNTZHCGP-BDDOYPOTSA-L,N-(β-glucosyl)-(oxindol-3-yl)acetyl-aspartate,3,YEQCZLUNTZHCGP,0,,
FYFJULGGTFPARF-UHFFFAOYSA-L,"1-deoxy-2,3-hexodiulose-6-phosphate",3,FYFJULGGTFPARF,0,,
LYAYHRQWYQGYJH-AOFOMWIKSA-N,2-(6-oxo-1-oxaspiro[2.5]octa-4-glucosyl)-6-hydroxy-1-benzofuran-3-one,3,LYAYHRQWYQGYJH,0,,
XHTXXEBWFGEUAC-UHFFFAOYSA-M,methylphoracetophenone,3,XHTXXEBWFGEUAC,0,,
YCJUJZCHFIQIEU-HQRMLTQVSA-N,"taxa-4(20),11(12)-diene",3,YCJUJZCHFIQIEU,0,,
CZHVVOQJNLDEEU-UHFFFAOYSA-L,"2-oxo-3-carboxy-4,5-cyclopropylhex-5-enoate",3,CZHVVOQJNLDEEU,0,,
FONFCQIMWXVKJQ-UHFFFAOYSA-N,2-hydroxyliquiritigenin,3,FONFCQIMWXVKJQ,0,,
BRNMYGIMJVYGAY-UHFFFAOYSA-M,"2-(2,8-dihydroxytridecyl)-6-oxopyran-4-olate",3,BRNMYGIMJVYGAY,0,,
KZCTZQMFYMYSGR-UHFFFAOYSA-N,1-(methylsulfanyl)-4-aci-nitrobutane,3,KZCTZQMFYMYSGR,0,,
BKYHCVAEPFKBAE-BSOYIBEGSA-N,"oxo-taxadiene-1β,2α,4α,10β-tetraol-9-one",3,BKYHCVAEPFKBAE,0,,
WSDRCWZBOIXKPF-OWOJBTEDSA-M,2-hydroxy-3-[(1E)-3-oxoprop-1-en-1-yl]-2H-pyran-6-carboxylate,3,WSDRCWZBOIXKPF,0,,
QMZGZQXNSUNJEY-CUVJYRNJSA-L,(3-hydroxy-2-oxindol-3-yl)acetyl-L-aspartate,3,QMZGZQXNSUNJEY,0,,
PXGJYJGHNZFNDH-NTSFPTSJSA-M,"oleanolate-3-beta-D-glucuronoside-(3,1)-galactoside-(4,1)-glucoside-28-glucoside",3,PXGJYJGHNZFNDH,0,,
PXYCXLNQKAEBRB-BGZGZKQHSA-M,"16α, 17-epoxy gibberellin A₉",3,PXYCXLNQKAEBRB,0,,
OQDMPMCCAJSZHB-KJIHWFIGSA-M,"16α,17-epoxy gibberellin A₄",3,OQDMPMCCAJSZHB,0,,
KNGCMXYOIZUVFL-UHFFFAOYSA-N,1-(methylsulfanyl)-7-aci-nitroheptane,3,KNGCMXYOIZUVFL,0,,
PBYOKOGRHHZTHQ-UHFFFAOYSA-L,3-carboxy-9-(methylsulfanyl)-2-oxononanoate,3,PBYOKOGRHHZTHQ,0,,
NDNXUPPJUCZTKB-KBXRYBNXSA-N,"1-phenyl-7-(3,4-dihydroxyphenyl)-hepta-1,3-dien-5-one",3,NDNXUPPJUCZTKB,0,,
LJGUUAGEPSXHMI-UHFFFAOYSA-L,hydratedusnate,3,LJGUUAGEPSXHMI,0,,
MYDXTOWWAMRZLU-DKLMTRRASA-N,"3,4-didehydroisozeaxanthin",3,MYDXTOWWAMRZLU,0,,
MMTYWJNSFWVPPS-UHFFFAOYSA-M,5-hydroxy-2-oxopentanoate,3,MMTYWJNSFWVPPS,0,,
RBVIYJGRPOEJCS-OWOJBTEDSA-M,2-hydroxy-4-[(1E)-3-oxoprop-1-en-1-yl]-2H-pyran-6-carboxylate,3,RBVIYJGRPOEJCS,0,,
UULZCTIPCNJXAT-HRAIJHJPSA-N,"4α,14α-dimethyl-porifersta-8,25(27)-dienol",3,UULZCTIPCNJXAT,0,,
GZRUEMAXFZIEER-FWSONLODSA-N,(Z)-1-(L-cystein-S-yl)-N-hydroxy-ω-(methylsulfanyl)heptan-1-imine,3,GZRUEMAXFZIEER,0,,
HURSLIFUDKOZCY-RBRRFQSQSA-L,"16α, 17-epoxy gibberellin A₁₂",3,HURSLIFUDKOZCY,0,,
SMAGVHUTDOFZAJ-WVQKSCCESA-M,"(2E,4Z,5E)-2-hydroxy-7-oxo-(2-oxoethylidene)hepta-2,5-dienoate",3,SMAGVHUTDOFZAJ,0,,
IGPCHXWXWBHSFS-WTTCWNDYSA-M,"(2E,4Z,6E)-5-formyl-2-hydroxy-8-oxoocta-2,4,6-trienoate",3,IGPCHXWXWBHSFS,0,,
SIIPNKRMISTJGG-IXYHWDSJSA-N,"porifersta-8,25(27)-dienol",3,SIIPNKRMISTJGG,0,,
MTNXHXKXYFWIRI-ZCFIWIBFSA-M,"3,5-didehydroshikimate",3,MTNXHXKXYFWIRI,0,,
KMHKIEPZTSCFEX-UBAVNZOLSA-N,"(2E6E,10E,14E,18E,22E)-lycopahexaene",3,KMHKIEPZTSCFEX,0,,
RTKXAGDIAPQBQG-JJCIQMDYSA-N,"4β,20-epoxy-5α-hydroxy-tax-11(12)-ene",3,RTKXAGDIAPQBQG,0,,
KNEDASIARFSPRT-YMXFWWKPSA-N,"oxo-taxadiene-4α,9α-diol",3,KNEDASIARFSPRT,0,,
WFOFTTUMRWXDJQ-BUVCFRMYSA-N,oxo-taxadiene-4α-ol,3,WFOFTTUMRWXDJQ,0,,
RCHMUSZDAXKWLS-BWVFJHAPSA-N,"tax-11(12)-ene 4β,20-epoxide",3,RCHMUSZDAXKWLS,0,,
RDHYTEHLFAGCRE-KLOBUHOBSA-N,"oxo-taxadiene-1β,2α,4α,7β,10β,13α-hexaol-9-one",3,RDHYTEHLFAGCRE,0,,
RPIBZLJIBKSODU-GLTRZDKYSA-N,oxo-taxadiene-4α-ol-9-one,3,RPIBZLJIBKSODU,0,,
RPSSQMRERURKIE-PALSXHESSA-N,"oxo-taxadiene-4α,10β-diol-9-one",3,RPSSQMRERURKIE,0,,
NOCUZOKOOMNRCW-RFHHWMCGSA-N,8-hydroxy-(+)-δ-cadinene,3,NOCUZOKOOMNRCW,0,,
UXXXEKHHDZDJJQ-OFBQGYNZSA-N,curcumin 4'-O-β-D-gentiotrioside,3,UXXXEKHHDZDJJQ,0,,
LGXIDHXUHZUGBY-QFCQUECXSA-N,"oxo-taxadiene-1β,2α,4α,10β,13α-pentaol-9-one",3,LGXIDHXUHZUGBY,0,,
LIWLTUWHHWEKGM-HZPDHXFCSA-N,noroxopluviine,3,LIWLTUWHHWEKGM,0,,
SCJZVZRWMAAWIK-IMWBZJKQSA-N,2α-hydroxytaxusin,3,SCJZVZRWMAAWIK,0,,
WUBRWXCVIPHXLX-DQBULIGTSA-M,carlactone carboxylate,3,WUBRWXCVIPHXLX,0,,
WRGKTDWHJSBCJR-UHFFFAOYSA-L,3-carboxy-6-(methylsulfanyl)-2-oxohexanoate,3,WRGKTDWHJSBCJR,0,,
UKCLJWRKPGPSLL-NGXRMTJOSA-N,"(2E,6E,10E,14E,18E)-lycopapentaene",3,UKCLJWRKPGPSLL,0,,
LXZOOYJPYFVQFL-UHFFFAOYSA-N,1-(methylsulfanyl)-8-aci-nitrooctane,3,LXZOOYJPYFVQFL,0,,
XXJZWLKRFPCKLB-UHFFFAOYSA-L,3-carboxy-7-(methylsulfanyl)-2-oxoheptanoate,3,XXJZWLKRFPCKLB,0,,
TYTGARXNZIJWFO-UHFFFAOYSA-N,"6-hydroxy-2-(6-oxo-1-oxaspiro[2.5]octa-4,7-dien-2-yl)-1-benzofuran-3-one",3,TYTGARXNZIJWFO,0,,
IBYIKDCSISCFLZ-JCLQIIOJSA-N,"(2E,10E,14E,18E)-lycopatetraene",3,IBYIKDCSISCFLZ,0,,
VWTJGLYGEBYALH-LNLYLEBQSA-N,"2α, 7β-dihydroxytaxusin",3,VWTJGLYGEBYALH,0,,
IILCKSYIKQRGAO-UHFFFAOYSA-N,6-hydroxy-allocryptopine,3,IILCKSYIKQRGAO,0,,
XWWGSEVYUBTSFS-UHFFFAOYSA-N,1-(methylsulfanyl)-5-aci-nitropentane,3,XWWGSEVYUBTSFS,0,,
YOBCOUZBIFVTFN-UHFFFAOYSA-L,3-carboxy-8-(methylsulfanyl)-2-oxooctanoate,3,YOBCOUZBIFVTFN,0,,
IPRXGGCUJGQBGA-FGMFUZAMSA-N,delphinidin 3-O-rutinoside-7-O-(6-O-(4-O-(glucosyl)-oxybenzoyl)-glucoside),3,IPRXGGCUJGQBGA,0,,
UKHZBTWECWUVPH-UHFFFAOYSA-L,3-carboxy-10-(methylsulfanyl)-2-oxodecanoate,3,UKHZBTWECWUVPH,0,,
JIBPFVLGFJYRFE-IWKQBAGXSA-N,Fe(II)-nicotianamine,3,JIBPFVLGFJYRFE,0,,
WRJULZYRRYOGJO-SFEFGNTJSA-N,(Z)-1-(L-cystein-S-yl)-N-hydroxy-ω-(methylsulfanyl)octan-1-imine,3,WRJULZYRRYOGJO,0,,
JUIVACOMDSBTJG-QMBVVCHWSA-N,"oxo-taxadiene-2α,4α,10β-triol-9-one",3,JUIVACOMDSBTJG,0,,
TWTOAJJIAAIGHT-AFAGGVQESA-M,delphinidin 3-O-β-D-sambubioside,2,TWTOAJJIAAIGHT,0,,
JZWUYCGDMCRRTE-OWOJBTEDSA-M,arabidopyl alcohol,2,JZWUYCGDMCRRTE,0,,
ZBKFYXZXZJPWNQ-UHFFFAOYSA-N,isothiocyanate,2,ZBKFYXZXZJPWNQ,0,,
ANAVISFXAGVRIA-VSHICFTDSA-L,3-(O-β-glucosyl)-(2-oxindol-3-yl)acetyl-L-aspartate,2,ANAVISFXAGVRIA,0,,
KXSHYYUBHQXNRZ-BKZHXLINSA-I,MoO₂(S)-molybdopterin cofactor,2,KXSHYYUBHQXNRZ,0,,
WMXFTQYMJYZSGZ-GWBHEEHPSA-N,(+)-sesaminol 2-O-β-D-gentiotrioside,2,WMXFTQYMJYZSGZ,0,,
PQZHEDVVKNTFII-DDSNRORXSA-N,"4-hydroxylamino-2,6-dinitrotoluene 3C-glucoside",2,PQZHEDVVKNTFII,0,,
XYGWCKIPKQTOCL-UYLZDWGHSA-N,eugenol 2-O-β-D-glucopyranosyl-(1-> 2)-[O-β-D-xylopyranosyl-(1-> 6)]-O-β-D-glucopyranoside,2,XYGWCKIPKQTOCL,0,,
YBLHASCZKLAOQF-UHFFFAOYSA-N,24-alkyl sterol 2,2,YBLHASCZKLAOQF,0,,
LLXMBNSNAAVMLO-ZFWWWQNUSA-M,indol-3-ylmethyl-glutathione,2,LLXMBNSNAAVMLO,0,,
YGGQRUODYYKCTL-HENWMNBSSA-N,"4-amino-2,6-dinitrotoluene glucoside",2,YGGQRUODYYKCTL,0,,
QVBBGNGHCPNDTD-DJRAKMMLSA-M,lampranthin I,2,QVBBGNGHCPNDTD,0,,
YGZYUUFOXHFXGY-YONICNLVSA-M,pelargonidin 3-O-β-D-(4-coumaroyl)-sambubioside,2,YGZYUUFOXHFXGY,0,,
BOUZNRKTKNKATH-UVFHUSQUSA-L,"16,17-dihydro-16α,17-dihydroxy gibberellin A₁₂",2,BOUZNRKTKNKATH,0,,
KXEJPZRMKAZJDD-APHCOPKYSA-N,isovitexin 7-O-xylosyl 2''-O-arabinoside,2,KXEJPZRMKAZJDD,0,,
PBZKZNBPDHJOIG-TWCGKSTOSA-N,isovitexin 2''-O-arabinosyl 7-O-galactoside,2,PBZKZNBPDHJOIG,0,,
MDJSEODEPHDJBE-XZDDVQLQSA-M,brassinolide 22-O-sulfate,2,MDJSEODEPHDJBE,0,,
ALXGAHXXVSWGDV-BYXXEIBDSA-N,soyasapogenol-E-3-O-β-D-glucoside,2,ALXGAHXXVSWGDV,0,,
AAUAODOXPIIHAN-UHFFFAOYSA-M,2-(hydroxypropyl)phenylarsinate,2,AAUAODOXPIIHAN,0,,
RIZXEQIPLKUODL-SHHKXEFASA-N,23-hydroxymarneral,2,RIZXEQIPLKUODL,0,,
MKYPFMIOAIZYTQ-JTQLQIEISA-N,indol-3-ylmethyl-L-cysteine,2,MKYPFMIOAIZYTQ,0,,
BQXJLKVZTDDERJ-UHFFFAOYSA-N,(Z)-butanethial oxide,2,BQXJLKVZTDDERJ,0,,
GMVJAWSHKWFNPN-HXZZEOLJSA-M,medicagenate-23-O-β-D-glucoside,2,GMVJAWSHKWFNPN,0,,
DQVJBPZRWJRGJO-UHFFFAOYSA-N,robustaquinone B,2,DQVJBPZRWJRGJO,0,,
FGQZFAWOAMMXKN-UHFFFAOYSA-M,heliocide B2,2,FGQZFAWOAMMXKN,0,,
YBIKXELGQAEZAC-HENWMNBSSA-N,"4-hydroxylamino-2,6-dinitrotoluene-O-glucoside",2,YBIKXELGQAEZAC,0,,
HRDFMECHEGTUKJ-IPAHHHFASA-N,5'-demethoxy-6-methoxypodophyllotoxin 7-glucoside,2,HRDFMECHEGTUKJ,0,,
DYFLXRJSODBNCV-JYOFUZOCSA-L,"N-[β-glucosyl-(1,4)-β-glucosyl]-(oxindol-3-yl)acetyl-aspartate",2,DYFLXRJSODBNCV,0,,
SGMAIFOCTCLBCB-UHFFFAOYSA-N,β-fenchocamphorone,2,SGMAIFOCTCLBCB,0,,
VBNWAWCGTCKMJY-VOTSOKGWSA-N,24-alkyl sterol 1,2,VBNWAWCGTCKMJY,0,,
OEXGWMJSOMQOBP-XVMBTQODSA-N,"3β,15,16-trihydroxydolabrene",2,OEXGWMJSOMQOBP,0,,
NZCSCAGBYIYATR-UXBHNABYSA-N,"10',6-diapocarotene-10',6-dial",2,NZCSCAGBYIYATR,0,,
BJGOJWHZMWETSG-SNVBAGLBSA-M,zealexin A4,2,BJGOJWHZMWETSG,0,,
CMGFICSLNOXZET-HENWMNBSSA-N,"2-amino-4,6-dinitrotoluene glucoside",2,CMGFICSLNOXZET,0,,
KOOZCCYWPAFTCF-DLQNOBSRSA-N,"6G,6-kestotetraose",2,KOOZCCYWPAFTCF,0,,
LSQWCIYRGVWPFX-UHFFFAOYSA-N,"6,7-dehydrobaicalein",2,LSQWCIYRGVWPFX,0,,
GHMAEIIKOBMFLV-UHFFFAOYSA-N,4-hydroxy-2-oxobutyrolactone,2,GHMAEIIKOBMFLV,0,,
POHJJGKCTRJDSU-HSZRJFAPSA-K,2-C22:0-DCA-LPA,2,POHJJGKCTRJDSU,0,,
RRISDBXWLOLICW-VXLUQKRESA-N,"8'-(3,4-dihydroxy-5-alkenyl)phenyl-3-[9'E,11'E,13'Z-pentadecatrienyl]catechol",2,RRISDBXWLOLICW,0,,
FLTRYYPYDXSVMK-UHFFFAOYSA-M,zealexin B1,2,FLTRYYPYDXSVMK,0,,
LHTWOCYDZMMOOG-IVXJDZNUSA-N,dimeric urushiol peroxide,2,LHTWOCYDZMMOOG,0,,
LADBPVPUWQYSSY-HNNXBMFYSA-M,zealexin A2,2,LADBPVPUWQYSSY,0,,
SXLFXLCZTZZULG-KQUFAFJRSA-N,curcumin 4'-O-β-D-gentiotetraside,2,SXLFXLCZTZZULG,0,,
TVGWWABLGLVNFY-QTFKDKGUSA-J,"10,16-dihydroxypalmitoyl-CoA",2,TVGWWABLGLVNFY,0,,
FDHKZWGRIMCNIS-HENWMNBSSA-N,"2-hydroxylamino-4,6-dinitrotoluene-O-glucoside",2,FDHKZWGRIMCNIS,0,,
HZKBHRZARZUXPO-JLBYXMBLSA-N,1-palmitoyl-2-vernoloyl-phosphatidylcholine,2,HZKBHRZARZUXPO,0,,
XISWFINDKWMOOA-AWKPNKRMSA-L,"delphinidin 3-O-(6""-O-malyl-β-D-glucoside)",2,XISWFINDKWMOOA,0,,
QQCCVSOGYVAKGY-KQUFAFJRSA-N,"curcumin 4',4''-O-β-D-digentiobioside",2,QQCCVSOGYVAKGY,0,,
JBMPKBPWGYJDNW-YONICNLVSA-N,pelargonidin 3-O-β-D-(caffeoyl)-sambubioside,2,JBMPKBPWGYJDNW,0,,
MCTHLMSFLMEBEK-AAEUAGOBSA-L,betanidin quinone,2,MCTHLMSFLMEBEK,0,,
MTZMEPTUCWLNRV-FOQZLENISA-M,"pelargonidin 3-O-(6""-O-malyl-β-D-glucoside)",2,MTZMEPTUCWLNRV,0,,
NVWSHDUTSCLIGK-UHFFFAOYSA-N,DIMBOA,2,NVWSHDUTSCLIGK,0,,
PXILXJZAZQLESA-GCEKEWBKSA-M,"16,17-dihydro-16α,17-dihydroxy gibberellin A₄",2,PXILXJZAZQLESA,0,,
QIUPXFMYYHJWSC-OWOJBTEDSA-L,arabidopate,2,QIUPXFMYYHJWSC,0,,
QJYOBEMAMLWZTF-ALQFCZPRSA-M,malonyl-furaneol glucopyranoside,2,QJYOBEMAMLWZTF,0,,
SOMDRJIVEKIXDG-DYJSFFMXSA-N,soyasapogenol B-3-O-β-D-glucoside,2,SOMDRJIVEKIXDG,0,,
JHUWCOQIKDJHGC-XTKNNOLBSA-N,guaiacol 2-O-β-D-glucopyranosyl-(1-> 2)-[O-β-D-xylopyranosyl-(1-> 6)]-O-β-D-glucopyranoside,2,JHUWCOQIKDJHGC,0,,
TTYIMJVEUGPLAQ-DNRHUSGGSA-N,desaturated 7β-hydroxythalianol,2,TTYIMJVEUGPLAQ,0,,
SXGAXOMQODZFEX-QUNQUYFKSA-N,4-O-methyl-DIBOA-glucoside,2,SXGAXOMQODZFEX,0,,
ODSJFVQKGDHXNB-BKZHXLINSA-I,MoO₂(OH)-molybdopterin cofactor,2,ODSJFVQKGDHXNB,0,,
ORBKYZVAOYYRJD-JPNGUODHSA-N,soyasapogenol E-23-O-β-D-glucoside,2,ORBKYZVAOYYRJD,0,,
XCUQINBMYSWRHJ-DLRKVQIZSA-N,fagopyritol B3,2,XCUQINBMYSWRHJ,0,,
CQKFGYQBBQNDQG-NKXGADSASA-N,"isorhamnetin 3-O-(3"",6""-O-di-4-coumaroyl)-glucoside",2,CQKFGYQBBQNDQG,0,,
CLTBEBVDVYGILF-BDNNUWMGSA-N,cyanidin 3-O-glucoside-7-O-(6-O-(4-O-(6-O-(p-hydroxybenzoyl)-glucosyl)-oxybenzoyl)-glucoside),2,CLTBEBVDVYGILF,0,,
LQVHMKSGVVHSHF-DDSNRORXSA-N,"2-hydroxylamino-4,6-dinitrotoluene-C3-glucoside",2,LQVHMKSGVVHSHF,0,,
ABBXHUGHLKTIFP-AMBVJARFSA-K,a dolichyl pyrophosphate,2,ABBXHUGHLKTIFP,0,,
ZHVDMMGTPDSABS-OWOJBTEDSA-M,iso-arabidopyl alcohol,2,ZHVDMMGTPDSABS,0,,
XCUQINBMYSWRHJ-SSRWMGOCSA-N,fagopyritol A3,2,XCUQINBMYSWRHJ,0,,
VVFYEUKYTLSHRZ-DUXPYHPUSA-L,iso-arabidopate,2,VVFYEUKYTLSHRZ,0,,
WFTBVPNDDYMTNW-UHFFFAOYSA-N,"dodecane-1,7-diol",2,WFTBVPNDDYMTNW,0,,
GBZWMUPVORAWBY-HBUFFLJYSA-L,a radical of luteolin-7-O-diglucuronide,2,GBZWMUPVORAWBY,0,,
XVVLVNIOQHUWFO-USOAJAOKSA-N,14-apo-arabidiol,2,XVVLVNIOQHUWFO,0,,
YAHBSDIPFPMSAO-UHFFFAOYSA-M,heliocide B3,2,YAHBSDIPFPMSAO,0,,
AZHNCVSMSKZQKM-XPGQGOEOSA-N,"2,4-di(2-methyl)butanoyl-3-(6-methyl)heptanoyl-sucrose",0,AZHNCVSMSKZQKM,0,,
TUAQTVHCVXGYKM-UHFFFAOYSA-N,"7,4'-dihydroxy, 8-methoxyflavone",0,TUAQTVHCVXGYKM,0,,
BNXZOIDSAUKXGW-UHFFFAOYSA-O,dehydrocheilanthifoline,0,BNXZOIDSAUKXGW,0,,
DXEXHMSJWQXEDR-GUZOQHLSSA-N,"(Z,E)-germacrene B",0,DXEXHMSJWQXEDR,0,,
CIZSJGKCVNJXTC-NNPZUXBVSA-M,"(22R,23R)-28-homobrassinolide 22-sulfate",0,CIZSJGKCVNJXTC,0,,
DBYQGTLFSQKPCA-UHFFFAOYSA-N,4-hydroxy-5-methyl-2-propyl-3(2H)-furanone,0,DBYQGTLFSQKPCA,0,,
DTXLMVIHOKFQAR-KJJRRPHQSA-N,"3,5-dihydroxy-6,7-didehydro-12'-apo-β-caroten-12'-al",0,DTXLMVIHOKFQAR,0,,
DYVHOWCHNAWQBM-YBBILEQGSA-K,(2βOH)-gibberellin₂₈,0,DYVHOWCHNAWQBM,0,,
FNIUBSIDCASCHN-KBNKRYIKSA-N,"2,4,6-tri(2-methyl)butanoyl-3-(5-methyl)hexanoyl-sucrose",0,FNIUBSIDCASCHN,0,,
FODZPEXOKQMZLX-LTOLBOEQSA-N,"2,4-di(2-methyl)butanoyl-3-(4-methyl)pentanoyl-sucrose",0,FODZPEXOKQMZLX,0,,
XEGWDDJDOFYUBF-BPYUMQNDSA-N,"(3β,9β)-4α-demethyl-4α-formyl-9,19-cyclolanost-3-ol",0,XEGWDDJDOFYUBF,0,,
SUIMCTAIUDUMJF-GXJRYFRBSA-N,"2,4-di(2-methyl)butanoyl-3-(5-methyl)hexanoyl-6-isobutanoyl-sucrose",0,SUIMCTAIUDUMJF,0,,
RZLRADQNIZRGRA-YMQHIKHWSA-N,7-O-β-D-glucosyl-7-hydroxyflavone,0,RZLRADQNIZRGRA,0,,
VOGYCJZGORDPOR-VKHMYHEASA-N,S-(sulfanylmethyl)-L-cysteine,0,VOGYCJZGORDPOR,0,,
FVKLZMWSTDCRNH-DGHKNJJESA-N,"2,4-di(2-methyl)butanoyl-3-(6-methyl)heptanoyl-6-(2-methyl)butanoyl-sucrose",0,FVKLZMWSTDCRNH,0,,
WBIUNSQUXDDCMH-UHFFFAOYSA-L,sulfanylarsonate,0,WBIUNSQUXDDCMH,0,,
WHOASQMNRGOGJB-UTNXWDCOSA-J,18-oxo-oleoyl-CoA,0,WHOASQMNRGOGJB,0,,
WZVBMYNCJXSJII-BQBZGAKWSA-N,2-S-cysteinyldopaquinone,0,WZVBMYNCJXSJII,0,,
XTJZWXWDOCJQTN-DTHJDAIJSA-M,auricolate,0,XTJZWXWDOCJQTN,0,,
YDWCWSGPZRFQSO-UHFFFAOYSA-M,[dihydroxy(sulfanylidene)-λ⁵-arsanyl]sulfanide,0,YDWCWSGPZRFQSO,0,,
YLURGPAULPYZSN-SNVBAGLBSA-N,α-terpinyl cation,0,YLURGPAULPYZSN,0,,
YOWZFXGYLFJKGZ-UHFFFAOYSA-N,"L-sorbosone 2,6-lactone",0,YOWZFXGYLFJKGZ,0,,
ZNJUNWARRIXWAA-IKABJLMCSA-M,2-carboxy-L-lyxonolactone,0,ZNJUNWARRIXWAA,0,,
RYJJOMQPAAUFBF-TXICZTDVSA-L,ribose-1-arsenate,0,RYJJOMQPAAUFBF,0,,
PJFLQYKMDCABGN-FWIQQJMXSA-M,24-epicathasterone-3-O-sulfate,0,PJFLQYKMDCABGN,0,,
PTNXUEMRTYROFJ-XMXOBRKPSA-N,"2,4-di(2-methyl)butanoyl-3-(6-methyl)heptanoyl-6-isobutanoyl-sucrose",0,PTNXUEMRTYROFJ,0,,
PZQLEJWUDYSKKW-GIRZQDQISA-N,"2,4,6-tri(2-methyl)butanoyl-3-(4-methyl)pentanoyl-sucrose",0,PZQLEJWUDYSKKW,0,,
TUINPFNNQVOPAX-UYWIAISTSA-N,"2,4-di(2-methyl)butanoyl-3-(4-methyl)pentanoyl-6-isobutanoyl-sucrose",0,TUINPFNNQVOPAX,0,,
VDKUVTCFUXVZCC-QLAVEODCSA-M,(+)-7-epi-12-hydroxyjasmonoyl-L-phenylalanine,0,VDKUVTCFUXVZCC,0,,
UZLPMHGCXVJFGY-UHFFFAOYSA-N,pyrithiamine,0,UZLPMHGCXVJFGY,0,,
NTPLIZCSFKSXCB-NSHDSACASA-N,carthamidin-7-methyl ether,0,NTPLIZCSFKSXCB,0,,
HFNOFNDLBTVECO-UHFFFAOYSA-L,"2,2'-azino-bis-(3-ethylbenzothiazoline-6-sulfonate) radical cation",0,HFNOFNDLBTVECO,0,,
IGLUETUHJXMGBD-YMQHIKHWSA-N,6-O-β-D-glucosyl-6-hydroxyflavone,0,IGLUETUHJXMGBD,0,,
IRJFQJLMGAGGGE-TYYSRRQDSA-N,"2,4-di(2-methyl)butanoyl-3-(5-methyl)hexanoyl-sucrose",0,IRJFQJLMGAGGGE,0,,
JWTDVNSFHBUKTK-OKTBDYBISA-N,30-oxoobtusifoliol,0,JWTDVNSFHBUKTK,0,,
KQRXSOWGZRBDOE-MPBPJTCYSA-N,an inulosaccharide,0,KQRXSOWGZRBDOE,0,,
MXFYIPZNENWPSK-NKOPCKDMSA-M,"(22R,23R)-28-homocastasterone 22-O-sulfate",0,MXFYIPZNENWPSK,0,,
NLRBCQBDLKXHQX-OKTBDYBISA-N,30-hydroxyobtusifoliol,0,NLRBCQBDLKXHQX,0,,
NSQYDLCQAQCMGE-UHFFFAOYSA-N,2-butyl-4-hydroxy-5-methyl-3(2H)-furanone,0,NSQYDLCQAQCMGE,0,,
VIFGWTCNTQQMHH-HUWKDVIGSA-N,"14α-formyl-4α-methyl-5α-cholesta-8,24-dien-3β-ol",0,VIFGWTCNTQQMHH,0,,
FZCCZJUZTWIUSP-XRJYRSKCSA-J,"(4E)-5-(3,4-dihydroxyphenyl)-3-oxopent-4-enoyl-CoA",0,FZCCZJUZTWIUSP,0,,
GHRDZXOPWCUEBE-SVHODSNWSA-J,5-methyl-3-oxohexanoyl-CoA,0,GHRDZXOPWCUEBE,0,,
HHRBLMVGQRQPML-UHFFFAOYSA-L,[hydroxy(sulfanidyl)sulfanylidene-λ⁵-arsanyl]sulfanide,0,HHRBLMVGQRQPML,0,,
HOKJXHGZPDVBLS-BQBZGAKWSA-N,5-S-cysteinyldopaquinone,0,HOKJXHGZPDVBLS,0,,
HWVWXEOIUCFPQJ-BPYUMQNDSA-N,"(3β,9β)-4α-demethyl-4α-methylhydroxy-9,19-cyclolanost-3-ol",0,HWVWXEOIUCFPQJ,0,,
ILTCAPLRBIEGDX-UHFFFAOYSA-N,benzyl 1-hydroxy-6-oxocyclohex-2-ene-1-carboxylate,0,ILTCAPLRBIEGDX,0,,
ILTPZXUNQYGXOJ-TYCYOEEFSA-O,N⁶-(1-deoxy-D-fructos-1-yl)-L-lysine,0,ILTPZXUNQYGXOJ,0,,
IMZRQZICOZIGNP-UHFFFAOYSA-L,bisorganyltrisulfane,0,IMZRQZICOZIGNP,0,,
IUAXCSJHGHJUCG-UHFFFAOYSA-N,4-[1-methyl-2-(5-hydroxy)pyrrolidinyl]-3-oxobutanoate,0,IUAXCSJHGHJUCG,0,,
IWNXUEJVORLSHL-UHFFFAOYSA-J,iron(III)-biliverdine-IX α,0,IWNXUEJVORLSHL,0,,
JBASSMQXCFRUTA-PMIIOQGLSA-N,4α-hydroxymethyl-14α-methyl-cholesta-8-enol,0,JBASSMQXCFRUTA,0,,
JFGVATQDLBFQRV-HPQJSUICSA-K,verdoheme,0,JFGVATQDLBFQRV,0,,
JJPKPKGALPXILL-FNORWQNLSA-N,(2E)-2-butylidene-4-hydroxy-5-methyl-3(2H)-furanone,0,JJPKPKGALPXILL,0,,
FXGRLMRSIUVXCI-UWFIBFSHSA-N,"4',4'-dihydroxyadonixanthin",0,FXGRLMRSIUVXCI,0,,
JLZLUWUJOFLXHE-ZNQVSPAOSA-N,"4,4-dihydroxyzeaxanthin",0,JLZLUWUJOFLXHE,0,,
ACTWFMHQVJBPRM-KBXRYBNXSA-N,"4-[(4E,6E)-3-oxo-7-phenylhepta-4,6-dien-1-yl]cyclohexa-3,5-diene-1,2-dione",0,ACTWFMHQVJBPRM,0,,
ARWMRCBCVDYYON-ZLVNENNRSA-B,CuII-phytate,0,ARWMRCBCVDYYON,0,,
BOHJHCDMBHKGFD-OGQGWYMCSA-O,"3-epoxy-16-methoxy-2,3-dihydrotabersonine",0,BOHJHCDMBHKGFD,0,,
BVWXBDYZZFSXIL-CCXZUQQUSA-N,N-(1-deoxy-D-fructopyranos-1-yl)glycine,0,BVWXBDYZZFSXIL,0,,
CCPLINBVPZXDFY-ROKXECAJSA-N,"3,4'-dihydroxyechinenone",0,CCPLINBVPZXDFY,0,,
CQIRJDZGDXTXKF-STHAYSLISA-L,2-carboxy-L-lyxonate,0,CQIRJDZGDXTXKF,0,,
DFYHDDCNKMPXMX-UHFFFAOYSA-M,6-isobutyl-4-hydroxy-2-pyrone,0,DFYHDDCNKMPXMX,0,,
DVKICQVYPFLMFO-UXIZECEMSA-J,cis-enol-3-oxomelilotoyl-CoA,0,DVKICQVYPFLMFO,0,,
FCBZHKUEDRJCAS-HUWKDVIGSA-N,"4α-methyl-14α-hydroxymethyl-5α-cholesta-8,24-dien-3β-ol",0,FCBZHKUEDRJCAS,0,,
FQFRDDVZPBFYST-GLTODZKNSA-J,4-hydroxycrotonyl-CoA,0,FQFRDDVZPBFYST,0,,
ORMODAWSCPCRNN-HMLYJFOKSA-N,tomatid-5-en-3-one,0,ORMODAWSCPCRNN,0,,
PIDCKTUHAFJESG-YBHYYHSUSA-J,"3-(3,4-dihydroxyphenyl)-3-hydroxypropanoate",0,PIDCKTUHAFJESG,0,,
PXWOXJLHXFRHEW-ROKXECAJSA-N,"3,4',4'-trihydroxyechinenone",0,PXWOXJLHXFRHEW,0,,
QIINDYLWHQVGEZ-UHFFFAOYSA-M,heptaketide pyrone intermediate,0,QIINDYLWHQVGEZ,0,,
QIKCVSLEZBFGCU-CEPNNTPPSA-J,α-hydroxyheme,0,QIKCVSLEZBFGCU,0,,
QOYBDYMPWLOFKG-YCHQMNKZSA-K,3-deoxy-D-arabino-heptulopyranuronate 7-phosphate,0,QOYBDYMPWLOFKG,0,,
RIAWVQFBXPMMDD-WDTFGNNBSA-N,dimeric urushiol,0,RIAWVQFBXPMMDD,0,,
RQBIFHFSVGODDD-LURJTMIESA-M,"8-[(2S)-2-amino-2-carboxylatoethyl]-5-hydroxy-2H-1,4-benzothiazine-3-carboxylate",0,RQBIFHFSVGODDD,0,,
RSEFDAKYCYLNIE-KEOHHSTQSA-M,cyclic ADP-ribose,0,RSEFDAKYCYLNIE,0,,
TZLHPXHOPLCTTE-KSPARTEWSA-O,intermediate IV,0,TZLHPXHOPLCTTE,0,,
OBUYIUIFFBCOOV-OQTQPSEISA-O,intermediate III,0,OBUYIUIFFBCOOV,0,,
JPLUXSIYIQGVTD-GQCTYLIASA-N,(2E)-4-hydroxy-5-methyl-2-propylidene-3(2H)-furanone,0,JPLUXSIYIQGVTD,0,,
NUBWWXSSATXWGC-UHFFFAOYSA-K,[disulfanidyl(sulfanylidene)-λ⁵-arsanyl]sulfanide,0,NUBWWXSSATXWGC,0,,
JXMXPKLVNXOVAF-UHFFFAOYSA-N,6-chloro-2-phenyl-4-sulfanylpyrimidine,0,JXMXPKLVNXOVAF,0,,
JZTVPFGKBUWSDJ-UHFFFAOYSA-N,4-(1-methyl-2-Δ¹-pyrrolidinyl)-3-oxobutanoate,0,JZTVPFGKBUWSDJ,0,,
KPFCZRFJEMLQFE-FUEUKBNZSA-J,3-oxomelilotoyl-CoA,0,KPFCZRFJEMLQFE,0,,
KQRQKNUGLKGTSJ-LTOLZBHSSA-M,(L-glutamyl)adenylate,0,KQRQKNUGLKGTSJ,0,,
LJWYQSYNCSBLAT-PMIIOQGLSA-N,4α-formyl-14α-methyl-cholesta-8-enol,0,LJWYQSYNCSBLAT,0,,
LUJYEBNGNGLDOW-VIFPVBQESA-N,S-fenclorimyl-L-cysteine,0,LUJYEBNGNGLDOW,0,,
LXTJQOKOTMRERV-RKYHVTRTSA-N,N-(1-deoxy-D-fructos-1-yl)-L-valine,0,LXTJQOKOTMRERV,0,,
LZPFFKBGBPBJAW-JSIGFUFCSA-M,(-)-jasmonoyl-L-valine,0,LZPFFKBGBPBJAW,0,,
MJTOFLFMNGKVNS-TYCYOEEFSA-O,N¹-(1-deoxy-D-fructos-1-yl)-L-lysine,0,MJTOFLFMNGKVNS,0,,
MTSKWRIATJSKFJ-UHFFFAOYSA-N,"L-sorbosone 1,4-lactone",0,MTSKWRIATJSKFJ,0,,
NITDPUFIYQDBCA-UDUUBDRPSA-M,S-lactoylglutathione hemithioacetal,0,NITDPUFIYQDBCA,0,,
YFZOUMNUDGGHIW-UHFFFAOYSA-L,p-chloromercuribenzoate,208,YFZOUMNUDGGHIW,1,Q229946,YFZOUMNUDGGHIW-UHFFFAOYSA-M
WMHRYLDWLOGHSG-UHFFFAOYSA-L,p-hydroxymercuribenzoate,129,WMHRYLDWLOGHSG,1,Q10956642,WMHRYLDWLOGHSG-UHFFFAOYSA-M
DPOWHSMECVNHAT-UHFFFAOYSA-N,tetcyclacis,52,DPOWHSMECVNHAT,1,Q27258163,DPOWHSMECVNHAT-YERPJTIDSA-N
KIUMMUBSPKGMOY-UHFFFAOYSA-L,"5,5'-dithio-bis-2-nitrobenzoate",33,KIUMMUBSPKGMOY,1,Q3604488,KIUMMUBSPKGMOY-UHFFFAOYSA-N
VMMKGHQPQIEGSQ-UHFFFAOYSA-L,minodronate,24,VMMKGHQPQIEGSQ,1,Q2823280,VMMKGHQPQIEGSQ-UHFFFAOYSA-N
IIDJRNMFWXDHID-UHFFFAOYSA-K,risedronate,24,IIDJRNMFWXDHID,1,Q408724,IIDJRNMFWXDHID-UHFFFAOYSA-N
XRASPMIURGNCCH-UHFFFAOYSA-L,zoledronate,24,XRASPMIURGNCCH,1,Q218507,XRASPMIURGNCCH-UHFFFAOYSA-N
WRUUGTRCQOWXEG-UHFFFAOYSA-M,pamidronate,24,WRUUGTRCQOWXEG,1,Q627499,WRUUGTRCQOWXEG-UHFFFAOYSA-N
NQRKYASMKDDGHT-UHFFFAOYSA-M,carboxymethoxylamine,19,NQRKYASMKDDGHT,1,Q4746466,NQRKYASMKDDGHT-UHFFFAOYSA-N
OAZBZQJUELMYST-UHFFFAOYSA-L,chloroacetol-phosphate,14,OAZBZQJUELMYST,1,Q83048807,OAZBZQJUELMYST-UHFFFAOYSA-N
SDOOMIWSQMGJCL-HTLJXXAVSA-L,(2-oxindol-3-yl)acetyl-L-aspartate,13,SDOOMIWSQMGJCL,1,Q106029343,SDOOMIWSQMGJCL-HTLJXXAVSA-N
KIHXTOVLSZRTHJ-ALCCZGGFSA-M,(9Z)-traumatin,12,KIHXTOVLSZRTHJ,1,Q27109115,KIHXTOVLSZRTHJ-ALCCZGGFSA-N
ILGMGHZPXRDCCS-UHFFFAOYSA-M,2-oxoindole-3-acetate,12,ILGMGHZPXRDCCS,1,Q82930683,ILGMGHZPXRDCCS-UHFFFAOYSA-N
NHDPIYICCBKNNJ-FUEUKBNZSA-J,3-oxo-3-phenylpropanoyl-CoA,12,NHDPIYICCBKNNJ,1,Q27103101,NHDPIYICCBKNNJ-FUEUKBNZSA-N
UDPGUMQDCGORJQ-UHFFFAOYSA-M,2-chloroethylphosphonate,11,UDPGUMQDCGORJQ,1,Q209355,UDPGUMQDCGORJQ-UHFFFAOYSA-N
NQYBQBZOHCACCR-UHFFFAOYSA-M,deoxyhumulone,11,NQYBQBZOHCACCR,1,Q74411445,NQYBQBZOHCACCR-UHFFFAOYSA-N
KKFIZYKKQLWBKH-UHFFFAOYSA-M,deoxycohumulone,11,KKFIZYKKQLWBKH,1,Q74417224,KKFIZYKKQLWBKH-UHFFFAOYSA-N
GCEHZSFCBPUADZ-VJXVFPJBSA-M,"3-C-glucosyl-2,4,4',6-tetrahydroxydibenzoylmethane",11,GCEHZSFCBPUADZ,1,Q50318275,GCEHZSFCBPUADZ-VJXVFPJBSA-N
QALHNGMTIIHGNI-YFKPBYRVSA-O,Se-methyl-Se-L-methionine,10,QALHNGMTIIHGNI,1,Q82991148,QALHNGMTIIHGNI-UHFFFAOYSA-O
JQWABENXVMJJMW-NPPUSCPJSA-L,2-(glutathion-S-yl)-2-carboxypropane,10,JQWABENXVMJJMW,1,Q115948084,JQWABENXVMJJMW-UHFFFAOYSA-N
OUWGZZOPFVOIFO-SHPGVJHPSA-M,pelargonidin 3-O-β-D-caffeoylglucoside,10,OUWGZZOPFVOIFO,1,Q27149485,OUWGZZOPFVOIFO-SHPGVJHPSA-O
YJGANOFPASCZBK-WCNZLWBOSA-K,dihydrogeranylgeranyl pyrophosphate,10,YJGANOFPASCZBK,1,Q27155046,YJGANOFPASCZBK-VPMBNJIQSA-N
VZBGWADXUJSBTI-PYDDKJGSSA-K,tetrahydrogeranylgeranyl pyrophosphate,10,VZBGWADXUJSBTI,1,Q27155047,VZBGWADXUJSBTI-HMMYKYKNSA-N
IOBXAMCSYCVNET-UHFFFAOYSA-M,4-prenylphlorisobutyrophenone,9,IOBXAMCSYCVNET,1,Q74411709,IOBXAMCSYCVNET-UHFFFAOYSA-N
PJZBKCVVFPTFAW-UHFFFAOYSA-O,N-methylaminobutanal,9,PJZBKCVVFPTFAW,1,Q27105520,PJZBKCVVFPTFAW-UHFFFAOYSA-N
LWLGKGHHVBVDKB-UHFFFAOYSA-M,4-prenylphlorisovalerophenone,9,LWLGKGHHVBVDKB,1,Q74417975,LWLGKGHHVBVDKB-UHFFFAOYSA-N
XCADVMZZFPIERR-KQYNXXCUSA-L,adenosine 5'-phosphoselenate,8,XCADVMZZFPIERR,1,Q27105680,XCADVMZZFPIERR-KQYNXXCUSA-N
LTHDIZOWAIGONP-KODRXGBYSA-K,2-deoxy-6-phospho-D-gluconate,8,LTHDIZOWAIGONP,1,Q76084569,LTHDIZOWAIGONP-KODRXGBYSA-N
UAKKWAVFAPTAOA-SQLMURCQSA-L,gibberellin A₃₇,8,UAKKWAVFAPTAOA,1,Q76100256,UAKKWAVFAPTAOA-SQLMURCQSA-N
VXESUOYBWMDWCJ-UHFFFAOYSA-M,deoxyadlupulone,8,VXESUOYBWMDWCJ,1,Q74417480,VXESUOYBWMDWCJ-UHFFFAOYSA-N
XESIWQIMUSNPRO-UHFFFAOYSA-M,"1,3,5-trihydroxyxanthone",8,XESIWQIMUSNPRO,1,Q27105308,XESIWQIMUSNPRO-UHFFFAOYSA-N
LVPGCTXCBGXZHO-ZWIJEDICSA-M,4-coumaroyl-4'-hydroxyphenyllactate,8,LVPGCTXCBGXZHO,1,Q76534054,LVPGCTXCBGXZHO-ZWIJEDICSA-N
JMIFIYIEXODVTO-UHFFFAOYSA-M,patuletin,7,JMIFIYIEXODVTO,1,Q6626552,JMIFIYIEXODVTO-UHFFFAOYSA-N
VKCHGHDJFMXENE-ZZXKWVIFSA-M,4-coumaroyl-diketide,7,VKCHGHDJFMXENE,1,Q76511993,VKCHGHDJFMXENE-ZZXKWVIFSA-N
DVRKGRMGQJLNPC-NIDYUPDJSA-N,1-18:2-2-16:3-monogalactosyldiacylglycerol,7,DVRKGRMGQJLNPC,1,Q115951818,DVRKGRMGQJLNPC-UHFFFAOYSA-N
CFIAMSAKPMQXNK-HSJNEKGZSA-J,"3,5-dioxodecanoyl-CoA",7,CFIAMSAKPMQXNK,1,Q76804149,CFIAMSAKPMQXNK-HSJNEKGZSA-N
FBDCJLXTUCMFLF-QMMMGPOBSA-M,(indol-3-yl)acetyl-L-alanine,6,FBDCJLXTUCMFLF,1,Q27139796,FBDCJLXTUCMFLF-QMMMGPOBSA-N
DIVQKHQLANKJQO-UHFFFAOYSA-O,3-methoxytyramine,6,DIVQKHQLANKJQO,1,Q4634167,DIVQKHQLANKJQO-UHFFFAOYSA-N
JJUNZBRHHGLJQW-UHFFFAOYSA-M,"1,3,7-trihydroxyxanthone",6,JJUNZBRHHGLJQW,1,Q27106719,JJUNZBRHHGLJQW-UHFFFAOYSA-N
LMXOHSDXUQEUSF-PWAUXLQOSA-O,sinefungin,6,LMXOHSDXUQEUSF,1,Q27093021,LMXOHSDXUQEUSF-YECHIGJVSA-N
ZVOLCUVKHLEPEV-UHFFFAOYSA-M,quercetagetin,6,ZVOLCUVKHLEPEV,1,Q5931085,ZVOLCUVKHLEPEV-UHFFFAOYSA-N
GSLQFBVNOFBPRJ-RXMQYKEDSA-N,"(S)-9-(2,3-dihydroxypropyl)-adenine",6,GSLQFBVNOFBPRJ,1,Q76005873,GSLQFBVNOFBPRJ-YFKPBYRVSA-N
ZIUGAQNCXNLSFT-KZJSRBBCSA-M,caffeoyl-4'-hydroxyphenyllactate,6,ZIUGAQNCXNLSFT,1,Q76534090,ZIUGAQNCXNLSFT-KZJSRBBCSA-N
JPCTZWFFRZZTMM-UMQXSMKFSA-N,neoabietadienal,6,JPCTZWFFRZZTMM,1,Q27110206,JPCTZWFFRZZTMM-LWYYNNOASA-N
MRRHSEMHYVQUFK-NKUTVCTDSA-N,neoabietadiene,6,MRRHSEMHYVQUFK,1,Q27110205,MRRHSEMHYVQUFK-CMKODMSKSA-N
MUBMRBNHMHINMF-UMQXSMKFSA-N,neoabietadienol,6,MUBMRBNHMHINMF,1,Q27110208,MUBMRBNHMHINMF-LWYYNNOASA-N
NSZZLJRPLSVZFT-RZVKFFEFSA-L,cyclo-dopa glucuronosyl glucoside,6,NSZZLJRPLSVZFT,1,Q76616230,NSZZLJRPLSVZFT-RZVKFFEFSA-N
PQPXZWUZIOASKS-UHFFFAOYSA-O,dopamine quinone,6,PQPXZWUZIOASKS,1,Q27144822,PQPXZWUZIOASKS-UHFFFAOYSA-N
NWKKCROQKYNXQZ-GVNCYCPWSA-J,trans-6-hydroxyferuloyl-CoA,6,NWKKCROQKYNXQZ,1,Q74417898,NWKKCROQKYNXQZ-GLMZNTAHSA-J
UEEJHVSXFDXPFK-UHFFFAOYSA-O,N-dimethylethanolamine,6,UEEJHVSXFDXPFK,1,Q241049,UEEJHVSXFDXPFK-UHFFFAOYSA-N
SNOSCANYFCXCGY-UPHRSURJSA-M,18-oxo-oleate,6,SNOSCANYFCXCGY,1,Q76729229,SNOSCANYFCXCGY-UPHRSURJSA-N
RWDSADRZXTYPMY-UHFFFAOYSA-M,"2,3-dehydrokievitone",6,RWDSADRZXTYPMY,1,Q27283469,RWDSADRZXTYPMY-UHFFFAOYSA-N
MMWRGWQTAMNAFC-UHFFFAOYSA-O,"1,2-dihydropyrimidine",6,MMWRGWQTAMNAFC,1,Q15632861,MMWRGWQTAMNAFC-UHFFFAOYSA-N
NUFNQYOELLVIPL-UHFFFAOYSA-M,acifluorfen,6,NUFNQYOELLVIPL,1,Q2103461,NUFNQYOELLVIPL-UHFFFAOYSA-N
SYWCHDHDSJLGJL-VWNJLPARSA-J,"2,4,6-trihydroxycinnamoyl-CoA",6,SYWCHDHDSJLGJL,1,Q76807047,SYWCHDHDSJLGJL-VWNJLPARSA-N
UHUHBFMZVCOEOV-UHFFFAOYSA-O,3-deazaadenine,6,UHUHBFMZVCOEOV,1,Q83095156,UHUHBFMZVCOEOV-UHFFFAOYSA-N
OPKOKAMJFNKNAS-UHFFFAOYSA-O,N-monomethylethanolamine,6,OPKOKAMJFNKNAS,1,Q773274,OPKOKAMJFNKNAS-UHFFFAOYSA-N
OMQGPSILOWIPLU-UHFFFAOYSA-J,"quercetin 3 3',4',7-tetrasulfate",6,OMQGPSILOWIPLU,1,Q105194460,OMQGPSILOWIPLU-UHFFFAOYSA-N
DVOFEZJSDVPRON-AFUNOPLTSA-K,dopaxanthin quinone,6,DVOFEZJSDVPRON,1,Q27155256,DVOFEZJSDVPRON-AFUNOPLTSA-N
QAOPEXQKBQUUSQ-UMQXSMKFSA-N,levopimaradienal,6,QAOPEXQKBQUUSQ,1,Q27123465,QAOPEXQKBQUUSQ-LWYYNNOASA-N
IKPXCKVGTSPZDV-QHVGLBQHSA-N,delphinidin 3-O-glucosyl-5-O-caffeoylglucoside,6,IKPXCKVGTSPZDV,1,Q27149490,IKPXCKVGTSPZDV-QHVGLBQHSA-O
LYBOINSLCFYPDG-UHFFFAOYSA-M,"1-(4-hydroxyphenyl)-3-(2,4,6-trihydroxyphenyl)propane-1,3-dione",6,LYBOINSLCFYPDG,1,Q27145293,LYBOINSLCFYPDG-UHFFFAOYSA-N
CZFNXFXZXWDYMZ-UHFFFAOYSA-L,isorhamnetin 3-sulfate,6,CZFNXFXZXWDYMZ,1,Q83076766,CZFNXFXZXWDYMZ-UHFFFAOYSA-N
CYOURYOZWLIJFB-UMQXSMKFSA-N,levopimaradienol,6,CYOURYOZWLIJFB,1,Q27123464,CYOURYOZWLIJFB-LWYYNNOASA-N
CPTVDNMRGYWJCH-RMGPQRKISA-N,"abieta-7,13-dien-18,18-diol",6,CPTVDNMRGYWJCH,1,Q27132714,CPTVDNMRGYWJCH-ONCXSQPRSA-N
HYWLPDOKCGRIQZ-IUCAKERBSA-M,2-(glutathion-S-yl)-propene,6,HYWLPDOKCGRIQZ,1,Q76512221,HYWLPDOKCGRIQZ-IUCAKERBSA-N
PWORRIQTGXEXBH-GQUPQBGVSA-M,cyanidin 5-O-β-D-glucoside,6,PWORRIQTGXEXBH,1,Q27149486,PWORRIQTGXEXBH-GQUPQBGVSA-O
OHGDJKUWKHBWFH-UHFFFAOYSA-K,"quercetin 3,4',7-trisulfate",6,OHGDJKUWKHBWFH,1,Q27103538,OHGDJKUWKHBWFH-UHFFFAOYSA-N
QQPPQQNYVDYNAA-VKTWQGKFSA-N,6-hydroxytyphasterol,6,QQPPQQNYVDYNAA,1,Q76506956,QQPPQQNYVDYNAA-QJZSHHPBSA-N
PQSOVRNZJIENNW-UHFFFAOYSA-O,γ-coniceine,5,PQSOVRNZJIENNW,1,Q27108656,PQSOVRNZJIENNW-UHFFFAOYSA-N
CDAXKECXRUNDCS-OSZHWHEXSA-O,intermediate II,5,CDAXKECXRUNDCS,1,Q74411964,CDAXKECXRUNDCS-OSZHWHEXSA-N
DRMGJVPVCAJMDJ-UYSDZIPHSA-N,"1,2-dihydrovomilenine",5,DRMGJVPVCAJMDJ,1,Q27102341,DRMGJVPVCAJMDJ-OEJJZAABSA-N
AFUUQIYPOMVOTN-TUCQUAOGSA-N,(Z)-1-(L-cysteinylglycin-S-yl)-N-hydroxy-ω-(methylsulfanyl)octan-1-imine,4,AFUUQIYPOMVOTN,1,Q76805005,AFUUQIYPOMVOTN-GBTTUNCCSA-N
ZHTQCPCDXKMMLU-UHFFFAOYSA-M,"1,3,6,7-tetrahydroxyxanthone",4,ZHTQCPCDXKMMLU,1,Q27089365,ZHTQCPCDXKMMLU-UHFFFAOYSA-N
CHMQNMKVOYFHHX-SGPQCWJRSA-J,3R-hydroxy-lesqueroloyl-CoA,4,CHMQNMKVOYFHHX,1,Q76807062,CHMQNMKVOYFHHX-SGPQCWJRSA-N
MJGXIOUQXYXGLP-UHFFFAOYSA-M,9-(methylsulfanyl)-2-oxononanoate,4,MJGXIOUQXYXGLP,1,Q27154942,MJGXIOUQXYXGLP-UHFFFAOYSA-N
OMDQVIUYDJAWHX-QHZCMHFTSA-J,3-oxo-2-(cis-2'-pentenyl)-cyclopentane-1-(3R-hydroxyhexanoyl)-CoA,4,OMDQVIUYDJAWHX,1,Q27149504,OMDQVIUYDJAWHX-YILSYMQESA-N
OLIVGXOVIZTTSI-WSJCWXPMSA-N,(Z)-1-(L-cysteinylglycin-S-yl)-N-hydroxy-ω-(methylsulfanyl)heptan-1-imine,4,OLIVGXOVIZTTSI,1,Q76804019,OLIVGXOVIZTTSI-ADHQNKHFSA-N
PQEHILHGDWJAOT-UQGHUHRHSA-N,(Z)-1-(L-cysteinylglycin-S-yl)-N-hydroxy-2-(1H-indol-3-yl)ethan-1-imine,4,PQEHILHGDWJAOT,1,Q76804078,PQEHILHGDWJAOT-YODGCNRUSA-N
NQXRRZBOZBKGIU-MHAUFEDZSA-J,3-oxo-lesqueroloyl-CoA,4,NQXRRZBOZBKGIU,1,Q76804136,NQXRRZBOZBKGIU-MHAUFEDZSA-N
MMPVAPMCVABQPS-UHFFFAOYSA-M,luteone,4,MMPVAPMCVABQPS,1,Q6705431,MMPVAPMCVABQPS-UHFFFAOYSA-N
RTIXKCRFFJGDFG-UHFFFAOYSA-M,chrysin,4,RTIXKCRFFJGDFG,1,Q973741,RTIXKCRFFJGDFG-UHFFFAOYSA-N
GHQCCRRSVBDNAW-LBPRGKRZSA-M,2-descarboxy-betanidin,4,GHQCCRRSVBDNAW,1,Q27155258,GHQCCRRSVBDNAW-LBPRGKRZSA-O
IEENEQSEOWXDQK-DIOAFZBUSA-J,3-oxo-2-(cis-2'-pentenyl)-cyclopentane-1-(E-hexa-2-enoyl)-CoA,4,IEENEQSEOWXDQK,1,Q27149502,IEENEQSEOWXDQK-XZBPECGBSA-N
FGHJSNGBTCVANJ-UHFFFAOYSA-O,dehydrosecodine,4,FGHJSNGBTCVANJ,1,Q19596769,FGHJSNGBTCVANJ-UHFFFAOYSA-N
TVRBFBSVUYCAKT-ARJAWSKDSA-M,a jasmonoyl-1-aminocyclopropane-1 carboxylate,4,TVRBFBSVUYCAKT,1,Q82231870,TVRBFBSVUYCAKT-OPVGQWETSA-N
FDOBDBWYWMTMKT-UHFFFAOYSA-O,conhydrinone,4,FDOBDBWYWMTMKT,1,Q82093929,FDOBDBWYWMTMKT-UHFFFAOYSA-N
GRUGZHAOXOPASC-UHFFFAOYSA-M,6-(methylsulfanyl)-2-oxohexanoate,4,GRUGZHAOXOPASC,1,Q27154933,GRUGZHAOXOPASC-UHFFFAOYSA-N
ZSVFHCCTKLLREN-UHFFFAOYSA-L,"2-(3-benzoylphenyl)-3,5,7-trihydroxychromen-4-one",4,ZSVFHCCTKLLREN,1,Q106039966,ZSVFHCCTKLLREN-UHFFFAOYSA-N
XLAIEMDZJHCSTR-STBHGANZSA-N,"3,6,7,4'-tetramethylquercetagetin 3'-O-β-D-glucoside",4,XLAIEMDZJHCSTR,1,Q110204549,XLAIEMDZJHCSTR-UHFFFAOYSA-N
FPKWDSJLQYQAEF-DAPVSWSBSA-N,(Z)-1-(L-cysteinylglycin-S-yl)-N-hydroxy-ω-(methylsulfanyl)pentan-1-imine,4,FPKWDSJLQYQAEF,1,Q76805062,FPKWDSJLQYQAEF-UEFOHQGUSA-N
YIXLDRQOKWESBI-UHFFFAOYSA-M,triketide 2-pyrone,4,YIXLDRQOKWESBI,1,Q27135543,YIXLDRQOKWESBI-UHFFFAOYSA-N
BYYWRCJZFSTRMQ-YYYBFOMSSA-M,a jasmonoyl-L-phenylalanine,4,BYYWRCJZFSTRMQ,1,Q106029466,BYYWRCJZFSTRMQ-WSKZCNLGSA-N
KIMDVVKVNNSHGZ-UHFFFAOYSA-M,wighteone,4,KIMDVVKVNNSHGZ,1,Q3568003,KIMDVVKVNNSHGZ-UHFFFAOYSA-N
NNTFOZKQHHVOHU-KOUBLQELSA-N,(Z)-1-(L-cysteinylglycin-S-yl)-N-hydroxy-ω-(methylsulfanyl)hexan-1-imine,4,NNTFOZKQHHVOHU,1,Q76804046,NNTFOZKQHHVOHU-JLBUCRLOSA-N
KCUZCRLRQVRBBV-UHFFFAOYSA-M,phaseoluteone,4,KCUZCRLRQVRBBV,1,Q27103795,KCUZCRLRQVRBBV-UHFFFAOYSA-N
JNPIKEGPAFWHLI-RFSIWRIWSA-M,1-O-malyl-β-D-glucose,4,JNPIKEGPAFWHLI,1,Q76804712,JNPIKEGPAFWHLI-RFSIWRIWSA-N
MPMOZJNSLITZSA-VSOFAJKKSA-L,celosianin II,4,MPMOZJNSLITZSA,1,Q27106119,MPMOZJNSLITZSA-VSOFAJKKSA-N
CRFBBNBNLWWNBP-LJVSZVHQSA-N,(Z)-1-(L-cysteinylglycin-S-yl)-N-hydroxy-ω-(methylsulfanyl)butan-1-imine,4,CRFBBNBNLWWNBP,1,Q76805145,CRFBBNBNLWWNBP-AXGKHFFLSA-N
IYKXCQWBMRYBPI-WLGRLVTESA-M,1-linoleoyl-2-palmitoyl-phosphatidylglycerol,4,IYKXCQWBMRYBPI,1,Q27161539,IYKXCQWBMRYBPI-WLGRLVTESA-N
MZSDWGJFUQVMRD-LKOQWUSFSA-N,"3,7,4'-trimethylquercetagetin 3'-O-β-D-glucoside",4,MZSDWGJFUQVMRD,1,Q110081622,MZSDWGJFUQVMRD-UHFFFAOYSA-N
GHURLXDGHMZIGJ-UHFFFAOYSA-M,tetraketide 2-pyrone,4,GHURLXDGHMZIGJ,1,Q27135544,GHURLXDGHMZIGJ-UHFFFAOYSA-N
YIBIQGNVXNLHOE-ZIWUNDNJSA-N,"ent-3β-hydroxy-cassa-12,15-diene-11-one",4,YIBIQGNVXNLHOE,1,Q27140054,YIBIQGNVXNLHOE-MFKVJZQJSA-N
YYUZYSVPFVOYLB-RGUWMICCSA-J,3-oxo-2-(cis-2'-pentenyl)-cyclopentane-1-butanoyl-CoA,4,YYUZYSVPFVOYLB,1,Q27149507,YYUZYSVPFVOYLB-QXQVKYSUSA-N
YUFHOTSRMDFGNS-GBYPGRTBSA-J,3-oxo-2-(cis-2'-pentenyl)-cyclopentane-1-(3R-hydroxybutanoyl)-CoA,4,YUFHOTSRMDFGNS,1,Q27149509,YUFHOTSRMDFGNS-VQTPOQBRSA-N
OVQOJJJXNYHOPR-FUEUKBNZSA-J,3-(4-hydroxyphenyl)-3-oxo-propanoyl-CoA,4,OVQOJJJXNYHOPR,1,Q76534056,OVQOJJJXNYHOPR-FUEUKBNZSA-N
CCEBJWKUMKKCDF-UHFFFAOYSA-M,"1,3,5,6-tetrahydroxyxanthone",4,CCEBJWKUMKKCDF,1,Q82231774,CCEBJWKUMKKCDF-UHFFFAOYSA-N
BHXGNEJDWATDFR-UHFFFAOYSA-M,robustaquinone A,4,BHXGNEJDWATDFR,1,Q104936290,BHXGNEJDWATDFR-UHFFFAOYSA-N
YGCCASGFIOIXIN-UHFFFAOYSA-M,lupiwighteone,4,YGCCASGFIOIXIN,1,Q104392370,YGCCASGFIOIXIN-UHFFFAOYSA-N
SWDSVBNAMCDHTF-UHFFFAOYSA-M,isowighteone,4,SWDSVBNAMCDHTF,1,Q27138091,SWDSVBNAMCDHTF-UHFFFAOYSA-N
YYCCMACTOAJGGW-OZVHGMPNSA-J,3-oxo-2-(cis-2'-pentenyl)-cyclopentane-1-(3-oxooctanoyl)-CoA,4,YYCCMACTOAJGGW,1,Q27149500,YYCCMACTOAJGGW-JLHHJELJSA-N
QGJLCXXJEFRWHP-JQUKJZMASA-J,3-oxo-2-(cis-2'-pentenyl)-cyclopentane-1-(3-oxobutanoyl)-CoA,4,QGJLCXXJEFRWHP,1,Q27149510,QGJLCXXJEFRWHP-ZRHHFSRKSA-N
DVJIJAYHBZALOJ-LBPRGKRZSA-M,(indol-3-yl)acetyl-L-glutamine,4,DVJIJAYHBZALOJ,1,Q27139114,DVJIJAYHBZALOJ-UHFFFAOYSA-N
QSAQFDYWYNLXEC-GUQXGGMCSA-J,3-oxo-2-(cis-2'-pentenyl)-cyclopentane-1-(E-buta-2-enoyl)-CoA,4,QSAQFDYWYNLXEC,1,Q27149508,QSAQFDYWYNLXEC-IFIHXBIBSA-N
ADPDWAFVBDMZSV-SOFGYWHQSA-M,9-hydroxy traumatin,4,ADPDWAFVBDMZSV,1,Q82808258,ADPDWAFVBDMZSV-UHFFFAOYSA-N
AAJODOMQIUQTFG-XAICKWAHSA-M,"9,10-epoxy-10,12Z,15Z-octadecatrienoate",4,AAJODOMQIUQTFG,1,Q27149493,AAJODOMQIUQTFG-XAICKWAHSA-N
MPXAWSABMVLIBU-UHFFFAOYSA-M,"1,3,5,8-tetrahydroxyxanthone",4,MPXAWSABMVLIBU,1,Q27133925,MPXAWSABMVLIBU-UHFFFAOYSA-N
ZUILKEWVWUKSAO-ZZXKWVIFSA-M,4-coumaroyltriacetate lactone,4,ZUILKEWVWUKSAO,1,Q27105075,ZUILKEWVWUKSAO-ZZXKWVIFSA-N
YUDKHXMQDKVDGU-FMOSSLLZSA-L,gomphrenin I,4,YUDKHXMQDKVDGU,1,Q27106788,YUDKHXMQDKVDGU-FMOSSLLZSA-N
TWAIOPPFLZEXCO-UHFFFAOYSA-M,7-(methylsulfanyl)-2-oxoheptanoate,4,TWAIOPPFLZEXCO,1,Q27154936,TWAIOPPFLZEXCO-UHFFFAOYSA-N
WIGYSAIZPJAWDF-GLVDENFASA-M,3-hydroxypropyl-glucosinolate,4,WIGYSAIZPJAWDF,1,Q64005962,WIGYSAIZPJAWDF-PTGZALFTSA-N
WYKWHSPRHPZRCR-UHFFFAOYSA-M,eupatolitin,4,WYKWHSPRHPZRCR,1,Q5409931,WYKWHSPRHPZRCR-UHFFFAOYSA-N
PDDHCVXPABQISO-XJJFHSEKSA-J,3-oxo-2-(cis-2'-pentenyl)-cyclopentane-1-(3R-hydroxyoctanoyl)-CoA,4,PDDHCVXPABQISO,1,Q27149499,PDDHCVXPABQISO-PTAVJDKESA-N
ADGIRVMSHGGGHU-AZVXSVFWSA-J,3-oxo-2-(cis-2'-pentenyl)-cyclopentane-1-(3-oxohexanoyl)-CoA,4,ADGIRVMSHGGGHU,1,Q27149505,ADGIRVMSHGGGHU-VITLBFIYSA-N
WQKKCPPNDKSAIU-CBGYDUJUSA-J,(+)-7-epi-jasmonoyl-CoA,4,WQKKCPPNDKSAIU,1,Q27149511,WQKKCPPNDKSAIU-GEMOIUKOSA-N
QDZNKMGEHAHOTA-UHFFFAOYSA-M,8-(methylsulfanyl)-2-oxooctanoate,4,QDZNKMGEHAHOTA,1,Q27154939,QDZNKMGEHAHOTA-UHFFFAOYSA-N
XHPUGIGTDBEOQX-UHFFFAOYSA-K,"isorhamnetin 3, 4'-bisulfate",4,XHPUGIGTDBEOQX,1,Q105328245,XHPUGIGTDBEOQX-UHFFFAOYSA-N
OEPPJKDEBZBNNG-UHFFFAOYSA-M,2-hydroxy-4-carboxypyrimidine,3,OEPPJKDEBZBNNG,1,Q82026715,OEPPJKDEBZBNNG-UHFFFAOYSA-N
ZFELGQUOUOELBZ-JNLXGNGJSA-N,"ent-cassa-12,15-diene-2β,3β-diol-11-one",3,ZFELGQUOUOELBZ,1,Q27140056,ZFELGQUOUOELBZ-YHDXIDRWSA-N
KXKOBIRSQLNUPS-UHFFFAOYSA-M,cannabinolate,3,KXKOBIRSQLNUPS,1,Q83053017,KXKOBIRSQLNUPS-UHFFFAOYSA-N
ZXBGEIHFXPHRJY-NKFDZXFUSA-L,1-[18-hydroxyoeoyl]-2-[18-hydroxy-lioleoyl]-sn-glycerol 3-phosphate,3,ZXBGEIHFXPHRJY,1,Q76807078,ZXBGEIHFXPHRJY-NKFDZXFUSA-N
NPIIWZCGVADPIE-OJVARPOJSA-N,3-hydroxy-15-dihydrolubimin,3,NPIIWZCGVADPIE,1,Q76513243,NPIIWZCGVADPIE-KYFQHEKYSA-N
GKFPFLBDQJVJIH-UHFFFAOYSA-M,2-amino-4-carboxypyrimidine,3,GKFPFLBDQJVJIH,1,Q72441798,GKFPFLBDQJVJIH-UHFFFAOYSA-N
GREYPJUHRBULIJ-GNSUAQHMSA-J,22-hydroxy-docosanoyl-CoA,3,GREYPJUHRBULIJ,1,Q76803122,GREYPJUHRBULIJ-GNSUAQHMSA-N
SGYMGUGIGTWWLU-ROLXFIACSA-M,canavaninosuccinate,3,SGYMGUGIGTWWLU,1,Q27161834,SGYMGUGIGTWWLU-UHFFFAOYSA-N
XRVWAQDGOCLFAE-UHFFFAOYSA-M,"3',4'-dimethylmyricetin",3,XRVWAQDGOCLFAE,1,Q110204563,XRVWAQDGOCLFAE-UHFFFAOYSA-N
DULGJEIWRQIEDP-YIVKGZRPSA-M,kauralexin B1,3,DULGJEIWRQIEDP,1,Q104989309,DULGJEIWRQIEDP-UHFFFAOYSA-N
ZKMZBAABQFUXFE-UHFFFAOYSA-N,apigeninidin,3,ZKMZBAABQFUXFE,1,Q99746004,ZKMZBAABQFUXFE-UHFFFAOYSA-O
DROSANFEMLESIE-GNSUAQHMSA-J,22-oxo-docosanoyl-CoA,3,DROSANFEMLESIE,1,Q76803132,DROSANFEMLESIE-GNSUAQHMSA-N
FHIODBUYVWQUDO-FPLPWBNLSA-L,2-[(2'-methylsulfanyl)pentyl]maleate,3,FHIODBUYVWQUDO,1,Q76855130,FHIODBUYVWQUDO-FPLPWBNLSA-N
OTKNPGBTQXVJNH-DFRAZXLMSA-N,glycyrrhetaldehyde,3,OTKNPGBTQXVJNH,1,Q27139725,OTKNPGBTQXVJNH-DQOTWGJISA-N
LOBOMSGBFMNHBJ-AQJOBQINSA-N,"11α,30-dihydroxy-β-amyrin",3,LOBOMSGBFMNHBJ,1,Q27203867,LOBOMSGBFMNHBJ-RVPNDLLZSA-N
JJYIVZKVZZSDMC-GXVFDTDKSA-J,lesqueroloyl-CoA,3,JJYIVZKVZZSDMC,1,Q76804373,JJYIVZKVZZSDMC-GXVFDTDKSA-N
ATIPVUGMJZAJPC-PHOXBLGLSA-N,campest-5-en-3-one,3,ATIPVUGMJZAJPC,1,Q76416913,ATIPVUGMJZAJPC-IMUDCKKOSA-N
ACJJXELQAJQSLK-UHFFFAOYSA-M,anigorufone,3,ACJJXELQAJQSLK,1,Q104251238,ACJJXELQAJQSLK-UHFFFAOYSA-N
ASICPMTWQSESKX-UHFFFAOYSA-M,3-oxo-palmitate,3,ASICPMTWQSESKX,1,Q27117080,ASICPMTWQSESKX-UHFFFAOYSA-N
XALLBOXWXDZADT-YHSXZBFWSA-M,kaempferide 3-O-[α-L-rhamnosyl-(1→6)]-β-D-glucopyranoside,3,XALLBOXWXDZADT,1,Q76423319,XALLBOXWXDZADT-YHSXZBFWSA-N
HPCOTHKWIJPKNI-XWLPYIGKSA-N,"4α-formyl,4β,14α-dimethyl-9β,19-cyclo-5α-cholest-24-en-3β-ol",3,HPCOTHKWIJPKNI,1,Q106038582,HPCOTHKWIJPKNI-BPYUMQNDSA-N
HRHJHXJQMNWQTF-UHFFFAOYSA-M,cannabichromenate,3,HRHJHXJQMNWQTF,1,Q27284972,HRHJHXJQMNWQTF-UHFFFAOYSA-N
WRPWWVNUCXQDQV-UHFFFAOYSA-O,vanillylamine,3,WRPWWVNUCXQDQV,1,Q17105361,WRPWWVNUCXQDQV-UHFFFAOYSA-N
BSHDRMLUCYMQOP-GORDUTHDSA-N,(2E)-4-hydroxy-3-methylbut-2-enal,3,BSHDRMLUCYMQOP,1,Q76422835,BSHDRMLUCYMQOP-DJWKRKHSSA-N
STQIAJVGXVCTSD-UKQHVQKXSA-M,5'-hydroxy-rot-2'-enonate,3,STQIAJVGXVCTSD,1,Q76534043,STQIAJVGXVCTSD-UKQHVQKXSA-N
STQIAJVGXVCTSD-OIZWPPBTSA-M,4'-hydroxy-rot-2'-enonate,3,STQIAJVGXVCTSD,1,Q76534043,STQIAJVGXVCTSD-UKQHVQKXSA-N
QVTORZSLDIMFQS-IHWYPQMZSA-M,(Z)-6'-hydroxyferulate,3,QVTORZSLDIMFQS,1,Q76534077,QVTORZSLDIMFQS-NSCUHMNNSA-N
QRPWLSKPROEDAH-QKGHYUKFSA-N,solavetivol,3,QRPWLSKPROEDAH,1,Q22911801,QRPWLSKPROEDAH-KBUPBQIOSA-N
PPKYVFHFFAMMLR-NDXMBDNFSA-L,N-(β-D-glucosyl)-(indol-3-yl)acetyl-L-glutamate,3,PPKYVFHFFAMMLR,1,Q76512502,PPKYVFHFFAMMLR-NDXMBDNFSA-N
YFVKVAPATGWZOF-RMCJPFTISA-I,22-carboxy-docosanoyl-CoA,3,YFVKVAPATGWZOF,1,Q76804180,YFVKVAPATGWZOF-RMCJPFTISA-N
BLZRWMJJRGXFHK-RAJZRIHCSA-M,(+)-7-epi-12-oxojasmonoyl-L-isoleucine,3,BLZRWMJJRGXFHK,1,Q76855760,BLZRWMJJRGXFHK-RAJZRIHCSA-N
FGRJEQCMQCQUQF-FSCWMUMRSA-J,trans-lesqueroloyl-CoA,3,FGRJEQCMQCQUQF,1,Q76804662,FGRJEQCMQCQUQF-FSCWMUMRSA-N
DGUUJRSNOLQLSU-UHFFFAOYSA-M,robustaquinone E,3,DGUUJRSNOLQLSU,1,Q104979318,DGUUJRSNOLQLSU-UHFFFAOYSA-N
BDWTWLBLUBGINP-HJWRWDBZSA-L,2-[(2'-methylsulfanyl)hexyl]maleate,3,BDWTWLBLUBGINP,1,Q76855131,BDWTWLBLUBGINP-HJWRWDBZSA-N
GFJKJLHWWZXDAU-KXFGNQBASA-L,1-(18-hydroxyoleoyl)-sn-glycrol 3-phosphate,3,GFJKJLHWWZXDAU,1,Q76807285,GFJKJLHWWZXDAU-KXFGNQBASA-N
GHMALMMXVUBOFV-HILGRQLYSA-M,"4α-carboxy,4β,14α-dimethyl-9β,19-cyclo-5α-cholest-24-en-3β-ol",3,GHMALMMXVUBOFV,1,Q106039284,GHMALMMXVUBOFV-TWOGUOSYSA-N
QVTORZSLDIMFQS-NSCUHMNNSA-M,(E)-6'-hydroxyferulate,3,QVTORZSLDIMFQS,1,Q76534077,QVTORZSLDIMFQS-NSCUHMNNSA-N
YLILOANQCQKPOD-UHFFFAOYSA-L,protohypericin,3,YLILOANQCQKPOD,1,Q83076636,YLILOANQCQKPOD-UHFFFAOYSA-N
ZMVJJIWEZXWPAJ-WVIHDQMASA-O,"(13S,14R)-13-O-acetyl-1,8-dihydroxy-cis-N-methylcanadine",3,ZMVJJIWEZXWPAJ,1,Q74418389,ZMVJJIWEZXWPAJ-DIOGXUQJSA-O
LNMNCAAOLZJCPN-DBGLWBBTSA-M,"3,5-di-C-glucosyl-2,4,4',6-tetrahydroxydibenzoylmethane",3,LNMNCAAOLZJCPN,1,Q76856166,LNMNCAAOLZJCPN-DBGLWBBTSA-N
ZARFDBYKHCOTRH-UHFFFAOYSA-M,"4,5-secobiotin",3,ZARFDBYKHCOTRH,1,Q82906078,ZARFDBYKHCOTRH-SFYZADRCSA-N
LQQZHLHCFSCJCU-UHFFFAOYSA-L,3-[(6'-methylsulfanyl)hexyl]malate,3,LQQZHLHCFSCJCU,1,Q27154941,LQQZHLHCFSCJCU-UHFFFAOYSA-N
YGTSJOBIWGILCS-ZZXKWVIFSA-M,4-coumaroyltriacetate,3,YGTSJOBIWGILCS,1,Q76534133,YGTSJOBIWGILCS-ZZXKWVIFSA-N
WMNWNRKMANJLHY-LFZQUHGESA-J,18-hydroxystearoyl-CoA,3,WMNWNRKMANJLHY,1,Q76807083,WMNWNRKMANJLHY-LFZQUHGESA-N
FJOUYKHTSXWRMH-NYHFZMIOSA-O,(S)-1-hydroxy-cis-N-methylcanadine,3,FJOUYKHTSXWRMH,1,Q74417364,FJOUYKHTSXWRMH-UEDXYCIISA-O
FUTZESSLBXJDFG-HNNXBMFYSA-O,(S)-norlaudanine,3,FUTZESSLBXJDFG,1,Q76804549,FUTZESSLBXJDFG-HNNXBMFYSA-N
FXBZYWGMTFSORP-QPCSTCLVSA-M,4α-carboxy-5α-cholest-7-en-3β-ol,3,FXBZYWGMTFSORP,1,Q27105495,FXBZYWGMTFSORP-QPCSTCLVSA-N
QTQDDTSVRVWHMO-BQBZGAKWSA-M,S-methylglutathione,3,QTQDDTSVRVWHMO,1,Q27095444,QTQDDTSVRVWHMO-BQBZGAKWSA-N
BAMBZZTUDRDYEE-QIAPLWSDSA-O,6-O-methyl-N-deacetylisoipecoside,3,BAMBZZTUDRDYEE,1,Q76805159,BAMBZZTUDRDYEE-QIAPLWSDSA-N
GPZLPQNMTKAECU-QNPAVUSQSA-M,(Z)-1-(glutathion-S-yl)-N-hydroxy-ω-(methylsulfanyl)nonan-1-imine,3,GPZLPQNMTKAECU,1,Q76804186,GPZLPQNMTKAECU-KWBVRPRRSA-N
KQRJATLINVYHEZ-UHFFFAOYSA-O,"4-amino-2,6-dinitrotoluene",3,KQRJATLINVYHEZ,1,Q27105069,KQRJATLINVYHEZ-UHFFFAOYSA-N
BHAKTUBFIPSXEW-UHFFFAOYSA-M,"2-oxopenta-3,4-dienoate",3,BHAKTUBFIPSXEW,1,Q106039193,BHAKTUBFIPSXEW-UHFFFAOYSA-N
NRBLWWINQRHBME-SREVYHEPSA-L,2-[(2'-methylsulfanyl)butyl]maleate,3,NRBLWWINQRHBME,1,Q76855140,NRBLWWINQRHBME-SREVYHEPSA-N
BTIMTMCNIPNGRC-AFLXUTJMSA-M,(Z)-1-(glutathion-S-yl)-N-hydroxy-ω-(methylsulfanyl)octan-1-imine,3,BTIMTMCNIPNGRC,1,Q76804202,BTIMTMCNIPNGRC-BMSRQDKOSA-N
BHRUCLDHUXEJQR-BOXOZTEYSA-N,"ent-cassa-12,15-dien-3β-ol",3,BHRUCLDHUXEJQR,1,Q27140055,BHRUCLDHUXEJQR-PHVPSJSMSA-N
ZIZLDVKLMYVMNX-UHFFFAOYSA-L,3-[(4'-methylsulfanyl)butyl]malate,3,ZIZLDVKLMYVMNX,1,Q27154935,ZIZLDVKLMYVMNX-UHFFFAOYSA-N
OCVQAFQRXHOFMV-IEGURRFDSA-O,β-solanine,3,OCVQAFQRXHOFMV,1,Q27277809,OCVQAFQRXHOFMV-IEGURRFDSA-N
IWGWVCORJJKREY-UHFFFAOYSA-O,1-(3-aminopropyl)-pyrrolinium,3,IWGWVCORJJKREY,1,Q27109101,IWGWVCORJJKREY-UHFFFAOYSA-N
JOFREYGWDGCQDK-XUJJJAFJSA-M,(Z)-1-(glutathion-S-yl)-N-hydroxy-ω-(methylsulfanyl)heptan-1-imine,3,JOFREYGWDGCQDK,1,Q76804170,JOFREYGWDGCQDK-ZBXZNTBBSA-N
NEHFHOHLVOGDCL-FGSXEWAUSA-O,"(13S,14R)-1,13-dihydroxy-cis-N-methylcanadine",3,NEHFHOHLVOGDCL,1,Q74417044,NEHFHOHLVOGDCL-HVHHGIHYSA-O
HEWAJTLQEJUAGF-UHFFFAOYSA-L,"2-hydroxy-3-carboxy-4,5-cyclopropylhex-5-enoate",3,HEWAJTLQEJUAGF,1,Q106038695,HEWAJTLQEJUAGF-UHFFFAOYSA-N
UNFCTLFLKCGAOK-UCFCWBNQSA-O,"(13S,14R)-13-O-acetyl-1-hydroxy-cis-N-methylcanadine",3,UNFCTLFLKCGAOK,1,Q74408920,UNFCTLFLKCGAOK-LOMQJKJHSA-O
HVURSLAWIDCRKB-UHFFFAOYSA-L,"3-hydroxy-3-carboxy-4,5-cyclopropylhex-5-enoate",3,HVURSLAWIDCRKB,1,Q106038753,HVURSLAWIDCRKB-UHFFFAOYSA-N
SZBGXBOFCGNPEU-UHFFFAOYSA-O,5-aminopentanal,3,SZBGXBOFCGNPEU,1,Q27114159,SZBGXBOFCGNPEU-UHFFFAOYSA-N
IIGLVVZHSDZGOL-UHFFFAOYSA-N,furaneol (enol form),3,IIGLVVZHSDZGOL,1,Q27145836,IIGLVVZHSDZGOL-UHFFFAOYSA-M
IKTGVEIOCJLOFU-UHFFFAOYSA-M,β-methylenecyclopropyl pyruvate,3,IKTGVEIOCJLOFU,1,Q82956771,IKTGVEIOCJLOFU-UHFFFAOYSA-N
KOBLTMOWUOJKTH-ZWBYBESUSA-O,6-O-methyl-N-deacetylisoipecoside aglycon,3,KOBLTMOWUOJKTH,1,Q76804628,KOBLTMOWUOJKTH-ZWBYBESUSA-N
SXLJFGXGVBWOOB-UHFFFAOYSA-L,3-[(7'-methylsulfanyl)heptyl]malate,3,SXLJFGXGVBWOOB,1,Q27154944,SXLJFGXGVBWOOB-UHFFFAOYSA-N
UBQYURCVBFRUQT-UHFFFAOYSA-O,desferrioxamine B,3,UBQYURCVBFRUQT,1,Q419618,UBQYURCVBFRUQT-UHFFFAOYSA-N
IEEJAAUSLQCGJH-UHFFFAOYSA-O,"2-amino-4,6-dinitrotoluene",3,IEEJAAUSLQCGJH,1,Q27109181,IEEJAAUSLQCGJH-UHFFFAOYSA-N
SVYAXLPDYXBQEQ-ZROIWOOFSA-M,2'-O-methyllicodione,3,SVYAXLPDYXBQEQ,1,Q76534104,SVYAXLPDYXBQEQ-ZROIWOOFSA-N
YBISUHXEJDGADQ-UHFFFAOYSA-L,3-[(5'-methylsulfanyl)pentyl]malate,3,YBISUHXEJDGADQ,1,Q27154938,YBISUHXEJDGADQ-UHFFFAOYSA-N
OKZTWSCTVDMBGE-QINSGFPZSA-N,(Z)-1-(L-cystein-S-yl)-N-hydroxy-ω-(methylsulfanyl)nonan-1-imine,3,OKZTWSCTVDMBGE,1,Q106029372,OKZTWSCTVDMBGE-NSHDSACASA-N
XCILFXNAMITKHJ-JYRVWZFOSA-M,licodione,3,XCILFXNAMITKHJ,1,Q76534048,XCILFXNAMITKHJ-JYRVWZFOSA-N
JVBKAPXWUUWPPX-UBIBAOAHSA-O,"6,7-O,O-dimethyl-N-deacetylisoipecoside aglycon",3,JVBKAPXWUUWPPX,1,Q76804706,JVBKAPXWUUWPPX-UBIBAOAHSA-N
YQUHLDHXDRTWFY-BUJFJAHTSA-M,(Z)-1-(glutathion-S-yl)-N-hydroxy-ω-(methylsulfanyl)pentan-1-imine,3,YQUHLDHXDRTWFY,1,Q76804478,YQUHLDHXDRTWFY-BOVADZLKSA-N
XLKOZYOVXNPWGT-UHFFFAOYSA-M,3-oxo-myristate,3,XLKOZYOVXNPWGT,1,Q27117090,XLKOZYOVXNPWGT-UHFFFAOYSA-N
GADMIJGPIIRJII-KTKRTIGZSA-L,2-[(2'-methylsulfanyl)heptyl]maleate,3,GADMIJGPIIRJII,1,Q76855144,GADMIJGPIIRJII-KTKRTIGZSA-N
IEZWLIJBCDCGEU-UHFFFAOYSA-M,10-(methylsulfanyl)-2-oxodecanoate,3,IEZWLIJBCDCGEU,1,Q27154945,IEZWLIJBCDCGEU-UHFFFAOYSA-N
RTTYFXMXRFYCHM-UHFFFAOYSA-M,2-hydroxysuccinamate,2,RTTYFXMXRFYCHM,1,Q72437932,RTTYFXMXRFYCHM-REOHCLBHSA-N
CUQAEAJXRPDBNM-UHFFFAOYSA-L,glycidol phosphate,2,CUQAEAJXRPDBNM,1,Q82924228,CUQAEAJXRPDBNM-UHFFFAOYSA-N
ZHUFJGRQVHLFRM-ONBGMUNTSA-L,gibberellin A₃₄-catabolite,2,ZHUFJGRQVHLFRM,1,Q27110164,ZHUFJGRQVHLFRM-ONBGMUNTSA-N
LAJSXCAVRQXZIO-UHFFFAOYSA-M,emodin anthrone,2,LAJSXCAVRQXZIO,1,Q27266578,LAJSXCAVRQXZIO-UHFFFAOYSA-N
WJTPNROZULSXGJ-JDEQPLKTSA-M,2-sinapoyloxy-3-butenylglucosinolate,2,WJTPNROZULSXGJ,1,Q64005950,WJTPNROZULSXGJ-NILQQRRASA-M
IHGJZNUBLMAEGL-UHFFFAOYSA-O,"1,5-diazabicyclononane",2,IHGJZNUBLMAEGL,1,Q27144271,IHGJZNUBLMAEGL-UHFFFAOYSA-N
YKDYCKHEKOEVJM-UHFFFAOYSA-O,4-methoxy-3-indolylmethylamine,2,YKDYCKHEKOEVJM,1,Q27163096,YKDYCKHEKOEVJM-UHFFFAOYSA-N
ZMQFEBINFTWTLH-UHFFFAOYSA-M,"3,3'-dimethylmyricetin",2,ZMQFEBINFTWTLH,1,Q105379673,ZMQFEBINFTWTLH-UHFFFAOYSA-N
ZGXCUMDOLQMEFX-GFSZBVRDSA-N,brassinolide-23-O-glucoside,2,ZGXCUMDOLQMEFX,1,Q106039619,ZGXCUMDOLQMEFX-WHNRJDMXSA-N
JGWHHQHWBOQVJU-SIEWLTCVSA-L,(+)-7-epi-12-hydroxy-12-oxojasmonoyl-L-isoleucine,2,JGWHHQHWBOQVJU,1,Q115946536,JGWHHQHWBOQVJU-UHFFFAOYSA-N
JMSXZQCXTAJBSO-YLNAYWRASA-M,castasterone 22-O-sulfate,2,JMSXZQCXTAJBSO,1,Q76855738,JMSXZQCXTAJBSO-YLNAYWRASA-N
BSQZWSGAKJSBOZ-UHFFFAOYSA-M,heliocide H2,2,BSQZWSGAKJSBOZ,1,Q82965461,BSQZWSGAKJSBOZ-GKVSMKOHSA-N
RGRKFKRAFZJQMS-OOHFSOINSA-M,"12,13-DiHODE",2,RGRKFKRAFZJQMS,1,Q27160339,RGRKFKRAFZJQMS-OOHFSOINSA-N
OXTNCQMOKLOUAM-UHFFFAOYSA-L,acetonedicarboxylate,2,OXTNCQMOKLOUAM,1,Q2823239,OXTNCQMOKLOUAM-UHFFFAOYSA-N
ZXNGTIMPVQJBQY-LUPOLDEESA-M,3-sinapoyloxypropylglucosinolate,2,ZXNGTIMPVQJBQY,1,Q64005948,ZXNGTIMPVQJBQY-GQCUBUKLSA-N
RXQNESSHTIRLBK-YMQHIKHWSA-N,luteolinidin 5-O-β-D-glucoside,2,RXQNESSHTIRLBK,1,Q110204804,RXQNESSHTIRLBK-UHFFFAOYSA-O
GJXGLYODFWLYHO-PNNKGAHQSA-M,7-hydroxy-2-oxindole-3-acetate glucoside,2,GJXGLYODFWLYHO,1,Q105106963,GJXGLYODFWLYHO-PNNKGAHQSA-N
WQMDYQSTTXRXLQ-HGWHEPCSSA-K,"phosphatidylglycerolphosphate (1-oleoyl, 2-palmitoyl)",2,WQMDYQSTTXRXLQ,1,Q76727773,WQMDYQSTTXRXLQ-HGWHEPCSSA-N
WNFYKCCPDMVWRU-PTNBIZNXSA-M,protochlorophyll a,2,WNFYKCCPDMVWRU,1,Q106041987,WNFYKCCPDMVWRU-PTNBIZNXSA-N
GIHKVCBPOTYEGP-WPXWDAEZSA-N,26-hydroxycastasterone,2,GIHKVCBPOTYEGP,1,Q106039620,GIHKVCBPOTYEGP-ZHTUDUEMSA-N
QRHSEDZBZMZPOA-ZJSQCTGTSA-M,"9,10-DiHODE",2,QRHSEDZBZMZPOA,1,Q27160311,QRHSEDZBZMZPOA-ZJSQCTGTSA-N
SRKBASTXQAAMHZ-YMQHIKHWSA-N,apigeninidin 5-O-β-D-glucoside,2,SRKBASTXQAAMHZ,1,Q110080770,SRKBASTXQAAMHZ-UHFFFAOYSA-O
BTXNYTINYBABQR-UHFFFAOYSA-L,hypericin,2,BTXNYTINYBABQR,1,Q425409,BTXNYTINYBABQR-UHFFFAOYSA-N
QNRFNDGWEROWPJ-LQDZTQBFSA-M,1-naphthol 6'-O-malonylglucoside,2,QNRFNDGWEROWPJ,1,Q76804944,QNRFNDGWEROWPJ-LQDZTQBFSA-N
IBXCKSUZOFKGSB-UHFFFAOYSA-M,"gossypetin 3',8-dimethyl ether",2,IBXCKSUZOFKGSB,1,Q63408800,IBXCKSUZOFKGSB-UHFFFAOYSA-N
NZUXOCGZXRCSGC-JPROVCBJSA-L,16-alpha-hydroxygypsogenate,2,NZUXOCGZXRCSGC,1,Q27139685,NZUXOCGZXRCSGC-DRLBPWGQSA-N
LAIUZQCFIABNDP-UHFFFAOYSA-M,"9,10-12,13-diepoxyoctadecanoate",2,LAIUZQCFIABNDP,1,Q27116112,LAIUZQCFIABNDP-UHFFFAOYSA-N
CSFWPUWCSPOLJW-UHFFFAOYSA-M,lawsone,2,CSFWPUWCSPOLJW,1,Q1075492,CSFWPUWCSPOLJW-UHFFFAOYSA-N
PZTHQMWVDHEWPY-ZUVMSYQZSA-M,feruperare,2,PZTHQMWVDHEWPY,1,Q82644962,PZTHQMWVDHEWPY-UHFFFAOYSA-N
XWIDINOKCRFVHQ-UHFFFAOYSA-M,"quercetagetin 3',6-dimethyl ether",2,XWIDINOKCRFVHQ,1,Q3493504,XWIDINOKCRFVHQ-UHFFFAOYSA-N
NNEATHLRLZWIRN-MRBLLYQQSA-N,pelargonidin 5-O-β-D-glucoside 3-O-β-D-sambubioside,2,NNEATHLRLZWIRN,1,Q123340473,NNEATHLRLZWIRN-MRBLLYQQSA-O
ROSVQRYSFQBSRT-FOQZLENISA-L,"cyanidin 3-O-(6""-O-malyl-β-D-glucoside)",2,ROSVQRYSFQBSRT,1,Q110080781,ROSVQRYSFQBSRT-UHFFFAOYSA-O
JXBWMJZDYVJVIV-UHFFFAOYSA-M,hyperxanthone E,2,JXBWMJZDYVJVIV,1,Q27134569,JXBWMJZDYVJVIV-UHFFFAOYSA-N
MUKDIIVMECIYQR-BQCCONABSA-N,"kaempferol 3-O-(4""-O-4-coumaroyl)-glucoside",2,MUKDIIVMECIYQR,1,Q105172476,MUKDIIVMECIYQR-CWCRYIBJSA-N
IYIVYYHFHGVWRB-VURMDHGXSA-M,"(9Z)-12,13,17-trihydroxyoctadeca-9-enoate",2,IYIVYYHFHGVWRB,1,Q82641817,IYIVYYHFHGVWRB-UHFFFAOYSA-N
JGTHNRAJDIUMIQ-XKSKYZNJSA-N,gypsogenin-28-beta-D-glucoside,2,JGTHNRAJDIUMIQ,1,Q106038579,JGTHNRAJDIUMIQ-UIJKDBGXSA-N
IISWKVFHQLAOMW-BTFUZUOASA-I,ω-carboxy-(9Z)-octadec-9-enoyl-CoA,2,IISWKVFHQLAOMW,1,Q76807400,IISWKVFHQLAOMW-BTFUZUOASA-N
HRUUEDKBMVPXJT-YZCBVULXSA-L,ternatin C3,2,HRUUEDKBMVPXJT,1,Q110198939,HRUUEDKBMVPXJT-UHFFFAOYSA-O
LKLLJYJTYPVCID-OHPMOLHNSA-M,"15,16-DiHODE",2,LKLLJYJTYPVCID,1,Q27160343,LKLLJYJTYPVCID-OHPMOLHNSA-N
NAOFYNMJUGRAFS-UWSJOQIXSA-L,gibberellin A₈-catabolite,2,NAOFYNMJUGRAFS,1,Q27110171,NAOFYNMJUGRAFS-UWSJOQIXSA-N
MFDUGTOOXGORRX-ORGLZDQCSA-N,"(3S,5R,6R)-3,5-dihydroxy-6,7-didehydro-5,6-dihydro-12'-apo-β-caroten-12'-al",2,MFDUGTOOXGORRX,1,Q27116168,MFDUGTOOXGORRX-AVKQGYMWSA-N
LWQKGKRDBZVYNE-USSJAFKOSA-M,cyanidin 3-O-[6-O-sinapoyl-β-D-glucosyl-(1→6)]-[β-D-xylosyl-(1→2)]-β-D-galactoside,2,LWQKGKRDBZVYNE,1,Q27270151,LWQKGKRDBZVYNE-DBWHLQOESA-O
KVYNYRIOAYQBFK-WUXMJOGZSA-P,hordatine A,2,KVYNYRIOAYQBFK,1,Q27106881,KVYNYRIOAYQBFK-AIIPJEMGSA-N
OGFQCMFLQIYVSQ-DTHBNOIPSA-M,gentisate 5-O-β-D-xylopyranoside,2,OGFQCMFLQIYVSQ,1,Q104400463,OGFQCMFLQIYVSQ-DTHBNOIPSA-N
OXEMPUBMLFVGQQ-UJOVHDGXSA-M,"16, 17-dihydro-16α, 17-dihydroxy gibberellin A₉",2,OXEMPUBMLFVGQQ,1,Q115947075,OXEMPUBMLFVGQQ-UHFFFAOYSA-N
AUARYYUGYYPPDD-LQDZTQBFSA-M,2-naphthol 6'-O-malonylglucoside,2,AUARYYUGYYPPDD,1,Q76804433,AUARYYUGYYPPDD-LQDZTQBFSA-N
CFYSKMXAQIWPNE-SBECISRQSA-L,gibberellin A₂₉-catabolite,2,CFYSKMXAQIWPNE,1,Q27110162,CFYSKMXAQIWPNE-SBECISRQSA-N
ATMPPYARKPQWNF-OLHXTJCGSA-M,gibberellin A₉₈,2,ATMPPYARKPQWNF,1,Q76807017,ATMPPYARKPQWNF-OLHXTJCGSA-N
JBJGOHHQQSPYTO-BLMVKCSQSA-L,gibberellin A₅₁-catabolite,2,JBJGOHHQQSPYTO,1,Q27110168,JBJGOHHQQSPYTO-BLMVKCSQSA-N
XBPCUCUWBYBCDP-UHFFFAOYSA-O,dicyclohexylamine,2,XBPCUCUWBYBCDP,1,Q425368,XBPCUCUWBYBCDP-UHFFFAOYSA-N
AYSIYQZBMZTTTC-DCCCRPSOSA-M,4-methylumbelliferone 6'-O-malonylglucoside,2,AYSIYQZBMZTTTC,1,Q76804111,AYSIYQZBMZTTTC-DCCCRPSOSA-N
BYYWRCJZFSTRMQ-JNPKKTEJSA-M,(+)-7-epi-jasmonoyl-L-phenylalanine,0,BYYWRCJZFSTRMQ,1,Q106029466,BYYWRCJZFSTRMQ-WSKZCNLGSA-N
ASOIXDIITRKTOX-UHFFFAOYSA-M,8-hydroxy-luteolin,0,ASOIXDIITRKTOX,1,Q15411029,ASOIXDIITRKTOX-UHFFFAOYSA-N
AZFYHRHUTXBGJS-UHFFFAOYSA-M,8-methoxykaempferol,0,AZFYHRHUTXBGJS,1,Q27108284,AZFYHRHUTXBGJS-UHFFFAOYSA-N
BTZKCJJXILZIFU-ISLYRVAYSA-M,16-sinapoyloxypalmitate,0,BTZKCJJXILZIFU,1,Q106039213,BTZKCJJXILZIFU-ISLYRVAYSA-N
FDSHYIREUMEWEX-GDKSBHILSA-K,gibberellin A₄₆,0,FDSHYIREUMEWEX,1,Q115784503,FDSHYIREUMEWEX-MCHWZHJGSA-N
FOSPCYZZRVNHJS-IBGZPJMESA-M,(indol-3-yl)acetyl-L-tryptophan,0,FOSPCYZZRVNHJS,1,Q82124461,FOSPCYZZRVNHJS-IBGZPJMESA-N
WBYIPZVSBSKNQR-RTRLPJTCSA-J,"N-acetyl-D-glucosamine 1,6-bisphosphate",0,WBYIPZVSBSKNQR,1,Q27103146,WBYIPZVSBSKNQR-RTRLPJTCSA-N
WEZWWZKUBQCMBL-UHFFFAOYSA-M,1-hydroxy-6-oxocyclohex-2-ene-1-carboxylate,0,WEZWWZKUBQCMBL,1,Q105303723,WEZWWZKUBQCMBL-UHFFFAOYSA-N
WFNZGUNBSCUXFX-UHFFFAOYSA-M,octaketide SEK4,0,WFNZGUNBSCUXFX,1,Q105304097,WFNZGUNBSCUXFX-UHFFFAOYSA-N
XVAALFVCJHPAIQ-AQAMAIGXSA-N,"pelargonidin-3,5-diglucoside-5-O-caffeoylglucoside",0,XVAALFVCJHPAIQ,1,Q27149528,XVAALFVCJHPAIQ-AQAMAIGXSA-O
YCJNYHCCOXVYAF-UHFFFAOYSA-M,"4-(2-amino-3-hydroxyphenyl)-2,4-dioxobutanoate",0,YCJNYHCCOXVYAF,1,Q61444911,YCJNYHCCOXVYAF-UHFFFAOYSA-N
ZDUUJTSRZWILGW-UPHRSURJSA-L,"3-(2-propenoic acid)-4,6-hydroxy cyclohexa-2,5-dienone",0,ZDUUJTSRZWILGW,1,Q106039234,ZDUUJTSRZWILGW-UHFFFAOYSA-N
ZVFBUGZJZNDPOS-TYCYOEEFSA-N,N-(1-deoxy-D-fructos-1-yl)-L-leucine,0,ZVFBUGZJZNDPOS,1,Q82696866,ZVFBUGZJZNDPOS-OQQZPARHSA-N
GACVANPZCDHOHT-UHFFFAOYSA-M,6-(4-methyl-2-oxopentyl)-4-hydroxy-2-pyrone,0,GACVANPZCDHOHT,1,Q82653963,GACVANPZCDHOHT-UHFFFAOYSA-N
QZOYIQGWDBXSHB-XLGKAWHDSA-N,"5,6-epoxy-3-hydroxy-12'-apo-β-caroten-12'-al",0,QZOYIQGWDBXSHB,1,Q110184666,QZOYIQGWDBXSHB-AFMCRXATSA-N
STGVBTJKCSSKNP-ZDUSSCGKSA-M,(indol-3-yl)acetyl-L-proline,0,STGVBTJKCSSKNP,1,Q82568722,STGVBTJKCSSKNP-ZDUSSCGKSA-N
VHUBNUSXPIJYSG-QIRCYJPOSA-L,all-trans-geranyl-geranyl monophosphate,0,VHUBNUSXPIJYSG,1,Q27460862,VHUBNUSXPIJYSG-OZOSFKGRSA-N
WPTUQMUCTTVOFW-BONVTDFDSA-M,(indol-3-yl)acetyl-L-isoleucine,0,WPTUQMUCTTVOFW,1,Q72483110,WPTUQMUCTTVOFW-BONVTDFDSA-N
YDXXLJMIHMIOIF-UHFFFAOYSA-M,(indol-3-yl)acetyl-glycine,0,YDXXLJMIHMIOIF,1,Q27097183,YDXXLJMIHMIOIF-UHFFFAOYSA-N
YMDYUWHAQBYOMU-HYAYUQHRSA-M,gibberellin A₁₄-aldehyde,0,YMDYUWHAQBYOMU,1,Q27110161,YMDYUWHAQBYOMU-HYAYUQHRSA-N
YPMYDSHISNOZST-ZDUSSCGKSA-M,(indol-3-yl)acetyl-L-methionine,0,YPMYDSHISNOZST,1,Q82241716,YPMYDSHISNOZST-ZDUSSCGKSA-N
ZDOTZEDNGNPOEW-UHFFFAOYSA-M,8-hydroxykaempferol,0,ZDOTZEDNGNPOEW,1,Q3073325,ZDOTZEDNGNPOEW-UHFFFAOYSA-N
ONJBJMDJKLHMEK-MPQUPPDSSA-K,"phosphatidylglycerolphosphate (1,2-di-palmitoyl)",0,ONJBJMDJKLHMEK,1,Q76617035,ONJBJMDJKLHMEK-MPQUPPDSSA-N
HKKHTABTHSUDBP-ILXILVFVSA-N,3'-dehydrolactose,0,HKKHTABTHSUDBP,1,Q27103202,HKKHTABTHSUDBP-WMIWJMKMSA-N
HLBLLQMXYYYBLN-KRWDZBQOSA-M,(indol-3-yl)acetyl-L-tyrosine,0,HLBLLQMXYYYBLN,1,Q82847138,HLBLLQMXYYYBLN-KRWDZBQOSA-N
KHXOPJUQEGBFTQ-UTICLMQXSA-N,"10β,14β-dihydroxytaxa-4(20),11-dien-5α-yl acetate",0,KHXOPJUQEGBFTQ,1,Q27132713,KHXOPJUQEGBFTQ-WDHPPJNLSA-N
MMHKTOGFTDNQOU-QDUMAPLTSA-M,24-epicathasterone-22-O-sulfate,0,MMHKTOGFTDNQOU,1,Q106030207,MMHKTOGFTDNQOU-QDUMAPLTSA-N
GBDTYZCMNRLPES-AQAMAIGXSA-N,"pelargonidin-3,5-diglucoside-5-O-4-coumaroylglucoside",0,GBDTYZCMNRLPES,1,Q27149517,GBDTYZCMNRLPES-AQAMAIGXSA-O
UEUPTUCWIHOIMK-RRKCRQDMSA-L,2'-deoxyadenosine 3'-monophosphate,0,UEUPTUCWIHOIMK,1,Q27105175,UEUPTUCWIHOIMK-RRKCRQDMSA-N
ICWHQHNAQWNMTM-YFKPBYRVSA-M,N-hydroxyhomomethionine,0,ICWHQHNAQWNMTM,1,Q114831059,ICWHQHNAQWNMTM-YFKPBYRVSA-N
IGBBBLSQXFDCHI-MIDKXNQYSA-O,N⁶-(D-glucosyl)-L-lysine,0,IGBBBLSQXFDCHI,1,Q106041000,IGBBBLSQXFDCHI-MIDKXNQYSA-N
FVSAHFFHPOLBLL-SHYZEUOFSA-L,2'-deoxycytidine 3'-monophosphate,0,FVSAHFFHPOLBLL,1,Q82188068,FVSAHFFHPOLBLL-UHFFFAOYSA-N
AKWHTKRUNUYXDS-UHFFFAOYSA-M,3-hydroxy-3-(4-hydroxyphenyl)propanoate,0,AKWHTKRUNUYXDS,1,Q82990657,AKWHTKRUNUYXDS-UHFFFAOYSA-N
AOBQWGHMIKNEHI-PBYSEVBRSA-N,N-(1-deoxy-D-fructos-1-yl)-L-asparagine,0,AOBQWGHMIKNEHI,1,Q18356514,AOBQWGHMIKNEHI-CWOUCCJVSA-N
BYYWRCJZFSTRMQ-WSKZCNLGSA-M,(-)-jasmonoyl-L-phenylalanine,0,BYYWRCJZFSTRMQ,1,Q106029466,BYYWRCJZFSTRMQ-WSKZCNLGSA-N
COURORAOJFKVCU-AMBVJARFSA-N,a dolichol,0,COURORAOJFKVCU,1,Q106039372,COURORAOJFKVCU-YBGYVPJUSA-N
CTFNBPCKMHCTPC-YFKPBYRVSA-M,"N,N-dihydroxyhomomethionine",0,CTFNBPCKMHCTPC,1,Q114831060,CTFNBPCKMHCTPC-YFKPBYRVSA-N
DMFODUNDODUQKK-UAKXSSHOSA-J,5-hydroxy-CTP,0,DMFODUNDODUQKK,1,Q76534109,DMFODUNDODUQKK-UAKXSSHOSA-N
FBZONXHGGPHHIY-UHFFFAOYSA-M,xanthurenate,0,FBZONXHGGPHHIY,1,Q5961262,FBZONXHGGPHHIY-UHFFFAOYSA-N
JKJGLRGLOMRXFN-MVWJERBFSA-K,"(1R,5S,6S)-2-succinyl-5-enolpyruvyl-6-hydroxycyclohex-2-ene-1-carboxylate",0,JKJGLRGLOMRXFN,1,Q76804235,JKJGLRGLOMRXFN-MVWJERBFSA-N
JOBRDKSINVPTQA-LVSAPHKCSA-N,4α-formyl-5α-cholest-7-en-3β-ol,0,JOBRDKSINVPTQA,1,Q106039636,JOBRDKSINVPTQA-FBPXSBKWSA-N
UEKCFAIUNCFLEA-SDBNBOCMSA-N,N-(1-deoxy-D-fructos-1-yl)-L-alanine,0,UEKCFAIUNCFLEA,1,Q82696865,UEKCFAIUNCFLEA-XGVUHEBKSA-N
OKIDIWHWTIMACU-MNEPGTOVSA-M,densipolate,0,OKIDIWHWTIMACU,1,Q53490428,OKIDIWHWTIMACU-MNEPGTOVSA-N
OQNJZSIPDMTUAJ-JGVFFNPUSA-M,"(7R,8S)-8-amino-7-(carboxyamino)nonanoate",0,OQNJZSIPDMTUAJ,1,Q27094544,OQNJZSIPDMTUAJ-JGVFFNPUSA-N
PCNFFWATXFRKOF-UHFFFAOYSA-M,octaketide SEK4b,0,PCNFFWATXFRKOF,1,Q77559552,PCNFFWATXFRKOF-UHFFFAOYSA-N
QPYQKHOKNCVKGE-RQOWECAXSA-M,"(2Z)-3-(3,4-dioxocyclohexa-1,5-dien-1-yl)prop-2-enoate",0,QPYQKHOKNCVKGE,1,Q27149812,QPYQKHOKNCVKGE-DUXPYHPUSA-N
RGVDXIXIXWVTIL-NQXXGFSBSA-L,5-fluoro-5-deoxy-D-ribulose 1-phosphate,0,RGVDXIXIXWVTIL,1,Q76617056,RGVDXIXIXWVTIL-NQXXGFSBSA-N
JURRMAHLXBVXRF-FIEZRUJPSA-K,(R)-4'-phosphopantothenoyl-cytidylate,0,JURRMAHLXBVXRF,1,Q27464485,JURRMAHLXBVXRF-FIEZRUJPSA-N
JXYLQEMXCAAMOL-UHFFFAOYSA-L,3-sulfinopyruvate,0,JXYLQEMXCAAMOL,1,Q27105488,JXYLQEMXCAAMOL-UHFFFAOYSA-N
LXKGKXYIAAKOCT-SHYZEUOFSA-L,2'-deoxyuridine 3'-monophosphate,0,LXKGKXYIAAKOCT,1,Q27094373,LXKGKXYIAAKOCT-SHYZEUOFSA-N
MLVJTFNIARPUAO-NTFJDHGLSA-N,a 2-oxindole-3-acetyl-hexose,0,MLVJTFNIARPUAO,1,Q106038438,MLVJTFNIARPUAO-LCNORDJOSA-N
AAZZVFONLHYNDZ-UGDQNKSBSA-J,(S)-3-hydroxy-3-phenylpropanoyl-CoA,16,AAZZVFONLHYNDZ,2,Q27139490; Q27139492,AAZZVFONLHYNDZ-NVQRUNIKSA-J; AAZZVFONLHYNDZ-NVQRUNIKSA-N
VCYNHQOAZQMPOJ-XGHVASCSSA-O,solasod-3-one,10,VCYNHQOAZQMPOJ,2,Q105284032; Q105284033,VCYNHQOAZQMPOJ-OBOJVYGLSA-N; VCYNHQOAZQMPOJ-UHFFFAOYSA-N
VCYNHQOAZQMPOJ-TZNORDHQSA-N,tomatid-3-one,10,VCYNHQOAZQMPOJ,2,Q105284032; Q105284033,VCYNHQOAZQMPOJ-OBOJVYGLSA-N; VCYNHQOAZQMPOJ-UHFFFAOYSA-N
GBVCHRDRVDOMQV-RTWAWAEBSA-M,rot-2'-enonate,9,GBVCHRDRVDOMQV,2,Q105006101; Q27164316,GBVCHRDRVDOMQV-RTWAWAEBSA-N; GBVCHRDRVDOMQV-UHFFFAOYSA-N
WHKYNCPIXMNTRQ-YFKPBYRVSA-M,(S)-2-oxo-4-hydroxy-4-carboxy-5-ureidoimidazoline,9,WHKYNCPIXMNTRQ,2,Q27114162; Q27125933,WHKYNCPIXMNTRQ-UHFFFAOYSA-M; WHKYNCPIXMNTRQ-UHFFFAOYSA-N
YDFJGPFMKWECQA-RILARPOQSA-N,"(22R)-22,26-dihydroxycholesterol",9,YDFJGPFMKWECQA,2,Q105346701; Q76084558,YDFJGPFMKWECQA-BXTYSGRPSA-N; YDFJGPFMKWECQA-UHFFFAOYSA-N
LTQYPAVLAYVKTK-YFKPBYRVSA-N,(S)-5-hydroxyisourate,9,LTQYPAVLAYVKTK,2,Q27126778; Q2823232,LTQYPAVLAYVKTK-UHFFFAOYSA-M; LTQYPAVLAYVKTK-UHFFFAOYSA-N
PXMFPPFHRQZIHO-OLCQZNMOSA-M,cyclo-dopa 5-O-glucoside,9,PXMFPPFHRQZIHO,2,Q104392905; Q27155254,PXMFPPFHRQZIHO-OLCQZNMOSA-N; PXMFPPFHRQZIHO-UHFFFAOYSA-N
WNHXBLZBOWXNQO-UHFFFAOYSA-M,dalbergioidin,8,WNHXBLZBOWXNQO,2,Q105309092; Q27105220,WNHXBLZBOWXNQO-SNVBAGLBSA-N; WNHXBLZBOWXNQO-UHFFFAOYSA-N
BIBNUKILYWNEFA-XQCSBWSISA-N,albireodelphin,8,BIBNUKILYWNEFA,2,Q110202779; Q27149520,BIBNUKILYWNEFA-UHFFFAOYSA-O; BIBNUKILYWNEFA-XQCSBWSISA-O
XCAKPWXDUSEAEH-KBJXEFJHSA-O,solasod-4-en-3-one,8,XCAKPWXDUSEAEH,2,Q105324856; Q82073399,XCAKPWXDUSEAEH-CLGLNXEMSA-N; XCAKPWXDUSEAEH-UHFFFAOYSA-N
XCAKPWXDUSEAEH-HMLYJFOKSA-N,tomatid-4-en-3-one,8,XCAKPWXDUSEAEH,2,Q105324856; Q82073399,XCAKPWXDUSEAEH-CLGLNXEMSA-N; XCAKPWXDUSEAEH-UHFFFAOYSA-N
VAOXSMUPPRUEKF-ZXDSMUBISA-N,17-O-acetylnorajmaline,7,VAOXSMUPPRUEKF,2,Q27102348; Q27147317,VAOXSMUPPRUEKF-VFHMDEBLSA-N; VAOXSMUPPRUEKF-VFHMDEBLSA-O
MRAAUGYJHQVNBA-KXIMMUTBSA-N,β-D-apiofuranosyl-(1->6)-D-glucose,7,MRAAUGYJHQVNBA,2,Q27124279; Q76513245,MRAAUGYJHQVNBA-GYIKDEIJSA-N; MRAAUGYJHQVNBA-SMALESJGSA-N
YRKLGWOHYXIKSF-LBPRGKRZSA-L,(indol-3-yl)acetyl-L-glutamate,7,YRKLGWOHYXIKSF,2,Q106029432; Q27292619,YRKLGWOHYXIKSF-LBPRGKRZSA-N; YRKLGWOHYXIKSF-UHFFFAOYSA-N
BUGQHORRADGONS-KRWDZBQOSA-M,(indol-3-yl)acetyl-L-phenylalanine,7,BUGQHORRADGONS,2,Q106029465; Q27268117,BUGQHORRADGONS-KRWDZBQOSA-N; BUGQHORRADGONS-UHFFFAOYSA-N
VZPBBOAZFCREMQ-SHPGVJHPSA-N,pelargonidin 3-O-β-D-(4-coumaroyl)glucoside,6,VZPBBOAZFCREMQ,2,Q110204785; Q27149526,VZPBBOAZFCREMQ-SHPGVJHPSA-O; VZPBBOAZFCREMQ-UHFFFAOYSA-O
GKDKOMAJZATYAY-QWBQGLJISA-H,"D-myo-inositol (1,2,3) trisphosphate",6,GKDKOMAJZATYAY,2,Q27292095; Q82246821,GKDKOMAJZATYAY-LXOASSSBSA-N; GKDKOMAJZATYAY-UOTPTPDRSA-N
HCZNPUHZYPPINM-AWEZNQCLSA-M,(indol-3-yl)acetyl-L-leucine,6,HCZNPUHZYPPINM,2,Q106030723; Q27139799,HCZNPUHZYPPINM-AWEZNQCLSA-N; HCZNPUHZYPPINM-UHFFFAOYSA-N
ZNGUCFLTOCTQKJ-AJGJEUHPSA-N,"4α, 14α-dimethyl ergosta-8,25(27)-dienol",6,ZNGUCFLTOCTQKJ,2,Q105380060; Q105380061,ZNGUCFLTOCTQKJ-UHFFFAOYSA-N; ZNGUCFLTOCTQKJ-YEWCSPHBSA-N
INMKWUNQKOWGEZ-VQHVLOKHSA-M,traumatin,6,INMKWUNQKOWGEZ,2,Q106038811; Q3289251,INMKWUNQKOWGEZ-CLFYSBASSA-N; INMKWUNQKOWGEZ-VQHVLOKHSA-N
YHLZPXCREROAPG-YEQKKNNOSA-L,delphinidin-3-O-(6''-O-malonyl)-β-glucoside-3'-O-β-glucoside,6,YHLZPXCREROAPG,2,Q27124242; Q27126339,YHLZPXCREROAPG-YEQKKNNOSA-M; YHLZPXCREROAPG-YEQKKNNOSA-O
YOXWSUCVDVXAMX-DEFKTLOSSA-N,"quercetin 3,5-O-diglucoside",6,YOXWSUCVDVXAMX,2,Q110204650; Q113534170,YOXWSUCVDVXAMX-UHFFFAOYSA-N; YOXWSUCVDVXAMX-VMJMUREYSA-N
BXTHVTLKWJZGAA-ODYMNIRHSA-O,cathenamine,6,BXTHVTLKWJZGAA,2,Q27105364; Q27106097,BXTHVTLKWJZGAA-ODYMNIRHSA-N; BXTHVTLKWJZGAA-YFROIQMUSA-N
CAXLTZYEJPQCKD-WHBTYZLHSA-N,quercetin 3-O-glucosyl-(1->2)-glucoside-7-O-rhamnoside,6,CAXLTZYEJPQCKD,2,Q104952023; Q104952024,CAXLTZYEJPQCKD-SBQRELSASA-N; CAXLTZYEJPQCKD-UHFFFAOYSA-N
OCALSPDXYQHUHA-FNORWQNLSA-M,(E)-8-methylnon-6-enoate,6,OCALSPDXYQHUHA,2,Q27155472; Q82232064,OCALSPDXYQHUHA-ALCCZGGFSA-N; OCALSPDXYQHUHA-FNORWQNLSA-N
BDUIIOHQSYPXRT-GJKCTVFGSA-M,a jasmonoyl-L-leucine,6,BDUIIOHQSYPXRT,2,Q115946748; Q124141012,BDUIIOHQSYPXRT-CLDKDVBBSA-N; BDUIIOHQSYPXRT-UHFFFAOYSA-N
CUZKLRTTYZOCSD-JVIMKECRSA-M,2'-deoxymugineate,6,CUZKLRTTYZOCSD,2,Q27109156; Q27125825,CUZKLRTTYZOCSD-CIUDSAMLSA-M; CUZKLRTTYZOCSD-CIUDSAMLSA-N
KIMHJUCTTIEANQ-KZJSRBBCSA-M,"4-coumaroyl-3',4'-dihydroxyphenyllactate",6,KIMHJUCTTIEANQ,2,Q105141591; Q76534070,KIMHJUCTTIEANQ-KZJSRBBCSA-N; KIMHJUCTTIEANQ-UHFFFAOYSA-N
KYHKDOKSARWIDI-UHFFFAOYSA-M,4-prenylphlormethylbutanophenone,6,KYHKDOKSARWIDI,2,Q105147723; Q74417783,KYHKDOKSARWIDI-SNVBAGLBSA-N; KYHKDOKSARWIDI-UHFFFAOYSA-N
CFUFRWCJGZYVHK-FJDPONSTSA-N,DIM₂BOA-β-D-glucoside,6,CFUFRWCJGZYVHK,2,Q104956977; Q104956979,CFUFRWCJGZYVHK-OIFGPBIKSA-N; CFUFRWCJGZYVHK-UHFFFAOYSA-N
MUFSTXJBHAEIBT-ZASJQLQOSA-M,γ-L-glutamyl-(S)-trans-1-propenyl-L-cysteine,6,MUFSTXJBHAEIBT,2,Q105172302; Q76802949,MUFSTXJBHAEIBT-UHFFFAOYSA-N; MUFSTXJBHAEIBT-ZASJQLQOSA-N
RDTAGQKYPGLCBK-GOZZSVHWSA-M,formononetin-7-O-glucoside-6''-malonate,6,RDTAGQKYPGLCBK,2,Q105234434; Q27149411,RDTAGQKYPGLCBK-GOZZSVHWSA-N; RDTAGQKYPGLCBK-UHFFFAOYSA-N
FUTHBNRZCFKVQZ-YUMQZZPRSA-M,γ-L-glutamyl-[(S)-allyl]-L-cysteine,6,FUTHBNRZCFKVQZ,2,Q105001989; Q27252677,FUTHBNRZCFKVQZ-UHFFFAOYSA-N; FUTHBNRZCFKVQZ-YUMQZZPRSA-N
QFVOYBUQQBFCRH-VQSWZGCSSA-M,steviol,5,QFVOYBUQQBFCRH,2,Q105219805; Q426852,QFVOYBUQQBFCRH-UHFFFAOYSA-N; QFVOYBUQQBFCRH-VQSWZGCSSA-N
USQXPEWRYWRRJD-LBPRGKRZSA-M,(2S)-dihydrotricetin,5,USQXPEWRYWRRJD,2,Q27104601; Q27109894,USQXPEWRYWRRJD-LBPRGKRZSA-N; USQXPEWRYWRRJD-UHFFFAOYSA-N
WDWYJNPKBKWDBL-UHFFFAOYSA-M,serinol phosphate,4,WDWYJNPKBKWDBL,2,Q76100417; Q82971653,WDWYJNPKBKWDBL-GSVOUGTGSA-N; WDWYJNPKBKWDBL-UHFFFAOYSA-N
CXMRDTYDEINMSY-DUXPYHPUSA-M,feruloyl diketide,4,CXMRDTYDEINMSY,2,Q27139491; Q27139494,CXMRDTYDEINMSY-UHFFFAOYSA-M; CXMRDTYDEINMSY-UHFFFAOYSA-N
JCGXIYQLRYPHDG-ZBYJLJTQSA-N,30-hydroxy-11-oxo-β-amyrin,4,JCGXIYQLRYPHDG,2,Q105124815; Q27139724,JCGXIYQLRYPHDG-DQOTWGJISA-N; JCGXIYQLRYPHDG-UHFFFAOYSA-N
USGUVNUTPWXWBA-JRIXXDKMSA-O,"(2S,3E)-2-amino-4-(2-aminoethoxy)but-3-enoate",4,USGUVNUTPWXWBA,2,Q27074449; Q27280960,USGUVNUTPWXWBA-HNQUOIGGSA-N; USGUVNUTPWXWBA-JRIXXDKMSA-N
OMHUCGDTACNQEX-OSHKXICASA-M,steviolbioside,4,OMHUCGDTACNQEX,2,Q104251802; Q27236306,OMHUCGDTACNQEX-ICNNUHDTSA-N; OMHUCGDTACNQEX-OSHKXICASA-N
QSIDJGUAAUSPMG-CULFPKEHSA-M,steviolmonoside,4,QSIDJGUAAUSPMG,2,Q63399074; Q82960199,QSIDJGUAAUSPMG-CULFPKEHSA-N; QSIDJGUAAUSPMG-UHFFFAOYSA-N
MLUJBNROAVANKK-SZXTZRQCSA-L,cis-12-sulfojasmonate,4,MLUJBNROAVANKK,2,Q74410823; Q76754261,MLUJBNROAVANKK-SZXTZRQCSA-N; MLUJBNROAVANKK-UPHRSURJSA-L
UYLDMCQVSGIZMI-ROOKUYIKSA-N,delphinidin 3-O-sophoroside,4,UYLDMCQVSGIZMI,2,Q110204505; Q27149489,UYLDMCQVSGIZMI-ROOKUYIKSA-O; UYLDMCQVSGIZMI-UHFFFAOYSA-O
GITWMSHGVHCOTC-LWKDCUQFSA-O,N-demethylvindolidine,4,GITWMSHGVHCOTC,2,Q106029729; Q74411348,GITWMSHGVHCOTC-GZSKETOLSA-N; GITWMSHGVHCOTC-GZSKETOLSA-O
HCZDGTUAMVKZNE-KMKFZPLVSA-M,malonylshisonin,4,HCZDGTUAMVKZNE,2,Q115947191; Q23055392,HCZDGTUAMVKZNE-KMKFZPLVSA-O; HCZDGTUAMVKZNE-UHFFFAOYSA-O
GAQSCLQIDHHPEE-BGACTFDASA-M,gibberellin A₃₈,4,GAQSCLQIDHHPEE,2,Q105005577; Q110078907,GAQSCLQIDHHPEE-ARCJWRNYSA-N; GAQSCLQIDHHPEE-UHFFFAOYSA-N
XMLLJGHZPHTUKK-CKSYUEDFSA-O,solasodine 3-O-β-D-glucoside,4,XMLLJGHZPHTUKK,2,Q105331197; Q96575377,XMLLJGHZPHTUKK-GAMIEDRGSA-O; XMLLJGHZPHTUKK-XARICSCJSA-N
XMLLJGHZPHTUKK-VZNIMFFESA-O,solasodine 3-O-β-D-galactoside,4,XMLLJGHZPHTUKK,2,Q105331197; Q96575377,XMLLJGHZPHTUKK-GAMIEDRGSA-O; XMLLJGHZPHTUKK-XARICSCJSA-N
BBVFHYCHEWCGBH-KVULBXGLSA-O,protoemetine,4,BBVFHYCHEWCGBH,2,Q104923083; Q27108100,BBVFHYCHEWCGBH-UHFFFAOYSA-N; BBVFHYCHEWCGBH-ZQIUZPCESA-N
UYRCHWLYXIQJKK-HMRRIYTKSA-K,gibberellin A₁₃,4,UYRCHWLYXIQJKK,2,Q110079683; Q27140004,UYRCHWLYXIQJKK-HMRRIYTKSA-N; UYRCHWLYXIQJKK-UHFFFAOYSA-N
SPZLJXUKZRAIQP-ISYXSIGESA-N,"3β-hydroxy-9β-pimara-7,15-diene-19,6β-olide",4,SPZLJXUKZRAIQP,2,Q115948057; Q27104651,SPZLJXUKZRAIQP-KSYFULEYSA-N; SPZLJXUKZRAIQP-UHFFFAOYSA-N
DRPMMLWYLAPTPK-JSYMRTRDSA-N,dihydrozeatin-9-N-glucoside,4,DRPMMLWYLAPTPK,2,Q115948146; Q27140016,DRPMMLWYLAPTPK-CLORPHGJSA-N; DRPMMLWYLAPTPK-UHFFFAOYSA-N
OTENCPQKSBPYCM-GQCNFOOOSA-I,"(2R,3S)-β-methylmalyl-CoA",4,OTENCPQKSBPYCM,2,Q27103375; Q27145434,OTENCPQKSBPYCM-IGVLTWCCSA-I; OTENCPQKSBPYCM-IGVLTWCCSA-N
GUOJZFSYQUIYCN-UPHRSURJSA-M,"3,4,6-trihydroxy-cis-cinnamate",4,GUOJZFSYQUIYCN,2,Q18347446; Q76511824,GUOJZFSYQUIYCN-OWOJBTEDSA-N; GUOJZFSYQUIYCN-UPHRSURJSA-N
JHYXBPPMXZIHKG-ZDUSSCGKSA-N,(R)-dihydrodaidzein,4,JHYXBPPMXZIHKG,2,Q105128830; Q27145588,JHYXBPPMXZIHKG-CYBMUJFWSA-N; JHYXBPPMXZIHKG-UHFFFAOYSA-N
MLBYBBUZURKHAW-MISYRCLQSA-M,palustric acid,4,MLBYBBUZURKHAW,2,Q105166481; Q27110213,MLBYBBUZURKHAW-MISYRCLQSA-N; MLBYBBUZURKHAW-UHFFFAOYSA-N
RRBYUSWBLVXTQN-JYCPTSIYSA-N,tricyclene,4,RRBYUSWBLVXTQN,2,Q105243936; Q27133173,RRBYUSWBLVXTQN-UHFFFAOYSA-N; RRBYUSWBLVXTQN-UICFKRDXSA-N
ONFOSYPQQXJWGS-SCSAIBSYSA-M,(2R)-2-hydroxy-4-(methylsulfanyl)butanoate,4,ONFOSYPQQXJWGS,2,Q27295171; Q72480514,ONFOSYPQQXJWGS-BYPYZUCNSA-N; ONFOSYPQQXJWGS-UHFFFAOYSA-N
GKDKOMAJZATYAY-UOTPTPDRSA-H,"D-myo-inositol (1,2,6) trisphosphate",4,GKDKOMAJZATYAY,2,Q27292095; Q82246821,GKDKOMAJZATYAY-LXOASSSBSA-N; GKDKOMAJZATYAY-UOTPTPDRSA-N
RWWVEQKPFPXLGL-RMGPQRKISA-M,levopimaric acid,4,RWWVEQKPFPXLGL,2,Q105246816; Q6535822,RWWVEQKPFPXLGL-ONCXSQPRSA-N; RWWVEQKPFPXLGL-UHFFFAOYSA-N
QKKVMRCIRQQMDU-LUGIZMLVSA-M,1-linoleoyl-2-(3E)-hexadecenoyl-phosphatidylglycerol,4,QKKVMRCIRQQMDU,2,Q106030414; Q76804266,QKKVMRCIRQQMDU-LUGIZMLVSA-N; QKKVMRCIRQQMDU-VTKVFKEISA-N
QHIATSAYASRLEY-IIPHORNXSA-M,4-hydroxybutylglucosinolate,4,QHIATSAYASRLEY,2,Q110080647; Q64005963,QHIATSAYASRLEY-BZVDQRPCSA-N; QHIATSAYASRLEY-UHFFFAOYSA-N
XNBWKKYPKJHUKD-SUPOWNCOSA-M,gibberellin A₆,4,XNBWKKYPKJHUKD,2,Q110078126; Q27110170,XNBWKKYPKJHUKD-UHFFFAOYSA-N; XNBWKKYPKJHUKD-UQJCXHNCSA-N
LFLDSGWMOQHQIG-QSNQBEPESA-N,kaempferol 3-O-[6-(4-coumaroyl)-β-D-glucosyl-(1->2)-glucosyl-(1->2)-β-D-glucoside,4,LFLDSGWMOQHQIG,2,Q115947710; Q27114673,LFLDSGWMOQHQIG-UHFFFAOYSA-N; LFLDSGWMOQHQIG-WRICPQPISA-N
DRSITEVYZGOOQG-HXUWFJFHSA-M,cohumulone,4,DRSITEVYZGOOQG,2,Q104987607; Q2981886,DRSITEVYZGOOQG-HXUWFJFHSA-N; DRSITEVYZGOOQG-UHFFFAOYSA-N
KUSHOISAFGTTRU-YFHOEESVSA-M,(12Z)-9-hydroxy-10-oxo-octadec-12-enoate,4,KUSHOISAFGTTRU,2,Q106038833; Q82561840,KUSHOISAFGTTRU-JXMROGBWSA-N; KUSHOISAFGTTRU-UHFFFAOYSA-N
WDBPMRZYBZCIQE-DZXUBONNSA-J,3-oxo-2-(cis-2'-pentenyl)-cyclopentane-1-(E-octa-2-enoyl)-CoA,4,WDBPMRZYBZCIQE,2,Q113456491; Q27149498,WDBPMRZYBZCIQE-DZXUBONNSA-N; WDBPMRZYBZCIQE-PZZPGARMSA-N
KAZTVTFKDLJVBH-RXHUWYBMSA-N,dalpatein 7-O-β-D-apiofuranosyl-(1->6)-β-D-glucopyranoside,3,KAZTVTFKDLJVBH,2,Q105138059; Q27124313,KAZTVTFKDLJVBH-PNJBZCJOSA-N; KAZTVTFKDLJVBH-UHFFFAOYSA-N
MAKMINQMKSULBY-GWCBQTKKSA-M,arabidopsis anthocyanin A9,3,MAKMINQMKSULBY,2,Q110080837; Q23419083,MAKMINQMKSULBY-HHNMOXDYSA-O; MAKMINQMKSULBY-UHFFFAOYSA-O
YNAFMBLTFSPCAE-RVJKEIMSSA-O,N-debenzoyl-(3'-RS)-2'-deoxytaxol,3,YNAFMBLTFSPCAE,2,Q27144345; Q27148253,YNAFMBLTFSPCAE-ZPROQBANSA-N; YNAFMBLTFSPCAE-ZPROQBANSA-O
JYPFTOPPKDHQEW-STHAYSLISA-M,L-threo-tetruronate,3,JYPFTOPPKDHQEW,2,Q76616629; Q82433327,JYPFTOPPKDHQEW-STHAYSLISA-N; JYPFTOPPKDHQEW-UHFFFAOYSA-N
DRLQFBRXASRGDP-BUBQRNSCSA-N,1-18:2-2-18:3-monogalactosyldiacylglycerol,3,DRLQFBRXASRGDP,2,Q104987488; Q104987489,DRLQFBRXASRGDP-UHFFFAOYSA-N; DRLQFBRXASRGDP-WWEGJJHISA-N
OBZQFWQGMXWKEI-FNVGUSKRSA-N,dalnigrein 7-O-β-D-apiofuranosyl-(1-6)-β-D-glucopyranoside,3,OBZQFWQGMXWKEI,2,Q105189234; Q27124365,OBZQFWQGMXWKEI-UHFFFAOYSA-N; OBZQFWQGMXWKEI-VUYKUYEJSA-N
DSOFJFHIQQEFSK-XVNCUXIASA-M,1-α-linolenoyl-2-(3E)-hexadecenoyl-phosphatidylglycerol,3,DSOFJFHIQQEFSK,2,Q106030416; Q76804853,DSOFJFHIQQEFSK-AAXVFRENSA-N; DSOFJFHIQQEFSK-XVNCUXIASA-N
GKSHYDZIFVNLSS-IPDWFASDSA-N,1-18:2-2-18:3-digalactosyldiacylglycerol,3,GKSHYDZIFVNLSS,2,Q105010243; Q105010245,GKSHYDZIFVNLSS-HXEUPUMRSA-N; GKSHYDZIFVNLSS-UHFFFAOYSA-N
UTTLWQMTEWKFNX-XWLPYIGKSA-N,"4α-hydroxymethyl,4β,14α-dimethyl-9β,19-cyclo-5α-cholest-24-en-3β-ol",3,UTTLWQMTEWKFNX,2,Q105279082; Q105279083,UTTLWQMTEWKFNX-BPYUMQNDSA-N; UTTLWQMTEWKFNX-UHFFFAOYSA-N
FEKMFSGDBKSRNR-UHFFFAOYSA-L,2-[(6'-methylsulfanyl)hexyl]malate,3,FEKMFSGDBKSRNR,2,Q104994003; Q27154940,FEKMFSGDBKSRNR-LLVKDONJSA-N; FEKMFSGDBKSRNR-UHFFFAOYSA-N
VDDFXUMTXCQMFM-UGDQNKSBSA-J,3S-(4-hydroxyphenyl)-3-hydroxy-propanoyl-CoA,3,VDDFXUMTXCQMFM,2,Q27140579; Q27140619,VDDFXUMTXCQMFM-NVQRUNIKSA-J; VDDFXUMTXCQMFM-NVQRUNIKSA-N
JVROXMCODLRLLV-LCENJUANSA-N,"delphinidin 3,7-di O-β-D-glucoside",3,JVROXMCODLRLLV,2,Q105135923; Q106010177,JVROXMCODLRLLV-BEYNAAHTSA-O; JVROXMCODLRLLV-LCENJUANSA-O
ZBHUQQHYXHVILV-BLEHMCQWSA-N,6-methoxypodophyllotoxin 7-glucoside,3,ZBHUQQHYXHVILV,2,Q105370607; Q105370608,ZBHUQQHYXHVILV-OVXQXXFISA-N; ZBHUQQHYXHVILV-UHFFFAOYSA-N
JKGXHHXZZLNEGD-XINMMMEUSA-M,arabidopsis anthocyanin A5,3,JKGXHHXZZLNEGD,2,Q110203153; Q23464928,JKGXHHXZZLNEGD-UHFFFAOYSA-O; JKGXHHXZZLNEGD-XUYFGVRGSA-O
YWTMOKNFGZQLRN-XKDPPCGASA-N,isovitexin-7-O-xyloside,3,YWTMOKNFGZQLRN,2,Q105367297; Q110080692,YWTMOKNFGZQLRN-PASAWZICSA-N; YWTMOKNFGZQLRN-UHFFFAOYSA-N
BQAJKXKYTQTBDK-PCHDOLKHSA-M,(-)-medicarpin-3-O-glucoside-6''-malonate,3,BQAJKXKYTQTBDK,2,Q104944240; Q27149416,BQAJKXKYTQTBDK-PCHDOLKHSA-N; BQAJKXKYTQTBDK-UHFFFAOYSA-N
WCRHLQJCUOBAKM-QASSWSFNSA-M,dihydroartemisinic acid hydroperoxide,3,WCRHLQJCUOBAKM,2,Q105302035; Q105302036,WCRHLQJCUOBAKM-UHFFFAOYSA-N; WCRHLQJCUOBAKM-VUABOHJTSA-N
WKXRXDCADOCIEN-URUUWQEUSA-M,1-hydroxyglucobrassicin,3,WKXRXDCADOCIEN,2,Q64005946; Q76855133,WKXRXDCADOCIEN-STPBKMPXSA-M; WKXRXDCADOCIEN-STPBKMPXSA-N
SQUOCHQOQMZGQP-UHFFFAOYSA-M,raphanusamate,3,SQUOCHQOQMZGQP,2,Q82920275; Q83127590,SQUOCHQOQMZGQP-REOHCLBHSA-N; SQUOCHQOQMZGQP-UHFFFAOYSA-N
RAKAOQJZHXOSHL-FXOIQJHLSA-M,(Z)-1-(glutathion-S-yl)-N-hydroxy-2-(1H-indol-3-yl)ethan-1-imine,3,RAKAOQJZHXOSHL,2,Q74411634; Q76804869,RAKAOQJZHXOSHL-FZRQNGHYSA-M; RAKAOQJZHXOSHL-FZRQNGHYSA-N
GKDKOMAJZATYAY-PTQMNWPWSA-H,"D-myo-inositol (2,3,4) trisphosphate",3,GKDKOMAJZATYAY,2,Q27292095; Q82246821,GKDKOMAJZATYAY-LXOASSSBSA-N; GKDKOMAJZATYAY-UOTPTPDRSA-N
VCCAAURNBULZRR-UHFFFAOYSA-O,conhydrine,3,VCCAAURNBULZRR,2,Q105283608; Q409921,VCCAAURNBULZRR-JGVFFNPUSA-N; VCCAAURNBULZRR-UHFFFAOYSA-N
QUHKCUMRZNSHRI-NOSOHGNZSA-M,(Z)-1-(glutathion-S-yl)-N-hydroxy-ω-(methylsulfanyl)hexan-1-imine,3,QUHKCUMRZNSHRI,2,Q106010199; Q76805352,QUHKCUMRZNSHRI-RYUDHWBXSA-N; QUHKCUMRZNSHRI-VSDCOVJQSA-N
ZHXRWFOBROFZAC-LVYGOKBNSA-M,(-)-maackiain-3-O-glucoside-6''-malonate,3,ZHXRWFOBROFZAC,2,Q105376093; Q27149426,ZHXRWFOBROFZAC-LVYGOKBNSA-N; ZHXRWFOBROFZAC-UHFFFAOYSA-N
MUUBILNSVLPLLL-MEZUJYBGSA-N,1-18:2-2-18:2-digalactosyldiacylglycerol,3,MUUBILNSVLPLLL,2,Q105172735; Q105172737,MUUBILNSVLPLLL-UHFFFAOYSA-N; MUUBILNSVLPLLL-YEKRNMFKSA-N
GMICVRNSOOSANN-ZDUSSCGKSA-L,"(4S)-2,3-dehydroleucopelargonidin",3,GMICVRNSOOSANN,2,Q74410839; Q76855761,GMICVRNSOOSANN-ZDUSSCGKSA-M; GMICVRNSOOSANN-ZDUSSCGKSA-N
HRWHFIDSPSFJJQ-OOMJLXHVSA-N,7-(methylsulfanyl)heptyl-desulfoglucosinolate,3,HRWHFIDSPSFJJQ,2,Q64017480; Q76804392,HRWHFIDSPSFJJQ-LFHLZQBKSA-N; HRWHFIDSPSFJJQ-MFIRQCQASA-N
RKUHYANOZYJDLK-VZRSDKANSA-M,1-oleoyl-2-(3E)-hexadecenoyl-phosphatidylglycerol,3,RKUHYANOZYJDLK,2,Q106030413; Q76804634,RKUHYANOZYJDLK-OCRJEFKGSA-N; RKUHYANOZYJDLK-VZRSDKANSA-N
CTECRPNIWSEFRW-IUIKQTSFSA-N,elwesine,3,CTECRPNIWSEFRW,2,Q104969742; Q104969743,CTECRPNIWSEFRW-RLCCDNCMSA-N; CTECRPNIWSEFRW-UHFFFAOYSA-N
CERUVRSAHAFOLZ-IQVVVBTISA-N,digitoxigenin didigitoxoside,3,CERUVRSAHAFOLZ,2,Q126611432; Q82913193,CERUVRSAHAFOLZ-LAWPZHMJSA-N; CERUVRSAHAFOLZ-UHFFFAOYSA-N
PWAKELUEEHWVFQ-UHFFFAOYSA-L,2-[(7'-methylsulfanyl)heptyl]malate,3,PWAKELUEEHWVFQ,2,Q105215696; Q27154943,PWAKELUEEHWVFQ-LBPRGKRZSA-N; PWAKELUEEHWVFQ-UHFFFAOYSA-N
MZIFZNVMGWJZJS-CKPZPDRJSA-M,(Z)-1-(glutathion-S-yl)-N-hydroxy-ω-(methylsulfanyl)butan-1-imine,3,MZIFZNVMGWJZJS,2,Q115948051; Q76804053,MZIFZNVMGWJZJS-UHFFFAOYSA-N; MZIFZNVMGWJZJS-VLYKUNOGSA-N
LZCSTAJDQULBAS-FTZNWAQRSA-M,1-α-linolenoyl-2-palmitoyl-phosphatidylglycerol,3,LZCSTAJDQULBAS,2,Q106030421; Q120312292,LZCSTAJDQULBAS-FTZNWAQRSA-N; LZCSTAJDQULBAS-SVNQLWEDSA-N
OKIIWFXZWJTTLY-UHFFFAOYSA-L,2-[(5'-methylsulfanyl)pentyl]malate,3,OKIIWFXZWJTTLY,2,Q105193566; Q27154937,OKIIWFXZWJTTLY-JTQLQIEISA-N; OKIIWFXZWJTTLY-UHFFFAOYSA-N
RBODBEHKWJZUBG-UHFFFAOYSA-M,7-hydroxy-2-oxindole-3-acetate,3,RBODBEHKWJZUBG,2,Q105233212; Q105233213,RBODBEHKWJZUBG-LURJTMIESA-N; RBODBEHKWJZUBG-UHFFFAOYSA-N
HFPMXDMZJUJZBX-AWEZNQCLSA-O,deacetylcolchicine,3,HFPMXDMZJUJZBX,2,Q27149718; Q82622307,HFPMXDMZJUJZBX-AWEZNQCLSA-N; HFPMXDMZJUJZBX-CQSZACIVSA-N
MHYITDUVXNMMNZ-UHFFFAOYSA-L,2-[(4'-methylsulfanyl)butyl]malate,3,MHYITDUVXNMMNZ,2,Q105164408; Q27154934,MHYITDUVXNMMNZ-SECBINFHSA-N; MHYITDUVXNMMNZ-UHFFFAOYSA-N
RTWFLPZWHKDFBK-RFEZBLSLSA-N,6-(methylsulfanyl)hexyl-desulfoglucosinolate,3,RTWFLPZWHKDFBK,2,Q105245464; Q76805360,RTWFLPZWHKDFBK-BXLHIMNRSA-N; RTWFLPZWHKDFBK-LPUQOGTASA-N
MHLHEINWUCSPTL-UHFFFAOYSA-M,2-(3-hydroxy-2-oxo-1H-indol-3-yl)acetate,3,MHLHEINWUCSPTL,2,Q105163856; Q82257119,MHLHEINWUCSPTL-JTQLQIEISA-N; MHLHEINWUCSPTL-UHFFFAOYSA-N
JTEGNNHWOIJBJZ-ZJSQCTGTSA-M,"(12Z,15Z)-9,10-epoxyoctadeca-12,15-dienoate",3,JTEGNNHWOIJBJZ,2,Q27160313; Q82006454,JTEGNNHWOIJBJZ-UHFFFAOYSA-N; JTEGNNHWOIJBJZ-ZJSQCTGTSA-N
IKLJZXPOWHPNML-WCRAFUTRSA-L,"oleanolate-3-beta-D-glucuronoside-(3,1)-galactoside-(4,1)-glucoside",3,IKLJZXPOWHPNML,2,Q105114720; Q105114721,IKLJZXPOWHPNML-UHFFFAOYSA-N; IKLJZXPOWHPNML-WCRAFUTRSA-N
OYMLZZKQOAPEGO-DDNVNVBGSA-N,"3-hydroxy-ε,ε-carotene",3,OYMLZZKQOAPEGO,2,Q105203402; Q105203403,OYMLZZKQOAPEGO-ITUXNECMSA-N; OYMLZZKQOAPEGO-TUQMFDARSA-N
UPCDLBPYWXOCOK-WDSKDSINSA-M,γ-L-glutamyl-(S)-methyl-L-cysteine,3,UPCDLBPYWXOCOK,2,Q105276708; Q76416524,UPCDLBPYWXOCOK-UHFFFAOYSA-N; UPCDLBPYWXOCOK-WDSKDSINSA-N
LTDXHSVIDXPYBK-UHFFFAOYSA-M,heliocide B4,2,LTDXHSVIDXPYBK,2,Q105156902; Q105156903,LTDXHSVIDXPYBK-UHFFFAOYSA-N; LTDXHSVIDXPYBK-XWXLMPLOSA-N
KWOJOQRTFRJBKX-RCGNALFNSA-N,methyl gibberellin A₃₄,2,KWOJOQRTFRJBKX,2,Q27140410; Q76506913,KWOJOQRTFRJBKX-KXHHBJJGSA-N; KWOJOQRTFRJBKX-PGBLAOAPSA-N
JXWAQRJFONLTSI-ASDZUOGYSA-L,apigenin 7-O-(6-malonyl-β-D-glucoside),2,JXWAQRJFONLTSI,2,Q105136827; Q76285980,JXWAQRJFONLTSI-ASDZUOGYSA-N; JXWAQRJFONLTSI-UHFFFAOYSA-N
JIBJRIUIIPXXGN-UHFFFAOYSA-M,heliocide B1,2,JIBJRIUIIPXXGN,2,Q105128892; Q105128893,JIBJRIUIIPXXGN-BSBLBABLSA-N; JIBJRIUIIPXXGN-UHFFFAOYSA-N
XYOSMXFVURVKBE-KRWDZBQOSA-M,(6-hydroxy-indol-3-yl)acetyl-L-phenylalanine,2,XYOSMXFVURVKBE,2,Q105344595; Q76511593,XYOSMXFVURVKBE-KRWDZBQOSA-N; XYOSMXFVURVKBE-UHFFFAOYSA-N
ZIHHMGTYZOSFRC-DOBZORSKSA-L,adenosylcobalamin,2,ZIHHMGTYZOSFRC,2,Q125034290; Q239593,ZIHHMGTYZOSFRC-OUCXYWSSSA-L; ZIHHMGTYZOSFRC-OUCXYWSSSA-M
QLYVNSUTQJZDJB-YFERVVOTSA-M,4-sinapoyloxybutylglucosinolate,2,QLYVNSUTQJZDJB,2,Q64005947; Q76616214,QLYVNSUTQJZDJB-YRFKUPOZSA-M; QLYVNSUTQJZDJB-YRFKUPOZSA-N
WPKOZIBAIWHRJZ-QDMVLMCESA-N,26-hydroxybrassinolide,2,WPKOZIBAIWHRJZ,2,Q106039618; Q27105443,WPKOZIBAIWHRJZ-AKUSXIJMSA-N; WPKOZIBAIWHRJZ-SMYQFUGUSA-N
SBVBJPHMDABKJV-HEGAIRQKSA-N,(+)-secoisolariciresinol diglucoside,2,SBVBJPHMDABKJV,2,Q105249739; Q4161320,SBVBJPHMDABKJV-PGCJWIIOSA-N; SBVBJPHMDABKJV-UHFFFAOYSA-N
QRZHDHJUYBONQQ-JSYMRTRDSA-N,dihydrozeatin-O-glucoside,2,QRZHDHJUYBONQQ,2,Q115948053; Q27149549,QRZHDHJUYBONQQ-UFZVAZPKSA-N; QRZHDHJUYBONQQ-UHFFFAOYSA-N
ATRBFJXIWFCIMW-ZGNDCXKCSA-M,gossypetin 7-O-glucoside,2,ATRBFJXIWFCIMW,2,Q104918632; Q27262534,ATRBFJXIWFCIMW-UHFFFAOYSA-N; ATRBFJXIWFCIMW-ZGNDCXKCSA-N
AILCSCQIQZTQJR-GPEUJJIWSA-L,2-O-acetyl-3-O-trans-coutarate,2,AILCSCQIQZTQJR,2,Q106039232; Q115947683,AILCSCQIQZTQJR-QPJJXVBHSA-N; AILCSCQIQZTQJR-UHFFFAOYSA-N
RTVUMLBJQCCROY-SHPGVJHPSA-M,cyanidin 3-O-β-D-caffeoylglucoside,2,RTVUMLBJQCCROY,2,Q110081758; Q27149527,RTVUMLBJQCCROY-SHPGVJHPSA-O; RTVUMLBJQCCROY-UHFFFAOYSA-O
OUBXNLHKULQZHY-XDNBZFNLSA-N,5'-demethoxy-6-methoxypodophyllotoxin,2,OUBXNLHKULQZHY,2,Q105199996; Q105199997,OUBXNLHKULQZHY-UHFFFAOYSA-N; OUBXNLHKULQZHY-UXDKQJBESA-N
DNQQEEOKVVSMQI-WWSROUDQSA-M,dioxindole-3-acetyl-3-O-beta-glucose,2,DNQQEEOKVVSMQI,2,Q104985699; Q104985700,DNQQEEOKVVSMQI-JZTLDUIISA-N; DNQQEEOKVVSMQI-UHFFFAOYSA-N
BRMDRKOAVZEJCS-WJBZLOKGSA-M,lampranthin II,2,BRMDRKOAVZEJCS,2,Q104944903; Q27107169,BRMDRKOAVZEJCS-WPUGSIMNSA-N; BRMDRKOAVZEJCS-YCVPHGRYSA-N
VSBVKAXEWZFVPV-DNACGYFNSA-N,isovitexin-7-O-glucosyl-2''O-rhamnoside,2,VSBVKAXEWZFVPV,2,Q105292122; Q110080733,VSBVKAXEWZFVPV-UHFFFAOYSA-N; VSBVKAXEWZFVPV-YLPOTYICSA-N
SNXJMSVHWSIWAN-DAWATQQYSA-N,homoisoalliin,2,SNXJMSVHWSIWAN,2,Q105256739; Q105256740,SNXJMSVHWSIWAN-SIVQAIHOSA-N; SNXJMSVHWSIWAN-UHFFFAOYSA-N
IMLJRZZCCDBCEP-CYBMUJFWSA-M,zealexin C3,2,IMLJRZZCCDBCEP,2,Q105115746; Q105115747,IMLJRZZCCDBCEP-UHFFFAOYSA-N; IMLJRZZCCDBCEP-ZDUSSCGKSA-N
ICZWAMMJCYLYCP-GPDDMXDKSA-N,stellariose,2,ICZWAMMJCYLYCP,2,Q105111250; Q105111251,ICZWAMMJCYLYCP-PGMSFALNSA-N; ICZWAMMJCYLYCP-UHFFFAOYSA-N
GPMDJOOLATZDQL-OTNWBXTQSA-M,8-(methylsulfinyl)octyl-glucosinolate,2,GPMDJOOLATZDQL,2,Q110080223; Q27154960,GPMDJOOLATZDQL-OTNWBXTQSA-N; GPMDJOOLATZDQL-UHFFFAOYSA-N
QZXMUPATKGLZAP-GNSPKCTRSA-N,1-16:0-2-18:2-digalactosyldiacylglycerol,2,QZXMUPATKGLZAP,2,Q105232440; Q105232442,QZXMUPATKGLZAP-DXLAUQRQSA-N; QZXMUPATKGLZAP-UHFFFAOYSA-N
IEVWTBIZULGLHA-VUPCDYMOSA-M,4-benzoyloxybutylglucosinolate,2,IEVWTBIZULGLHA,2,Q110204373; Q76616211,IEVWTBIZULGLHA-UHFFFAOYSA-N; IEVWTBIZULGLHA-XKYBNXMZSA-N
UJTMIRNFEXKGMS-KODRXGBYSA-K,2-carboxy-D-arabinitol 1-phosphate,2,UJTMIRNFEXKGMS,2,Q27102450; Q27125465,UJTMIRNFEXKGMS-ZMIZWQJLSA-K; UJTMIRNFEXKGMS-ZMIZWQJLSA-N
CUBHREGSQFAWDJ-SECBINFHSA-O,methylconiine,2,CUBHREGSQFAWDJ,2,Q1213574; Q27105204,CUBHREGSQFAWDJ-UHFFFAOYSA-N; CUBHREGSQFAWDJ-VIFPVBQESA-N
WYGLLWYGQRUNLF-VUSWODRPSA-N,germacrene C,2,WYGLLWYGQRUNLF,2,Q105322195; Q27131101,WYGLLWYGQRUNLF-UHFFFAOYSA-N; WYGLLWYGQRUNLF-XZCMGSLHSA-N
SEWARTPIJFHCRP-YFKPBYRVSA-M,N-hydroxy-L-pipecolate,2,SEWARTPIJFHCRP,2,Q106029234; Q106029235,SEWARTPIJFHCRP-UHFFFAOYSA-N; SEWARTPIJFHCRP-YFKPBYRVSA-N
OBQBHBOGTLPNJM-HJULIUOESA-N,petiveriin,2,OBQBHBOGTLPNJM,2,Q105189116; Q82960870,OBQBHBOGTLPNJM-BJOHPYRUSA-N; OBQBHBOGTLPNJM-UHFFFAOYSA-N
HLXPBKFHRUAJIQ-IJOZASFTSA-M,16-alpha-hydroxygypsogenate-28-beta-D-glucoside,2,HLXPBKFHRUAJIQ,2,Q105030378; Q105030379,HLXPBKFHRUAJIQ-CHAZOQPFSA-N; HLXPBKFHRUAJIQ-UHFFFAOYSA-N
IWZOUBIWPYHNIH-UWVGGRQHSA-M,3-(glutathion-S-yl)-(3-methyl)butanol,2,IWZOUBIWPYHNIH,2,Q115947733; Q133567004,IWZOUBIWPYHNIH-UHFFFAOYSA-N; IWZOUBIWPYHNIH-UWVGGRQHSA-N
PHFQEHPMSYAMIH-UHFFFAOYSA-M,heliocide H4,2,PHFQEHPMSYAMIH,2,Q110077869; Q83091280,PHFQEHPMSYAMIH-TZPNTHKFSA-N; PHFQEHPMSYAMIH-UHFFFAOYSA-N
ORVQWHLMVLOZPX-ZZXKWVIFSA-M,bis-noryangonin,2,ORVQWHLMVLOZPX,2,Q104193682; Q27110139,ORVQWHLMVLOZPX-UHFFFAOYSA-N; ORVQWHLMVLOZPX-ZZXKWVIFSA-N
SFGDEUSMQMGAFH-MJPABCAUSA-L,gibberellin A₁₁₀,2,SFGDEUSMQMGAFH,2,Q110173445; Q76534051,SFGDEUSMQMGAFH-MJPABCAUSA-N; SFGDEUSMQMGAFH-UHFFFAOYSA-N
SEUUNRVBBVWRRE-AWEZNQCLSA-M,(6-hydroxy-indol-3-yl)acetyl-L-valine,2,SEUUNRVBBVWRRE,2,Q106029307; Q76511592,SEUUNRVBBVWRRE-AWEZNQCLSA-N; SEUUNRVBBVWRRE-UHFFFAOYSA-N
YTOCWWQIMKHRPX-LMOAGLASSA-N,soyasapogenol-B-23-O-β-D-glucoside,2,YTOCWWQIMKHRPX,2,Q105361770; Q105361774,YTOCWWQIMKHRPX-DEZCIGPTSA-N; YTOCWWQIMKHRPX-UHFFFAOYSA-N
YQNLDLVKFNZFTI-POLCOUMTSA-L,kauralexin B2,2,YQNLDLVKFNZFTI,2,Q105352355; Q105352356,YQNLDLVKFNZFTI-POLCOUMTSA-N; YQNLDLVKFNZFTI-UHFFFAOYSA-N
CXGHPQSURHQOBH-MQWSOPDOSA-K,"cyanidin 3-O-(3'',6''-O-dimalonyl-β-glucopyranoside)",2,CXGHPQSURHQOBH,2,Q110204483; Q27149474,CXGHPQSURHQOBH-MQWSOPDOSA-O; CXGHPQSURHQOBH-UHFFFAOYSA-O
XBDTWBSMNXMGIJ-UESSAWAASA-N,methyl gibberellin A₄,2,XBDTWBSMNXMGIJ,2,Q105324334; Q27140401,XBDTWBSMNXMGIJ-UHFFFAOYSA-N; XBDTWBSMNXMGIJ-ZTVWUKKDSA-N
BCQYMCKNCJYKFA-VIFPVBQESA-L,N-(4-hydroxybenzoyl)-L-glutamate,0,BCQYMCKNCJYKFA,2,Q104923586; Q104923587,BCQYMCKNCJYKFA-SECBINFHSA-N; BCQYMCKNCJYKFA-UHFFFAOYSA-N
XWXRVFUXLXYGHK-RXMQYKEDSA-M,2-hydroxy-5-oxoproline,0,XWXRVFUXLXYGHK,2,Q74411241; Q82667229,XWXRVFUXLXYGHK-RXMQYKEDSA-N; XWXRVFUXLXYGHK-UHFFFAOYSA-M
ACAAVKGSTVOIQB-BASWHVEKSA-M,bracteatin,0,ACAAVKGSTVOIQB,2,Q104908976; Q27105968,ACAAVKGSTVOIQB-BASWHVEKSA-N; ACAAVKGSTVOIQB-UHFFFAOYSA-N
JWYULKXTGMJKKM-JKSUJKDBSA-M,(+)-3'-methyltaxifolin,0,JWYULKXTGMJKKM,2,Q105136464; Q105136465,JWYULKXTGMJKKM-JKSUJKDBSA-N; JWYULKXTGMJKKM-UHFFFAOYSA-N
QYXZQZMPZUEEML-SHJCSGKRSA-M,gibberellin A₃₇ (closed lactone form),0,QYXZQZMPZUEEML,2,Q105231181; Q27104076,QYXZQZMPZUEEML-SQLMURCQSA-N; QYXZQZMPZUEEML-UHFFFAOYSA-N
XJXFAXLUOKQPAQ-YPRLVJTJSA-L,adenylyl-molybdopterin,0,XJXFAXLUOKQPAQ,2,Q27132126; Q27132127,XJXFAXLUOKQPAQ-YPRLVJTJSA-K; XJXFAXLUOKQPAQ-YPRLVJTJSA-N
YPZCOEDTKIYBEB-ZVBXRXONSA-K,gibberellin A₂₈,0,YPZCOEDTKIYBEB,2,Q105352077; Q27109838,YPZCOEDTKIYBEB-UHFFFAOYSA-N; YPZCOEDTKIYBEB-ZVBXRXONSA-N
ZTOJFFHGPLIVKC-YAFCTCPESA-L,"2,2'-azino-bis-(3-ethylbenzothiazoline-6-sulfonate)",0,ZTOJFFHGPLIVKC,2,Q115947598; Q82148994,ZTOJFFHGPLIVKC-UHFFFAOYSA-L; ZTOJFFHGPLIVKC-UHFFFAOYSA-N
IGGGNUSEBUZFTR-VKNDNNCMSA-K,β-D-ManNAcA-(1→4)-α-D-GlcNAc-PP-Und,0,IGGGNUSEBUZFTR,2,Q27104886; Q27131107,IGGGNUSEBUZFTR-YETNCWQZSA-K; IGGGNUSEBUZFTR-YETNCWQZSA-N
IPYACDRNRIVGLI-DNFOGROMSA-N,(22S)-22-hydroxycholestanol,0,IPYACDRNRIVGLI,2,Q115947218; Q82745383,IPYACDRNRIVGLI-DMUCZSEVSA-N; IPYACDRNRIVGLI-UHFFFAOYSA-N
NAZILJHSHDTNTQ-QMMMGPOBSA-L,N-vanillate-L-glutamate,0,NAZILJHSHDTNTQ,2,Q105176659; Q105176660,NAZILJHSHDTNTQ-QMMMGPOBSA-N; NAZILJHSHDTNTQ-UHFFFAOYSA-N
HSGTVFFMFUJNOZ-NFFVJZDFSA-M,C-13²-carboxypyropheophorbide a,0,HSGTVFFMFUJNOZ,2,Q27121184; Q27126012,HSGTVFFMFUJNOZ-NFFVJZDFSA-L; HSGTVFFMFUJNOZ-NFFVJZDFSA-N
INPDFIMLLXXDOQ-AIKFXVFZSA-L,"(2R,3Z)-phycocyanobilin",0,INPDFIMLLXXDOQ,2,Q104246286; Q115952173,INPDFIMLLXXDOQ-KJSSOSAUSA-N; INPDFIMLLXXDOQ-ZZNRKNSMSA-N
INPDFIMLLXXDOQ-UAWLBFNISA-L,"(2R,3E)-phycocyanobilin",0,INPDFIMLLXXDOQ,2,Q104246286; Q115952173,INPDFIMLLXXDOQ-KJSSOSAUSA-N; INPDFIMLLXXDOQ-ZZNRKNSMSA-N
IWARWSDDJHGZOW-NSCUHMNNSA-M,(3E)-2-oxopent-3-enoate,0,IWARWSDDJHGZOW,2,Q27093095; Q76296423,IWARWSDDJHGZOW-IHWYPQMZSA-N; IWARWSDDJHGZOW-NSCUHMNNSA-N
BDUIIOHQSYPXRT-PILYFBEJSA-M,(-)-jasmonoyl-L-leucine,0,BDUIIOHQSYPXRT,2,Q115946748; Q124141012,BDUIIOHQSYPXRT-CLDKDVBBSA-N; BDUIIOHQSYPXRT-UHFFFAOYSA-N
PWCIUOASSAHGHI-WPZUCAASSA-K,S-(2-succinyl)-glutathione,0,PWCIUOASSAHGHI,2,Q27466257; Q76391082,PWCIUOASSAHGHI-BIIVOSGPSA-N; PWCIUOASSAHGHI-FXQIFTODSA-N
QPBSGQWTJLPZNF-VWJPMABRSA-M,(L-aspartyl)adenylate,0,QPBSGQWTJLPZNF,2,Q27093010; Q76105682,QPBSGQWTJLPZNF-OQIRQZMPSA-N; QPBSGQWTJLPZNF-VWJPMABRSA-N
QQMSZHORHNORLP-KVQBGUIXSA-L,2'-deoxyguanosine 3'-monophosphate,0,QQMSZHORHNORLP,2,Q126613288; Q27124367,QQMSZHORHNORLP-KVQBGUIXSA-N; QQMSZHORHNORLP-UHFFFAOYSA-N
SGJNQVTUYXCBKH-HNQUOIGGSA-M,hispidin,0,SGJNQVTUYXCBKH,2,Q27224952; Q5772902,SGJNQVTUYXCBKH-HNQUOIGGSA-N; SGJNQVTUYXCBKH-UHFFFAOYSA-N
SNZSFAQYVLPEBZ-FUXVTKQXSA-J,"1,2-dihydro-β-NADP",0,SNZSFAQYVLPEBZ,2,Q27160076; Q27162373,SNZSFAQYVLPEBZ-NNYOXOHSSA-J; SNZSFAQYVLPEBZ-NNYOXOHSSA-N
MYILHSJZODALKH-LURJTMIESA-M,"7-[(2S)-2-amino-2-carboxylatoethyl]-5-hydroxy-2H-1,4-benzothiazine-3-carboxylate",0,MYILHSJZODALKH,2,Q27157664; Q76506579,MYILHSJZODALKH-LURJTMIESA-N; MYILHSJZODALKH-UHFFFAOYSA-N
ZZTOVZGFHZQEAT-NJOLZHPTSA-N,(-)-epicatechin-3'-O-glucoside,0,ZZTOVZGFHZQEAT,2,Q105387042; Q105387044,ZZTOVZGFHZQEAT-FBEISHDNSA-N; ZZTOVZGFHZQEAT-UHFFFAOYSA-N
VAFNMNRKDDAKRM-NSHDSACASA-L,(indol-3-yl)acetyl-L-aspartate,22,VAFNMNRKDDAKRM,3,Q115784520; Q27097182; Q82209771,VAFNMNRKDDAKRM-LLVKDONJSA-N; VAFNMNRKDDAKRM-NSHDSACASA-N; VAFNMNRKDDAKRM-UHFFFAOYSA-N
SBHXYTNGIZCORC-ZDUSSCGKSA-M,(2S)-eriodictyol,20,SBHXYTNGIZCORC,3,Q105249460; Q27163470; Q3459685,SBHXYTNGIZCORC-CYBMUJFWSA-N; SBHXYTNGIZCORC-UHFFFAOYSA-N; SBHXYTNGIZCORC-ZDUSSCGKSA-N
YIEMFVNCENFBSD-XQRVVYSFSA-K,2-hydroxy-5-(methylsulfanyl)-3-oxopent-1-enyl 1-phosphate,12,YIEMFVNCENFBSD,3,Q27104855; Q27122138; Q76306536,YIEMFVNCENFBSD-UHFFFAOYSA-L; YIEMFVNCENFBSD-UHFFFAOYSA-N; YIEMFVNCENFBSD-XQRVVYSFSA-N
QAOBEOXFSUJDJL-SHPGVJHPSA-M,cyanidin 3-O-[6-O-(4-coumaroyl)]-β-D-glucoside,11,QAOBEOXFSUJDJL,3,Q110183683; Q115785119; Q23048924,QAOBEOXFSUJDJL-QFLFCSHESA-O; QAOBEOXFSUJDJL-SHPGVJHPSA-O; QAOBEOXFSUJDJL-UHFFFAOYSA-O
KJKIEFUPAPPGBC-ATDKUNPGSA-N,a 4a-hydroxytetrahydrobiopterin,10,KJKIEFUPAPPGBC,3,Q24063330; Q35491706; Q74417390,KJKIEFUPAPPGBC-SUEYYJLCSA-N; KJKIEFUPAPPGBC-UHFFFAOYSA-N; KJKIEFUPAPPGBC-XXKOCQOQSA-N
JZBLVVPDEDCVQA-SQLMURCQSA-L,gibberellin A₃₆,9,JZBLVVPDEDCVQA,3,Q105137333; Q105137335; Q27110165,JZBLVVPDEDCVQA-MDZCHTTNSA-N; JZBLVVPDEDCVQA-SQLMURCQSA-N; JZBLVVPDEDCVQA-UHFFFAOYSA-N
HQABUPZFAYXKJW-UHFFFAOYSA-O,n-butylamine,9,HQABUPZFAYXKJW,3,Q421035; Q82693995; Q82870805,HQABUPZFAYXKJW-NRURKIGXSA-N; HQABUPZFAYXKJW-UHFFFAOYSA-N; HQABUPZFAYXKJW-ZSJDYOACSA-N
HJMSZKKOQIZOLJ-FHHVFETLSA-N,"16α,22,26-trihydroxycholesterol",9,HJMSZKKOQIZOLJ,3,Q110174543; Q110177988; Q82954832,HJMSZKKOQIZOLJ-UHFFFAOYSA-N; HJMSZKKOQIZOLJ-WBHRXQROSA-N; HJMSZKKOQIZOLJ-XPMUQOCRSA-N
MVSQEPAOMLRIRW-YMILTQATSA-M,N-β-D-glucosyl-(indol-3-yl)acetate,8,MVSQEPAOMLRIRW,3,Q106041836; Q76507385; Q77279266,MVSQEPAOMLRIRW-UHFFFAOYSA-N; MVSQEPAOMLRIRW-YJUJGKJLSA-N; MVSQEPAOMLRIRW-YMILTQATSA-N
URFCJEUYXNAHFI-ZDUSSCGKSA-M,(2S)-pinocembrin,8,URFCJEUYXNAHFI,3,Q63395297; Q748200; Q76005702,URFCJEUYXNAHFI-CYBMUJFWSA-N; URFCJEUYXNAHFI-UHFFFAOYSA-N; URFCJEUYXNAHFI-ZDUSSCGKSA-N
ATSKDYKYMQVTGH-POBNKHOBSA-L,amaranthin,8,ATSKDYKYMQVTGH,3,Q104918642; Q110079096; Q27105741,ATSKDYKYMQVTGH-NIHCMDFFSA-N; ATSKDYKYMQVTGH-POBNKHOBSA-N; ATSKDYKYMQVTGH-UHFFFAOYSA-N
JDWYRSDDJVCWPB-LURJTMIESA-M,leucodopachrome,8,JDWYRSDDJVCWPB,3,Q113555371; Q15491505; Q72466707,JDWYRSDDJVCWPB-LURJTMIESA-N; JDWYRSDDJVCWPB-UHFFFAOYSA-N; JDWYRSDDJVCWPB-ZCFIWIBFSA-N
NKUOSFBSKVBOJC-AOBOYTTNSA-M,pelargonidin 3-O-β-D-sambubioside,7,NKUOSFBSKVBOJC,3,Q105181151; Q105181154; Q27144920,NKUOSFBSKVBOJC-AOBOYTTNSA-O; NKUOSFBSKVBOJC-HVHHODJLSA-O; NKUOSFBSKVBOJC-QWKGNVRPSA-O
AZEGJHGXTSUPPG-AWEZNQCLSA-M,(indol-3-yl)acetyl-L-valine,7,AZEGJHGXTSUPPG,3,Q106029461; Q27097184; Q83006158,AZEGJHGXTSUPPG-AWEZNQCLSA-N; AZEGJHGXTSUPPG-KMCOICPOSA-N; AZEGJHGXTSUPPG-UHFFFAOYSA-N
QEGKXSHUKXMDRW-UHFFFAOYSA-L,chlorosuccinate,6,QEGKXSHUKXMDRW,3,Q27162422; Q27271564; Q27275991,QEGKXSHUKXMDRW-REOHCLBHSA-N; QEGKXSHUKXMDRW-UHFFFAOYSA-N; QEGKXSHUKXMDRW-UWTATZPHSA-N
WXUAQHNMJWJLTG-UHFFFAOYSA-L,methylsuccinate,6,WXUAQHNMJWJLTG,3,Q27163205; Q27163206; Q27163207,WXUAQHNMJWJLTG-GSVOUGTGSA-N; WXUAQHNMJWJLTG-UHFFFAOYSA-N; WXUAQHNMJWJLTG-VKHMYHEASA-N
YSCNMFDFYJUPEF-OWOJBTEDSA-L,"4,4'-diisothiocyanostilbene-2,2'-disulfonate",6,YSCNMFDFYJUPEF,3,Q27116863; Q27891744; Q4036893,YSCNMFDFYJUPEF-OWOJBTEDSA-N; YSCNMFDFYJUPEF-UHFFFAOYSA-N; YSCNMFDFYJUPEF-UPHRSURJSA-N
PUAQLLVFLMYYJJ-ZETCQYMHSA-O,(S)-cathinone,6,PUAQLLVFLMYYJJ,3,Q27126636; Q27271614; Q414242,PUAQLLVFLMYYJJ-SSDOTTSWSA-N; PUAQLLVFLMYYJJ-UHFFFAOYSA-N; PUAQLLVFLMYYJJ-ZETCQYMHSA-N
NJEWNTGSXKRWKA-MJPABCAUSA-L,gibberellin A₁₄,6,NJEWNTGSXKRWKA,3,Q105180104; Q105180105; Q27110160,NJEWNTGSXKRWKA-MJPABCAUSA-N; NJEWNTGSXKRWKA-UHFFFAOYSA-N; NJEWNTGSXKRWKA-XASFKZBDSA-N
KMIJRKZNTFVLAI-YONICNLVSA-N,cyanidin 3-O-[6-O-(4-coumaroyl)]-β-D-sambubioside,6,KMIJRKZNTFVLAI,3,Q110204897; Q113534262; Q23055383,KMIJRKZNTFVLAI-GFRIAPEESA-O; KMIJRKZNTFVLAI-UHFFFAOYSA-O; KMIJRKZNTFVLAI-YONICNLVSA-O
JDRMNHOIHYWSFN-JFUMCEBXSA-N,tomatidine galactoside,6,JDRMNHOIHYWSFN,3,Q105125693; Q105125694; Q106039641,JDRMNHOIHYWSFN-UGSFAPCESA-N; JDRMNHOIHYWSFN-UGSFAPCESA-O; JDRMNHOIHYWSFN-UHFFFAOYSA-N
NFENYLPEYDNIMO-UHFFFAOYSA-M,2-hydroxynaringenin,6,NFENYLPEYDNIMO,3,Q106039392; Q60048132; Q74411392,NFENYLPEYDNIMO-HNNXBMFYSA-N; NFENYLPEYDNIMO-OAHLLOKOSA-N; NFENYLPEYDNIMO-UHFFFAOYSA-N
FZWJGTSJBJBNKS-VVHSVQLPSA-J,4-coumaroylacetyl-CoA,6,FZWJGTSJBJBNKS,3,Q27139447; Q27139450; Q76755755,FZWJGTSJBJBNKS-GRBGHKMPSA-J; FZWJGTSJBJBNKS-GRBGHKMPSA-N; FZWJGTSJBJBNKS-VVHSVQLPSA-N
SBLKVIQSIHEQOF-UPHRSURJSA-L,"α,ω-9Z-octadecenedioate",5,SBLKVIQSIHEQOF,3,Q105249528; Q110199087; Q27261377,SBLKVIQSIHEQOF-OWOJBTEDSA-N; SBLKVIQSIHEQOF-UHFFFAOYSA-N; SBLKVIQSIHEQOF-UPHRSURJSA-N
VMSLCPKYRPDHLN-OAQYLSRUSA-M,humulone,4,VMSLCPKYRPDHLN,3,Q104254179; Q28362389; Q419456,VMSLCPKYRPDHLN-NRFANRHFSA-N; VMSLCPKYRPDHLN-OAQYLSRUSA-N; VMSLCPKYRPDHLN-UHFFFAOYSA-N
MAZWDMBCPDUFDJ-VQHVLOKHSA-L,traumatate,4,MAZWDMBCPDUFDJ,3,Q105160594; Q27236164; Q7835820,MAZWDMBCPDUFDJ-CLFYSBASSA-N; MAZWDMBCPDUFDJ-UHFFFAOYSA-N; MAZWDMBCPDUFDJ-VQHVLOKHSA-N
GXKSHRDAHFLWPN-RKYLSHMCSA-I,3-methylglutaconyl-CoA,4,GXKSHRDAHFLWPN,3,Q125035125; Q2816002; Q32039062,GXKSHRDAHFLWPN-NTEUORMPSA-I; GXKSHRDAHFLWPN-RKYLSHMCSA-N; GXKSHRDAHFLWPN-UHFFFAOYSA-N
ADKXZIOQKHHDNQ-UHFFFAOYSA-O,hygrine,4,ADKXZIOQKHHDNQ,3,Q2376404; Q27105231; Q27157769,ADKXZIOQKHHDNQ-MRVPVSSYSA-N; ADKXZIOQKHHDNQ-QMMMGPOBSA-N; ADKXZIOQKHHDNQ-UHFFFAOYSA-N
HGQNZTBYUKKJLH-IKPGRFEGSA-P,7'-O-demethylcephaeline,4,HGQNZTBYUKKJLH,3,Q105027925; Q27134222; Q76506678,HGQNZTBYUKKJLH-CQOCVSQPSA-N; HGQNZTBYUKKJLH-IKPGRFEGSA-N; HGQNZTBYUKKJLH-UHFFFAOYSA-N
LRCNPQXZCZKGDI-FJQSZJNLSA-N,C30 botryococcene,4,LRCNPQXZCZKGDI,3,Q105156060; Q105156061; Q27139089,LRCNPQXZCZKGDI-LYNJXREXSA-N; LRCNPQXZCZKGDI-OFGMELEWSA-N; LRCNPQXZCZKGDI-UHFFFAOYSA-N
LDXMPKMQIKGJFN-OKKPIIHCSA-M,adhumulone,4,LDXMPKMQIKGJFN,3,Q104250635; Q105150433; Q82932611,LDXMPKMQIKGJFN-OKKPIIHCSA-N; LDXMPKMQIKGJFN-SPLOXXLWSA-N; LDXMPKMQIKGJFN-UHFFFAOYSA-N
KGMSWPSAVZAMKR-RMGPQRKISA-M,neoabietic acid,4,KGMSWPSAVZAMKR,3,Q105140849; Q105140851; Q27110207,KGMSWPSAVZAMKR-CUDHKJQZSA-N; KGMSWPSAVZAMKR-ONCXSQPRSA-N; KGMSWPSAVZAMKR-UHFFFAOYSA-N
HASVPNDDKSXPGU-WGNLCONDSA-N,pelargonidin 3-O-sophoroside,4,HASVPNDDKSXPGU,3,Q104391461; Q105025047; Q27149488,HASVPNDDKSXPGU-HYSOADAZSA-O; HASVPNDDKSXPGU-UHFFFAOYSA-O; HASVPNDDKSXPGU-WGNLCONDSA-O
NQNHRHWFZHFAAH-XSWVPMOFSA-M,etheroleate,4,NQNHRHWFZHFAAH,3,Q120248233; Q76534143; Q82561853,NQNHRHWFZHFAAH-BNCLGWHASA-N; NQNHRHWFZHFAAH-UHFFFAOYSA-N; NQNHRHWFZHFAAH-XSWVPMOFSA-N
YRUIPRJNLCHFCW-JPRGKZKNSA-N,dalcochinin-8'-O-β-glucoside,3,YRUIPRJNLCHFCW,3,Q105353085; Q105353087; Q27157278,YRUIPRJNLCHFCW-BZSZILPBSA-N; YRUIPRJNLCHFCW-JUEHTJRRSA-N; YRUIPRJNLCHFCW-UHFFFAOYSA-N
ZKLXUUYLEHCAMF-UUWFMWQGSA-O,oripavine,3,ZKLXUUYLEHCAMF,3,Q105378570; Q105378571; Q420639,ZKLXUUYLEHCAMF-JBBXEZCESA-N; ZKLXUUYLEHCAMF-UHFFFAOYSA-N; ZKLXUUYLEHCAMF-UUWFMWQGSA-N
NDNUANOUGZGEPO-UHFFFAOYSA-O,coniine,3,NDNUANOUGZGEPO,3,Q27247670; Q27287308; Q421994,NDNUANOUGZGEPO-MRVPVSSYSA-N; NDNUANOUGZGEPO-QMMMGPOBSA-N; NDNUANOUGZGEPO-UHFFFAOYSA-N
MWNCPUNLDATDBW-LYHZXLDYSA-N,fagopyritol A2,3,MWNCPUNLDATDBW,3,Q105173666; Q105173667; Q82947666,MWNCPUNLDATDBW-AKBNUTDMSA-N; MWNCPUNLDATDBW-UHFFFAOYSA-N; MWNCPUNLDATDBW-WHZDOWDSSA-N
HGEFWFBFQKWVMY-RQOWECAXSA-M,"(Z)-3-(2,4-dihydroxyphenyl)-prop-2-enoate",3,HGEFWFBFQKWVMY,3,Q105027704; Q105027705; Q7881241,HGEFWFBFQKWVMY-DUXPYHPUSA-N; HGEFWFBFQKWVMY-RQOWECAXSA-N; HGEFWFBFQKWVMY-UHFFFAOYSA-N
HGEFWFBFQKWVMY-DUXPYHPUSA-M,"2,4-dihydroxycinnamate",3,HGEFWFBFQKWVMY,3,Q105027704; Q105027705; Q7881241,HGEFWFBFQKWVMY-DUXPYHPUSA-N; HGEFWFBFQKWVMY-RQOWECAXSA-N; HGEFWFBFQKWVMY-UHFFFAOYSA-N
PWFXLXMPGSLEOZ-QQVWSJFJSA-M,cyclic pyranopterin phosphate,3,PWFXLXMPGSLEOZ,3,Q27123872; Q27126832; Q27456874,PWFXLXMPGSLEOZ-RNCCKPSGSA-N; PWFXLXMPGSLEOZ-UHFFFAOYSA-M; PWFXLXMPGSLEOZ-UHFFFAOYSA-N
ANCCRFGXJYBRIW-HONCBSOGSA-N,"3-methyl-1,2-didehydro-2,3-dihydrosqualene",3,ANCCRFGXJYBRIW,3,Q104915059; Q104915060; Q27139151,ANCCRFGXJYBRIW-GWIGBQMBSA-N; ANCCRFGXJYBRIW-SKQHXPRYSA-N; ANCCRFGXJYBRIW-UHFFFAOYSA-N
NXVJTGLCCSFGAT-KHBXQNFESA-N,podophyllotoxin 7-glucoside,3,NXVJTGLCCSFGAT,3,Q104252592; Q104391221; Q72501176,NXVJTGLCCSFGAT-IZCKPWSZSA-N; NXVJTGLCCSFGAT-QNDDJFOYSA-N; NXVJTGLCCSFGAT-UHFFFAOYSA-N
OKYHYXLCTGGOLM-SCSAIBSYSA-L,1-deoxy-L-glycero-tetrulose 4-phosphate,3,OKYHYXLCTGGOLM,3,Q27122139; Q27122140; Q27126264,OKYHYXLCTGGOLM-BYPYZUCNSA-L; OKYHYXLCTGGOLM-BYPYZUCNSA-N; OKYHYXLCTGGOLM-UHFFFAOYSA-N
KRSTWHCNVMDXQW-UHFFFAOYSA-M,"2,5,7-trihydroxyflavanone",3,KRSTWHCNVMDXQW,3,Q106039397; Q106039399; Q74412058,KRSTWHCNVMDXQW-HNNXBMFYSA-N; KRSTWHCNVMDXQW-OAHLLOKOSA-N; KRSTWHCNVMDXQW-UHFFFAOYSA-N
WPXSQNMAMZEQBN-ZOTFFYTFSA-N,"pelargonidin 3,7-di-O-β-D-glucoside",3,WPXSQNMAMZEQBN,3,Q105310254; Q110203907; Q123340444,WPXSQNMAMZEQBN-BUIWDRFKSA-O; WPXSQNMAMZEQBN-UHFFFAOYSA-O; WPXSQNMAMZEQBN-ZOTFFYTFSA-O
YIERDWVPDSIPLW-PTFXNVDKSA-N,"3,20-dimethyl-1,2,21,22-tetradehydro-2,3,20,21-tetrahydrobotryococcene",3,YIERDWVPDSIPLW,3,Q105348791; Q105348792; Q27139155,YIERDWVPDSIPLW-BJAZVOHESA-N; YIERDWVPDSIPLW-HDQHPOANSA-N; YIERDWVPDSIPLW-UHFFFAOYSA-N
HHDWSDSMWJQURA-GBNXXHSSSA-M,gibberellin A₅₁,3,HHDWSDSMWJQURA,3,Q105028244; Q105028245; Q27110167,HHDWSDSMWJQURA-MHKXYFPYSA-N; HHDWSDSMWJQURA-MTVNJVDJSA-N; HHDWSDSMWJQURA-UHFFFAOYSA-N
ZLSYCIYRYZUJCZ-MTXMLOAPSA-O,β-chaconine,3,ZLSYCIYRYZUJCZ,3,Q105379141; Q27266005; Q27282174,ZLSYCIYRYZUJCZ-ICOPVGSFSA-N; ZLSYCIYRYZUJCZ-MTXMLOAPSA-N; ZLSYCIYRYZUJCZ-UHFFFAOYSA-N
DTGZHCFJNDAHEN-OZEXIGSWSA-P,cephaeline,3,DTGZHCFJNDAHEN,3,Q104988715; Q5063249; Q83081467,DTGZHCFJNDAHEN-IAUHIMIASA-N; DTGZHCFJNDAHEN-OZEXIGSWSA-N; DTGZHCFJNDAHEN-UHFFFAOYSA-N
NNJPGOLRFBJNIW-HNNXBMFYSA-O,demecolcine,3,NNJPGOLRFBJNIW,3,Q105182171; Q16959658; Q903666,NNJPGOLRFBJNIW-HNNXBMFYSA-N; NNJPGOLRFBJNIW-OAHLLOKOSA-N; NNJPGOLRFBJNIW-UHFFFAOYSA-N
MTXMHWSVSZKYBT-ASDZUOGYSA-M,malonyldaidzin,3,MTXMHWSVSZKYBT,3,Q105171945; Q105171946; Q27149376,MTXMHWSVSZKYBT-ASDZUOGYSA-N; MTXMHWSVSZKYBT-KXJGGDDGSA-N; MTXMHWSVSZKYBT-UHFFFAOYSA-N
RHMGJTZOFARRHB-ZDUSSCGKSA-O,(S)-6-O-methylnorlaudanosoline,3,RHMGJTZOFARRHB,3,Q27098312; Q27103144; Q27124792,RHMGJTZOFARRHB-UHFFFAOYSA-N; RHMGJTZOFARRHB-UHFFFAOYSA-O; RHMGJTZOFARRHB-ZDUSSCGKSA-N
RNPFWTUNILZAAJ-GNQVHQKOSA-N,delphinidin 3-O-rutinoside-7-O-glucoside,3,RNPFWTUNILZAAJ,3,Q105241735; Q106010174; Q110080782,RNPFWTUNILZAAJ-GNQVHQKOSA-O; RNPFWTUNILZAAJ-JJVCRSRHSA-O; RNPFWTUNILZAAJ-UHFFFAOYSA-O
WHFUDAOCYRYAKQ-LBPRGKRZSA-O,(S)-corytuberine,3,WHFUDAOCYRYAKQ,3,Q104667276; Q105305281; Q27155145,WHFUDAOCYRYAKQ-GFCCVEGCSA-N; WHFUDAOCYRYAKQ-LBPRGKRZSA-N; WHFUDAOCYRYAKQ-UHFFFAOYSA-N
SJHVRBSHKTUXLG-OOMJLXHVSA-M,7-(methylsulfanyl)heptyl-glucosinolate,3,SJHVRBSHKTUXLG,3,Q105254309; Q27154957; Q63399634,SJHVRBSHKTUXLG-LFHLZQBKSA-N; SJHVRBSHKTUXLG-MFIRQCQASA-N; SJHVRBSHKTUXLG-UHFFFAOYSA-N
IDTDRZPBDLMCLB-HSOQPIRZSA-M,quercetagetin 7-O-glucoside,3,IDTDRZPBDLMCLB,3,Q105111509; Q105111510; Q27259463,IDTDRZPBDLMCLB-HSOQPIRZSA-N; IDTDRZPBDLMCLB-IVOLYUADSA-N; IDTDRZPBDLMCLB-UHFFFAOYSA-N
XONDRGRALZTVKD-KODRXGBYSA-M,2-carboxy-D-arabinitol,3,XONDRGRALZTVKD,3,Q115947839; Q27102199; Q27125117,XONDRGRALZTVKD-UHFFFAOYSA-N; XONDRGRALZTVKD-ZMIZWQJLSA-M; XONDRGRALZTVKD-ZMIZWQJLSA-N
JZIQDJLBFKTBAK-LLHOYASASA-J,3-oxo-2-(cis-2'-pentenyl)-cyclopentane-1-octanoyl-CoA,3,JZIQDJLBFKTBAK,3,Q113456492; Q27149497; Q74410758,JZIQDJLBFKTBAK-JWGFFLAFSA-J; JZIQDJLBFKTBAK-LLHOYASASA-N; JZIQDJLBFKTBAK-NGMBVTCHSA-N
VTVQHYQGTTVKDE-QDHOPYFXSA-N,sarpagine,2,VTVQHYQGTTVKDE,3,Q104249851; Q105293028; Q27108227,VTVQHYQGTTVKDE-CCUKBNNFSA-N; VTVQHYQGTTVKDE-UHFFFAOYSA-N; VTVQHYQGTTVKDE-VHQFURPBSA-N
WZNJWVWKTVETCG-YFKPBYRVSA-M,L-mimosine,2,WZNJWVWKTVETCG,3,Q106345625; Q27166999; Q3180669,WZNJWVWKTVETCG-UHFFFAOYSA-N; WZNJWVWKTVETCG-YFKPBYRVSA-N
KDIRTCPHKDPWMQ-HOQAQFJJSA-N,dihydrozeatin-9-N-glucoside-O-glucoside,2,KDIRTCPHKDPWMQ,3,Q105139158; Q106040908; Q110202268,KDIRTCPHKDPWMQ-ASAMELDWSA-N; KDIRTCPHKDPWMQ-MUZWZVNPSA-N; KDIRTCPHKDPWMQ-UHFFFAOYSA-N
FMJIKKXSIVRJGO-UHFFFAOYSA-M,heliocide H1,2,FMJIKKXSIVRJGO,3,Q104997881; Q110080219; Q82970496,FMJIKKXSIVRJGO-JUCRVNNTSA-N; FMJIKKXSIVRJGO-UHFFFAOYSA-N; FMJIKKXSIVRJGO-YSANICFGSA-N
GKLSYIMLZDYQBJ-LRRIKIGNSA-M,maysin,2,GKLSYIMLZDYQBJ,3,Q105010141; Q105010142; Q27138546,GKLSYIMLZDYQBJ-CGOKOBCESA-N; GKLSYIMLZDYQBJ-GGNFOFCRSA-N; GKLSYIMLZDYQBJ-UHFFFAOYSA-N
CGAALQATDWOQFD-LQCFSIINSA-M,glucomalcommin,2,CGAALQATDWOQFD,3,Q104957326; Q64005964; Q76804818,CGAALQATDWOQFD-DLRNHMSSSA-N; CGAALQATDWOQFD-LQCFSIINSA-N; CGAALQATDWOQFD-UHFFFAOYSA-N
JCMUOFQHZLPHQP-BQBZGAKWSA-M,ophthalmate,2,JCMUOFQHZLPHQP,3,Q105124985; Q33001034; Q7098084,JCMUOFQHZLPHQP-BQBZGAKWSA-N; JCMUOFQHZLPHQP-RQJHMYQMSA-N; JCMUOFQHZLPHQP-UHFFFAOYSA-N
MCHQEVJMCLOQAZ-YXAMPDCWSA-N,"labd-13-en-8α-,15 diol",2,MCHQEVJMCLOQAZ,3,Q105161214; Q105161216; Q105161217,MCHQEVJMCLOQAZ-FPPGBKCQSA-N; MCHQEVJMCLOQAZ-UHFFFAOYSA-N; MCHQEVJMCLOQAZ-VBYALHQYSA-N
LYHFPFHWBXEUPX-UUAIHUMISA-N,"3,22-dimethyl-1,2,23,24-tetradehydro-2,3,22,23-tetrahydrosqualene",2,LYHFPFHWBXEUPX,3,Q105159318; Q105159320; Q27139152,LYHFPFHWBXEUPX-AHFVBISTSA-N; LYHFPFHWBXEUPX-UHFFFAOYSA-N; LYHFPFHWBXEUPX-YHHVXECDSA-N
HMUJXQRRKBLVOO-UHFFFAOYSA-M,ponciretin,2,HMUJXQRRKBLVOO,3,Q105030690; Q105030691; Q3459109,HMUJXQRRKBLVOO-AWEZNQCLSA-N; HMUJXQRRKBLVOO-CQSZACIVSA-N; HMUJXQRRKBLVOO-UHFFFAOYSA-N
CBTFERBMQQAROP-BZNQNGANSA-M,"2,5-dihydroxybenzoate 5-O-β-D-glucoside",2,CBTFERBMQQAROP,3,Q104952796; Q104952799; Q76416210,CBTFERBMQQAROP-BZNQNGANSA-N; CBTFERBMQQAROP-TWEVDUBQSA-N; CBTFERBMQQAROP-UHFFFAOYSA-N
WQCWELFQKXIPCN-BKWXENDISA-N,chalcone 2'-O-glucoside,2,WQCWELFQKXIPCN,3,Q105310350; Q105310387; Q27149537,WQCWELFQKXIPCN-JGPDMMGASA-N; WQCWELFQKXIPCN-JSYAWONVSA-N; WQCWELFQKXIPCN-UHFFFAOYSA-N
LQZALQLZOQQFGM-WSDYKABSSA-M,7-(methylsulfinyl)heptyl-glucosinolate,2,LQZALQLZOQQFGM,3,Q105156001; Q110079240; Q59571113,LQZALQLZOQQFGM-MMLSCURJSA-N; LQZALQLZOQQFGM-PWVGEXOGSA-N; LQZALQLZOQQFGM-UHFFFAOYSA-N
OSJPGOJPRNTSHP-MAJWLLCFSA-N,raucaffricine,2,OSJPGOJPRNTSHP,3,Q104392157; Q105198992; Q27102379,OSJPGOJPRNTSHP-BGYCQZOHSA-N; OSJPGOJPRNTSHP-ICYIRATMSA-N; OSJPGOJPRNTSHP-TUNWXXBYSA-N
UOASSFRPBORTCT-VUKMKVSNSA-N,HMDBOA-glucoside,2,UOASSFRPBORTCT,3,Q105276245; Q105276246; Q105276247,UOASSFRPBORTCT-FFNJBFJXSA-N; UOASSFRPBORTCT-UHFFFAOYSA-N; UOASSFRPBORTCT-YAWIJTDMSA-N
NCAVLZAQUKCVIQ-VRZAYVRFSA-M,2-benzoyloxy-3-butenylglucosinolate,2,NCAVLZAQUKCVIQ,3,Q105177107; Q110203370; Q64005949,NCAVLZAQUKCVIQ-KOUBOPALSA-M; NCAVLZAQUKCVIQ-NYYYNDJQSA-N; NCAVLZAQUKCVIQ-UHFFFAOYSA-N
OKNPZRJNRSGKME-AVIYVUCBSA-N,linalyl β-vicianoside,2,OKNPZRJNRSGKME,3,Q104402480; Q105193655; Q82903492,OKNPZRJNRSGKME-HUHXKEGASA-N; OKNPZRJNRSGKME-UHFFFAOYSA-N; OKNPZRJNRSGKME-XEGIVNTOSA-N
BBXAUSVGMAQCDJ-ZYRNSQCUSA-N,3β-hydroxyparthenolide,2,BBXAUSVGMAQCDJ,3,Q104923120; Q104923121; Q74418298,BBXAUSVGMAQCDJ-MPFAERRBSA-N; BBXAUSVGMAQCDJ-RCOKYBRUSA-N; BBXAUSVGMAQCDJ-UHFFFAOYSA-N
AVYXHYMPVRRQIG-HXSZRKGKSA-M,cyanidin 3-O-[6-O-(4-coumaroyl)-β-D-glucosyl-(1→6)]-[β-D-xylosyl-(1→2)]-β-D-galactoside,2,AVYXHYMPVRRQIG,3,Q110082432; Q27139664; Q27147538,AVYXHYMPVRRQIG-AHMSEWCKSA-M; AVYXHYMPVRRQIG-AHMSEWCKSA-O; AVYXHYMPVRRQIG-UHFFFAOYSA-O
UOKVQQMBGVMXPU-BPIXLOBBSA-N,S-adenosyl-4-methylsulfanyl-2-oxobutanoate,2,UOKVQQMBGVMXPU,3,Q115972336; Q27101938; Q27108197,UOKVQQMBGVMXPU-CJPDYEHRSA-N; UOKVQQMBGVMXPU-CJPDYEHRSA-O; UOKVQQMBGVMXPU-UHFFFAOYSA-O
YCZAHJSVHOSXPX-UHFFFAOYSA-M,heliocide H3,2,YCZAHJSVHOSXPX,3,Q105346608; Q105346609; Q82970440,YCZAHJSVHOSXPX-CRICUBBOSA-N; YCZAHJSVHOSXPX-GKVSMKOHSA-N; YCZAHJSVHOSXPX-UHFFFAOYSA-N
HOWDEROVXAADRI-UHFFFAOYSA-M,afrormosin-7-O-glucoside-6''-O-malonate,2,HOWDEROVXAADRI,3,Q105031562; Q105031563; Q105031564,HOWDEROVXAADRI-OMJUENHASA-N; HOWDEROVXAADRI-UHFFFAOYSA-N; HOWDEROVXAADRI-VBZRGDGWSA-N
XDMJJZUUHWWITI-IPOZFMEPSA-M,apigenin-7-O-gentiobioside,2,XDMJJZUUHWWITI,3,Q105325848; Q105325850; Q76416029,XDMJJZUUHWWITI-IPOZFMEPSA-N; XDMJJZUUHWWITI-UHFFFAOYSA-N; XDMJJZUUHWWITI-WGULRKJNSA-N
DYZZIAIGKSRPMS-JYTSTOSVSA-M,kaempferide 3-O-[β-D-glucopyranosyl-(1->2)]-[α-L-rhamnopyranosyl-(1->6)]-β-D-glucopyranoside,2,DYZZIAIGKSRPMS,3,Q104991669; Q104991670; Q76416016,DYZZIAIGKSRPMS-JYTSTOSVSA-N; DYZZIAIGKSRPMS-UHFFFAOYSA-N; DYZZIAIGKSRPMS-ZFRPFDROSA-N
APIQNBNBIICCON-CHTHJEHHSA-N,3-dehydro-D-galactopyranose,0,APIQNBNBIICCON,3,Q115966042; Q27103138; Q27124275,APIQNBNBIICCON-FKMSRSAHSA-N; APIQNBNBIICCON-KCLVSGOISA-N; APIQNBNBIICCON-UHFFFAOYSA-N
FQTLNSKVFLETSS-XGBALLAGSA-K,gibberellin A₄₃,0,FQTLNSKVFLETSS,3,Q104999861; Q104999863; Q104999864,FQTLNSKVFLETSS-NLQWBLSASA-N; FQTLNSKVFLETSS-QBCIWLIXSA-N; FQTLNSKVFLETSS-UHFFFAOYSA-N
FTODBIPDTXRIGS-ZDUSSCGKSA-M,homoeriodictyol,0,FTODBIPDTXRIGS,3,Q105001178; Q27272783; Q3139901,FTODBIPDTXRIGS-CYBMUJFWSA-N; FTODBIPDTXRIGS-UHFFFAOYSA-N; FTODBIPDTXRIGS-ZDUSSCGKSA-N
GRWFGVWFFZKLTI-VEDVMXKPSA-N,pinene,0,GRWFGVWFFZKLTI,3,Q2095629; Q27104380; Q300852,GRWFGVWFFZKLTI-IUCAKERBSA-N; GRWFGVWFFZKLTI-RKDXNWHRSA-N; GRWFGVWFFZKLTI-UHFFFAOYSA-N
LPJXPACOXRZCCP-VIFPVBQESA-L,N-benzoyl-L-glutamate,0,LPJXPACOXRZCCP,3,Q27256445; Q76416797; Q82970125,LPJXPACOXRZCCP-SECBINFHSA-N; LPJXPACOXRZCCP-UHFFFAOYSA-N; LPJXPACOXRZCCP-VIFPVBQESA-N
MXCOJKLBLFWFNI-IATJTFMBSA-M,gibberellin A₁₅ (closed lactone form),0,MXCOJKLBLFWFNI,3,Q105173971; Q105173972; Q105173975,MXCOJKLBLFWFNI-CXXOJBQZSA-N; MXCOJKLBLFWFNI-UHFFFAOYSA-N; MXCOJKLBLFWFNI-VBFYFJBNSA-N
NJHJXXLBWQXMRO-CJNGLKHVSA-N,(-)-3'-methylcatechin,0,NJHJXXLBWQXMRO,3,Q105180134; Q27138594; Q82441556,NJHJXXLBWQXMRO-CZUORRHYSA-N; NJHJXXLBWQXMRO-UHFFFAOYSA-N; NJHJXXLBWQXMRO-XJKSGUPXSA-N
HCZHHEIFKROPDY-UHFFFAOYSA-L,kynurenate,0,HCZHHEIFKROPDY,3,Q27104834; Q642217; Q82853391,HCZHHEIFKROPDY-RALIUCGRSA-N; HCZHHEIFKROPDY-UHFFFAOYSA-M; HCZHHEIFKROPDY-UHFFFAOYSA-N
GEZJVEGHJRPQEX-BZNQNGANSA-M,"2,5-dihydroxybenzoate 2-O-β-D-glucoside",0,GEZJVEGHJRPQEX,3,Q105007436; Q105007437; Q76617045,GEZJVEGHJRPQEX-BZNQNGANSA-N; GEZJVEGHJRPQEX-TWEVDUBQSA-N; GEZJVEGHJRPQEX-UHFFFAOYSA-N
DEDGUGJNLNLJSR-VURMDHGXSA-M,enol-phenylpyruvate,0,DEDGUGJNLNLJSR,3,Q27102090; Q27104236; Q47459420,DEDGUGJNLNLJSR-UHFFFAOYSA-M; DEDGUGJNLNLJSR-UHFFFAOYSA-N; DEDGUGJNLNLJSR-VURMDHGXSA-N
OWKGVPXWOHLTSL-LVGZUCAQSA-N,4β-methyl-5α-cholest-7-en-3-one,0,OWKGVPXWOHLTSL,3,Q105202060; Q105202061; Q27101939,OWKGVPXWOHLTSL-LIUJFMQASA-N; OWKGVPXWOHLTSL-NJXLHFAASA-N; OWKGVPXWOHLTSL-UHFFFAOYSA-N
MVGBKLTYYAYYGY-DUXPYHPUSA-M,pyruvic oxime,0,MVGBKLTYYAYYGY,3,Q106055958; Q27124727; Q76324852,MVGBKLTYYAYYGY-DUXPYHPUSA-N; MVGBKLTYYAYYGY-UHFFFAOYSA-M; MVGBKLTYYAYYGY-UHFFFAOYSA-N
JDNTWHVOXJZDSN-UHFFFAOYSA-M,iodoacetate,28,JDNTWHVOXJZDSN,4,Q416375; Q82693809; Q82693936; Q82694538,JDNTWHVOXJZDSN-OUBTZVSYSA-N; JDNTWHVOXJZDSN-UHFFFAOYSA-N; JDNTWHVOXJZDSN-VQEHIDDOSA-N; JDNTWHVOXJZDSN-ZDOIIHCHSA-N
YQDKULBMDMPFLH-FSRBREEPSA-L,betalamate,26,YQDKULBMDMPFLH,4,Q104388574; Q105352158; Q27103157; Q6172533,YQDKULBMDMPFLH-FSRBREEPSA-N; YQDKULBMDMPFLH-KTAJNNJTSA-N; YQDKULBMDMPFLH-QWJBODLLSA-N; YQDKULBMDMPFLH-UHFFFAOYSA-N
RVCNKTPCHZNAAO-IMSLGMFESA-K,prephytoene pyrophosphate,18,RVCNKTPCHZNAAO,4,Q27102206; Q27122016; Q27125120; Q3409065,RVCNKTPCHZNAAO-QKUGLALCSA-N; RVCNKTPCHZNAAO-UZDKSQMHSA-K; RVCNKTPCHZNAAO-UZDKSQMHSA-N; RVCNKTPCHZNAAO-XGYYIUAYSA-N
KJXSIXMJHKAJOD-LSDHHAIUSA-M,(+)-dihydromyricetin,16,KJXSIXMJHKAJOD,4,Q105142036; Q105142037; Q27103961; Q422305,KJXSIXMJHKAJOD-CABCVRRESA-N; KJXSIXMJHKAJOD-HUUCEWRRSA-N; KJXSIXMJHKAJOD-LSDHHAIUSA-N; KJXSIXMJHKAJOD-UHFFFAOYSA-N
XHJKHSXHWJCBLX-AAEUAGOBSA-L,betanidin,13,XHJKHSXHWJCBLX,4,Q110077751; Q110183694; Q110183695; Q125033479,XHJKHSXHWJCBLX-AAEUAGOBSA-O; XHJKHSXHWJCBLX-DGCLKSJQSA-N; XHJKHSXHWJCBLX-UHFFFAOYSA-N; XHJKHSXHWJCBLX-YPMHNXCESA-O
OXFPYCSNYOFUCH-AODVQFRNSA-M,gibberellin A₂₀,13,OXFPYCSNYOFUCH,4,Q105202584; Q105202585; Q27103295; Q27104836,OXFPYCSNYOFUCH-KQBHUUJHSA-M; OXFPYCSNYOFUCH-KQBHUUJHSA-N; OXFPYCSNYOFUCH-LUGKBOQRSA-N; OXFPYCSNYOFUCH-UHFFFAOYSA-N
UQOJAGBSKPHQOG-IUODEOHRSA-N,"(2R,3S)-2,4',5,7-tetrahydroxyisoflavanone",10,UQOJAGBSKPHQOG,4,Q105277366; Q23055380; Q27114126; Q27125930,UQOJAGBSKPHQOG-SWLSCSKDSA-N; UQOJAGBSKPHQOG-UHFFFAOYSA-M; UQOJAGBSKPHQOG-UHFFFAOYSA-N; UQOJAGBSKPHQOG-WFASDCNBSA-N
SLCKJKWFULXZBD-ZOTFFYTFSA-N,pelargonin,10,SLCKJKWFULXZBD,4,Q104387043; Q110080993; Q123340484; Q21099638,SLCKJKWFULXZBD-DHXMCCLBSA-O; SLCKJKWFULXZBD-HGHVJJQGSA-O; SLCKJKWFULXZBD-UHFFFAOYSA-O; SLCKJKWFULXZBD-ZOTFFYTFSA-O
MCKAJXMRULSUKI-FTYOSCRSSA-J,"D-myo-inositol (1,2) bisphosphate",8,MCKAJXMRULSUKI,4,Q115966006; Q27073747; Q27103929; Q27156703,MCKAJXMRULSUKI-CNWJWELYSA-J; MCKAJXMRULSUKI-CNWJWELYSA-N; MCKAJXMRULSUKI-UHFFFAOYSA-N; MCKAJXMRULSUKI-UZAAGFTCSA-N
ZOWHLBOPCIHIHW-AODVQFRNSA-M,gibberellin A₅,8,ZOWHLBOPCIHIHW,4,Q105380745; Q105380746; Q105380747; Q27110166,ZOWHLBOPCIHIHW-KQBHUUJHSA-N; ZOWHLBOPCIHIHW-LUGKBOQRSA-N; ZOWHLBOPCIHIHW-RNJLFBCHSA-N; ZOWHLBOPCIHIHW-UHFFFAOYSA-N
WTWWJFYJOBVFTF-SQERPHHCSA-L,ternatin C5,6,WTWWJFYJOBVFTF,4,Q105312836; Q110198995; Q27124241; Q27126338,WTWWJFYJOBVFTF-KTEHMMPASA-L; WTWWJFYJOBVFTF-KTEHMMPASA-O; WTWWJFYJOBVFTF-RUJQUQSCSA-O; WTWWJFYJOBVFTF-UHFFFAOYSA-O
LVVCDOSOKGYQFY-XCRWTIQCSA-M,"9,10-epoxy-10,12Z-octadecadienoate",6,LVVCDOSOKGYQFY,4,Q106038788; Q74418181; Q76507165; Q82643194,LVVCDOSOKGYQFY-IDQNXFEJSA-M; LVVCDOSOKGYQFY-IDQNXFEJSA-N; LVVCDOSOKGYQFY-KKJXIILJSA-N; LVVCDOSOKGYQFY-KRWDZBQOSA-N
MGAFCXOXRHSKIA-GLDNMAPXSA-N,kaempferol 3-O-β-D-glucosyl-(1->2)-glucosyl-(1->2)-β-D-glucoside,6,MGAFCXOXRHSKIA,4,Q105163150; Q105163151; Q105163153; Q27114675,MGAFCXOXRHSKIA-MEBVLIOMSA-N; MGAFCXOXRHSKIA-UHFFFAOYSA-N; MGAFCXOXRHSKIA-VGTPANOWSA-N; MGAFCXOXRHSKIA-WYXVZEBFSA-N
AQTZWMJGAOIWFV-VKWYCSODSA-N,"(3R,4R)-3,4-bis(4-hydroxy-3-methoxybenzyl)tetrahydro-2-furanol",6,AQTZWMJGAOIWFV,4,Q104917076; Q104917077; Q104917078; Q104917079,AQTZWMJGAOIWFV-BXTJHSDWSA-N; AQTZWMJGAOIWFV-MDOVXXIYSA-N; AQTZWMJGAOIWFV-QEEYODRMSA-N; AQTZWMJGAOIWFV-UHFFFAOYSA-N
MCTZMXCUYPDYNE-NHSSZETOSA-N,quercetin 3-O-rhamnoside-7-O-glucoside,6,MCTZMXCUYPDYNE,4,Q104398746; Q105161442; Q110183832; Q23418549,MCTZMXCUYPDYNE-AHHFARBASA-N; MCTZMXCUYPDYNE-LWPDZHKTSA-N; MCTZMXCUYPDYNE-NLRXNYMUSA-N; MCTZMXCUYPDYNE-UHFFFAOYSA-N
NAQGHJTUZRHGAC-LBGUGVGYSA-J,5'-phosphoribosyl-4-(N-succinocarboxamide)-5-aminoimidazole,6,NAQGHJTUZRHGAC,4,Q115966260; Q27125795; Q27465484; Q3502778,NAQGHJTUZRHGAC-PSYSQGJASA-N; NAQGHJTUZRHGAC-UHFFFAOYSA-N; NAQGHJTUZRHGAC-ZZZDFHIKSA-J; NAQGHJTUZRHGAC-ZZZDFHIKSA-N
WSKGRAGZAQRSED-NRRUETGQSA-N,dehydroabietadienol,6,WSKGRAGZAQRSED,4,Q105311914; Q105311915; Q105311917; Q27123468,WSKGRAGZAQRSED-SLFFLAALSA-N; WSKGRAGZAQRSED-UFYCRDLUSA-N; WSKGRAGZAQRSED-UHFFFAOYSA-N; WSKGRAGZAQRSED-XUVXKRRUSA-N
MBFJCQLVRQZZOV-MRHCINOSSA-K,portulacaxanthin II,6,MBFJCQLVRQZZOV,4,Q105160700; Q110077564; Q110183779; Q27108050,MBFJCQLVRQZZOV-DCAVKYHDSA-N; MBFJCQLVRQZZOV-MRHCINOSSA-N; MBFJCQLVRQZZOV-UHFFFAOYSA-N; MBFJCQLVRQZZOV-ZCIMJVHFSA-N
YXWQTVWJNHKSCC-INIZCTEOSA-O,(S)-tetrahydropapaverine,4,YXWQTVWJNHKSCC,4,Q110079296; Q27464875; Q27465279; Q74417924,YXWQTVWJNHKSCC-INIZCTEOSA-N; YXWQTVWJNHKSCC-MRXNPFEDSA-N; YXWQTVWJNHKSCC-MRXNPFEDSA-O; YXWQTVWJNHKSCC-UHFFFAOYSA-N
XLZUBCUKXQFBKB-JZWLZXDTSA-M,"pelargonidin-3-O-(6""-O-malonyl-β-D-glucoside)",4,XLZUBCUKXQFBKB,4,Q105330588; Q105330589; Q110204668; Q27114738,XLZUBCUKXQFBKB-GRAUSCIISA-O; XLZUBCUKXQFBKB-JZWLZXDTSA-O; XLZUBCUKXQFBKB-PGDPNNLMSA-O; XLZUBCUKXQFBKB-UHFFFAOYSA-O
MYKUKUCHPMASKF-VIFPVBQESA-O,(S)-nornicotine,4,MYKUKUCHPMASKF,4,Q27105207; Q28466251; Q82312031; Q907939,MYKUKUCHPMASKF-DNZPNURCSA-N; MYKUKUCHPMASKF-SECBINFHSA-N; MYKUKUCHPMASKF-UHFFFAOYSA-N; MYKUKUCHPMASKF-VIFPVBQESA-N
OYONPFUYHNGECE-CQYSPVIFSA-N,30-hydroxy-β-amyrin,4,OYONPFUYHNGECE,4,Q105203459; Q105203460; Q105203461; Q82975893,OYONPFUYHNGECE-BIWTVBKBSA-N; OYONPFUYHNGECE-TZQRTXEESA-N; OYONPFUYHNGECE-UBWAPJCPSA-N; OYONPFUYHNGECE-UHFFFAOYSA-N
IJEZFJFCQWYKEM-HZDSJJKASA-N,1-18:3-2-16:0-digalactosyldiacylglycerol,4,IJEZFJFCQWYKEM,4,Q105113920; Q105113922; Q105113923; Q105113924,IJEZFJFCQWYKEM-GDVDIDQFSA-N; IJEZFJFCQWYKEM-ITLSJTBUSA-N; IJEZFJFCQWYKEM-KJJVUBFFSA-N; IJEZFJFCQWYKEM-UHFFFAOYSA-N
BQPYEFAVIPEQIK-AGCVEWRESA-L,"oleanolate 3-beta-D-glucuronoside-(3,1)-galactoside",4,BQPYEFAVIPEQIK,4,Q104944505; Q104944506; Q27108321; Q27269728,BQPYEFAVIPEQIK-AGCVEWRESA-N; BQPYEFAVIPEQIK-CGCSGISQSA-N; BQPYEFAVIPEQIK-CKXSKKTQSA-N; BQPYEFAVIPEQIK-UHFFFAOYSA-N
NTWLPZMPTFQYQI-PXOHOISBSA-N,24-hydroxy-β-amyrin,3,NTWLPZMPTFQYQI,4,Q105185707; Q105185708; Q105185709; Q27131922,NTWLPZMPTFQYQI-FLZFTVBESA-N; NTWLPZMPTFQYQI-OSKQWRSTSA-N; NTWLPZMPTFQYQI-UHFFFAOYSA-N; NTWLPZMPTFQYQI-XLNSUYCMSA-N
KVKFKHMIIMGSRS-HXXIZIDCSA-M,kauralexin A3,3,KVKFKHMIIMGSRS,4,Q103796350; Q105146565; Q105146566; Q105146567,KVKFKHMIIMGSRS-JTBPYRKJSA-N; KVKFKHMIIMGSRS-MIXPNXBUSA-N; KVKFKHMIIMGSRS-UHFFFAOYSA-N; KVKFKHMIIMGSRS-XKBPDVHJSA-N
KNCGYSOHQZGPKT-DVJKVKBQSA-M,kauralexin A1,3,KNCGYSOHQZGPKT,4,Q105143320; Q105143322; Q105143323; Q105143324,KNCGYSOHQZGPKT-ILRNBGBRSA-N; KNCGYSOHQZGPKT-UHFFFAOYSA-N; KNCGYSOHQZGPKT-VNXBCOTQSA-N; KNCGYSOHQZGPKT-XOHIKNMTSA-N
PAIBKVQNJKUVCE-ZOLGAAHRSA-L,gypsogenate,3,PAIBKVQNJKUVCE,4,Q105204539; Q105204541; Q27139687; Q74417175,PAIBKVQNJKUVCE-CXUPHSDLSA-N; PAIBKVQNJKUVCE-JUENUIDLSA-L; PAIBKVQNJKUVCE-JUENUIDLSA-N; PAIBKVQNJKUVCE-UHFFFAOYSA-N
FFRFGVHNKJYNOV-DOVUUNBWSA-P,"α-3',4'-anhydrovinblastine",3,FFRFGVHNKJYNOV,4,Q117835194; Q27105444; Q27261776; Q82598146,FFRFGVHNKJYNOV-DOVUUNBWSA-N; FFRFGVHNKJYNOV-PCYZBDGTSA-N; FFRFGVHNKJYNOV-UHFFFAOYSA-N; FFRFGVHNKJYNOV-ZCIMLLHDSA-N
JSYDBTWJIIAZPU-NEVABJEQSA-N,arabidopsis anthocyanin A3,3,JSYDBTWJIIAZPU,4,Q105134642; Q110204598; Q123340349; Q23419072,JSYDBTWJIIAZPU-NEVABJEQSA-O; JSYDBTWJIIAZPU-OMLFMJQWSA-O; JSYDBTWJIIAZPU-PHRCOFGRSA-O; JSYDBTWJIIAZPU-UHFFFAOYSA-O
HKIBRYCZLMJRFT-CBEPRAPJSA-N,5-(methylsulfanyl)pentyl-desulfoglucosinolate,3,HKIBRYCZLMJRFT,4,Q105029654; Q106010209; Q110078682; Q76545916,HKIBRYCZLMJRFT-BRXBVWLPSA-N; HKIBRYCZLMJRFT-KHXSHCKASA-N; HKIBRYCZLMJRFT-UHFFFAOYSA-N; HKIBRYCZLMJRFT-ZMHPAJMFSA-N
HUCGRJSHMZWRQQ-PWGYDFSISA-M,glucoalyssin,3,HUCGRJSHMZWRQQ,4,Q105033724; Q105110517; Q110078580; Q27106748,HUCGRJSHMZWRQQ-GZKRSOGLSA-N; HUCGRJSHMZWRQQ-LPXZBHKBSA-N; HUCGRJSHMZWRQQ-PWGYDFSISA-N; HUCGRJSHMZWRQQ-UHFFFAOYSA-N
MQVRGDZCYDEQML-LFXZADKFSA-M,kaempferide 3-O-glucoside,3,MQVRGDZCYDEQML,4,Q105170305; Q105170306; Q105170307; Q105170308,MQVRGDZCYDEQML-LFXZADKFSA-N; MQVRGDZCYDEQML-UHFFFAOYSA-N; MQVRGDZCYDEQML-UVHBULKNSA-N; MQVRGDZCYDEQML-YOICORKUSA-N
ZVKOASAVGLETCT-UOGKPENDSA-L,norbixin,3,ZVKOASAVGLETCT,4,Q105384352; Q105384353; Q1997371; Q27284028,ZVKOASAVGLETCT-LRRSNBNMSA-N; ZVKOASAVGLETCT-UHFFFAOYSA-N; ZVKOASAVGLETCT-UOAMSCJGSA-N; ZVKOASAVGLETCT-UOGKPENDSA-N
KBVPPTKWCRMUEW-KEJNSVKLSA-J,feruloylacetyl-CoA,3,KBVPPTKWCRMUEW,4,Q106030286; Q27139453; Q27139460; Q74411104,KBVPPTKWCRMUEW-IIZVUBDFSA-J; KBVPPTKWCRMUEW-IIZVUBDFSA-N; KBVPPTKWCRMUEW-MKBARTHHSA-J; KBVPPTKWCRMUEW-MKBARTHHSA-N
WZRRJZYYGOOHRC-AXLMTQBOSA-M,gibberellin A₈,3,WZRRJZYYGOOHRC,4,Q105323427; Q105323428; Q27103931; Q27104842,WZRRJZYYGOOHRC-GACNJHSUSA-N; WZRRJZYYGOOHRC-UHFFFAOYSA-N; WZRRJZYYGOOHRC-UQJCXHNCSA-M; WZRRJZYYGOOHRC-UQJCXHNCSA-N
ROQLTZUOXIQBDO-JZWLZXDTSA-L,"cyanidin 3-O-(6""-O-malonyl)-β-D-glucoside",3,ROQLTZUOXIQBDO,4,Q104396767; Q105242407; Q105242408; Q27114312,ROQLTZUOXIQBDO-GRAUSCIISA-O; ROQLTZUOXIQBDO-JZWLZXDTSA-O; ROQLTZUOXIQBDO-PGDPNNLMSA-O; ROQLTZUOXIQBDO-UHFFFAOYSA-O
XIMPCXFLDSKALH-GIELRJASSA-N,raucaffrinoline,3,XIMPCXFLDSKALH,4,Q105328587; Q105328588; Q110079283; Q15424782,XIMPCXFLDSKALH-AFXVYWMKSA-N; XIMPCXFLDSKALH-FXRWJBKJSA-N; XIMPCXFLDSKALH-UHFFFAOYSA-N; XIMPCXFLDSKALH-VQHWPEDHSA-N
BKKGUKSHPCTUGE-OOHFSOINSA-M,"(9Z,15Z)-12,13-epoxy-octadeca-9,15-dienoate",3,BKKGUKSHPCTUGE,4,Q27160340; Q27451595; Q27451599; Q82006453,BKKGUKSHPCTUGE-OOHFSOINSA-N; BKKGUKSHPCTUGE-UHFFFAOYSA-N; BKKGUKSHPCTUGE-WXDGQRKDSA-N; BKKGUKSHPCTUGE-ZQCGFPFMSA-N
IRILMCCKFANGJQ-BAJUWZQUSA-L,cis-zeatin riboside monophosphate,3,IRILMCCKFANGJQ,4,Q115946478; Q27139819; Q27149545; Q27159982,IRILMCCKFANGJQ-BAJUWZQUSA-N; IRILMCCKFANGJQ-HNNGNKQASA-L; IRILMCCKFANGJQ-HNNGNKQASA-N; IRILMCCKFANGJQ-SDBHATRESA-N
IUYFTHKQEWZTHY-QMVGNYJJSA-M,α-L-rhamnosylisoorientin,3,IUYFTHKQEWZTHY,4,Q105120916; Q115785087; Q27103790; Q27138543,IUYFTHKQEWZTHY-LQQQXCKLSA-N; IUYFTHKQEWZTHY-QMVGNYJJSA-N; IUYFTHKQEWZTHY-RCKQMBEZSA-N; IUYFTHKQEWZTHY-UHFFFAOYSA-N
PHENTZNALBMCQD-GSVOUGTGSA-M,3-(carbamoylamino)-2-methylpropanoate,3,PHENTZNALBMCQD,4,Q27144658; Q27466953; Q2823221; Q60614333,PHENTZNALBMCQD-GSVOUGTGSA-N; PHENTZNALBMCQD-UHFFFAOYSA-M; PHENTZNALBMCQD-UHFFFAOYSA-N; PHENTZNALBMCQD-VKHMYHEASA-N
HIOAYNMZFIHQNS-GLLFFQQYSA-N,norajmaline,3,HIOAYNMZFIHQNS,4,Q104249855; Q110204202; Q27107543; Q27147216,HIOAYNMZFIHQNS-DEKAJGEMSA-N; HIOAYNMZFIHQNS-OPMBYYGKSA-N; HIOAYNMZFIHQNS-UHFFFAOYSA-N; HIOAYNMZFIHQNS-WGSNPMNHSA-O
BKBYHSYZKIAJDA-LPEMZMRWSA-M,gibberellin A₂₉,3,BKBYHSYZKIAJDA,4,Q104937493; Q104937497; Q105100791; Q27103470,BKBYHSYZKIAJDA-FAGRHRLBSA-N; BKBYHSYZKIAJDA-QITPSVHSSA-N; BKBYHSYZKIAJDA-UHFFFAOYSA-N; BKBYHSYZKIAJDA-WWSAFQOPSA-N
ZAKICGFSIJSCSF-RFEZBLSLSA-M,6-(methylsulfanyl)hexyl-glucosinolate,3,ZAKICGFSIJSCSF,4,Q105369919; Q105369920; Q105369921; Q27154956,ZAKICGFSIJSCSF-BXLHIMNRSA-N; ZAKICGFSIJSCSF-LKQOQWEASA-N; ZAKICGFSIJSCSF-LPUQOGTASA-N; ZAKICGFSIJSCSF-UHFFFAOYSA-N
CWOJBEDMJKZKAB-URUUWQEUSA-M,8-(methylsulfanyl)octyl-glucosinolate,3,CWOJBEDMJKZKAB,4,Q104971437; Q110078073; Q27154958; Q63392450,CWOJBEDMJKZKAB-JTAHTJANSA-N; CWOJBEDMJKZKAB-JZYAIQKZSA-N; CWOJBEDMJKZKAB-STPBKMPXSA-N; CWOJBEDMJKZKAB-UHFFFAOYSA-N
JALVTHFTYRPDMB-NMZJTGJESA-O,demissidine,3,JALVTHFTYRPDMB,4,Q105123837; Q27291814; Q82881583; Q83065164,JALVTHFTYRPDMB-HRRTYWNUSA-N; JALVTHFTYRPDMB-IKSKCRHHSA-N; JALVTHFTYRPDMB-OFMODGJOSA-N; JALVTHFTYRPDMB-UHFFFAOYSA-N
KGPAYJZAMGEDIQ-KRWDZBQOSA-O,(S)-laudanosine,3,KGPAYJZAMGEDIQ,4,Q105140900; Q27163429; Q408074; Q74410594,KGPAYJZAMGEDIQ-KRWDZBQOSA-N; KGPAYJZAMGEDIQ-QGZVFWFLSA-N; KGPAYJZAMGEDIQ-QGZVFWFLSA-O; KGPAYJZAMGEDIQ-UHFFFAOYSA-N
OISFHODBOQNZAG-UHFFFAOYSA-M,"9,10,18-trihydroxystearate",3,OISFHODBOQNZAG,4,Q105192731; Q120204950; Q27287861; Q53679584,OISFHODBOQNZAG-DLBZAZTESA-N; OISFHODBOQNZAG-IAGOWNOFSA-N; OISFHODBOQNZAG-SJORKVTESA-N; OISFHODBOQNZAG-UHFFFAOYSA-N
XGQPXBKBCOHIQI-YONICNLVSA-N,cyanidin 3-O-β-D-(caffeoyl)-sambubioside,2,XGQPXBKBCOHIQI,4,Q110080708; Q123340362; Q123340412; Q125618136,XGQPXBKBCOHIQI-GCNWMLFFSA-O; XGQPXBKBCOHIQI-UHFFFAOYSA-O; XGQPXBKBCOHIQI-YONICNLVSA-O
OLBLWNPOURNBCY-MRBLLYQQSA-N,cyanidin 5-O-β-D-glucoside 3-O-β-D-sambubioside,2,OLBLWNPOURNBCY,4,Q105193889; Q110183790; Q23419061; Q63398355,OLBLWNPOURNBCY-MRBLLYQQSA-O; OLBLWNPOURNBCY-OIZSHMMZSA-O; OLBLWNPOURNBCY-QFEPKXLGSA-O; OLBLWNPOURNBCY-UHFFFAOYSA-O
PMKQSEYPLQIEAY-YWNRKNDBSA-L,phaselate,2,PMKQSEYPLQIEAY,4,Q105211547; Q18379746; Q27107654,PMKQSEYPLQIEAY-DUXPYHPUSA-N; PMKQSEYPLQIEAY-UHFFFAOYSA-N; PMKQSEYPLQIEAY-XCRNYIDWSA-N; PMKQSEYPLQIEAY-YWNRKNDBSA-N
ZGHRCSAIMSBFLK-IQSISOBESA-M,7'-hydroxyabscisate,2,ZGHRCSAIMSBFLK,4,Q104376106; Q105375203; Q110185001; Q27109354,ZGHRCSAIMSBFLK-IGTFLHFFSA-N; ZGHRCSAIMSBFLK-IQSISOBESA-N; ZGHRCSAIMSBFLK-UHFFFAOYSA-N; ZGHRCSAIMSBFLK-UMCKCUICSA-N
QHMBSVQNZZTUGM-QZTJIDSGSA-N,cannabidiol,2,QHMBSVQNZZTUGM,4,Q105221017; Q105221018; Q422917; Q82566891,QHMBSVQNZZTUGM-MSOLQXFVSA-N; QHMBSVQNZZTUGM-UHFFFAOYSA-N; QHMBSVQNZZTUGM-ZENAZSQFSA-N; QHMBSVQNZZTUGM-ZWKOTPCHSA-N
YODABPUZPVYDEF-CIBWSIAMSA-N,violdelphin,2,YODABPUZPVYDEF,4,Q105351248; Q105351249; Q110204032; Q7933112,YODABPUZPVYDEF-CIBWSIAMSA-O; YODABPUZPVYDEF-MAOZMNHPSA-O; YODABPUZPVYDEF-QVANIWJVSA-O; YODABPUZPVYDEF-UHFFFAOYSA-O
ARGKVCXINMKCAZ-VMUFPGRYSA-N,neohesperidin,2,ARGKVCXINMKCAZ,4,Q104390645; Q104917304; Q104917305; Q18609455,ARGKVCXINMKCAZ-HAXTVYHKSA-N; ARGKVCXINMKCAZ-NRRCNVALSA-N; ARGKVCXINMKCAZ-UHFFFAOYSA-N; ARGKVCXINMKCAZ-UZRWAPQLSA-N
HPEUEJRPDGMIMY-IFQPEPLCSA-L,molybdopterin,2,HPEUEJRPDGMIMY,4,Q105109922; Q27125975; Q74516050; Q74548075,HPEUEJRPDGMIMY-IFQPEPLCSA-K; HPEUEJRPDGMIMY-IFQPEPLCSA-N; HPEUEJRPDGMIMY-UHFFFAOYSA-N
HTDHRCLVWUEXIS-GIHYWFGSSA-N,cis-zeatin-7-N-glucoside,2,HTDHRCLVWUEXIS,4,Q104667710; Q105033375; Q106040906; Q27149546,HTDHRCLVWUEXIS-HNVSNYHQSA-N; HTDHRCLVWUEXIS-MTQUCLQASA-N; HTDHRCLVWUEXIS-QEJLLAEFSA-N; HTDHRCLVWUEXIS-UHFFFAOYSA-N
HTDHRCLVWUEXIS-SBQJELAYSA-N,trans-zeatin-7-N-glucoside,2,HTDHRCLVWUEXIS,4,Q104667710; Q105033375; Q106040906; Q27149546,HTDHRCLVWUEXIS-HNVSNYHQSA-N; HTDHRCLVWUEXIS-MTQUCLQASA-N; HTDHRCLVWUEXIS-QEJLLAEFSA-N; HTDHRCLVWUEXIS-UHFFFAOYSA-N
OKQLTVHTONLCTA-DLFRIZOCSA-M,gypsogenate-28-beta-D-glucoside,2,OKQLTVHTONLCTA,4,Q105193692; Q105193696; Q105193709; Q105193710,OKQLTVHTONLCTA-GGZRBTTQSA-N; OKQLTVHTONLCTA-JLBPGKJFSA-N; OKQLTVHTONLCTA-SEOQPNOJSA-N; OKQLTVHTONLCTA-UHFFFAOYSA-N
MPHXYQVSOFGNEN-QCZCYNOHSA-N,momilactone A,2,MPHXYQVSOFGNEN,4,Q105169528; Q105169529; Q105169530; Q27104650,MPHXYQVSOFGNEN-JGHPTVLTSA-N; MPHXYQVSOFGNEN-UHFFFAOYSA-N; MPHXYQVSOFGNEN-VNFKARMWSA-N; MPHXYQVSOFGNEN-YRBLUSRESA-N
SASWULSUPROHRT-LZUIEUJZSA-O,vindorosine,2,SASWULSUPROHRT,4,Q104388530; Q105249115; Q105249116; Q27294869,SASWULSUPROHRT-LPUCAVTMSA-N; SASWULSUPROHRT-MCIGMTSASA-N; SASWULSUPROHRT-MVTPHRBASA-N; SASWULSUPROHRT-UHFFFAOYSA-N
RSYNCMYDVZFZBP-NRORZAABSA-N,D-galactosylononitol,2,RSYNCMYDVZFZBP,4,Q105244967; Q105244968; Q105244970; Q76415928,RSYNCMYDVZFZBP-FPNDWEHVSA-N; RSYNCMYDVZFZBP-KEUHYNFLSA-N; RSYNCMYDVZFZBP-UHFFFAOYSA-N; RSYNCMYDVZFZBP-WJXRNPPPSA-N
RSYNCMYDVZFZBP-KERYTHSYSA-N,galactopinitol B,2,RSYNCMYDVZFZBP,4,Q105244967; Q105244968; Q105244970; Q76415928,RSYNCMYDVZFZBP-FPNDWEHVSA-N; RSYNCMYDVZFZBP-KEUHYNFLSA-N; RSYNCMYDVZFZBP-UHFFFAOYSA-N; RSYNCMYDVZFZBP-WJXRNPPPSA-N
QMHCWDVPABYZMC-NJMHOMCLSA-M,gypsogenin,2,QMHCWDVPABYZMC,4,Q105223988; Q105223989; Q20054523; Q74411688,QMHCWDVPABYZMC-MYPRUECHSA-M; QMHCWDVPABYZMC-MYPRUECHSA-N; QMHCWDVPABYZMC-UHFFFAOYSA-N; QMHCWDVPABYZMC-ZBXZNUPFSA-N
FVEMXQCEJGGXJB-CQSZACIVSA-O,(R)-norreticuline,2,FVEMXQCEJGGXJB,4,Q27103794; Q27103817; Q27104576; Q74418072,FVEMXQCEJGGXJB-AWEZNQCLSA-N; FVEMXQCEJGGXJB-AWEZNQCLSA-O; FVEMXQCEJGGXJB-CQSZACIVSA-N; FVEMXQCEJGGXJB-UHFFFAOYSA-N
HITLMPHPGUZLGI-BEUDHSEDSA-L,kauralexin A2,2,HITLMPHPGUZLGI,4,Q105029015; Q105029016; Q105029017; Q105029018,HITLMPHPGUZLGI-FDBLAFQCSA-N; HITLMPHPGUZLGI-HLLQXRNWSA-N; HITLMPHPGUZLGI-UHFFFAOYSA-N; HITLMPHPGUZLGI-WXTRFUDFSA-N
VYKLRWGPNUVKNC-AATRIKPKSA-N,"5,6-epoxy-3-hydroxy-9-apo-β-caroten-9-one",2,VYKLRWGPNUVKNC,4,Q105299046; Q105299048; Q105299049; Q27138117,VYKLRWGPNUVKNC-BJEXPOHKSA-N; VYKLRWGPNUVKNC-HNSJSBKASA-N; VYKLRWGPNUVKNC-IRIVYCKASA-N; VYKLRWGPNUVKNC-UHFFFAOYSA-N
MUQNMJSHMPEZCV-VSHALLICSA-M,cyanidin 3-O-[6-O-feruloyl-β-D-glucosyl-(1→6)]-[β-D-xylosyl-(1→2)]-β-D-galactoside,2,MUQNMJSHMPEZCV,4,Q110204510; Q115950865; Q123340355; Q27272807,MUQNMJSHMPEZCV-JHCRVGSQSA-O; MUQNMJSHMPEZCV-UHFFFAOYSA-O; MUQNMJSHMPEZCV-VXAVGSKVSA-O; MUQNMJSHMPEZCV-WRXURUDDSA-O
RLMLFADXHJLPSQ-MJQYLNDYSA-N,aureobasidin A,2,RLMLFADXHJLPSQ,4,Q105240267; Q105240270; Q105240279; Q27292033,RLMLFADXHJLPSQ-GSTKUCBPSA-N; RLMLFADXHJLPSQ-NPPFTVEMSA-N; RLMLFADXHJLPSQ-QKCBWMAHSA-N; RLMLFADXHJLPSQ-QLLGQPFOSA-N
RPMNUQRUHXIGHK-PYXJVEIZSA-M,apigenin 7-O-neohesperidoside,2,RPMNUQRUHXIGHK,4,Q104246960; Q105242783; Q105242790; Q3429675,RPMNUQRUHXIGHK-FLPYCHHVSA-N; RPMNUQRUHXIGHK-PYXJVEIZSA-N; RPMNUQRUHXIGHK-SBDOOABHSA-N; RPMNUQRUHXIGHK-UHFFFAOYSA-N
KSBJAONOPKRVRR-LTTRRGSQSA-M,gibberellin A₄₄ (closed lactone form),2,KSBJAONOPKRVRR,4,Q105145340; Q27103565; Q27104839; Q76100275,KSBJAONOPKRVRR-LTTRRGSQSA-N; KSBJAONOPKRVRR-UHFFFAOYSA-N; KSBJAONOPKRVRR-YTJHIPEWSA-M; KSBJAONOPKRVRR-YTJHIPEWSA-N
KLLCDVSOGLKTDV-VJXVFPJBSA-M,6-C-glucosyl chrysin,2,KLLCDVSOGLKTDV,4,Q105142666; Q105142667; Q105142668; Q105142669,KLLCDVSOGLKTDV-IAAKTDFRSA-N; KLLCDVSOGLKTDV-UBFQGWSASA-N; KLLCDVSOGLKTDV-UHFFFAOYSA-N; KLLCDVSOGLKTDV-VJXVFPJBSA-N
WVWINZZVFAFVMJ-HZDSJJKASA-N,1-16:0-2-18:3-digalactosyldiacylglycerol,2,WVWINZZVFAFVMJ,4,Q105313833; Q105313834; Q105313835; Q110178928,WVWINZZVFAFVMJ-GDVDIDQFSA-N; WVWINZZVFAFVMJ-ITLSJTBUSA-N; WVWINZZVFAFVMJ-NUXDFMRESA-N; WVWINZZVFAFVMJ-UHFFFAOYSA-N
QWQSMEDUZQDVLA-YPEFZSFTSA-N,(-)-arteannuin B,2,QWQSMEDUZQDVLA,4,Q104253369; Q105229345; Q105229346; Q72443819,QWQSMEDUZQDVLA-KPHNHPKPSA-N; QWQSMEDUZQDVLA-UHFFFAOYSA-N; QWQSMEDUZQDVLA-USPGQWGOSA-N; QWQSMEDUZQDVLA-ZRAAZYCQSA-N
OOGAQHVYHLPICD-YFJRXZMFSA-M,6-(methylsulfinyl)hexyl-glucosinolate,2,OOGAQHVYHLPICD,4,Q105195357; Q105195358; Q105195360; Q59571080,OOGAQHVYHLPICD-DNDZILKHSA-N; OOGAQHVYHLPICD-OLFWOTHJSA-N; OOGAQHVYHLPICD-UHFFFAOYSA-N; OOGAQHVYHLPICD-ZHOAWAJGSA-N
DBFXNHHIIKEXPP-JOJUGDBLSA-L,gibberellin A₉₇,2,DBFXNHHIIKEXPP,4,Q104974360; Q104974363; Q110079996; Q76513287,DBFXNHHIIKEXPP-FHVNKMPESA-N; DBFXNHHIIKEXPP-JOJUGDBLSA-N; DBFXNHHIIKEXPP-MTZOQMARSA-N; DBFXNHHIIKEXPP-UHFFFAOYSA-N
XCHARIIIZLLEBL-HXZZEOLJSA-L,medicagenate-28-O-β-D-glucoside,2,XCHARIIIZLLEBL,4,Q104401828; Q105325057; Q105325061; Q82946392,XCHARIIIZLLEBL-DSIYLKOUSA-N; XCHARIIIZLLEBL-GHKSOYFMSA-N; XCHARIIIZLLEBL-HXZZEOLJSA-N; XCHARIIIZLLEBL-UHFFFAOYSA-N
UYDZYCPIQSRXKU-NPPUSCPJSA-M,hypoglycin B,2,UYDZYCPIQSRXKU,4,Q104251457; Q105281343; Q106026352; Q5959638,UYDZYCPIQSRXKU-CIUDSAMLSA-N; UYDZYCPIQSRXKU-NPPUSCPJSA-N; UYDZYCPIQSRXKU-UHFFFAOYSA-N; UYDZYCPIQSRXKU-VGMNWLOBSA-N
VOBBUADSYROGAT-KLDMJIFRSA-N,(+)-sativene,0,VOBBUADSYROGAT,4,Q105290075; Q125030924; Q27133440; Q76416905,VOBBUADSYROGAT-FQKPHLNHSA-N; VOBBUADSYROGAT-UHFFFAOYSA-N; VOBBUADSYROGAT-VYDRJRHOSA-N; VOBBUADSYROGAT-ZQNQSHIBSA-N
SEEGHKWOBVVBTQ-UKJRIFTCSA-M,gibberellin A₇,0,SEEGHKWOBVVBTQ,4,Q104197211; Q105251054; Q27104244; Q77386195,SEEGHKWOBVVBTQ-NFMPGMCNSA-N; SEEGHKWOBVVBTQ-UHFFFAOYSA-N; SEEGHKWOBVVBTQ-UKJRIFTCSA-N; SEEGHKWOBVVBTQ-WTVOOMFRSA-N
GADGMZDHLQLZRI-UHFFFAOYSA-L,N-(4-aminobenzoyl)-L-glutamate,0,GADGMZDHLQLZRI,4,Q27129652; Q27130821; Q72438130; Q82695776,GADGMZDHLQLZRI-SGWYWVALSA-N; GADGMZDHLQLZRI-UHFFFAOYSA-N; GADGMZDHLQLZRI-VIFPVBQESA-L; GADGMZDHLQLZRI-VIFPVBQESA-N
JSVPGVHCEQDJCZ-FWIQQJMXSA-N,24-epicathasterone,0,JSVPGVHCEQDJCZ,4,Q105134603; Q105134604; Q115785141; Q27109685,JSVPGVHCEQDJCZ-PHQFZZKCSA-N; JSVPGVHCEQDJCZ-UCGQCVSHSA-N; JSVPGVHCEQDJCZ-UHFFFAOYSA-N; JSVPGVHCEQDJCZ-VGEHDTSWSA-N
PQMCQNOVNFNPFJ-AOPYWJJESA-K,"2-[(2R,5Z)-2-carboxy-4-methylthiazol-5(2H)-ylidene]ethyl phosphate",0,PQMCQNOVNFNPFJ,4,Q106030213; Q27123499; Q27126327; Q27132262,PQMCQNOVNFNPFJ-HYIMLASBSA-K; PQMCQNOVNFNPFJ-HYIMLASBSA-N; PQMCQNOVNFNPFJ-UHFFFAOYSA-K; PQMCQNOVNFNPFJ-UHFFFAOYSA-N
OONXYOAWMIVMCI-KWRJMZDGSA-M,lesquerolate,0,OONXYOAWMIVMCI,4,Q105195516; Q110077983; Q120199007; Q6531411,OONXYOAWMIVMCI-FIIODCPWSA-N; OONXYOAWMIVMCI-KAMYIIQDSA-N; OONXYOAWMIVMCI-KWRJMZDGSA-N; OONXYOAWMIVMCI-UHFFFAOYSA-N
MOTCYZHGMCNNRH-AWKYBWMHSA-N,"eudesma-4,11-diene",0,MOTCYZHGMCNNRH,4,Q105169141; Q105169142; Q105169144; Q105169146,MOTCYZHGMCNNRH-HIFRSBDPSA-N; MOTCYZHGMCNNRH-UHFFFAOYSA-N; MOTCYZHGMCNNRH-UKRRQHHQSA-N; MOTCYZHGMCNNRH-ZFWWWQNUSA-N
ATZKAUGGNMSCCY-QLYDTTAWSA-K,presqualene pyrophosphate,18,ATZKAUGGNMSCCY,5,Q104918762; Q115966050; Q27088444; Q27124413; Q3911143,ATZKAUGGNMSCCY-UHFFFAOYSA-N; ATZKAUGGNMSCCY-VVFNRDJMSA-N; ATZKAUGGNMSCCY-VYCBRMPGSA-K; ATZKAUGGNMSCCY-VYCBRMPGSA-N; ATZKAUGGNMSCCY-WBZYOSEOSA-N
RSQSQJNRHICNNH-UKJRIFTCSA-M,gibberellin A₄,13,RSQSQJNRHICNNH,5,Q105244835; Q106040643; Q27097025; Q27140400; Q75063263,RSQSQJNRHICNNH-MHKXYFPYSA-N; RSQSQJNRHICNNH-NFMPGMCNSA-M; RSQSQJNRHICNNH-NFMPGMCNSA-N; RSQSQJNRHICNNH-UHFFFAOYSA-N; RSQSQJNRHICNNH-WTVOOMFRSA-N
MHVYWTXXZIFXDT-PKZSZHAESA-M,gibberellin A₉,12,MHVYWTXXZIFXDT,5,Q104171703; Q104171704; Q105164280; Q27110172; Q27140404,MHVYWTXXZIFXDT-MMZROTCTSA-N; MHVYWTXXZIFXDT-UHFFFAOYSA-N; MHVYWTXXZIFXDT-YGNOGLJPSA-M; MHVYWTXXZIFXDT-YGNOGLJPSA-N; MHVYWTXXZIFXDT-ZAHQOMBBSA-N
OFBHPPMPBOJXRT-VWJPMABRSA-J,adenylosuccinate,9,OFBHPPMPBOJXRT,5,Q105190794; Q105190797; Q27095207; Q27104823; Q2823236,OFBHPPMPBOJXRT-DPXQIYNJSA-J; OFBHPPMPBOJXRT-DPXQIYNJSA-N; OFBHPPMPBOJXRT-KJRIZCSQSA-N; OFBHPPMPBOJXRT-UHFFFAOYSA-N; OFBHPPMPBOJXRT-VWJPMABRSA-N
VZPAJODTZAAANV-UHFFFAOYSA-K,(+)-bornyl-pyrophosphate,8,VZPAJODTZAAANV,5,Q115948264; Q27089414; Q27124402; Q27133192; Q27133204,VZPAJODTZAAANV-QXFUBDJGSA-K; VZPAJODTZAAANV-QXFUBDJGSA-N; VZPAJODTZAAANV-UHFFFAOYSA-N; VZPAJODTZAAANV-WEDXCCLWSA-N; VZPAJODTZAAANV-ZCUBBSJVSA-K
YSNPSKZBOQYUHH-AFUNOPLTSA-K,dopaxanthin,8,YSNPSKZBOQYUHH,5,Q104388554; Q105360165; Q110079123; Q136709092; Q27106439,YSNPSKZBOQYUHH-AFUNOPLTSA-N; YSNPSKZBOQYUHH-JZCSJQFLSA-N; YSNPSKZBOQYUHH-UHFFFAOYSA-N; YSNPSKZBOQYUHH-WXYBZRRYSA-N; YSNPSKZBOQYUHH-ZJQVBNTPSA-N
PAFLSMZLRSPALU-QMMMGPOBSA-M,"(S)-3,4-dihydroxyphenyllactate",7,PAFLSMZLRSPALU,5,Q10395557; Q27102635; Q27125666; Q27139657; Q83067800,PAFLSMZLRSPALU-MRVPVSSYSA-M; PAFLSMZLRSPALU-MRVPVSSYSA-N; PAFLSMZLRSPALU-QMMMGPOBSA-N; PAFLSMZLRSPALU-UHFFFAOYSA-M; PAFLSMZLRSPALU-UHFFFAOYSA-N
IOSAAWHGJUZBOG-UHFFFAOYSA-N,EHNA,6,IOSAAWHGJUZBOG,5,Q27096928; Q27133060; Q81976327; Q83110304; Q83110305,IOSAAWHGJUZBOG-GHMZBOCLSA-N; IOSAAWHGJUZBOG-MNOVXSKESA-N; IOSAAWHGJUZBOG-MNOVXSKESA-O; IOSAAWHGJUZBOG-QWRGUYRKSA-N; IOSAAWHGJUZBOG-WDEREUQCSA-N
CSMYCLLHRFFFLG-WVGMDVCISA-M,4-hydroxyglucobrassicin,6,CSMYCLLHRFFFLG,5,Q104393587; Q104969440; Q104969441; Q27105513; Q76309502,CSMYCLLHRFFFLG-ABVFHMHLSA-N; CSMYCLLHRFFFLG-IRHMCKRBSA-N; CSMYCLLHRFFFLG-UHFFFAOYSA-N; CSMYCLLHRFFFLG-VPKYJCKOSA-N; CSMYCLLHRFFFLG-WVGMDVCISA-N
IIAGSABLXRZUSE-KYKLFQSUSA-M,4-methoxyglucobrassicin,5,IIAGSABLXRZUSE,5,Q104392850; Q105113342; Q105113348; Q27105519; Q76309496,IIAGSABLXRZUSE-KYKLFQSUSA-N; IIAGSABLXRZUSE-OXESJPRGSA-N; IIAGSABLXRZUSE-UFRBAHOGSA-N; IIAGSABLXRZUSE-UHFFFAOYSA-N; IIAGSABLXRZUSE-VAJUBTQESA-N
IGZIQAJJXGRAJF-OQAXFVLUSA-M,gibberellin A₃₄,5,IGZIQAJJXGRAJF,5,Q105112878; Q105112879; Q105112880; Q27110163; Q27140408,IGZIQAJJXGRAJF-TXZPEUJSSA-M; IGZIQAJJXGRAJF-TXZPEUJSSA-N; IGZIQAJJXGRAJF-UHFFFAOYSA-N; IGZIQAJJXGRAJF-XBSKZCIGSA-N; IGZIQAJJXGRAJF-XNXOFHCYSA-N
SBHOSQZNRDXQAX-WSESCXGKSA-L,betaxanthin,4,SBHOSQZNRDXQAX,5,Q105249440; Q105249442; Q105249443; Q110200291; Q27155257,SBHOSQZNRDXQAX-FDYGAIJASA-N; SBHOSQZNRDXQAX-IFRHSPJESA-N; SBHOSQZNRDXQAX-RSCAPTSMSA-N; SBHOSQZNRDXQAX-UHFFFAOYSA-N; SBHOSQZNRDXQAX-WSESCXGKSA-N
SRFCUPVBYYAMIL-PFCANICASA-N,quinidinone,4,SRFCUPVBYYAMIL,5,Q105259054; Q110185023; Q27149730; Q27271744; Q82003834,SRFCUPVBYYAMIL-BIENJYKASA-N; SRFCUPVBYYAMIL-CDJWAVJASA-N; SRFCUPVBYYAMIL-CKFHNAJUSA-N; SRFCUPVBYYAMIL-NJSLBKSFSA-N; SRFCUPVBYYAMIL-UHFFFAOYSA-N
IXORZMNAPKEEDV-SNTJWBGVSA-M,gibberellin A₃,4,IXORZMNAPKEEDV,5,Q105122349; Q105122350; Q106030710; Q27125899; Q411138,IXORZMNAPKEEDV-OBDJNFEBSA-M; IXORZMNAPKEEDV-OBDJNFEBSA-N; IXORZMNAPKEEDV-QTWFBFKQSA-N; IXORZMNAPKEEDV-SNTJWBGVSA-N; IXORZMNAPKEEDV-UHFFFAOYSA-N
SXYMMDGPXYVCER-WGNLCONDSA-N,cyanidin 3-O-sophoroside,4,SXYMMDGPXYVCER,5,Q104387082; Q105263408; Q105263410; Q110183741; Q23048908,SXYMMDGPXYVCER-BMMYDVPJSA-O; SXYMMDGPXYVCER-HYSOADAZSA-O; SXYMMDGPXYVCER-MEZDFCMFSA-O; SXYMMDGPXYVCER-UHFFFAOYSA-O; SXYMMDGPXYVCER-WGNLCONDSA-O
BQSAUYXITCMAKS-UHFFFAOYSA-O,pseudo-conhydrine,3,BQSAUYXITCMAKS,5,Q104944542; Q1241191; Q138318331; Q138318410; Q138318874,BQSAUYXITCMAKS-HGXVMFPFNA-N; BQSAUYXITCMAKS-HTQZYQBOSA-N; BQSAUYXITCMAKS-UHFFFAOYSA-N; BQSAUYXITCMAKS-YUMQZZPRSA-N; BQSAUYXITCMAKS-YZYOREDDNA-N
GTTVJFCVXYCPHB-UHFFFAOYSA-M,(R)-dihydrocamalexate,3,GTTVJFCVXYCPHB,5,Q27120794; Q27120795; Q27120796; Q27139278; Q27148268,GTTVJFCVXYCPHB-JTQLQIEISA-M; GTTVJFCVXYCPHB-JTQLQIEISA-N; GTTVJFCVXYCPHB-SNVBAGLBSA-M; GTTVJFCVXYCPHB-SNVBAGLBSA-N; GTTVJFCVXYCPHB-UHFFFAOYSA-N
VULLCGFNYWDRHL-CCHFYQIXSA-M,crocin-3,3,VULLCGFNYWDRHL,5,Q105297284; Q105297285; Q105297286; Q27132163; Q27132164,VULLCGFNYWDRHL-CCHFYQIXSA-N; VULLCGFNYWDRHL-DSUMSKBTSA-N; VULLCGFNYWDRHL-LZEXLXQKSA-N; VULLCGFNYWDRHL-YJOFKXFJSA-M; VULLCGFNYWDRHL-YJOFKXFJSA-N
SRISWFJLVRCABV-QQTHMAAHSA-N,17-O-acetylajmaline,3,SRISWFJLVRCABV,5,Q105259187; Q105259189; Q110079083; Q27117222; Q27125954,SRISWFJLVRCABV-HUXZXPIYSA-N; SRISWFJLVRCABV-HUXZXPIYSA-O; SRISWFJLVRCABV-JFIZVOJDSA-N; SRISWFJLVRCABV-SXUJVROUSA-N; SRISWFJLVRCABV-UHFFFAOYSA-N
RAFGELQLHMBRHD-IFNPSABLSA-M,bixin,3,RAFGELQLHMBRHD,5,Q105232573; Q105232576; Q105232579; Q27265004; Q424572,RAFGELQLHMBRHD-BLOCSRKMSA-N; RAFGELQLHMBRHD-IFNPSABLSA-N; RAFGELQLHMBRHD-SLEZCNMESA-N; RAFGELQLHMBRHD-UHFFFAOYSA-N; RAFGELQLHMBRHD-VFYVRILKSA-N
AVFORCKFTWHFAR-QOMXHDIWSA-M,9'-hydroxyabscisate,3,AVFORCKFTWHFAR,5,Q104919469; Q106040383; Q15019403; Q27125827; Q27158372,AVFORCKFTWHFAR-QOMXHDIWSA-N; AVFORCKFTWHFAR-UHFFFAOYSA-N; AVFORCKFTWHFAR-UMCKCUICSA-N; AVFORCKFTWHFAR-ZSIFGTMLSA-M; AVFORCKFTWHFAR-ZSIFGTMLSA-N
RHBGITBPARBDPH-ZPUQHVIOSA-M,"(E,E)-piperate",3,RHBGITBPARBDPH,5,Q104196582; Q1111585; Q27251196; Q27257136; Q27281705,RHBGITBPARBDPH-CCAGOZQPSA-N; RHBGITBPARBDPH-HSFFGMMNSA-N; RHBGITBPARBDPH-TZFCGSKZSA-N; RHBGITBPARBDPH-UHFFFAOYSA-N; RHBGITBPARBDPH-ZPUQHVIOSA-N
FRAUJUKWSKMNJY-RSEYPYQYSA-M,malonylgenistin,3,FRAUJUKWSKMNJY,5,Q104389696; Q104392649; Q105000051; Q105000058; Q27149379,FRAUJUKWSKMNJY-AEXWLAFLSA-N; FRAUJUKWSKMNJY-KCOYORQASA-N; FRAUJUKWSKMNJY-RSEYPYQYSA-N; FRAUJUKWSKMNJY-UHFFFAOYSA-N; FRAUJUKWSKMNJY-XDLWQIPNSA-N
DRLPXFRWJUZTMG-NRLWBMKUSA-N,(+)-secoisolariciresinol monoglucoside,3,DRLPXFRWJUZTMG,5,Q104987480; Q104987484; Q104987485; Q104987486; Q104987487,DRLPXFRWJUZTMG-DNABOVRESA-N; DRLPXFRWJUZTMG-HDGJIVNHSA-N; DRLPXFRWJUZTMG-OASYUQNDSA-N; DRLPXFRWJUZTMG-UGBBYDMISA-N; DRLPXFRWJUZTMG-UHFFFAOYSA-N
BERYBAUEDCRDKM-XRBNASABSA-N,21-epi-vomilenine,3,BERYBAUEDCRDKM,5,Q104933499; Q104933503; Q105100602; Q110643265; Q15427932,BERYBAUEDCRDKM-FDHUPVAHSA-N; BERYBAUEDCRDKM-NJHCIDPMSA-N; BERYBAUEDCRDKM-UHFFFAOYSA-N; BERYBAUEDCRDKM-VSOIUKTBSA-N; BERYBAUEDCRDKM-XLOJXEPKSA-N
IDGXIXSKISLYAC-WNTKNEGGSA-L,medicagenate,3,IDGXIXSKISLYAC,5,Q105111353; Q105111354; Q105111357; Q105111363; Q27268960,IDGXIXSKISLYAC-DVYFWEHRSA-N; IDGXIXSKISLYAC-SBFMDMFKSA-N; IDGXIXSKISLYAC-UHFFFAOYSA-N; IDGXIXSKISLYAC-WNTKNEGGSA-N; IDGXIXSKISLYAC-WUZOJYLCSA-N
JFDNMLUPLXZXGV-OAIXPKHMSA-M,cis-tuberonic acid glucoside,2,JFDNMLUPLXZXGV,5,Q104375880; Q105126638; Q113949340; Q115950613; Q76285973,JFDNMLUPLXZXGV-DKCJQCKPSA-N; JFDNMLUPLXZXGV-MROOQMINSA-N; JFDNMLUPLXZXGV-OAIXPKHMSA-N; JFDNMLUPLXZXGV-RKAGECJXSA-N; JFDNMLUPLXZXGV-UHFFFAOYSA-N
SUYJZKRQHBQNCA-LSDHHAIUSA-M,(+)-pinobanksin,2,SUYJZKRQHBQNCA,5,Q105261665; Q105261668; Q105261674; Q111725921; Q953294,SUYJZKRQHBQNCA-CABCVRRESA-N; SUYJZKRQHBQNCA-GJZGRUSLSA-N; SUYJZKRQHBQNCA-LSDHHAIUSA-N; SUYJZKRQHBQNCA-MLCCFXAWSA-N; SUYJZKRQHBQNCA-UHFFFAOYSA-N
DYDCUQKUCUHJBH-REOHCLBHSA-O,L-cycloserine,2,DYDCUQKUCUHJBH,5,Q27109800; Q27145415; Q27145641; Q418508; Q82696345,DYDCUQKUCUHJBH-REOHCLBHSA-N; DYDCUQKUCUHJBH-UHFFFAOYSA-N; DYDCUQKUCUHJBH-UWTATZPHSA-N; DYDCUQKUCUHJBH-UWTATZPHSA-O; DYDCUQKUCUHJBH-YJHZBZHESA-N
FDSNVAKZRJLMJN-VIEBRROSSA-N,3-hydroxy-9-apo-δ-caroten-9-one,2,FDSNVAKZRJLMJN,5,Q104993765; Q104993767; Q104993768; Q27135731; Q82561845,FDSNVAKZRJLMJN-AATRIKPKSA-N; FDSNVAKZRJLMJN-AIIUZBJTSA-N; FDSNVAKZRJLMJN-NEPJUHHUSA-N; FDSNVAKZRJLMJN-UHFFFAOYSA-N; FDSNVAKZRJLMJN-WTIVYXKASA-N
FSRZGYRCMPZNJF-WQGXVZNYSA-N,(-)-β-cubebene,2,FSRZGYRCMPZNJF,5,Q104166745; Q105000845; Q105000846; Q105000847; Q27108624,FSRZGYRCMPZNJF-AIEDFZFUSA-N; FSRZGYRCMPZNJF-KHMAMNHCSA-N; FSRZGYRCMPZNJF-MDKBLUTQSA-N; FSRZGYRCMPZNJF-QTVXIADOSA-N; FSRZGYRCMPZNJF-UHFFFAOYSA-N
JFDNMLUPLXZXGV-RKAGECJXSA-M,trans-tuberonic acid glucoside,2,JFDNMLUPLXZXGV,5,Q104375880; Q105126638; Q113949340; Q115950613; Q76285973,JFDNMLUPLXZXGV-DKCJQCKPSA-N; JFDNMLUPLXZXGV-MROOQMINSA-N; JFDNMLUPLXZXGV-OAIXPKHMSA-N; JFDNMLUPLXZXGV-RKAGECJXSA-N; JFDNMLUPLXZXGV-UHFFFAOYSA-N
NTDLXWMIWOECHG-WJIQGHJMSA-M,apigenin 7-O-[β-D-apiosyl-(1→2)-β-D-glucoside],2,NTDLXWMIWOECHG,5,Q104391774; Q105185391; Q105185392; Q105185393; Q2858300,NTDLXWMIWOECHG-BQEGIIPGSA-N; NTDLXWMIWOECHG-MFMSCHSJSA-N; NTDLXWMIWOECHG-UHFFFAOYSA-N; NTDLXWMIWOECHG-WJAPLXOZSA-N; NTDLXWMIWOECHG-YRCFQSNFSA-N
XOCBOVUINUHZJA-UHFFFAOYSA-O,calystegine A3,2,XOCBOVUINUHZJA,5,Q105337679; Q105337680; Q105337681; Q105337682; Q27106030,XOCBOVUINUHZJA-JRTVQGFMSA-N; XOCBOVUINUHZJA-MVIOUDGNSA-N; XOCBOVUINUHZJA-RKXXOXFUSA-N; XOCBOVUINUHZJA-UHFFFAOYSA-N; XOCBOVUINUHZJA-YTLHQDLWSA-N
AUVVAXYIELKVAI-CKBKHPSWSA-P,emetine,2,AUVVAXYIELKVAI,5,Q104919167; Q27163431; Q27167247; Q27215326; Q3050386,AUVVAXYIELKVAI-CKBKHPSWSA-N; AUVVAXYIELKVAI-TXQMCKRASA-N; AUVVAXYIELKVAI-UHFFFAOYSA-N; AUVVAXYIELKVAI-VXNUJMKFSA-N; AUVVAXYIELKVAI-ZQPXZEHVSA-N
DKMLMZVDTGOEGU-UAWLBFNISA-L,(3E)-phytochromobilin,2,DKMLMZVDTGOEGU,5,Q106041876; Q115948221; Q27098150; Q27109899; Q27124686,DKMLMZVDTGOEGU-AIKFXVFZSA-L; DKMLMZVDTGOEGU-AIKFXVFZSA-N; DKMLMZVDTGOEGU-MKLOKSPTSA-N; DKMLMZVDTGOEGU-UAWLBFNISA-N; DKMLMZVDTGOEGU-UHFFFAOYSA-N
OTKJDMGTUTTYMP-ROUUACIJSA-O,L-threo-sphinganine,0,OTKJDMGTUTTYMP,5,Q27088847; Q27120740; Q27124972; Q7398796; Q82124472,OTKJDMGTUTTYMP-HFZMNMKESA-N; OTKJDMGTUTTYMP-ROUUACIJSA-N; OTKJDMGTUTTYMP-UHFFFAOYSA-N; OTKJDMGTUTTYMP-ZWKOTPCHSA-N; OTKJDMGTUTTYMP-ZWKOTPCHSA-O
QAIPRVGONGVQAS-UHFFFAOYSA-M,caffeate,15,QAIPRVGONGVQAS,6,Q27102378; Q27124931; Q27125202; Q414116; Q56231106; Q82694219,QAIPRVGONGVQAS-DUXPYHPUSA-M; QAIPRVGONGVQAS-DUXPYHPUSA-N; QAIPRVGONGVQAS-RJKLISAOSA-N; QAIPRVGONGVQAS-RQOWECAXSA-M; QAIPRVGONGVQAS-RQOWECAXSA-N; QAIPRVGONGVQAS-UHFFFAOYSA-N
DHHFDKNIEVKVKS-FMOSSLLZSA-L,betanin,9,DHHFDKNIEVKVKS,6,Q110077263; Q110078115; Q125699711; Q27106961; Q420138; Q83063123,DHHFDKNIEVKVKS-FMOSSLLZSA-N; DHHFDKNIEVKVKS-MLZDZRTESA-N; DHHFDKNIEVKVKS-MQNCGOBASA-N; DHHFDKNIEVKVKS-RYGANQNKSA-N; DHHFDKNIEVKVKS-UHFFFAOYSA-N; DHHFDKNIEVKVKS-ZCSPIJTESA-N
YOQAQNKGFOLRGT-FNBSVUNXSA-N,soyasapogenol B,8,YOQAQNKGFOLRGT,6,Q105351452; Q105351453; Q105351455; Q105351456; Q110171384; Q27108312,YOQAQNKGFOLRGT-HLEQDENYSA-N; YOQAQNKGFOLRGT-JJPHUMPJSA-N; YOQAQNKGFOLRGT-MFPNETMCSA-N; YOQAQNKGFOLRGT-RGIWYROCSA-N; YOQAQNKGFOLRGT-UHFFFAOYSA-N; YOQAQNKGFOLRGT-UXXABWCISA-N
FNRXUEYLFZLOEZ-FXUDXRNXSA-O,littorine,6,FNRXUEYLFZLOEZ,6,Q104998467; Q104998470; Q104998471; Q27265670; Q6653346; Q76422765,FNRXUEYLFZLOEZ-FXUDXRNXSA-N; FNRXUEYLFZLOEZ-LGGPCSOHSA-N; FNRXUEYLFZLOEZ-QKPAOTATSA-N; FNRXUEYLFZLOEZ-SPUOUPEWSA-N; FNRXUEYLFZLOEZ-UHFFFAOYSA-N; FNRXUEYLFZLOEZ-VFSICIBPSA-N
OIUBYZLTFSLSBY-HMGRVEAOSA-M,quercetin 4'-O-β-D-glucoside,6,OIUBYZLTFSLSBY,6,Q105192756; Q105192757; Q105192758; Q105192764; Q105192765; Q7577713,OIUBYZLTFSLSBY-BEVIRXIZSA-N; OIUBYZLTFSLSBY-GIWSLNRASA-N; OIUBYZLTFSLSBY-HMFCTUEFSA-N; OIUBYZLTFSLSBY-HMGRVEAOSA-N; OIUBYZLTFSLSBY-QHRIIHNWSA-N; OIUBYZLTFSLSBY-UHFFFAOYSA-N
JLJLRLWOEMWYQK-SNTJWBGVSA-M,gibberellin A₁,6,JLJLRLWOEMWYQK,6,Q105130805; Q105130807; Q105130808; Q105130809; Q20972182; Q27104835,JLJLRLWOEMWYQK-OBDJNFEBSA-M; JLJLRLWOEMWYQK-OBDJNFEBSA-N; JLJLRLWOEMWYQK-QTWFBFKQSA-N; JLJLRLWOEMWYQK-UHFFFAOYSA-N; JLJLRLWOEMWYQK-WWSAFQOPSA-N; JLJLRLWOEMWYQK-YBIIQOTESA-N
GDXJMOGWONJRHL-GIELRJASSA-N,perakine,4,GDXJMOGWONJRHL,6,Q104253152; Q105007019; Q105106368; Q110077535; Q110184884; Q15425282,GDXJMOGWONJRHL-AFXVYWMKSA-N; GDXJMOGWONJRHL-FXRWJBKJSA-N; GDXJMOGWONJRHL-HWUILILVSA-N; GDXJMOGWONJRHL-LMNTWQMHSA-N; GDXJMOGWONJRHL-UHFFFAOYSA-N; GDXJMOGWONJRHL-VQHWPEDHSA-N
MRVYFOANPDTYBY-FTYOSCRSSA-F,"D-myo-inositol (1,2,3,6) tetrakisphosphate",4,MRVYFOANPDTYBY,6,Q105170962; Q115966167; Q27078077; Q27098360; Q27124765; Q27124821,MRVYFOANPDTYBY-UHFFFAOYSA-N; MRVYFOANPDTYBY-UZAAGFTCSA-F; MRVYFOANPDTYBY-UZAAGFTCSA-N; MRVYFOANPDTYBY-XCMZKKERSA-N; MRVYFOANPDTYBY-YORTWTKJSA-F; MRVYFOANPDTYBY-YORTWTKJSA-N
MRVYFOANPDTYBY-XCMZKKERSA-F,"D-myo-inositol (1,2,5,6) tetrakisphosphate",4,MRVYFOANPDTYBY,6,Q105170962; Q115966167; Q27078077; Q27098360; Q27124765; Q27124821,MRVYFOANPDTYBY-UHFFFAOYSA-N; MRVYFOANPDTYBY-UZAAGFTCSA-F; MRVYFOANPDTYBY-UZAAGFTCSA-N; MRVYFOANPDTYBY-XCMZKKERSA-N; MRVYFOANPDTYBY-YORTWTKJSA-F; MRVYFOANPDTYBY-YORTWTKJSA-N
IUCHKMAZAWJNBJ-RCYXVVTDSA-L,oleanolate 3 β-D-glucuronoside,4,IUCHKMAZAWJNBJ,6,Q105120469; Q105120470; Q105120472; Q105120478; Q105120479; Q27104421,IUCHKMAZAWJNBJ-BDQGQYSSSA-N; IUCHKMAZAWJNBJ-IVWFCMBLSA-N; IUCHKMAZAWJNBJ-PJLFLPMRSA-N; IUCHKMAZAWJNBJ-RCYXVVTDSA-N; IUCHKMAZAWJNBJ-UHFFFAOYSA-N; IUCHKMAZAWJNBJ-VSJXWKSJSA-N
RIVKDDXPCFBMOV-QRHQPKQBSA-N,"β-cembratriene-4,6-diol",4,RIVKDDXPCFBMOV,6,Q105237182; Q105237187; Q105237188; Q105237190; Q105237191; Q27105164,RIVKDDXPCFBMOV-DPXCOQDNSA-N; RIVKDDXPCFBMOV-KPKOZXNESA-N; RIVKDDXPCFBMOV-PCFHHCMKSA-N; RIVKDDXPCFBMOV-PTDQARIVSA-N; RIVKDDXPCFBMOV-PZSVDHCGSA-N; RIVKDDXPCFBMOV-UHFFFAOYSA-N
MHASSCPGKAMILD-JNPAWNQGSA-N,16-epivellosimine,4,MHASSCPGKAMILD,6,Q103785551; Q104252052; Q105163706; Q117835430; Q27101896; Q27102794,MHASSCPGKAMILD-GJKVQYCKSA-N; MHASSCPGKAMILD-MIOJWWSHSA-N; MHASSCPGKAMILD-MZQWUDBDSA-N; MHASSCPGKAMILD-PQKPIAESSA-N; MHASSCPGKAMILD-UHFFFAOYSA-N; MHASSCPGKAMILD-VICVVEARSA-N
MRVYFOANPDTYBY-JIGFOQOZSA-F,"D-myo-inositol (1,2,3,4) tetrakisphosphate",4,MRVYFOANPDTYBY,6,Q105170962; Q115966167; Q27078077; Q27098360; Q27124765; Q27124821,MRVYFOANPDTYBY-UHFFFAOYSA-N; MRVYFOANPDTYBY-UZAAGFTCSA-F; MRVYFOANPDTYBY-UZAAGFTCSA-N; MRVYFOANPDTYBY-XCMZKKERSA-N; MRVYFOANPDTYBY-YORTWTKJSA-F; MRVYFOANPDTYBY-YORTWTKJSA-N
QZMAEZWZCGBZFK-AOJWCAIYSA-M,"oleanolate 3-beta-D-glucuronoside-(3,1)-galactoside-28-glucoside",4,QZMAEZWZCGBZFK,6,Q105232160; Q105232161; Q105232162; Q105232164; Q105232165; Q27293972,QZMAEZWZCGBZFK-AOJWCAIYSA-N; QZMAEZWZCGBZFK-GGFCLXHWSA-N; QZMAEZWZCGBZFK-KRXYAAGQSA-N; QZMAEZWZCGBZFK-MQYWXEPLSA-N; QZMAEZWZCGBZFK-SPMOWSPJSA-N; QZMAEZWZCGBZFK-UHFFFAOYSA-N
PHYYADMVYQURSX-XEAHXTBRSA-M,glucoiberin,4,PHYYADMVYQURSX,6,Q104387678; Q105209329; Q105209330; Q105209331; Q105209332; Q27106758,PHYYADMVYQURSX-GEINXPCQSA-M; PHYYADMVYQURSX-KPKJPENVSA-N; PHYYADMVYQURSX-MIYDZJMMSA-N; PHYYADMVYQURSX-OLVZVOKISA-N; PHYYADMVYQURSX-UHFFFAOYSA-N; PHYYADMVYQURSX-WWFIZPDBSA-N
PUVHMWJJTITUGO-PTQMNWPWSA-J,"D-myo-inositol (2,4) bisphosphate",3,PUVHMWJJTITUGO,6,Q106030479; Q27070780; Q27096362; Q27145862; Q27145868; Q27156704,PUVHMWJJTITUGO-FICORBCRSA-J; PUVHMWJJTITUGO-FICORBCRSA-N; PUVHMWJJTITUGO-PTQMNWPWSA-N; PUVHMWJJTITUGO-WJPCITMWSA-N; PUVHMWJJTITUGO-ZSIQDKGESA-J; PUVHMWJJTITUGO-ZSIQDKGESA-N
JZFSMVXQUWRSIW-YHSIJDKQSA-N,11-deoxoglycyrrhetinate,3,JZFSMVXQUWRSIW,6,Q104399013; Q105137373; Q105137375; Q105137376; Q72462015; Q76415663,JZFSMVXQUWRSIW-BTJIZOSBSA-N; JZFSMVXQUWRSIW-FWXFQHTDSA-N; JZFSMVXQUWRSIW-IHSKASNOSA-N; JZFSMVXQUWRSIW-MCLQAGPZSA-N; JZFSMVXQUWRSIW-RZJUCFKDSA-N; JZFSMVXQUWRSIW-UHFFFAOYSA-N
LLFIMDUWAVPJEJ-KKOXEEMUSA-N,7-oxatyphasterol,3,LLFIMDUWAVPJEJ,6,Q105153485; Q105153486; Q105153487; Q105153488; Q27155242; Q27155244,LLFIMDUWAVPJEJ-AVWWTISCSA-N; LLFIMDUWAVPJEJ-DFPHAVSISA-N; LLFIMDUWAVPJEJ-DFZGJWFWSA-N; LLFIMDUWAVPJEJ-IPLAFFEMSA-N; LLFIMDUWAVPJEJ-UHFFFAOYSA-N; LLFIMDUWAVPJEJ-YXOBGFCKSA-N
LLFIMDUWAVPJEJ-ZIXOBUGNSA-N,7-oxateasterone,3,LLFIMDUWAVPJEJ,6,Q105153485; Q105153486; Q105153487; Q105153488; Q27155242; Q27155244,LLFIMDUWAVPJEJ-AVWWTISCSA-N; LLFIMDUWAVPJEJ-DFPHAVSISA-N; LLFIMDUWAVPJEJ-DFZGJWFWSA-N; LLFIMDUWAVPJEJ-IPLAFFEMSA-N; LLFIMDUWAVPJEJ-UHFFFAOYSA-N; LLFIMDUWAVPJEJ-YXOBGFCKSA-N
PLKUTZNSKRWCCA-LTSKFBHWSA-M,delphinidin 3-O-rutinoside,3,PLKUTZNSKRWCCA,6,Q105210994; Q105210998; Q105211000; Q110082597; Q123340323; Q7852090,PLKUTZNSKRWCCA-IWFRRVTPSA-O; PLKUTZNSKRWCCA-LTSKFBHWSA-N; PLKUTZNSKRWCCA-LTSKFBHWSA-O; PLKUTZNSKRWCCA-NQWUONRPSA-O; PLKUTZNSKRWCCA-NZSQLZJISA-O; PLKUTZNSKRWCCA-UHFFFAOYSA-O
XIVFQYWMMJWUCD-GCLQBGPMSA-M,dihydroxyphaseic acid,3,XIVFQYWMMJWUCD,6,Q105328760; Q105328761; Q105328762; Q115946414; Q27109812; Q27109823,XIVFQYWMMJWUCD-FJBUYRLMSA-N; XIVFQYWMMJWUCD-JKQLRLFLSA-N; XIVFQYWMMJWUCD-JXKUHTPLSA-N; XIVFQYWMMJWUCD-LZXRACGUSA-N; XIVFQYWMMJWUCD-UHFFFAOYSA-N; XIVFQYWMMJWUCD-VSTJRZLJSA-N
CCDRPBGPIXPGRW-DLQTVUGOSA-M,hederagenin-3-O-β-D-glucoside,2,CCDRPBGPIXPGRW,6,Q104402787; Q104953165; Q104953169; Q104953170; Q104953173; Q82941528,CCDRPBGPIXPGRW-DLQTVUGOSA-N; CCDRPBGPIXPGRW-NKQJEODRSA-N; CCDRPBGPIXPGRW-QOBSNSOZSA-N; CCDRPBGPIXPGRW-RNYXGUFRSA-N; CCDRPBGPIXPGRW-UHFFFAOYSA-N; CCDRPBGPIXPGRW-ZHMISSTASA-N
FDABVSXGAMFQQH-LOYHVIPDSA-P,guattegaumerine,2,FDABVSXGAMFQQH,6,Q104993470; Q27102072; Q27106808; Q27107286; Q27125041; Q27269570,FDABVSXGAMFQQH-IHLOFXLRSA-N; FDABVSXGAMFQQH-LOYHVIPDSA-N; FDABVSXGAMFQQH-UHFFFAOYSA-N; FDABVSXGAMFQQH-XZWHSSHBSA-N; FDABVSXGAMFQQH-XZWHSSHBSA-P; FDABVSXGAMFQQH-ZSXSBBPPSA-N
FMCGSUUBYTWNDP-ONGXEEELSA-O,"(1R,2S)-N-methylephedrine",2,FMCGSUUBYTWNDP,6,Q104375679; Q104997691; Q2331543; Q27162269; Q27291941; Q6951379,FMCGSUUBYTWNDP-GXSJLCMTSA-N; FMCGSUUBYTWNDP-KOLCDFICSA-N; FMCGSUUBYTWNDP-MWLCHTKSSA-N; FMCGSUUBYTWNDP-ONGXEEELSA-N; FMCGSUUBYTWNDP-UHFFFAOYSA-N; FMCGSUUBYTWNDP-UMJHXOGRSA-N
FMCGSUUBYTWNDP-GXSJLCMTSA-O,"(+)-(1S,2S)-N-methylpseudoephedrine",2,FMCGSUUBYTWNDP,6,Q104375679; Q104997691; Q2331543; Q27162269; Q27291941; Q6951379,FMCGSUUBYTWNDP-GXSJLCMTSA-N; FMCGSUUBYTWNDP-KOLCDFICSA-N; FMCGSUUBYTWNDP-MWLCHTKSSA-N; FMCGSUUBYTWNDP-ONGXEEELSA-N; FMCGSUUBYTWNDP-UHFFFAOYSA-N; FMCGSUUBYTWNDP-UMJHXOGRSA-N
FCSRUSQUAVXUKK-ILWWEHDPSA-N,α-eudesmol,2,FCSRUSQUAVXUKK,6,Q103818890; Q104993322; Q104993323; Q104993335; Q27108609; Q67879648,FCSRUSQUAVXUKK-GUTXKFCHSA-N; FCSRUSQUAVXUKK-IPYPFGDCSA-N; FCSRUSQUAVXUKK-KCQAQPDRSA-N; FCSRUSQUAVXUKK-UHFFFAOYSA-N; FCSRUSQUAVXUKK-UMVBOHGHSA-N; FCSRUSQUAVXUKK-VNHYZAJKSA-N
IOUVKUPGCMBWBT-QNDFHXLGSA-M,phlorizin,2,IOUVKUPGCMBWBT,6,Q105116902; Q105116908; Q105116909; Q115948683; Q413105; Q83006160,IOUVKUPGCMBWBT-DARKYYSBSA-N; IOUVKUPGCMBWBT-QNDFHXLGSA-N; IOUVKUPGCMBWBT-RQUKQETFSA-N; IOUVKUPGCMBWBT-RQXATKFSSA-N; IOUVKUPGCMBWBT-UHFFFAOYSA-N; IOUVKUPGCMBWBT-XHAJLCMUSA-N
DRDCJEIZVLVWNC-ABVWGUQPSA-L,UDP-α-D-fucopyranose,2,DRDCJEIZVLVWNC,6,Q27102406; Q27125408; Q27130542; Q27132352; Q27157268; Q27158022,DRDCJEIZVLVWNC-BHELSUTKSA-L; DRDCJEIZVLVWNC-BHELSUTKSA-N; DRDCJEIZVLVWNC-MJIHKOFYSA-L; DRDCJEIZVLVWNC-MJIHKOFYSA-N; DRDCJEIZVLVWNC-SLBWPEPYSA-L; DRDCJEIZVLVWNC-SLBWPEPYSA-N
DRDCJEIZVLVWNC-JZMIEXBBSA-L,UDP-α-D-quinovose,2,DRDCJEIZVLVWNC,6,Q27102406; Q27125408; Q27130542; Q27132352; Q27157268; Q27158022,DRDCJEIZVLVWNC-BHELSUTKSA-L; DRDCJEIZVLVWNC-BHELSUTKSA-N; DRDCJEIZVLVWNC-MJIHKOFYSA-L; DRDCJEIZVLVWNC-MJIHKOFYSA-N; DRDCJEIZVLVWNC-SLBWPEPYSA-L; DRDCJEIZVLVWNC-SLBWPEPYSA-N
TYNQWWGVEGFKRU-AJDPQWBVSA-O,α-chaconine,2,TYNQWWGVEGFKRU,6,Q104246874; Q104391985; Q105267449; Q105267452; Q115948674; Q2947331,TYNQWWGVEGFKRU-AJDPQWBVSA-N; TYNQWWGVEGFKRU-BAMJSYLTSA-N; TYNQWWGVEGFKRU-BXSJOLSCSA-N; TYNQWWGVEGFKRU-LTOSHPHISA-N; TYNQWWGVEGFKRU-MSHZQAJZSA-N; TYNQWWGVEGFKRU-UHFFFAOYSA-N
BZQFBWGGLXLEPQ-UHFFFAOYSA-K,L(or D)-O-phosphoserine,0,BZQFBWGGLXLEPQ,6,Q104950626; Q2701649; Q27104424; Q27124754; Q27125955; Q27135591,BZQFBWGGLXLEPQ-REOHCLBHSA-L; BZQFBWGGLXLEPQ-REOHCLBHSA-N; BZQFBWGGLXLEPQ-UHFFFAOYSA-L; BZQFBWGGLXLEPQ-UHFFFAOYSA-N; BZQFBWGGLXLEPQ-UWTATZPHSA-L; BZQFBWGGLXLEPQ-UWTATZPHSA-N
HMCYXRFNNOPPPR-NKSXPTFNSA-N,cis-trans-iridodial,0,HMCYXRFNNOPPPR,6,Q104376064; Q105030457; Q105030459; Q21099584; Q27105198; Q27106947,HMCYXRFNNOPPPR-AXTSPUMRSA-N; HMCYXRFNNOPPPR-HFXXUHSDSA-N; HMCYXRFNNOPPPR-JLIMGVALSA-N; HMCYXRFNNOPPPR-KYXWUPHJSA-N; HMCYXRFNNOPPPR-SGIHWFKDSA-N; HMCYXRFNNOPPPR-UHFFFAOYSA-N
DNKQGUYVWUAYIE-YNMKFKMASA-N,4'-hydroxyadonixanthin,0,DNKQGUYVWUAYIE,6,Q104403482; Q104985602; Q104985603; Q105104135; Q110184648; Q110200160,DNKQGUYVWUAYIE-BNNCDEBLSA-N; DNKQGUYVWUAYIE-IVGNBOOGSA-N; DNKQGUYVWUAYIE-JONJQQATSA-N; DNKQGUYVWUAYIE-KRJZFOBGSA-N; DNKQGUYVWUAYIE-SNXZXGPZSA-N; DNKQGUYVWUAYIE-UHFFFAOYSA-N
LKZDFKLGDGSGEO-UJECXLDQSA-M,kaempferol 3-O-β-D-glucosyl-(1->2)-β-D-glucoside,13,LKZDFKLGDGSGEO,7,Q105153357; Q105153358; Q105153360; Q105153362; Q27114674; Q27149572; Q83034130,LKZDFKLGDGSGEO-FFFMXZAGSA-N; LKZDFKLGDGSGEO-IROKYFGSSA-N; LKZDFKLGDGSGEO-JDZKGRQMSA-N; LKZDFKLGDGSGEO-MUKUJDNJSA-N; LKZDFKLGDGSGEO-PABQPRPFSA-N; LKZDFKLGDGSGEO-UHFFFAOYSA-N; LKZDFKLGDGSGEO-UJECXLDQSA-N
ZPPQIOUITZSYAO-AOBOYTTNSA-M,cyanidin 3-O-β-D-sambubioside,10,ZPPQIOUITZSYAO,7,Q104388774; Q105381106; Q105381108; Q105381114; Q23465648; Q27139674; Q27139733,ZPPQIOUITZSYAO-AOBOYTTNSA-N; ZPPQIOUITZSYAO-AOBOYTTNSA-O; ZPPQIOUITZSYAO-HVHHODJLSA-O; ZPPQIOUITZSYAO-MNOAYJSQSA-M; ZPPQIOUITZSYAO-MNOAYJSQSA-O; ZPPQIOUITZSYAO-UHFFFAOYSA-O; ZPPQIOUITZSYAO-VFRNZNEBSA-O
KACPVQQHDVBVFC-PMRVSPHWSA-M,2-amino-3-carboxymuconate-6-semialdehyde,7,KACPVQQHDVBVFC,7,Q27104046; Q27109180; Q27147210; Q27147400; Q27452453; Q2823201; Q28529683,KACPVQQHDVBVFC-OIFXTYEKSA-L; KACPVQQHDVBVFC-OIFXTYEKSA-M; KACPVQQHDVBVFC-OIFXTYEKSA-N; KACPVQQHDVBVFC-PMRVSPHWSA-N; KACPVQQHDVBVFC-UHFFFAOYSA-L; KACPVQQHDVBVFC-UHFFFAOYSA-M; KACPVQQHDVBVFC-UHFFFAOYSA-N
XYNPYHXGMWJBLV-RFGPBLIYSA-O,soladulcidine,6,XYNPYHXGMWJBLV,7,Q104399505; Q105344574; Q105344578; Q105344579; Q105344582; Q27108452; Q27166997,XYNPYHXGMWJBLV-BPRHSYNSSA-N; XYNPYHXGMWJBLV-CVXDYHKGSA-N; XYNPYHXGMWJBLV-MFRNJXNGSA-N; XYNPYHXGMWJBLV-NYAPYGRYSA-N; XYNPYHXGMWJBLV-PUHUBZITSA-N; XYNPYHXGMWJBLV-UHFFFAOYSA-N; XYNPYHXGMWJBLV-VXPJTDKGSA-N
BZXZFDKIRZBJEP-JMTMCXQRSA-M,"(9S,13S,15Z)-12-oxo-10,11-dihydrophyto-15-enoate",4,BZXZFDKIRZBJEP,7,Q103817189; Q104950756; Q27098206; Q27121576; Q50318254; Q75069021; Q82096603,BZXZFDKIRZBJEP-CLTKARDFSA-N; BZXZFDKIRZBJEP-GTOOTHNYSA-M; BZXZFDKIRZBJEP-GTOOTHNYSA-N; BZXZFDKIRZBJEP-HOTGVXAUSA-N; BZXZFDKIRZBJEP-JMTMCXQRSA-N; BZXZFDKIRZBJEP-TTXFDSJOSA-N; BZXZFDKIRZBJEP-UHFFFAOYSA-N
IZGYIFFQBZWOLJ-HOJYMBPFSA-M,phaseic acid,4,IZGYIFFQBZWOLJ,7,Q104169281; Q105123206; Q105123209; Q110189671; Q27131576; Q7180977; Q77625247,IZGYIFFQBZWOLJ-CKAACLRMSA-N; IZGYIFFQBZWOLJ-IWAPOTGVSA-N; IZGYIFFQBZWOLJ-UHFFFAOYSA-N; IZGYIFFQBZWOLJ-UUZREKTLSA-M; IZGYIFFQBZWOLJ-UUZREKTLSA-N; IZGYIFFQBZWOLJ-WANURDJWSA-N; IZGYIFFQBZWOLJ-XMZIYANTSA-N
DLNKOYKMWOXYQA-CBAPKCEASA-O,"(1R,2S)-norephedrine",4,DLNKOYKMWOXYQA,7,Q26840801; Q413147; Q423797; Q59627745; Q6456100; Q82579477; Q97786582,DLNKOYKMWOXYQA-APPZFPTMSA-N; DLNKOYKMWOXYQA-CBAPKCEASA-N; DLNKOYKMWOXYQA-DSOHZPJJSA-N; DLNKOYKMWOXYQA-IONNQARKSA-N; DLNKOYKMWOXYQA-UHFFFAOYSA-N; DLNKOYKMWOXYQA-VXNVDRBHSA-N
DLNKOYKMWOXYQA-IONNQARKSA-O,"(1S,2S)-norpseudoephedrine",4,DLNKOYKMWOXYQA,7,Q26840801; Q413147; Q423797; Q59627745; Q6456100; Q82579477; Q97786582,DLNKOYKMWOXYQA-APPZFPTMSA-N; DLNKOYKMWOXYQA-CBAPKCEASA-N; DLNKOYKMWOXYQA-DSOHZPJJSA-N; DLNKOYKMWOXYQA-IONNQARKSA-N; DLNKOYKMWOXYQA-UHFFFAOYSA-N; DLNKOYKMWOXYQA-VXNVDRBHSA-N
PNHLMHWWFOPQLK-ZQXLIXSRSA-L,GDP-4-dehydro-6-deoxy-β-L-galactose,4,PNHLMHWWFOPQLK,7,Q105211937; Q110077472; Q27102151; Q27103281; Q27103758; Q27105113; Q27125085,PNHLMHWWFOPQLK-BKUUWRAGSA-L; PNHLMHWWFOPQLK-BKUUWRAGSA-N; PNHLMHWWFOPQLK-OSLYQTMWSA-N; PNHLMHWWFOPQLK-RNBWPXLMSA-N; PNHLMHWWFOPQLK-UHFFFAOYSA-N; PNHLMHWWFOPQLK-WAMCPPDZSA-N; PNHLMHWWFOPQLK-ZQXLIXSRSA-N
KDYAPQVYJXUQNY-NCUIXIJTSA-N,1-18:3-2-18:3-digalactosyldiacylglycerol,3,KDYAPQVYJXUQNY,7,Q104667674; Q105139692; Q105139694; Q105139705; Q106039822; Q120301057; Q42403316,KDYAPQVYJXUQNY-HKWPCNBJSA-N; KDYAPQVYJXUQNY-HXXRYREZSA-N; KDYAPQVYJXUQNY-JDNYTJDTSA-N; KDYAPQVYJXUQNY-JTADZIJASA-N; KDYAPQVYJXUQNY-OPHDRXFHSA-N; KDYAPQVYJXUQNY-UHFFFAOYSA-N; KDYAPQVYJXUQNY-UWJBUMLZSA-N
ZPPQIOUITZSYAO-MNOAYJSQSA-N,cyanidin 3-O-[β-D-xylosyl-(1→2)]-β-D-galactoside,3,ZPPQIOUITZSYAO,7,Q104388774; Q105381106; Q105381108; Q105381114; Q23465648; Q27139674; Q27139733,ZPPQIOUITZSYAO-AOBOYTTNSA-N; ZPPQIOUITZSYAO-AOBOYTTNSA-O; ZPPQIOUITZSYAO-HVHHODJLSA-O; ZPPQIOUITZSYAO-MNOAYJSQSA-M; ZPPQIOUITZSYAO-MNOAYJSQSA-O; ZPPQIOUITZSYAO-UHFFFAOYSA-O; ZPPQIOUITZSYAO-VFRNZNEBSA-O
XECPAIJNBXCOBO-LYEVXEPXSA-M,"D-galactaro-1,4-lactone",3,XECPAIJNBXCOBO,7,Q106042218; Q126615951; Q27158477; Q27158492; Q27158626; Q27158734; Q82598738,XECPAIJNBXCOBO-DMTYDLFISA-N; XECPAIJNBXCOBO-IXAJELJRSA-N; XECPAIJNBXCOBO-LKELSTGYSA-M; XECPAIJNBXCOBO-LKELSTGYSA-N; XECPAIJNBXCOBO-MMPJQOAZSA-M; XECPAIJNBXCOBO-MMPJQOAZSA-N; XECPAIJNBXCOBO-UHFFFAOYSA-N
IDGKMGZVTKHZDA-XTTMRYAPSA-O,γ-solanine,3,IDGKMGZVTKHZDA,7,Q105111340; Q105111342; Q105111344; Q105111345; Q106039643; Q27279097; Q27283043,IDGKMGZVTKHZDA-BDSBEFEBSA-N; IDGKMGZVTKHZDA-GJOCCXJYSA-N; IDGKMGZVTKHZDA-OSCYGWHCSA-N; IDGKMGZVTKHZDA-OSCYGWHCSA-O; IDGKMGZVTKHZDA-QDFBTNNKSA-N; IDGKMGZVTKHZDA-UHFFFAOYSA-N; IDGKMGZVTKHZDA-XTTMRYAPSA-N
HKSDVVJONLXYKL-OHPMOLHNSA-M,"(9Z,12Z)-15,16-epoxyoctadeca-9,12-dienoate",3,HKSDVVJONLXYKL,7,Q105029936; Q105029937; Q120204985; Q27160338; Q27286075; Q82007291; Q82641153,HKSDVVJONLXYKL-DLBZAZTESA-N; HKSDVVJONLXYKL-HGPZTKBUSA-N; HKSDVVJONLXYKL-OHPMOLHNSA-N; HKSDVVJONLXYKL-RKMSSTJHSA-N; HKSDVVJONLXYKL-UHFFFAOYSA-N; HKSDVVJONLXYKL-XFWWAVLESA-N; HKSDVVJONLXYKL-YNOGVTSOSA-N
IAKKJSVSFCTLRY-BAKTXGBYSA-M,4-deoxy-L-threo-hex-4-enopyranuronate,2,IAKKJSVSFCTLRY,7,Q27093324; Q27093685; Q27094499; Q27120438; Q27131944; Q27131948; Q27463043,IAKKJSVSFCTLRY-CJPQEGFPSA-N; IAKKJSVSFCTLRY-DJSBZWDSSA-M; IAKKJSVSFCTLRY-DJSBZWDSSA-N; IAKKJSVSFCTLRY-KNCIQQCDSA-N; IAKKJSVSFCTLRY-NVFHJIOMSA-N; IAKKJSVSFCTLRY-OJIOTJFOSA-N; IAKKJSVSFCTLRY-YKKSOZKNSA-N
BGPMMCPSTAYIEL-JWUFSHJESA-M,isovitexin 2''-O-rhamnoside,2,BGPMMCPSTAYIEL,7,Q104935670; Q104935672; Q104935673; Q104935674; Q104935675; Q104935676; Q106039963,BGPMMCPSTAYIEL-BUTBOELVSA-N; BGPMMCPSTAYIEL-JWUFSHJESA-N; BGPMMCPSTAYIEL-LJMMZVTNSA-N; BGPMMCPSTAYIEL-UHFFFAOYSA-N; BGPMMCPSTAYIEL-UTKQBPCESA-N; BGPMMCPSTAYIEL-WDYJAFJFSA-N; BGPMMCPSTAYIEL-YLZZQHIMSA-N
UPVPJQNTGLTBPC-VFMSDNQISA-O,13-[(E)-2-methylcrotonoyl]oxylupanine,2,UPVPJQNTGLTBPC,7,Q105277018; Q105277020; Q105277021; Q105513428; Q115785481; Q27103027; Q27125804,UPVPJQNTGLTBPC-ACLKCVKMSA-N; UPVPJQNTGLTBPC-CDTWXTRXSA-N; UPVPJQNTGLTBPC-HSFUOYFLSA-N; UPVPJQNTGLTBPC-PKYWNOKZSA-N; UPVPJQNTGLTBPC-SJCLNHAISA-N; UPVPJQNTGLTBPC-SJCLNHAISA-O; UPVPJQNTGLTBPC-UHFFFAOYSA-N
RIGGEAZDTKMXSI-MEBVTJQTSA-M,9(S)-HOTrE,2,RIGGEAZDTKMXSI,7,Q104667677; Q105236835; Q111729050; Q27140028; Q27147548; Q27149496; Q27161577,RIGGEAZDTKMXSI-CUHSZNQNSA-M; RIGGEAZDTKMXSI-CUHSZNQNSA-N; RIGGEAZDTKMXSI-JPAZTHTMSA-N; RIGGEAZDTKMXSI-MEBVTJQTSA-N; RIGGEAZDTKMXSI-PSJRCKTQSA-N; RIGGEAZDTKMXSI-RWUWUJKWSA-N; RIGGEAZDTKMXSI-UHFFFAOYSA-N
LKZDFKLGDGSGEO-PABQPRPFSA-M,kaempferol 3-O-β-D-glucosylgalactoside,2,LKZDFKLGDGSGEO,7,Q105153357; Q105153358; Q105153360; Q105153362; Q27114674; Q27149572; Q83034130,LKZDFKLGDGSGEO-FFFMXZAGSA-N; LKZDFKLGDGSGEO-IROKYFGSSA-N; LKZDFKLGDGSGEO-JDZKGRQMSA-N; LKZDFKLGDGSGEO-MUKUJDNJSA-N; LKZDFKLGDGSGEO-PABQPRPFSA-N; LKZDFKLGDGSGEO-UHFFFAOYSA-N; LKZDFKLGDGSGEO-UJECXLDQSA-N
PKKMITFKYRCCOL-JMZFCNQTSA-M,neoglucobrassicin,2,PKKMITFKYRCCOL,7,Q104388170; Q105210469; Q105210471; Q105210472; Q27103170; Q27133549; Q76309363,PKKMITFKYRCCOL-AUMBYBEBSA-N; PKKMITFKYRCCOL-CMZRPVNOSA-M; PKKMITFKYRCCOL-CMZRPVNOSA-N; PKKMITFKYRCCOL-JMZFCNQTSA-N; PKKMITFKYRCCOL-QJWDOSIMSA-N; PKKMITFKYRCCOL-RTLJINITSA-N; PKKMITFKYRCCOL-UHFFFAOYSA-N
ZGVSETXHNHBTRK-UDJLNJFBSA-O,α-solanine,2,ZGVSETXHNHBTRK,7,Q104246873; Q104391983; Q105375468; Q105375470; Q110066042; Q373791; Q63396490,ZGVSETXHNHBTRK-KUNLNAFDSA-N; ZGVSETXHNHBTRK-NPQOSWHTSA-N; ZGVSETXHNHBTRK-OTYSSXIJSA-N; ZGVSETXHNHBTRK-SMQJHKSSSA-N; ZGVSETXHNHBTRK-UDJLNJFBSA-N; ZGVSETXHNHBTRK-UHFFFAOYSA-N; ZGVSETXHNHBTRK-WWELWOLRSA-N
XENHPQQLDPAYIJ-PEVLUNPASA-M,delphinidin-3-O-β-D-glucoside,22,XENHPQQLDPAYIJ,8,Q103796710; Q104389036; Q105326451; Q105326464; Q110185032; Q27114317; Q27257119; Q74412056,XENHPQQLDPAYIJ-NLJKCSIRSA-O; XENHPQQLDPAYIJ-PEVLUNPASA-N; XENHPQQLDPAYIJ-PEVLUNPASA-O; XENHPQQLDPAYIJ-UHFFFAOYSA-O; XENHPQQLDPAYIJ-UNVSAEOCSA-N; XENHPQQLDPAYIJ-UNVSAEOCSA-O; XENHPQQLDPAYIJ-VZLDODMLSA-O; XENHPQQLDPAYIJ-YXRUOGEQSA-O
BBFYUPYFXSSMNV-HMGRVEAOSA-M,quercetin 7-O-glucoside,11,BBFYUPYFXSSMNV,8,Q104249897; Q104922696; Q104922697; Q104922729; Q104922730; Q104922731; Q104922732; Q23069184,BBFYUPYFXSSMNV-HIXQXHRCSA-N; BBFYUPYFXSSMNV-HMFCTUEFSA-N; BBFYUPYFXSSMNV-HMGRVEAOSA-N; BBFYUPYFXSSMNV-LQPIGNGESA-N; BBFYUPYFXSSMNV-UHFFFAOYSA-N; BBFYUPYFXSSMNV-WNZLTNKYSA-N; BBFYUPYFXSSMNV-YGXKTJSJSA-N; BBFYUPYFXSSMNV-ZJCIDPRCSA-N
BIRSGZKFKXLSJQ-MBMOQRBOSA-K,D-mannonate 6-phosphate,8,BIRSGZKFKXLSJQ,8,Q104936729; Q110077602; Q245501; Q27092836; Q27102117; Q27126028; Q37863595; Q58421333,BIRSGZKFKXLSJQ-KLVWXMOXSA-M; BIRSGZKFKXLSJQ-QTBDOELSSA-N; BIRSGZKFKXLSJQ-SKNVOMKLSA-N; BIRSGZKFKXLSJQ-SQOUGZDYSA-K; BIRSGZKFKXLSJQ-SQOUGZDYSA-M; BIRSGZKFKXLSJQ-SQOUGZDYSA-N; BIRSGZKFKXLSJQ-UHFFFAOYSA-M; BIRSGZKFKXLSJQ-UHFFFAOYSA-N
LXBIFEVIBLOUGU-DPYQTVNSSA-O,"1,5-dideoxy-1,5-imino-D-galactitol",6,LXBIFEVIBLOUGU,8,Q105158746; Q110176095; Q15274561; Q161613; Q27094814; Q82237716; Q82253772; Q82276761,LXBIFEVIBLOUGU-BGPJRJDNSA-N; LXBIFEVIBLOUGU-DPYQTVNSSA-N; LXBIFEVIBLOUGU-JGWLITMVSA-N; LXBIFEVIBLOUGU-KAZBKCHUSA-N; LXBIFEVIBLOUGU-KVTDHHQDSA-N; LXBIFEVIBLOUGU-MOJAZDJTSA-N; LXBIFEVIBLOUGU-SLPGGIOYSA-N; LXBIFEVIBLOUGU-UHFFFAOYSA-N
YAPXSYXFLHDPCK-TWZJLWADSA-N,β-cembratriene-ol,6,YAPXSYXFLHDPCK,8,Q105345501; Q105345502; Q105345505; Q105345506; Q105345507; Q105345508; Q63396087; Q67880110,YAPXSYXFLHDPCK-AFTTWMLASA-N; YAPXSYXFLHDPCK-DOXGGRTDSA-N; YAPXSYXFLHDPCK-MAUDFNNOSA-N; YAPXSYXFLHDPCK-MXUGJEEPSA-N; YAPXSYXFLHDPCK-NANKYBSHSA-N; YAPXSYXFLHDPCK-NOEHIDRGSA-N; YAPXSYXFLHDPCK-UHFFFAOYSA-N; YAPXSYXFLHDPCK-ZNHPEVNCSA-N
YPWHZCPMOQGCDQ-HMGRVEAOSA-M,kaempferol 7-O-glucoside,6,YPWHZCPMOQGCDQ,8,Q105351901; Q105351964; Q105351968; Q105351972; Q105351973; Q105351975; Q27145545; Q3266683,YPWHZCPMOQGCDQ-CXWQUDHASA-N; YPWHZCPMOQGCDQ-HMFCTUEFSA-N; YPWHZCPMOQGCDQ-HMGRVEAOSA-N; YPWHZCPMOQGCDQ-KEHDGJOVSA-N; YPWHZCPMOQGCDQ-LQPIGNGESA-N; YPWHZCPMOQGCDQ-UHFFFAOYSA-N; YPWHZCPMOQGCDQ-WNZLTNKYSA-N; YPWHZCPMOQGCDQ-YGXKTJSJSA-N
PDKFHZWVCCZUIF-WPJLFRKISA-L,miraxanthin V,6,PDKFHZWVCCZUIF,8,Q104398594; Q105206560; Q105206561; Q105206563; Q105206564; Q105206565; Q110185385; Q27107372,PDKFHZWVCCZUIF-DJDUWTSMSA-N; PDKFHZWVCCZUIF-IBJXTJIWSA-N; PDKFHZWVCCZUIF-PDRIXVMVSA-N; PDKFHZWVCCZUIF-SOZBWQNXSA-N; PDKFHZWVCCZUIF-UAIVFSGISA-N; PDKFHZWVCCZUIF-UHFFFAOYSA-N; PDKFHZWVCCZUIF-WPJLFRKISA-N; PDKFHZWVCCZUIF-YJHWCPSBSA-N
VSUOKLTVXQRUSG-ZFORQUDYSA-M,luteolin 7-O-β-D-glucuronide,6,VSUOKLTVXQRUSG,8,Q104389857; Q105292532; Q105292536; Q113534160; Q15426217; Q74411471; Q76280934; Q82930701,VSUOKLTVXQRUSG-DAZJWRSOSA-M; VSUOKLTVXQRUSG-DAZJWRSOSA-N; VSUOKLTVXQRUSG-GQUPQBGVSA-N; VSUOKLTVXQRUSG-KWLWEVDOSA-N; VSUOKLTVXQRUSG-UHFFFAOYSA-N; VSUOKLTVXQRUSG-UNJWAJPSSA-N; VSUOKLTVXQRUSG-ZFORQUDYSA-L; VSUOKLTVXQRUSG-ZFORQUDYSA-N
GXLQUHPXGLZNGE-VWSLVOSVSA-M,"quercetin-3,7-O-dirhamnoside",6,GXLQUHPXGLZNGE,8,Q105023171; Q105023172; Q105023174; Q105108164; Q114780294; Q23418551; Q63408589; Q74410636,GXLQUHPXGLZNGE-BJBZVNFPSA-M; GXLQUHPXGLZNGE-BJBZVNFPSA-N; GXLQUHPXGLZNGE-BRHFUIPOSA-N; GXLQUHPXGLZNGE-HMEOODFSSA-N; GXLQUHPXGLZNGE-PWWYPFEYSA-N; GXLQUHPXGLZNGE-UHFFFAOYSA-N; GXLQUHPXGLZNGE-VWSLVOSVSA-N; GXLQUHPXGLZNGE-XRFUJASSSA-N
JVKYZPBMZPJNAJ-OQFNDJACSA-O,solanidine,5,JVKYZPBMZPJNAJ,8,Q105135792; Q105135795; Q105135797; Q105135801; Q105135802; Q105135805; Q105135806; Q3489153,JVKYZPBMZPJNAJ-HOFADDDFSA-N; JVKYZPBMZPJNAJ-KNQXQXNLSA-N; JVKYZPBMZPJNAJ-NHEUOOHBSA-N; JVKYZPBMZPJNAJ-OQFNDJACSA-N; JVKYZPBMZPJNAJ-UHFFFAOYSA-N; JVKYZPBMZPJNAJ-WBHRXQROSA-N; JVKYZPBMZPJNAJ-WLAGBFNHSA-N; JVKYZPBMZPJNAJ-XPMUQOCRSA-N
RQTTXGQDIROLTQ-FASGCTRLSA-M,isovitexin 2''-O-β-D-glucoside,3,RQTTXGQDIROLTQ,8,Q105243591; Q105243592; Q105243593; Q105243594; Q113949342; Q27102344; Q27125199; Q27145302,RQTTXGQDIROLTQ-FASGCTRLSA-N; RQTTXGQDIROLTQ-FLJXCGGLSA-M; RQTTXGQDIROLTQ-FLJXCGGLSA-N; RQTTXGQDIROLTQ-FRMBBQOESA-N; RQTTXGQDIROLTQ-OGFGJKDNSA-N; RQTTXGQDIROLTQ-QVBDLLALSA-N; RQTTXGQDIROLTQ-UHFFFAOYSA-N; RQTTXGQDIROLTQ-WYGSNOTESA-N
JVYKIBAJVKEZSQ-XHLRWWMNSA-O,13-hydroxylupanine,3,JVYKIBAJVKEZSQ,8,Q105136025; Q105136026; Q105136027; Q105136029; Q105136033; Q27103005; Q27125796; Q27256103,JVYKIBAJVKEZSQ-HTVCTNPSSA-N; JVYKIBAJVKEZSQ-KSTCHIGDSA-N; JVYKIBAJVKEZSQ-QNSTZXKLSA-N; JVYKIBAJVKEZSQ-RGDJUOJXSA-N; JVYKIBAJVKEZSQ-RKQHYHRCSA-N; JVYKIBAJVKEZSQ-RKQHYHRCSA-O; JVYKIBAJVKEZSQ-UHFFFAOYSA-N; JVYKIBAJVKEZSQ-YHQUGGNUSA-N
AFCDXKGLUDDXCK-LMTLLXHESA-M,patulitrin,3,AFCDXKGLUDDXCK,8,Q104910962; Q104910965; Q104910967; Q104910969; Q104910971; Q115950641; Q76303587; Q83043628,AFCDXKGLUDDXCK-LMTLLXHESA-N; AFCDXKGLUDDXCK-NPSMOHFVSA-N; AFCDXKGLUDDXCK-OGPMXKHPSA-N; AFCDXKGLUDDXCK-PMDCPZMASA-N; AFCDXKGLUDDXCK-QLSHPEDTSA-N; AFCDXKGLUDDXCK-UHFFFAOYSA-N; AFCDXKGLUDDXCK-VTDWMQIVSA-N; AFCDXKGLUDDXCK-XPPBISAYSA-N
INYJZRKTYXTZHP-MFFLNWJUSA-L,trans-coutarate,3,INYJZRKTYXTZHP,8,Q104392955; Q104392961; Q105116492; Q110185131; Q27145743; Q27145745; Q27146968; Q5178849,INYJZRKTYXTZHP-APUFIWCYSA-N; INYJZRKTYXTZHP-KQLCGWBMSA-N; INYJZRKTYXTZHP-LUSJXZINSA-N; INYJZRKTYXTZHP-MFFLNWJUSA-N; INYJZRKTYXTZHP-NNPIPJJVSA-N; INYJZRKTYXTZHP-UHFFFAOYSA-N; INYJZRKTYXTZHP-UTCJRWHESA-N; INYJZRKTYXTZHP-ZZXKWVIFSA-N
WQMLFJWIKARBFW-KEYYLQDISA-N,digiproside,3,WQMLFJWIKARBFW,8,Q105310857; Q105310859; Q105310861; Q105310863; Q105310864; Q27139243; Q76084501; Q82931764,WQMLFJWIKARBFW-BEVFCYNPSA-N; WQMLFJWIKARBFW-BKKMTDGVSA-N; WQMLFJWIKARBFW-DWWCTUHQSA-N; WQMLFJWIKARBFW-HVQIBNSPSA-N; WQMLFJWIKARBFW-IRVRIFDVSA-N; WQMLFJWIKARBFW-MWYHFBKTSA-N; WQMLFJWIKARBFW-QYLLKCSRSA-N; WQMLFJWIKARBFW-UHFFFAOYSA-N
JDVVGAQPNNXQDW-TVNFTVLESA-O,castanospermine,2,JDVVGAQPNNXQDW,8,Q104667288; Q105125797; Q125029295; Q753104; Q82003738; Q83013417; Q83018478; Q83018480,JDVVGAQPNNXQDW-HEIBUPTGSA-N; JDVVGAQPNNXQDW-LQOSVEJXSA-N; JDVVGAQPNNXQDW-OMVCODFRSA-N; JDVVGAQPNNXQDW-SLBCVNJHSA-N; JDVVGAQPNNXQDW-TVNFTVLESA-N; JDVVGAQPNNXQDW-UHFFFAOYSA-N; JDVVGAQPNNXQDW-WCMLQCRESA-N; JDVVGAQPNNXQDW-WXUMCUSRSA-N
NFZYDZXHKFHPGA-QQHDHSITSA-M,ginsenoside Ro,2,NFZYDZXHKFHPGA,8,Q105178788; Q105178789; Q105178790; Q105178791; Q105178793; Q105178794; Q105178797; Q27136466,NFZYDZXHKFHPGA-BPQKMSRTSA-N; NFZYDZXHKFHPGA-BRDNLJJOSA-N; NFZYDZXHKFHPGA-DBLVSCBXSA-N; NFZYDZXHKFHPGA-NOONSIIFSA-N; NFZYDZXHKFHPGA-QQHDHSITSA-N; NFZYDZXHKFHPGA-UHFFFAOYSA-N; NFZYDZXHKFHPGA-VUDGQFMRSA-N; NFZYDZXHKFHPGA-WVSAFMKXSA-N
PLAPMLGJVGLZOV-VPRICQMDSA-M,orientin,2,PLAPMLGJVGLZOV,8,Q104194955; Q105210785; Q105210786; Q105210787; Q105210789; Q106041163; Q125033978; Q421676,PLAPMLGJVGLZOV-AEAOUCQESA-N; PLAPMLGJVGLZOV-FKRBRYKNSA-N; PLAPMLGJVGLZOV-QIBCFILWSA-N; PLAPMLGJVGLZOV-RKNSFIPESA-N; PLAPMLGJVGLZOV-SZCFVHRKSA-N; PLAPMLGJVGLZOV-TZYVJGCXSA-N; PLAPMLGJVGLZOV-UHFFFAOYSA-N; PLAPMLGJVGLZOV-VPRICQMDSA-N
UPVZPMJSRSWJHQ-XUPBQHKHSA-N,β-ylangene,0,UPVZPMJSRSWJHQ,8,Q103785950; Q104375610; Q105277028; Q105277030; Q110080107; Q27133439; Q27277937; Q82006068,UPVZPMJSRSWJHQ-AVBXVCIKSA-N; UPVZPMJSRSWJHQ-BTFPBAQTSA-N; UPVZPMJSRSWJHQ-GZBLMMOJSA-N; UPVZPMJSRSWJHQ-HTXSYXIBSA-N; UPVZPMJSRSWJHQ-KYRRZXGASA-N; UPVZPMJSRSWJHQ-UHFFFAOYSA-N; UPVZPMJSRSWJHQ-XIQJJJERSA-N; UPVZPMJSRSWJHQ-ZSAUSMIDSA-N
JYVXNLLUYHCIIH-LURJTMIESA-N,mevalonolactone,0,JYVXNLLUYHCIIH,8,Q27136326; Q27166894; Q72492439; Q82329157; Q82329159; Q82680482; Q82693543; Q82694470,JYVXNLLUYHCIIH-AZXPZELESA-N; JYVXNLLUYHCIIH-BMCFWTDKSA-N; JYVXNLLUYHCIIH-FIBGUPNXSA-N; JYVXNLLUYHCIIH-HOSYLAQJSA-N; JYVXNLLUYHCIIH-MQIHXRCWSA-N; JYVXNLLUYHCIIH-RRVWJQJTSA-N; JYVXNLLUYHCIIH-UHFFFAOYSA-N; JYVXNLLUYHCIIH-ZCFIWIBFSA-N
VCWMRQDBPZKXKG-XIDCDEPRSA-N,galactinol,20,VCWMRQDBPZKXKG,9,Q104253275; Q105284000; Q105284001; Q105284002; Q106039890; Q106039891; Q110184286; Q115784696; Q27102430,VCWMRQDBPZKXKG-ADKCXELFSA-N; VCWMRQDBPZKXKG-DXNLKLAMSA-N; VCWMRQDBPZKXKG-LTSXGCBZSA-N; VCWMRQDBPZKXKG-PVZKJGCUSA-N; VCWMRQDBPZKXKG-QEQCSJCDSA-N; VCWMRQDBPZKXKG-RBCVOZQGSA-N; VCWMRQDBPZKXKG-SPBUTQSFSA-N; VCWMRQDBPZKXKG-UHFFFAOYSA-N; VCWMRQDBPZKXKG-ZNVDUFQESA-N
IBZYPBGPOGJMBF-PHZNYZCBSA-M,a jasmonoyl-L-isoleucine,6,IBZYPBGPOGJMBF,9,Q104168607; Q106029351; Q115946458; Q27155650; Q27456735; Q74411775; Q74417261; Q77505327; Q77569402,IBZYPBGPOGJMBF-CFAJVAMVSA-N; IBZYPBGPOGJMBF-ICNXKNSPSA-N; IBZYPBGPOGJMBF-LVJZJYDISA-M; IBZYPBGPOGJMBF-LVJZJYDISA-N; IBZYPBGPOGJMBF-QPERPISQSA-M; IBZYPBGPOGJMBF-QPERPISQSA-N; IBZYPBGPOGJMBF-QRHMYKSGSA-N; IBZYPBGPOGJMBF-UHFFFAOYSA-N; IBZYPBGPOGJMBF-WTKQXPPDSA-N
VACHUYIREGFMSP-DLBZAZTESA-M,"(9R,10S)-dihydroxystearate",3,VACHUYIREGFMSP,9,Q27103863; Q27105108; Q27121568; Q27126065; Q27158358; Q27158671; Q27269659; Q27289346; Q74411325,VACHUYIREGFMSP-DLBZAZTESA-N; VACHUYIREGFMSP-IAGOWNOFSA-M; VACHUYIREGFMSP-IAGOWNOFSA-N; VACHUYIREGFMSP-IRXDYDNUSA-M; VACHUYIREGFMSP-IRXDYDNUSA-N; VACHUYIREGFMSP-SJORKVTESA-M; VACHUYIREGFMSP-SJORKVTESA-N; VACHUYIREGFMSP-UHFFFAOYSA-M; VACHUYIREGFMSP-UHFFFAOYSA-N
GAIBLDCXCZKKJE-QRYCCKSOSA-N,(-)-germacrene D,2,GAIBLDCXCZKKJE,9,Q104166947; Q105005384; Q105005385; Q105005386; Q105005387; Q27121450; Q27121451; Q27121452; Q36502089,GAIBLDCXCZKKJE-ACWLMNNXSA-N; GAIBLDCXCZKKJE-BZXLUOIMSA-N; GAIBLDCXCZKKJE-KBPXJVTHSA-N; GAIBLDCXCZKKJE-NISXABPJSA-N; GAIBLDCXCZKKJE-OYXBEGFWSA-N; GAIBLDCXCZKKJE-RGZOGPIRSA-N; GAIBLDCXCZKKJE-RXJOXMPGSA-N; GAIBLDCXCZKKJE-UHFFFAOYSA-N; GAIBLDCXCZKKJE-YZJXYJLZSA-N
IBZYPBGPOGJMBF-QRHMYKSGSA-M,(-)-jasmonoyl-L-isoleucine,0,IBZYPBGPOGJMBF,9,Q104168607; Q106029351; Q115946458; Q27155650; Q27456735; Q74411775; Q74417261; Q77505327; Q77569402,IBZYPBGPOGJMBF-CFAJVAMVSA-N; IBZYPBGPOGJMBF-ICNXKNSPSA-N; IBZYPBGPOGJMBF-LVJZJYDISA-M; IBZYPBGPOGJMBF-LVJZJYDISA-N; IBZYPBGPOGJMBF-QPERPISQSA-M; IBZYPBGPOGJMBF-QPERPISQSA-N; IBZYPBGPOGJMBF-QRHMYKSGSA-N; IBZYPBGPOGJMBF-UHFFFAOYSA-N; IBZYPBGPOGJMBF-WTKQXPPDSA-N
CXQWRCVTCMQVQX-MLCCFXAWSA-N,taxifolin,0,CXQWRCVTCMQVQX,9,Q104972046; Q104972048; Q27104486; Q27114878; Q27125703; Q27127033; Q27145521; Q412191; Q72466181,CXQWRCVTCMQVQX-CABCVRRESA-N; CXQWRCVTCMQVQX-GJZGRUSLSA-M; CXQWRCVTCMQVQX-GJZGRUSLSA-N; CXQWRCVTCMQVQX-HUUCEWRRSA-N; CXQWRCVTCMQVQX-LSDHHAIUSA-M; CXQWRCVTCMQVQX-LSDHHAIUSA-N; CXQWRCVTCMQVQX-UHFFFAOYSA-N; CXQWRCVTCMQVQX-YSSOQSIOSA-N
KMPWYEUPVWOPIM-YNRGSOABSA-O,cinchonidine,3,KMPWYEUPVWOPIM,10,Q104170423; Q104252725; Q104252738; Q105143136; Q27164023; Q27167023; Q27197001; Q2972710; Q412713; Q56867856,KMPWYEUPVWOPIM-FGVBSWQGSA-N; KMPWYEUPVWOPIM-IHWOHKJGSA-N; KMPWYEUPVWOPIM-JIGUGWAPSA-N; KMPWYEUPVWOPIM-KODHJQJWSA-N; KMPWYEUPVWOPIM-LSOMNZGLSA-N; KMPWYEUPVWOPIM-QAMTZSDWSA-N; KMPWYEUPVWOPIM-ROKHWCPASA-N; KMPWYEUPVWOPIM-RUAQEJLXSA-N; KMPWYEUPVWOPIM-UHFFFAOYSA-N; KMPWYEUPVWOPIM-YXUGBTPSSA-N
JXLYSJRDGCGARV-XQKSVPLYSA-P,vinblastine,3,JXLYSJRDGCGARV,10,Q105136628; Q105136630; Q105136631; Q105136639; Q117835436; Q124634255; Q27107203; Q27216072; Q27257068; Q282629,JXLYSJRDGCGARV-AKVKZCALSA-N; JXLYSJRDGCGARV-CFWMRBGOSA-N; JXLYSJRDGCGARV-DVOOFMKJSA-N; JXLYSJRDGCGARV-FTZBXFTGSA-N; JXLYSJRDGCGARV-KSNABSRWSA-N; JXLYSJRDGCGARV-LDEZEULOSA-N; JXLYSJRDGCGARV-UHFFFAOYSA-N; JXLYSJRDGCGARV-UHHJTAMBSA-N; JXLYSJRDGCGARV-WWYNWVTFSA-N; JXLYSJRDGCGARV-XQKSVPLYSA-N
DTGKSKDOIYIVQL-HKJUDDBKSA-N,(-)-borneol,3,DTGKSKDOIYIVQL,10,Q104249589; Q104988555; Q115487991; Q115785257; Q138005940; Q15644616; Q27089413; Q27103499; Q27270411; Q412435,DTGKSKDOIYIVQL-AFAAIUEZNA-N; DTGKSKDOIYIVQL-HHCGNCNQSA-N; DTGKSKDOIYIVQL-IUNFSSIHNA-N; DTGKSKDOIYIVQL-KHQFGBGNSA-N; DTGKSKDOIYIVQL-MRTMQBJTSA-N; DTGKSKDOIYIVQL-NRPADANISA-N; DTGKSKDOIYIVQL-OYNCUSHFSA-N; DTGKSKDOIYIVQL-QXFUBDJGSA-N; DTGKSKDOIYIVQL-UHFFFAOYSA-N; DTGKSKDOIYIVQL-WEDXCCLWSA-N
DTGKSKDOIYIVQL-SHTILUHOSA-N,(+)-borneol,3,DTGKSKDOIYIVQL,10,Q104249589; Q104988555; Q115487991; Q115785257; Q138005940; Q15644616; Q27089413; Q27103499; Q27270411; Q412435,DTGKSKDOIYIVQL-AFAAIUEZNA-N; DTGKSKDOIYIVQL-HHCGNCNQSA-N; DTGKSKDOIYIVQL-IUNFSSIHNA-N; DTGKSKDOIYIVQL-KHQFGBGNSA-N; DTGKSKDOIYIVQL-MRTMQBJTSA-N; DTGKSKDOIYIVQL-NRPADANISA-N; DTGKSKDOIYIVQL-OYNCUSHFSA-N; DTGKSKDOIYIVQL-QXFUBDJGSA-N; DTGKSKDOIYIVQL-UHFFFAOYSA-N; DTGKSKDOIYIVQL-WEDXCCLWSA-N
KMPWYEUPVWOPIM-NCDOWJIMSA-O,cinchonine,2,KMPWYEUPVWOPIM,10,Q104170423; Q104252725; Q104252738; Q105143136; Q27164023; Q27167023; Q27197001; Q2972710; Q412713; Q56867856,KMPWYEUPVWOPIM-FGVBSWQGSA-N; KMPWYEUPVWOPIM-IHWOHKJGSA-N; KMPWYEUPVWOPIM-JIGUGWAPSA-N; KMPWYEUPVWOPIM-KODHJQJWSA-N; KMPWYEUPVWOPIM-LSOMNZGLSA-N; KMPWYEUPVWOPIM-QAMTZSDWSA-N; KMPWYEUPVWOPIM-ROKHWCPASA-N; KMPWYEUPVWOPIM-RUAQEJLXSA-N; KMPWYEUPVWOPIM-UHFFFAOYSA-N; KMPWYEUPVWOPIM-YXUGBTPSSA-N
LOUPRKONTZGTKE-JUMJFMMLSA-O,quinidine,2,LOUPRKONTZGTKE,10,Q105154941; Q105154942; Q126596370; Q189522; Q27166273; Q27166581; Q27166974; Q27225684; Q27288208; Q412496,LOUPRKONTZGTKE-AFHBHXEDSA-N; LOUPRKONTZGTKE-BEFZOFJQSA-N; LOUPRKONTZGTKE-FEBSWUBLSA-N; LOUPRKONTZGTKE-FOEVPDMQSA-N; LOUPRKONTZGTKE-LHHVKLHASA-N; LOUPRKONTZGTKE-NBGVHYBESA-N; LOUPRKONTZGTKE-UHFFFAOYSA-N; LOUPRKONTZGTKE-VOMFEXJBSA-N; LOUPRKONTZGTKE-WZBLMQSHSA-N; LOUPRKONTZGTKE-WZBLMQSHSA-O
XUEHVOLRMXNRKQ-RUOPDXTDSA-N,α-cubebene,0,XUEHVOLRMXNRKQ,10,Q104201360; Q104249527; Q104253232; Q104375609; Q105342169; Q105342171; Q105342172; Q105342228; Q105342229; Q27108605,XUEHVOLRMXNRKQ-AHDPXTMNSA-N; XUEHVOLRMXNRKQ-AIEDFZFUSA-N; XUEHVOLRMXNRKQ-CAEXGNQWSA-N; XUEHVOLRMXNRKQ-HGSUQPQSSA-N; XUEHVOLRMXNRKQ-HKGGGCDWSA-N; XUEHVOLRMXNRKQ-KHMAMNHCSA-N; XUEHVOLRMXNRKQ-PFNKYVCDSA-N; XUEHVOLRMXNRKQ-QTVXIADOSA-N; XUEHVOLRMXNRKQ-UHFFFAOYSA-N; XUEHVOLRMXNRKQ-YKYMWBLQSA-N
KTVPXOYAKDPRHY-TXICZTDVSA-L,β-D-ribose 5-phosphate,0,KTVPXOYAKDPRHY,10,Q106045351; Q110077459; Q27096407; Q27102887; Q27120395; Q27120606; Q27123582; Q27147774; Q27158824; Q27159049,KTVPXOYAKDPRHY-AIHAYLRMSA-L; KTVPXOYAKDPRHY-AIHAYLRMSA-N; KTVPXOYAKDPRHY-MBMOQRBOSA-N; KTVPXOYAKDPRHY-SOOFDHNKSA-L; KTVPXOYAKDPRHY-SOOFDHNKSA-N; KTVPXOYAKDPRHY-SQOUGZDYSA-N; KTVPXOYAKDPRHY-TXICZTDVSA-N; KTVPXOYAKDPRHY-UHFFFAOYSA-N; KTVPXOYAKDPRHY-ZRMNMSDTSA-L; KTVPXOYAKDPRHY-ZRMNMSDTSA-N
DNDNWOWHUWNBCK-PIAXYHQTSA-M,glucobrassicin,9,DNDNWOWHUWNBCK,11,Q104253435; Q104985483; Q104985484; Q104985491; Q104985498; Q104985499; Q104985500; Q27109856; Q27133548; Q50318276; Q906037,DNDNWOWHUWNBCK-GINJYJEVSA-N; DNDNWOWHUWNBCK-HVQZGBDUSA-N; DNDNWOWHUWNBCK-JZYAIQKZSA-M; DNDNWOWHUWNBCK-JZYAIQKZSA-N; DNDNWOWHUWNBCK-LDADJPATSA-N; DNDNWOWHUWNBCK-NHYPOPJJSA-N; DNDNWOWHUWNBCK-NLDOEYRLSA-N; DNDNWOWHUWNBCK-NMIPTCLMSA-N; DNDNWOWHUWNBCK-ODLPFSSFSA-N; DNDNWOWHUWNBCK-PIAXYHQTSA-N; DNDNWOWHUWNBCK-UHFFFAOYSA-N
MXYATHGRPJZBNA-AEOXZHQRSA-M,isopimarate,4,MXYATHGRPJZBNA,11,Q104172160; Q105174684; Q105174685; Q105174689; Q105174690; Q105174693; Q114780339; Q27126346; Q27132710; Q27132762; Q4198762,MXYATHGRPJZBNA-APQLOABGSA-N; MXYATHGRPJZBNA-BDUQCRIQSA-M; MXYATHGRPJZBNA-BDUQCRIQSA-N; MXYATHGRPJZBNA-FLFBIERCSA-N; MXYATHGRPJZBNA-KRFUXDQASA-M; MXYATHGRPJZBNA-KRFUXDQASA-N; MXYATHGRPJZBNA-LWASTNQWSA-N; MXYATHGRPJZBNA-SSYYCLFMSA-N; MXYATHGRPJZBNA-UHFFFAOYSA-N; MXYATHGRPJZBNA-YLUWNPNHSA-N; MXYATHGRPJZBNA-ZRSLWSEBSA-N
LEOHDQKUMQKLMP-YHOUDPESSA-N,"(13E)-labdene-8alpha,15-diol",4,LEOHDQKUMQKLMP,11,Q105150676; Q105150677; Q105150679; Q105150681; Q105150683; Q105150684; Q105150686; Q105150687; Q105150690; Q105150691; Q72487092,LEOHDQKUMQKLMP-BVVYIIRBSA-N; LEOHDQKUMQKLMP-CLRGWMIFSA-N; LEOHDQKUMQKLMP-FECRCKMQSA-N; LEOHDQKUMQKLMP-GNHYZLFISA-N; LEOHDQKUMQKLMP-HHQLMWAKSA-N; LEOHDQKUMQKLMP-KMLQCBPISA-N; LEOHDQKUMQKLMP-MVLOFODDSA-N; LEOHDQKUMQKLMP-NLQLNVOXSA-N; LEOHDQKUMQKLMP-NUKBDRAPSA-N; LEOHDQKUMQKLMP-UHFFFAOYSA-N
YOSRLTNUOCHBEA-SGVKAIFKSA-M,oleanolate 3-β-D-glucuronoside-28-glucoside,3,YOSRLTNUOCHBEA,11,Q105351488; Q105351489; Q105351490; Q105351491; Q105351492; Q105351493; Q105351494; Q105351496; Q105351497; Q110188249; Q27136462,YOSRLTNUOCHBEA-BOQSOTDFSA-N; YOSRLTNUOCHBEA-DCXVOSASSA-N; YOSRLTNUOCHBEA-JRWAQRTLSA-N; YOSRLTNUOCHBEA-LPCVWDGASA-N; YOSRLTNUOCHBEA-LSYFXOIVSA-N; YOSRLTNUOCHBEA-SGVKAIFKSA-N; YOSRLTNUOCHBEA-UHFFFAOYSA-N; YOSRLTNUOCHBEA-VLBQTLDTSA-N; YOSRLTNUOCHBEA-WUPWAJKESA-N; YOSRLTNUOCHBEA-WXQWBSRRSA-N; YOSRLTNUOCHBEA-XWSCDXGUSA-N
YQMWQSMYVPLYDI-UHFFFAOYSA-O,17-oxosparteine,3,YQMWQSMYVPLYDI,12,Q104252887; Q104253496; Q104375877; Q104395669; Q104396146; Q104888842; Q105352319; Q105352322; Q105352329; Q105352336; Q27105812; Q27155462,YQMWQSMYVPLYDI-CLRIEMFWSA-N; YQMWQSMYVPLYDI-DGAVXFQQSA-N; YQMWQSMYVPLYDI-FQUUOJAGSA-N; YQMWQSMYVPLYDI-PQAZSJQKSA-N; YQMWQSMYVPLYDI-REWJHTLYSA-N; YQMWQSMYVPLYDI-RFQIPJPRSA-N; YQMWQSMYVPLYDI-RQJABVFESA-N; YQMWQSMYVPLYDI-SYQHCUMBSA-N; YQMWQSMYVPLYDI-UHFFFAOYSA-N; YQMWQSMYVPLYDI-XJFOESAGSA-N; YQMWQSMYVPLYDI-ZHZAVPAVSA-N; YQMWQSMYVPLYDI-ZOBORPQBSA-N
MPDGHEJMBKOTSU-VOPRYAMFSA-M,glycyrrhetinate,3,MPDGHEJMBKOTSU,12,Q104391362; Q105169399; Q105169400; Q105169403; Q110184372; Q27101847; Q27102463; Q27124897; Q27190643; Q5948038; Q72480776; Q81976926,MPDGHEJMBKOTSU-FAMZVUQSSA-N; MPDGHEJMBKOTSU-GBWCSKBLSA-M; MPDGHEJMBKOTSU-GBWCSKBLSA-N; MPDGHEJMBKOTSU-IDZWEYSVSA-N; MPDGHEJMBKOTSU-IYTIXWHISA-N; MPDGHEJMBKOTSU-JNYFVOPZSA-N; MPDGHEJMBKOTSU-PMTKVOBESA-N; MPDGHEJMBKOTSU-UHFFFAOYSA-N; MPDGHEJMBKOTSU-WFJWTYAKSA-N; MPDGHEJMBKOTSU-XXLWQPJBSA-N; MPDGHEJMBKOTSU-YKLVYJNSSA-M; MPDGHEJMBKOTSU-YKLVYJNSSA-N
CTPQAXVNYGZUAJ-PTQMNWPWSA-D,"D-myo-inositol (1,2,3,4,5)-pentakisphosphate",3,CTPQAXVNYGZUAJ,12,Q27094286; Q27101851; Q27101946; Q27103013; Q27104611; Q27108885; Q27124378; Q27124954; Q27126016; Q3151476; Q81978110; Q82299100,CTPQAXVNYGZUAJ-GCVPSNMTSA-N; CTPQAXVNYGZUAJ-KXXVROSKSA-D; CTPQAXVNYGZUAJ-KXXVROSKSA-N; CTPQAXVNYGZUAJ-PTQMNWPWSA-N; CTPQAXVNYGZUAJ-QWBQGLJISA-D; CTPQAXVNYGZUAJ-QWBQGLJISA-N; CTPQAXVNYGZUAJ-UHFFFAOYSA-N; CTPQAXVNYGZUAJ-UOTPTPDRSA-D; CTPQAXVNYGZUAJ-UOTPTPDRSA-N; CTPQAXVNYGZUAJ-WPRNADSXSA-N; CTPQAXVNYGZUAJ-XCMZKKERSA-D; CTPQAXVNYGZUAJ-XCMZKKERSA-N
FIAAVMJLAGNUKW-VQVVXJKKSA-M,vicenin-2,2,FIAAVMJLAGNUKW,12,Q104246935; Q104387517; Q104995543; Q104995544; Q104995546; Q104995547; Q104995548; Q104995550; Q104995560; Q104995561; Q115949854; Q72516285,FIAAVMJLAGNUKW-CRLPPWHZSA-N; FIAAVMJLAGNUKW-DAMJSERUSA-N; FIAAVMJLAGNUKW-GSVBVEKMSA-N; FIAAVMJLAGNUKW-HBGSTORTSA-N; FIAAVMJLAGNUKW-IGIFRGNCSA-N; FIAAVMJLAGNUKW-JDGZUBLHSA-N; FIAAVMJLAGNUKW-KZBKGRIKSA-N; FIAAVMJLAGNUKW-PSCXIDSDSA-N; FIAAVMJLAGNUKW-QHAUNTTASA-N; FIAAVMJLAGNUKW-TXTHKKOESA-N; FIAAVMJLAGNUKW-UHFFFAOYSA-N; FIAAVMJLAGNUKW-VQVVXJKKSA-N
CTPQAXVNYGZUAJ-UHFFFAOYSA-D,a D myo-inositol penta kis phosphate,0,CTPQAXVNYGZUAJ,12,Q27094286; Q27101851; Q27101946; Q27103013; Q27104611; Q27108885; Q27124378; Q27124954; Q27126016; Q3151476; Q81978110; Q82299100,CTPQAXVNYGZUAJ-GCVPSNMTSA-N; CTPQAXVNYGZUAJ-KXXVROSKSA-D; CTPQAXVNYGZUAJ-KXXVROSKSA-N; CTPQAXVNYGZUAJ-PTQMNWPWSA-N; CTPQAXVNYGZUAJ-QWBQGLJISA-D; CTPQAXVNYGZUAJ-QWBQGLJISA-N; CTPQAXVNYGZUAJ-UHFFFAOYSA-N; CTPQAXVNYGZUAJ-UOTPTPDRSA-D; CTPQAXVNYGZUAJ-UOTPTPDRSA-N; CTPQAXVNYGZUAJ-WPRNADSXSA-N; CTPQAXVNYGZUAJ-XCMZKKERSA-D; CTPQAXVNYGZUAJ-XCMZKKERSA-N
MMWCIQZXVOZEGG-GSRZWBRNSA-H,"D-myo-inositol (3,4,6)-trisphosphate",3,MMWCIQZXVOZEGG,13,Q105168148; Q105337011; Q110080224; Q138145; Q26998374; Q27092892; Q27096381; Q27125773; Q27132279; Q27225698; Q27461316; Q33129821; Q82919882,MMWCIQZXVOZEGG-GSRZWBRNSA-N; MMWCIQZXVOZEGG-HOZKJCLWSA-N; MMWCIQZXVOZEGG-LKPKBOIGSA-N; MMWCIQZXVOZEGG-MLQGYMEPSA-H; MMWCIQZXVOZEGG-MLQGYMEPSA-N; MMWCIQZXVOZEGG-NCGNNJKGSA-N; MMWCIQZXVOZEGG-SCCKRLBHSA-N; MMWCIQZXVOZEGG-SHFUYGGZSA-H; MMWCIQZXVOZEGG-UHFFFAOYSA-K; MMWCIQZXVOZEGG-UHFFFAOYSA-N; MMWCIQZXVOZEGG-WZWPATEWSA-N; MMWCIQZXVOZEGG-XJTPDSDZSA-H; MMWCIQZXVOZEGG-XJTPDSDZSA-N
KWVISVAMQJWJSZ-GPXMTLFMSA-O,solasodine,11,KWVISVAMQJWJSZ,15,Q104252966; Q104397318; Q105147134; Q105147136; Q105147152; Q105147154; Q105147155; Q105147156; Q105147162; Q105147165; Q106040979; Q120355443; Q27166949; Q740439; Q96575416,KWVISVAMQJWJSZ-CAKNJAFZSA-N; KWVISVAMQJWJSZ-CRTNBRGHSA-N; KWVISVAMQJWJSZ-DXZIWIJNSA-N; KWVISVAMQJWJSZ-FFRUGWTFSA-N; KWVISVAMQJWJSZ-HCNCMGDQSA-N; KWVISVAMQJWJSZ-HOFADDDFSA-N; KWVISVAMQJWJSZ-INULWVDGSA-N; KWVISVAMQJWJSZ-MEPOCMDBSA-N; KWVISVAMQJWJSZ-OLTSLPATSA-N; KWVISVAMQJWJSZ-PDOLIOMLSA-N; KWVISVAMQJWJSZ-UHFFFAOYSA-N; KWVISVAMQJWJSZ-VKROHFNGSA-N; KWVISVAMQJWJSZ-VKROHFNGSA-O; KWVISVAMQJWJSZ-YLYJGTIVSA-N; KWVISVAMQJWJSZ-ZUKVSWLHSA-N
MYHSVHWQEVDFQT-KIKSCADISA-M,ξ-progoitrin,4,MYHSVHWQEVDFQT,15,Q102115727; Q104253326; Q105174911; Q105174921; Q105174924; Q105174927; Q113324930; Q27108084; Q27120797; Q27120798; Q27148398; Q27148399; Q27288480; Q3406927; Q63409820,MYHSVHWQEVDFQT-AUYZFIFFSA-M; MYHSVHWQEVDFQT-AUYZFIFFSA-N; MYHSVHWQEVDFQT-ILPXZUKPSA-M; MYHSVHWQEVDFQT-ILPXZUKPSA-N; MYHSVHWQEVDFQT-INZKYMGHSA-N; MYHSVHWQEVDFQT-KBHNZSCUSA-N; MYHSVHWQEVDFQT-KPKJPENVSA-N; MYHSVHWQEVDFQT-QSKOKFRPSA-N; MYHSVHWQEVDFQT-RNFCHCRPSA-M; MYHSVHWQEVDFQT-RNFCHCRPSA-N; MYHSVHWQEVDFQT-RQLYGXMCSA-N; MYHSVHWQEVDFQT-SMRLCXOUSA-N; MYHSVHWQEVDFQT-UHFFFAOYSA-N; MYHSVHWQEVDFQT-YPHXUCGDSA-N; MYHSVHWQEVDFQT-ZLKQMKLXSA-M
CJDRUOGAGYHKKD-GXTMWHCLSA-N,ajmaline,3,CJDRUOGAGYHKKD,15,Q104249842; Q104252743; Q104252745; Q104960902; Q104960906; Q104960924; Q105102661; Q110184841; Q27106957; Q27125884; Q27166916; Q27189560; Q27189586; Q385858; Q83071788,CJDRUOGAGYHKKD-BDXZSHBPSA-N; CJDRUOGAGYHKKD-FCXWBZPOSA-N; CJDRUOGAGYHKKD-FDTOKCGCSA-N; CJDRUOGAGYHKKD-FYGXBCQKSA-N; CJDRUOGAGYHKKD-GCVCUWSRSA-N; CJDRUOGAGYHKKD-HEFSZTOGSA-N; CJDRUOGAGYHKKD-HEFSZTOGSA-O; CJDRUOGAGYHKKD-JZQIZOIBSA-N; CJDRUOGAGYHKKD-NBZNDRNWSA-N; CJDRUOGAGYHKKD-NNAJWNLHSA-N; CJDRUOGAGYHKKD-RQBLFBSQSA-N; CJDRUOGAGYHKKD-TXDKXUJTSA-N; CJDRUOGAGYHKKD-UHFFFAOYSA-N; CJDRUOGAGYHKKD-XJHJYMQISA-N; CJDRUOGAGYHKKD-YHDWOFBRSA-N
JYIJIIVLEOETIQ-UHFFFAOYSA-O,lupanine,4,JYIJIIVLEOETIQ,16,Q100145877; Q103787941; Q104169999; Q104376005; Q105137028; Q105137030; Q105137031; Q105137032; Q105137047; Q105137048; Q105137049; Q27103558; Q27133169; Q27163757; Q27256702; Q27279861,JYIJIIVLEOETIQ-AAVRWANBSA-N; JYIJIIVLEOETIQ-FQUUOJAGSA-N; JYIJIIVLEOETIQ-IGQOVBAYSA-N; JYIJIIVLEOETIQ-KBHBFKLGSA-N; JYIJIIVLEOETIQ-MQYQWHSLSA-N; JYIJIIVLEOETIQ-MVWAYNQESA-N; JYIJIIVLEOETIQ-NIWMIYJQSA-N; JYIJIIVLEOETIQ-RFPFOJJUSA-N; JYIJIIVLEOETIQ-SYQHCUMBSA-N; JYIJIIVLEOETIQ-UHFFFAOYSA-N; JYIJIIVLEOETIQ-XDQVBPFNSA-N; JYIJIIVLEOETIQ-XDQVBPFNSA-O; JYIJIIVLEOETIQ-XJFOESAGSA-N; JYIJIIVLEOETIQ-XUXIUFHCSA-N; JYIJIIVLEOETIQ-YIYPIFLZSA-N; JYIJIIVLEOETIQ-ZOBORPQBSA-N
WTQYWNWRJNXDEG-RBZJEDDUSA-O,(6S)-hydroxyhyoscyamine,6,WTQYWNWRJNXDEG,17,Q103787669; Q104252977; Q104394051; Q105312726; Q105312731; Q105312733; Q105312734; Q27098165; Q27124705; Q27280767; Q27287452; Q4765340; Q72506116; Q76393602; Q82852042; Q82941139,WTQYWNWRJNXDEG-ABSNHQIMSA-N; WTQYWNWRJNXDEG-AQBKWJQSSA-N; WTQYWNWRJNXDEG-AQIKHJSRSA-N; WTQYWNWRJNXDEG-BJWPUDQFSA-N; WTQYWNWRJNXDEG-BSMBJXNESA-N; WTQYWNWRJNXDEG-DGXTUMSLSA-N; WTQYWNWRJNXDEG-FIZKIRAISA-N; WTQYWNWRJNXDEG-GKAUHRNCSA-N; WTQYWNWRJNXDEG-GMOYYMRRSA-N; WTQYWNWRJNXDEG-LEOABGAYSA-N; WTQYWNWRJNXDEG-RBZJEDDUSA-N; WTQYWNWRJNXDEG-SUJAAXHWSA-N; WTQYWNWRJNXDEG-UHFFFAOYSA-N; WTQYWNWRJNXDEG-VXUTWAGNSA-N; WTQYWNWRJNXDEG-VXUTWAGNSA-O; WTQYWNWRJNXDEG-YFVFXCHESA-N; WTQYWNWRJNXDEG-YXMSTPNBSA-N
KTEXNACQROZXEV-ZRPLFPEYSA-N,parthenolide,3,KTEXNACQROZXEV,17,Q104250964; Q105145737; Q105145738; Q105145739; Q105145744; Q105145746; Q105145747; Q105145748; Q105145752; Q2662393; Q27165422; Q27165744; Q27166334; Q27166906; Q63409339; Q72499560; Q76393797,KTEXNACQROZXEV-ABHRYQDASA-N; KTEXNACQROZXEV-ASQAGLHZSA-N; KTEXNACQROZXEV-CGPMMVTMSA-N; KTEXNACQROZXEV-CMFZEQLMSA-N; KTEXNACQROZXEV-ILAZYQHXSA-N; KTEXNACQROZXEV-KIFYNCCSSA-N; KTEXNACQROZXEV-KVQQJBJPSA-N; KTEXNACQROZXEV-MMWFFZCQSA-N; KTEXNACQROZXEV-PVLRGYAZSA-N; KTEXNACQROZXEV-PWNZVWSESA-N; KTEXNACQROZXEV-QLIGOWBFSA-N; KTEXNACQROZXEV-RMRHIDDWSA-N; KTEXNACQROZXEV-SFDCQRBFSA-N; KTEXNACQROZXEV-SLXBATTESA-N; KTEXNACQROZXEV-UHFFFAOYSA-N; KTEXNACQROZXEV-XFMPKHEZSA-N
JPUKWEQWGBDDQB-QSOFNFLRSA-M,kaempferol 3-O-β-D-glucoside,32,JPUKWEQWGBDDQB,18,Q104169766; Q105133245; Q105133247; Q105133256; Q105133258; Q105133274; Q105133277; Q105133322; Q105133323; Q113948579; Q114780255; Q115949686; Q27145543; Q27145547; Q27145549; Q27145753; Q4811191; Q7841515,JPUKWEQWGBDDQB-DHTVHLPASA-N; JPUKWEQWGBDDQB-DTGCRPNFSA-M; JPUKWEQWGBDDQB-DTGCRPNFSA-N; JPUKWEQWGBDDQB-FHYQVQSVSA-N; JPUKWEQWGBDDQB-FSIJMWAPSA-N; JPUKWEQWGBDDQB-FZEMLGNSSA-N; JPUKWEQWGBDDQB-HBDJNLTOSA-N; JPUKWEQWGBDDQB-IDRAQACASA-N; JPUKWEQWGBDDQB-LQSBFMDOSA-N; JPUKWEQWGBDDQB-OBLDEXFVSA-N; JPUKWEQWGBDDQB-PRPRGGMHSA-N; JPUKWEQWGBDDQB-QLNOSOPISA-N; JPUKWEQWGBDDQB-QSOFNFLRSA-N; JPUKWEQWGBDDQB-QVHTVSSGSA-N; JPUKWEQWGBDDQB-STUVATENSA-N; JPUKWEQWGBDDQB-UHFFFAOYSA-N; JPUKWEQWGBDDQB-YHEXGUSMSA-N; JPUKWEQWGBDDQB-YSBXYMAXSA-N
QGJZLNKBHJESQX-FZFNOLFKSA-M,betulinate,2,QGJZLNKBHJESQX,18,Q104195794; Q104398019; Q105220167; Q105220169; Q105220174; Q105220180; Q105220359; Q105220365; Q105220366; Q105220368; Q105220370; Q105220371; Q105220372; Q105220373; Q105220379; Q105220380; Q115948744; Q384111,QGJZLNKBHJESQX-AWESBICXSA-N; QGJZLNKBHJESQX-BMTJSWHCSA-N; QGJZLNKBHJESQX-DWPPDUDNSA-N; QGJZLNKBHJESQX-FUKRSKRZSA-N; QGJZLNKBHJESQX-FZFNOLFKSA-N; QGJZLNKBHJESQX-HNQRJPRZSA-N; QGJZLNKBHJESQX-ITHVIPIZSA-N; QGJZLNKBHJESQX-IUSUFAINSA-N; QGJZLNKBHJESQX-JZNICETMSA-N; QGJZLNKBHJESQX-KFAPCCSXSA-N; QGJZLNKBHJESQX-ORWJZVLYSA-N; QGJZLNKBHJESQX-PINRCZRGSA-N; QGJZLNKBHJESQX-SDKNVYGNSA-N; QGJZLNKBHJESQX-UHFFFAOYSA-N; QGJZLNKBHJESQX-ULZDWRHHSA-N; QGJZLNKBHJESQX-UOTMTCHLSA-N; QGJZLNKBHJESQX-VFVGHIKXSA-N; QGJZLNKBHJESQX-XNWPAUOFSA-N
VLXDPFLIRFYIME-KYRRZXGASA-N,α-ylangene,0,VLXDPFLIRFYIME,18,Q104199578; Q104249531; Q104253173; Q105288760; Q105288764; Q105288766; Q105288804; Q105288805; Q105288807; Q105288810; Q110171286; Q110184276; Q110184886; Q22026403; Q27160535; Q27237288; Q82123122,VLXDPFLIRFYIME-BTFPBAQTSA-N; VLXDPFLIRFYIME-CQYKSGMSSA-N; VLXDPFLIRFYIME-DXGYCSDQSA-N; VLXDPFLIRFYIME-GZBLMMOJSA-N; VLXDPFLIRFYIME-HIKVSJJOSA-N; VLXDPFLIRFYIME-JDKRLRMNSA-N; VLXDPFLIRFYIME-KHMAMNHCSA-N; VLXDPFLIRFYIME-LUGNKYPNSA-N; VLXDPFLIRFYIME-MFEYBKIZSA-N; VLXDPFLIRFYIME-MWHZVNNOSA-N; VLXDPFLIRFYIME-NIFZNCRKSA-N; VLXDPFLIRFYIME-PLWLXLEKSA-N; VLXDPFLIRFYIME-QRTUWBSPSA-N; VLXDPFLIRFYIME-UHFFFAOYSA-N; VLXDPFLIRFYIME-XIQJJJERSA-N; VLXDPFLIRFYIME-XQYPFIQKSA-N; VLXDPFLIRFYIME-XTLGRWLVSA-N; VLXDPFLIRFYIME-ZSAUSMIDSA-N
OVRNDRQMDRJTHS-YVKWHVBHSA-N,an N-acetyl-β-D-hexosamine,0,OVRNDRQMDRJTHS,18,Q106055246; Q27096368; Q27103467; Q27107455; Q27109406; Q27120550; Q27132427; Q27225758; Q27461222; Q27462757; Q27463803; Q284367; Q285835; Q6951351; Q72434036; Q82396062; Q82665636; Q82695700,OVRNDRQMDRJTHS-BKJPEWSUSA-N; OVRNDRQMDRJTHS-CBQIKETKSA-N; OVRNDRQMDRJTHS-DMHSOCPYSA-N; OVRNDRQMDRJTHS-FMDGEEDCSA-N; OVRNDRQMDRJTHS-IQMFPIFPSA-N; OVRNDRQMDRJTHS-JAJWTYFOSA-N; OVRNDRQMDRJTHS-KEWYIRBNSA-N; OVRNDRQMDRJTHS-OSEDBHPGSA-N; OVRNDRQMDRJTHS-OZRXBMAMSA-N; OVRNDRQMDRJTHS-PVFLNQBWSA-N; OVRNDRQMDRJTHS-QQGCVABSSA-N; OVRNDRQMDRJTHS-RTRLPJTCSA-N; OVRNDRQMDRJTHS-SLBCVNJHSA-N; OVRNDRQMDRJTHS-UHFFFAOYSA-N; OVRNDRQMDRJTHS-UOLFYFMNSA-N; OVRNDRQMDRJTHS-XLSKCSLXSA-N; OVRNDRQMDRJTHS-ZTVVOAFPSA-N
MVMSCBBUIHUTGJ-HVMPVDAASA-L,GDP-β-L-gulose,3,MVMSCBBUIHUTGJ,20,Q105173160; Q105173161; Q105173163; Q113324924; Q217404; Q27102347; Q27102782; Q27109375; Q27116444; Q27120477; Q27124756; Q27125201; Q27125722; Q27131089; Q27131699; Q27131720; Q27149293; Q27158146; Q27158147; Q27460754,MVMSCBBUIHUTGJ-GDJBGNAASA-L; MVMSCBBUIHUTGJ-GDJBGNAASA-N; MVMSCBBUIHUTGJ-GLZNCLBGSA-N; MVMSCBBUIHUTGJ-HVMPVDAASA-N; MVMSCBBUIHUTGJ-IDFCXPBDSA-N; MVMSCBBUIHUTGJ-IEEDJDKHSA-N; MVMSCBBUIHUTGJ-IXDFUAJQSA-N; MVMSCBBUIHUTGJ-JGQUBWHWSA-L; MVMSCBBUIHUTGJ-JGQUBWHWSA-N; MVMSCBBUIHUTGJ-KTEPSGLNSA-L; MVMSCBBUIHUTGJ-KTEPSGLNSA-N; MVMSCBBUIHUTGJ-LRJDVEEWSA-L; MVMSCBBUIHUTGJ-LRJDVEEWSA-N; MVMSCBBUIHUTGJ-QIXZNPMTSA-L; MVMSCBBUIHUTGJ-QIXZNPMTSA-N; MVMSCBBUIHUTGJ-UHFFFAOYSA-N; MVMSCBBUIHUTGJ-XIYWIPNQSA-L; MVMSCBBUIHUTGJ-XIYWIPNQSA-N; MVMSCBBUIHUTGJ-ZQVROCHNSA-L; MVMSCBBUIHUTGJ-ZQVROCHNSA-N
IKGXIBQEEMLURG-NVPNHPEKSA-M,rutin,19,IKGXIBQEEMLURG,21,Q104397602; Q105114366; Q105114367; Q105114374; Q105114390; Q105114397; Q105114398; Q105114400; Q105114402; Q105114404; Q105114409; Q105114410; Q105114589; Q105114590; Q105114593; Q105114596; Q105114598; Q114780243; Q115949683; Q27163468; Q407857,IKGXIBQEEMLURG-ABBOQGHISA-N; IKGXIBQEEMLURG-BISOTFNHSA-N; IKGXIBQEEMLURG-DDRMSXOHSA-N; IKGXIBQEEMLURG-FNKLJWKFSA-N; IKGXIBQEEMLURG-GGFYDIPBSA-N; IKGXIBQEEMLURG-IEBISRBZSA-N; IKGXIBQEEMLURG-JFNZIVIESA-N; IKGXIBQEEMLURG-JMLDGOQESA-N; IKGXIBQEEMLURG-KFGMVVDJSA-N; IKGXIBQEEMLURG-LOOCNDHYSA-N; IKGXIBQEEMLURG-MRXRVBGJSA-N; IKGXIBQEEMLURG-MZQQJHOSSA-N; IKGXIBQEEMLURG-NHSSZETOSA-N; IKGXIBQEEMLURG-NVPNHPEKSA-N; IKGXIBQEEMLURG-PHJRTWMTSA-N; IKGXIBQEEMLURG-PWJZREMGSA-N; IKGXIBQEEMLURG-TWFHAVMGSA-N; IKGXIBQEEMLURG-UHFFFAOYSA-N; IKGXIBQEEMLURG-UZPWRIRZSA-N; IKGXIBQEEMLURG-VBBKRDLBSA-N; IKGXIBQEEMLURG-YESKBGCNSA-N
NBSCHQHZLSJFNQ-UHFFFAOYSA-L,D-hexose 6-phosphate,0,NBSCHQHZLSJFNQ,22,Q105176967; Q259546; Q27096292; Q27102512; Q27102553; Q27104516; Q27104716; Q27106308; Q27120416; Q27120870; Q27125625; Q27125647; Q27126005; Q27127198; Q27131151; Q27131170; Q27131264; Q27163012; Q27457137; Q32038966; Q36461529; Q82561834,NBSCHQHZLSJFNQ-DVKNGEFBSA-L; NBSCHQHZLSJFNQ-DVKNGEFBSA-N; NBSCHQHZLSJFNQ-FPRJBGLDSA-N; NBSCHQHZLSJFNQ-FQJSGBEDSA-N; NBSCHQHZLSJFNQ-GASJEMHNSA-L; NBSCHQHZLSJFNQ-GASJEMHNSA-N; NBSCHQHZLSJFNQ-KNZZERQRSA-L; NBSCHQHZLSJFNQ-KNZZERQRSA-N; NBSCHQHZLSJFNQ-PHYPRBDBSA-L; NBSCHQHZLSJFNQ-PHYPRBDBSA-N; NBSCHQHZLSJFNQ-PQMKYFCFSA-L; NBSCHQHZLSJFNQ-PQMKYFCFSA-N; NBSCHQHZLSJFNQ-QTVWNMPRSA-L; NBSCHQHZLSJFNQ-QTVWNMPRSA-N; NBSCHQHZLSJFNQ-QYESYBIKSA-N; NBSCHQHZLSJFNQ-RWOPYEJCSA-N; NBSCHQHZLSJFNQ-SVZMEOIVSA-L; NBSCHQHZLSJFNQ-SVZMEOIVSA-N; NBSCHQHZLSJFNQ-UHFFFAOYSA-N; NBSCHQHZLSJFNQ-UKFBFLRUSA-N; NBSCHQHZLSJFNQ-VFUOTHLCSA-L; NBSCHQHZLSJFNQ-VFUOTHLCSA-N
NBSCHQHZLSJFNQ-RWOPYEJCSA-L,β-D-mannopyranose 6-phosphate,0,NBSCHQHZLSJFNQ,22,Q105176967; Q259546; Q27096292; Q27102512; Q27102553; Q27104516; Q27104716; Q27106308; Q27120416; Q27120870; Q27125625; Q27125647; Q27126005; Q27127198; Q27131151; Q27131170; Q27131264; Q27163012; Q27457137; Q32038966; Q36461529; Q82561834,NBSCHQHZLSJFNQ-DVKNGEFBSA-L; NBSCHQHZLSJFNQ-DVKNGEFBSA-N; NBSCHQHZLSJFNQ-FPRJBGLDSA-N; NBSCHQHZLSJFNQ-FQJSGBEDSA-N; NBSCHQHZLSJFNQ-GASJEMHNSA-L; NBSCHQHZLSJFNQ-GASJEMHNSA-N; NBSCHQHZLSJFNQ-KNZZERQRSA-L; NBSCHQHZLSJFNQ-KNZZERQRSA-N; NBSCHQHZLSJFNQ-PHYPRBDBSA-L; NBSCHQHZLSJFNQ-PHYPRBDBSA-N; NBSCHQHZLSJFNQ-PQMKYFCFSA-L; NBSCHQHZLSJFNQ-PQMKYFCFSA-N; NBSCHQHZLSJFNQ-QTVWNMPRSA-L; NBSCHQHZLSJFNQ-QTVWNMPRSA-N; NBSCHQHZLSJFNQ-QYESYBIKSA-N; NBSCHQHZLSJFNQ-RWOPYEJCSA-N; NBSCHQHZLSJFNQ-SVZMEOIVSA-L; NBSCHQHZLSJFNQ-SVZMEOIVSA-N; NBSCHQHZLSJFNQ-UHFFFAOYSA-N; NBSCHQHZLSJFNQ-UKFBFLRUSA-N; NBSCHQHZLSJFNQ-VFUOTHLCSA-L; NBSCHQHZLSJFNQ-VFUOTHLCSA-N
OXGUCUVFOIWWQJ-TUPRLDOISA-M,quercetin 3-O-rhamnoside,12,OXGUCUVFOIWWQJ,23,Q104193930; Q104399360; Q104667214; Q105202603; Q105202607; Q105202665; Q105202666; Q105202668; Q105202673; Q105202674; Q105202675; Q105202676; Q105202679; Q105202680; Q110185574; Q115948681; Q115950352; Q1649777; Q27125495; Q27145608; Q27145624; Q27145713; Q27189584,OXGUCUVFOIWWQJ-AIRRAIBWSA-N; OXGUCUVFOIWWQJ-BLRRRGFBSA-N; OXGUCUVFOIWWQJ-FOJOTVKPSA-N; OXGUCUVFOIWWQJ-GPTQEAJUSA-N; OXGUCUVFOIWWQJ-HQBVPOQASA-M; OXGUCUVFOIWWQJ-HQBVPOQASA-N; OXGUCUVFOIWWQJ-IWSUUXMFSA-N; OXGUCUVFOIWWQJ-JHPRLSDPSA-N; OXGUCUVFOIWWQJ-JZGUBBPASA-N; OXGUCUVFOIWWQJ-KGOHYVIUSA-N; OXGUCUVFOIWWQJ-KHCWRDDVSA-N; OXGUCUVFOIWWQJ-KNPIPFGMSA-N; OXGUCUVFOIWWQJ-LDWSSRBJSA-N; OXGUCUVFOIWWQJ-NJZJCWFJSA-N; OXGUCUVFOIWWQJ-NSUXESCWSA-N; OXGUCUVFOIWWQJ-OQCXDQQJSA-N; OXGUCUVFOIWWQJ-SGOLLJQNSA-N; OXGUCUVFOIWWQJ-TUPRLDOISA-N; OXGUCUVFOIWWQJ-UBTQYQGQSA-N; OXGUCUVFOIWWQJ-UHFFFAOYSA-N; OXGUCUVFOIWWQJ-VTYNJFMCSA-N; OXGUCUVFOIWWQJ-XIMSSLRFSA-N; OXGUCUVFOIWWQJ-ZBHODROGSA-N
OVSQVDMCBVZWGM-DTGCRPNFSA-M,quercetin 3-O-β-D-galactoside,3,OVSQVDMCBVZWGM,23,Q104193829; Q105201138; Q105201241; Q105201242; Q105201243; Q105201246; Q105201249; Q105201266; Q105201320; Q105201322; Q105201326; Q105201330; Q105201331; Q110183526; Q114780208; Q114780256; Q115949690; Q115949781; Q11644422; Q5242815; Q6086296; Q63398496; Q74418293,OVSQVDMCBVZWGM-CAWYGJOUSA-N; OVSQVDMCBVZWGM-DHALZPNHSA-N; OVSQVDMCBVZWGM-DTGCRPNFSA-N; OVSQVDMCBVZWGM-FHYQVQSVSA-N; OVSQVDMCBVZWGM-GESSWGSZSA-N; OVSQVDMCBVZWGM-HBDJNLTOSA-N; OVSQVDMCBVZWGM-HHJZGNMRSA-N; OVSQVDMCBVZWGM-IDRAQACASA-N; OVSQVDMCBVZWGM-ISYYNCBESA-N; OVSQVDMCBVZWGM-LQSBFMDOSA-N; OVSQVDMCBVZWGM-LVWULRLVSA-N; OVSQVDMCBVZWGM-NCHJZECQSA-N; OVSQVDMCBVZWGM-OBLDEXFVSA-N; OVSQVDMCBVZWGM-QSOFNFLRSA-M; OVSQVDMCBVZWGM-QSOFNFLRSA-N; OVSQVDMCBVZWGM-QVHTVSSGSA-N; OVSQVDMCBVZWGM-SJWGPRHPSA-N; OVSQVDMCBVZWGM-STUVATENSA-N; OVSQVDMCBVZWGM-UHFFFAOYSA-N; OVSQVDMCBVZWGM-WVTKYERHSA-N; OVSQVDMCBVZWGM-YHEXGUSMSA-N; OVSQVDMCBVZWGM-YSBXYMAXSA-N; OVSQVDMCBVZWGM-ZVIPYZFUSA-N
WCGUUGGRBIKTOS-GPOJBZKASA-M,ursolate,2,WCGUUGGRBIKTOS,23,Q103815839; Q104666995; Q105301431; Q105301433; Q105301435; Q105301706; Q105301707; Q105301708; Q105301711; Q105301712; Q105301714; Q105301715; Q105301722; Q105301724; Q105301727; Q105301737; Q105301744; Q105301745; Q113949442; Q115948652; Q27166922; Q416260; Q72470900,WCGUUGGRBIKTOS-BAMWJGOYSA-N; WCGUUGGRBIKTOS-FNHDDVLZSA-N; WCGUUGGRBIKTOS-FTBVRPNCSA-N; WCGUUGGRBIKTOS-FWZYKNMYSA-N; WCGUUGGRBIKTOS-GPOJBZKASA-N; WCGUUGGRBIKTOS-GZORQOLYSA-N; WCGUUGGRBIKTOS-HZPAWTIVSA-N; WCGUUGGRBIKTOS-IHIHAHPESA-N; WCGUUGGRBIKTOS-INGCLTHDSA-N; WCGUUGGRBIKTOS-IRJRXSSQSA-N; WCGUUGGRBIKTOS-JJRJTKKCSA-N; WCGUUGGRBIKTOS-JJWDWEPMSA-N; WCGUUGGRBIKTOS-KKAMHNSOSA-N; WCGUUGGRBIKTOS-NNQXUYMSSA-N; WCGUUGGRBIKTOS-RIRGMOJXSA-N; WCGUUGGRBIKTOS-SVIQAJTESA-N; WCGUUGGRBIKTOS-UAFDCKLDSA-N; WCGUUGGRBIKTOS-UHFFFAOYSA-N; WCGUUGGRBIKTOS-WZIMWFCYSA-N; WCGUUGGRBIKTOS-XHINXETDSA-N; WCGUUGGRBIKTOS-XNWOSPIDSA-N; WCGUUGGRBIKTOS-XUTPQDOASA-N
HXXFSFRBOHSIMQ-BYIBVSMXSA-L,β-L-gulose 1-phosphate,3,HXXFSFRBOHSIMQ,24,Q105035187; Q105110624; Q106030240; Q115785159; Q258734; Q27098367; Q27098590; Q27102901; Q27104408; Q27123890; Q27123945; Q27124823; Q27124860; Q27125709; Q27125768; Q27125907; Q27126335; Q27127240; Q27127301; Q27145373; Q27149291; Q3082858; Q418865; Q74418046,HXXFSFRBOHSIMQ-DHVFOXMCSA-L; HXXFSFRBOHSIMQ-DHVFOXMCSA-N; HXXFSFRBOHSIMQ-DVKNGEFBSA-L; HXXFSFRBOHSIMQ-DVKNGEFBSA-N; HXXFSFRBOHSIMQ-FPRJBGLDSA-L; HXXFSFRBOHSIMQ-FPRJBGLDSA-N; HXXFSFRBOHSIMQ-GASJEMHNSA-L; HXXFSFRBOHSIMQ-GASJEMHNSA-N; HXXFSFRBOHSIMQ-KGJVWPDLSA-L; HXXFSFRBOHSIMQ-KGJVWPDLSA-N; HXXFSFRBOHSIMQ-PHYPRBDBSA-N; HXXFSFRBOHSIMQ-QBFJYBIGSA-N; HXXFSFRBOHSIMQ-QRXFDPRISA-N; HXXFSFRBOHSIMQ-QTVWNMPRSA-N; HXXFSFRBOHSIMQ-RWOPYEJCSA-L; HXXFSFRBOHSIMQ-RWOPYEJCSA-N; HXXFSFRBOHSIMQ-SVZMEOIVSA-N; HXXFSFRBOHSIMQ-SXUWKVJYSA-L; HXXFSFRBOHSIMQ-SXUWKVJYSA-N; HXXFSFRBOHSIMQ-UHFFFAOYSA-N; HXXFSFRBOHSIMQ-VFUOTHLCSA-L; HXXFSFRBOHSIMQ-VFUOTHLCSA-N; HXXFSFRBOHSIMQ-ZOSDKUOISA-L; HXXFSFRBOHSIMQ-ZOSDKUOISA-N
