pwID,title
http://rdf-plantmetwiki.bioinformatics.nl/pathways/PC1000_r17.0.0_20260520160610,2-methylketone biosynthesis
http://rdf-plantmetwiki.bioinformatics.nl/pathways/PC1001_r17.0.0_20260520160610,very long chain fatty acid biosynthesis I
http://rdf-plantmetwiki.bioinformatics.nl/pathways/PC1002_r17.0.0_20260520160610,"C4 photosynthetic carbon assimilation cycle, PEPCK type"
http://rdf-plantmetwiki.bioinformatics.nl/pathways/PC1003_r17.0.0_20260520160610,geraniol and geranial biosynthesis
http://rdf-plantmetwiki.bioinformatics.nl/pathways/PC1004_r17.0.0_20260520160610,cadmium transport I
http://rdf-plantmetwiki.bioinformatics.nl/pathways/PC1005_r17.0.0_20260520160610,L-homomethionine biosynthesis
http://rdf-plantmetwiki.bioinformatics.nl/pathways/PC1006_r17.0.0_20260520160610,thiosulfate disproportionation IV (rhodanese)
http://rdf-plantmetwiki.bioinformatics.nl/pathways/PC1007_r17.0.0_20260520160610,geranyl β-primeveroside biosynthesis
http://rdf-plantmetwiki.bioinformatics.nl/pathways/PC1008_r17.0.0_20260520160610,"lipid-dependent phytate biosynthesis I (via Ins(1,4,5)P₃)"
http://rdf-plantmetwiki.bioinformatics.nl/pathways/PC1009_r17.0.0_20260520160610,indigo biosynthesis
http://rdf-plantmetwiki.bioinformatics.nl/pathways/PC100_r17.0.0_20260520160610,methyl indole-3-acetate interconversion
http://rdf-plantmetwiki.bioinformatics.nl/pathways/PC1010_r17.0.0_20260520160610,anthocyanidin sambubioside biosynthesis
http://rdf-plantmetwiki.bioinformatics.nl/pathways/PC1011_r17.0.0_20260520160610,poly-hydroxy fatty acids biosynthesis
http://rdf-plantmetwiki.bioinformatics.nl/pathways/PC1012_r17.0.0_20260520160610,linoleate biosynthesis I (plants)
http://rdf-plantmetwiki.bioinformatics.nl/pathways/PC1013_r17.0.0_20260520160610,5-deoxystrigol biosynthesis
http://rdf-plantmetwiki.bioinformatics.nl/pathways/PC1014_r17.0.0_20260520160610,folate transformations II (plants)
http://rdf-plantmetwiki.bioinformatics.nl/pathways/PC1015_r17.0.0_20260520160610,L-phenylalanine degradation III
http://rdf-plantmetwiki.bioinformatics.nl/pathways/PC1016_r17.0.0_20260520160610,"aliphatic glucosinolate biosynthesis, side chain elongation cycle"
http://rdf-plantmetwiki.bioinformatics.nl/pathways/PC1017_r17.0.0_20260520160610,gentiodelphin biosynthesis
http://rdf-plantmetwiki.bioinformatics.nl/pathways/PC1018_r17.0.0_20260520160610,extended VTC2 cycle
http://rdf-plantmetwiki.bioinformatics.nl/pathways/PC1019_r17.0.0_20260520160610,superpathway of ergosterol biosynthesis II
http://rdf-plantmetwiki.bioinformatics.nl/pathways/PC101_r17.0.0_20260520160610,cis-abienol biosynthesis
http://rdf-plantmetwiki.bioinformatics.nl/pathways/PC1020_r17.0.0_20260520160610,indole-3-acetate inactivation III
http://rdf-plantmetwiki.bioinformatics.nl/pathways/PC1021_r17.0.0_20260520160610,D-galactose degradation I (Leloir pathway)
http://rdf-plantmetwiki.bioinformatics.nl/pathways/PC1022_r17.0.0_20260520160610,simplecoumarins biosynthesis
http://rdf-plantmetwiki.bioinformatics.nl/pathways/PC1023_r17.0.0_20260520160610,naringenin C-glucosylation
http://rdf-plantmetwiki.bioinformatics.nl/pathways/PC1024_r17.0.0_20260520160610,(4S)-carvone biosynthesis
http://rdf-plantmetwiki.bioinformatics.nl/pathways/PC1025_r17.0.0_20260520160610,chelerythrine biosynthesis
http://rdf-plantmetwiki.bioinformatics.nl/pathways/PC1026_r17.0.0_20260520160610,eupatolitin 3-O-glucoside biosynthesis
http://rdf-plantmetwiki.bioinformatics.nl/pathways/PC1027_r17.0.0_20260520160610,aromatic polyketides biosynthesis
http://rdf-plantmetwiki.bioinformatics.nl/pathways/PC1028_r17.0.0_20260520160610,crotonyl-CoA/ethylmalonyl-CoA/hydroxybutyryl-CoA cycle (engineered)
http://rdf-plantmetwiki.bioinformatics.nl/pathways/PC1029_r17.0.0_20260520160610,L-proline biosynthesis IV
http://rdf-plantmetwiki.bioinformatics.nl/pathways/PC102_r17.0.0_20260520160610,phospholipases (Chlamydomonas)
http://rdf-plantmetwiki.bioinformatics.nl/pathways/PC1030_r17.0.0_20260520160610,3-(4-hydroxyphenyl)pyruvate biosynthesis
http://rdf-plantmetwiki.bioinformatics.nl/pathways/PC1031_r17.0.0_20260520160610,dicranin biosynthesis
http://rdf-plantmetwiki.bioinformatics.nl/pathways/PC1032_r17.0.0_20260520160610,saponin biosynthesis II
http://rdf-plantmetwiki.bioinformatics.nl/pathways/PC1033_r17.0.0_20260520160610,VTC2 cycle
http://rdf-plantmetwiki.bioinformatics.nl/pathways/PC1034_r17.0.0_20260520160610,L-asparagine degradation II
http://rdf-plantmetwiki.bioinformatics.nl/pathways/PC1035_r17.0.0_20260520160610,L-lysine biosynthesis VI
http://rdf-plantmetwiki.bioinformatics.nl/pathways/PC1036_r17.0.0_20260520160610,phosphopantothenate biosynthesis I
http://rdf-plantmetwiki.bioinformatics.nl/pathways/PC1037_r17.0.0_20260520160610,shikonin biosynthesis
http://rdf-plantmetwiki.bioinformatics.nl/pathways/PC1038_r17.0.0_20260520160610,indican biosynthesis
http://rdf-plantmetwiki.bioinformatics.nl/pathways/PC1039_r17.0.0_20260520160610,phenylphenalenone biosynthesis
http://rdf-plantmetwiki.bioinformatics.nl/pathways/PC103_r17.0.0_20260520160610,wighteone and luteone biosynthesis
http://rdf-plantmetwiki.bioinformatics.nl/pathways/PC1040_r17.0.0_20260520160610,8-O-methylated benzoxazinoid glucoside biosynthesis
http://rdf-plantmetwiki.bioinformatics.nl/pathways/PC1041_r17.0.0_20260520160610,GDP-L-fucose biosynthesis II (from L-fucose)
http://rdf-plantmetwiki.bioinformatics.nl/pathways/PC1042_r17.0.0_20260520160610,anthocyanidin acylglucoside and acylsambubioside biosynthesis
http://rdf-plantmetwiki.bioinformatics.nl/pathways/PC1043_r17.0.0_20260520160610,free phenylpropanoid acid biosynthesis
http://rdf-plantmetwiki.bioinformatics.nl/pathways/PC1044_r17.0.0_20260520160610,superpathway of adenosine nucleotides de novo biosynthesis I
http://rdf-plantmetwiki.bioinformatics.nl/pathways/PC1045_r17.0.0_20260520160610,L-ornithine biosynthesis II
http://rdf-plantmetwiki.bioinformatics.nl/pathways/PC1046_r17.0.0_20260520160610,lacinilene C biosynthesis
http://rdf-plantmetwiki.bioinformatics.nl/pathways/PC1047_r17.0.0_20260520160610,gallate biosynthesis
http://rdf-plantmetwiki.bioinformatics.nl/pathways/PC1048_r17.0.0_20260520160610,glucosinolate biosynthesis from homomethionine
http://rdf-plantmetwiki.bioinformatics.nl/pathways/PC1049_r17.0.0_20260520160610,docosahexaenoate biosynthesis I (lower eukaryotes)
http://rdf-plantmetwiki.bioinformatics.nl/pathways/PC104_r17.0.0_20260520160610,superpathway of anthocyanin biosynthesis (from cyanidin and cyanidin 3-O-glucoside)
http://rdf-plantmetwiki.bioinformatics.nl/pathways/PC1050_r17.0.0_20260520160610,carnosate bioynthesis
http://rdf-plantmetwiki.bioinformatics.nl/pathways/PC1051_r17.0.0_20260520160610,superpathway of formononetin derivative biosynthesis
http://rdf-plantmetwiki.bioinformatics.nl/pathways/PC1052_r17.0.0_20260520160610,daidzein conjugates interconversion
http://rdf-plantmetwiki.bioinformatics.nl/pathways/PC1053_r17.0.0_20260520160610,pyruvate fermentation to ethanol II
http://rdf-plantmetwiki.bioinformatics.nl/pathways/PC1054_r17.0.0_20260520160610,(3S)-linalool biosynthesis
http://rdf-plantmetwiki.bioinformatics.nl/pathways/PC1055_r17.0.0_20260520160610,L-glutamate biosynthesis II
http://rdf-plantmetwiki.bioinformatics.nl/pathways/PC1056_r17.0.0_20260520160610,sucrose degradation II (sucrose synthase)
http://rdf-plantmetwiki.bioinformatics.nl/pathways/PC1057_r17.0.0_20260520160610,theobromine biosynthesis I
http://rdf-plantmetwiki.bioinformatics.nl/pathways/PC1058_r17.0.0_20260520160610,sesamin biosynthesis
http://rdf-plantmetwiki.bioinformatics.nl/pathways/PC1059_r17.0.0_20260520160610,mevalonate pathway I (eukaryotes and bacteria)
http://rdf-plantmetwiki.bioinformatics.nl/pathways/PC105_r17.0.0_20260520160610,sesaminol glucoside biosynthesis
http://rdf-plantmetwiki.bioinformatics.nl/pathways/PC1060_r17.0.0_20260520160610,superpathway of anthocyanin biosynthesis (from delphinidin 3-O-glucoside)
http://rdf-plantmetwiki.bioinformatics.nl/pathways/PC1061_r17.0.0_20260520160610,"phosphatidate metabolism, as a signaling molecule (Chlamydomonas)"
http://rdf-plantmetwiki.bioinformatics.nl/pathways/PC1062_r17.0.0_20260520160610,"2,3-trans-flavanols biosynthesis"
http://rdf-plantmetwiki.bioinformatics.nl/pathways/PC1063_r17.0.0_20260520160610,triacylsucrose biosynthesis (Solanum)
http://rdf-plantmetwiki.bioinformatics.nl/pathways/PC1064_r17.0.0_20260520160610,levopimaric acid biosynthesis
http://rdf-plantmetwiki.bioinformatics.nl/pathways/PC1065_r17.0.0_20260520160610,volatile benzenoid biosynthesis I (ester formation)
http://rdf-plantmetwiki.bioinformatics.nl/pathways/PC1066_r17.0.0_20260520160610,cellulose biosynthesis
http://rdf-plantmetwiki.bioinformatics.nl/pathways/PC1067_r17.0.0_20260520160610,phytol salvage pathway
http://rdf-plantmetwiki.bioinformatics.nl/pathways/PC1068_r17.0.0_20260520160610,L-leucine degradation I
http://rdf-plantmetwiki.bioinformatics.nl/pathways/PC1069_r17.0.0_20260520160610,coniferyl alcohol 9-methyl ether biosynthesis
http://rdf-plantmetwiki.bioinformatics.nl/pathways/PC106_r17.0.0_20260520160610,vicianin bioactivation
http://rdf-plantmetwiki.bioinformatics.nl/pathways/PC1070_r17.0.0_20260520160610,L-isoleucine biosynthesis I (from threonine)
http://rdf-plantmetwiki.bioinformatics.nl/pathways/PC1071_r17.0.0_20260520160610,wogonin metabolism
http://rdf-plantmetwiki.bioinformatics.nl/pathways/PC1072_r17.0.0_20260520160610,chitin degradation III (carnivorous plants)
http://rdf-plantmetwiki.bioinformatics.nl/pathways/PC1073_r17.0.0_20260520160610,urate conversion to allantoin I
http://rdf-plantmetwiki.bioinformatics.nl/pathways/PC1074_r17.0.0_20260520160610,nitric oxide biosynthesis II (mammals)
http://rdf-plantmetwiki.bioinformatics.nl/pathways/PC1075_r17.0.0_20260520160610,linalool biosynthesis I
http://rdf-plantmetwiki.bioinformatics.nl/pathways/PC1076_r17.0.0_20260520160610,oryzalexin D and E biosynthesis
http://rdf-plantmetwiki.bioinformatics.nl/pathways/PC1077_r17.0.0_20260520160610,3β-hydroxysesquiterpene lactone biosynthesis
http://rdf-plantmetwiki.bioinformatics.nl/pathways/PC1078_r17.0.0_20260520160610,methiin metabolism
http://rdf-plantmetwiki.bioinformatics.nl/pathways/PC1079_r17.0.0_20260520160610,marneral biosynthesis
http://rdf-plantmetwiki.bioinformatics.nl/pathways/PC107_r17.0.0_20260520160610,trans-lycopene biosynthesis I
http://rdf-plantmetwiki.bioinformatics.nl/pathways/PC1080_r17.0.0_20260520160610,phospholipid desaturation
http://rdf-plantmetwiki.bioinformatics.nl/pathways/PC1081_r17.0.0_20260520160610,hydrogen production VIII
http://rdf-plantmetwiki.bioinformatics.nl/pathways/PC1082_r17.0.0_20260520160610,flavonoid di-C-glucosylation
http://rdf-plantmetwiki.bioinformatics.nl/pathways/PC1083_r17.0.0_20260520160610,β-cubebene biosynthesis
http://rdf-plantmetwiki.bioinformatics.nl/pathways/PC1084_r17.0.0_20260520160610,oryzalide A biosynthesis
http://rdf-plantmetwiki.bioinformatics.nl/pathways/PC1085_r17.0.0_20260520160610,crepenynate biosynthesis
http://rdf-plantmetwiki.bioinformatics.nl/pathways/PC1086_r17.0.0_20260520160610,"benzoate biosynthesis I (CoA-dependent, β-oxidative)"
http://rdf-plantmetwiki.bioinformatics.nl/pathways/PC1087_r17.0.0_20260520160610,hydroxymethylpyrimidine salvage
http://rdf-plantmetwiki.bioinformatics.nl/pathways/PC1088_r17.0.0_20260520160610,juglone biosynthesis
http://rdf-plantmetwiki.bioinformatics.nl/pathways/PC1089_r17.0.0_20260520160610,luteolinidin 5-O-glucoside biosynthesis
http://rdf-plantmetwiki.bioinformatics.nl/pathways/PC108_r17.0.0_20260520160610,glycine biosynthesis
http://rdf-plantmetwiki.bioinformatics.nl/pathways/PC1090_r17.0.0_20260520160610,jasmonic acid biosynthesis
http://rdf-plantmetwiki.bioinformatics.nl/pathways/PC1091_r17.0.0_20260520160610,L-nicotianamine biosynthesis
http://rdf-plantmetwiki.bioinformatics.nl/pathways/PC1092_r17.0.0_20260520160610,betaxanthin biosynthesis (via dopaxanthin)
http://rdf-plantmetwiki.bioinformatics.nl/pathways/PC1093_r17.0.0_20260520160610,oleanolate biosynthesis
http://rdf-plantmetwiki.bioinformatics.nl/pathways/PC1094_r17.0.0_20260520160610,D-sorbitol biosynthesis I
http://rdf-plantmetwiki.bioinformatics.nl/pathways/PC1095_r17.0.0_20260520160610,CMP-KDO biosynthesis II (from D-arabinose 5-phosphate)
http://rdf-plantmetwiki.bioinformatics.nl/pathways/PC1096_r17.0.0_20260520160610,oxalate degradation IV
http://rdf-plantmetwiki.bioinformatics.nl/pathways/PC1097_r17.0.0_20260520160610,oxalate degradation VI
http://rdf-plantmetwiki.bioinformatics.nl/pathways/PC1098_r17.0.0_20260520160610,CMP phosphorylation
http://rdf-plantmetwiki.bioinformatics.nl/pathways/PC1099_r17.0.0_20260520160610,formononetin conjugates interconversion
http://rdf-plantmetwiki.bioinformatics.nl/pathways/PC109_r17.0.0_20260520160610,S-adenosyl-L-methionine salvage II
http://rdf-plantmetwiki.bioinformatics.nl/pathways/PC10_r17.0.0_20260520160610,L-phenylalanine degradation V
http://rdf-plantmetwiki.bioinformatics.nl/pathways/PC1100_r17.0.0_20260520160610,cytokinins degradation
http://rdf-plantmetwiki.bioinformatics.nl/pathways/PC1101_r17.0.0_20260520160610,pyrimidine ribonucleotides interconversion
http://rdf-plantmetwiki.bioinformatics.nl/pathways/PC1102_r17.0.0_20260520160610,salidroside biosynthesis
http://rdf-plantmetwiki.bioinformatics.nl/pathways/PC1103_r17.0.0_20260520160610,superpathway of Allium flavor precursors
http://rdf-plantmetwiki.bioinformatics.nl/pathways/PC1104_r17.0.0_20260520160610,quercetin sulfate biosynthesis
http://rdf-plantmetwiki.bioinformatics.nl/pathways/PC1105_r17.0.0_20260520160610,phenolic malonylglucosides biosynthesis
http://rdf-plantmetwiki.bioinformatics.nl/pathways/PC1106_r17.0.0_20260520160610,heliannuol and heliespirone biosynthesis
http://rdf-plantmetwiki.bioinformatics.nl/pathways/PC1107_r17.0.0_20260520160610,hydroxycinnamic acid serotonin amides biosynthesis
http://rdf-plantmetwiki.bioinformatics.nl/pathways/PC1108_r17.0.0_20260520160610,biochanin A conjugates interconversion
http://rdf-plantmetwiki.bioinformatics.nl/pathways/PC1109_r17.0.0_20260520160610,UDP-galactose biosynthesis (salvage pathway from galactose using UDP-glucose)
http://rdf-plantmetwiki.bioinformatics.nl/pathways/PC110_r17.0.0_20260520160610,abietic acid biosynthesis
http://rdf-plantmetwiki.bioinformatics.nl/pathways/PC1110_r17.0.0_20260520160610,5-aminoimidazole ribonucleotide biosynthesis I
http://rdf-plantmetwiki.bioinformatics.nl/pathways/PC1111_r17.0.0_20260520160610,methylquercetin biosynthesis
http://rdf-plantmetwiki.bioinformatics.nl/pathways/PC1112_r17.0.0_20260520160610,γ-linolenate biosynthesis I (plants)
http://rdf-plantmetwiki.bioinformatics.nl/pathways/PC1113_r17.0.0_20260520160610,superpathway of oleoresin turpentine biosynthesis
http://rdf-plantmetwiki.bioinformatics.nl/pathways/PC1114_r17.0.0_20260520160610,copper transport II
http://rdf-plantmetwiki.bioinformatics.nl/pathways/PC1115_r17.0.0_20260520160610,vernolate biosynthesis II
http://rdf-plantmetwiki.bioinformatics.nl/pathways/PC1116_r17.0.0_20260520160610,pyrethrin I biosynthesis
http://rdf-plantmetwiki.bioinformatics.nl/pathways/PC1117_r17.0.0_20260520160610,pentaketide chromone biosynthesis
http://rdf-plantmetwiki.bioinformatics.nl/pathways/PC1118_r17.0.0_20260520160610,flavonoid biosynthesis
http://rdf-plantmetwiki.bioinformatics.nl/pathways/PC1119_r17.0.0_20260520160610,trans-lycopene biosynthesis II (oxygenic phototrophs and green sulfur bacteria)
http://rdf-plantmetwiki.bioinformatics.nl/pathways/PC111_r17.0.0_20260520160610,aurone biosynthesis
http://rdf-plantmetwiki.bioinformatics.nl/pathways/PC1120_r17.0.0_20260520160610,"C4 photosynthetic carbon assimilation cycle, NADP-ME type"
http://rdf-plantmetwiki.bioinformatics.nl/pathways/PC1121_r17.0.0_20260520160610,xyloglucan biosynthesis
http://rdf-plantmetwiki.bioinformatics.nl/pathways/PC1122_r17.0.0_20260520160610,adenine and adenosine salvage VI
http://rdf-plantmetwiki.bioinformatics.nl/pathways/PC1123_r17.0.0_20260520160610,violdelphin biosynthesis
http://rdf-plantmetwiki.bioinformatics.nl/pathways/PC1124_r17.0.0_20260520160610,gibberellin biosynthesis III (early C-13 hydroxylation)
http://rdf-plantmetwiki.bioinformatics.nl/pathways/PC1125_r17.0.0_20260520160610,ginsenosides biosynthesis
http://rdf-plantmetwiki.bioinformatics.nl/pathways/PC1126_r17.0.0_20260520160610,N-glucosylnicotinate metabolism
http://rdf-plantmetwiki.bioinformatics.nl/pathways/PC1127_r17.0.0_20260520160610,coenzyme A biosynthesis I (bacteria)
http://rdf-plantmetwiki.bioinformatics.nl/pathways/PC1128_r17.0.0_20260520160610,petroselinate biosynthesis
http://rdf-plantmetwiki.bioinformatics.nl/pathways/PC1129_r17.0.0_20260520160610,L-threonine biosynthesis
http://rdf-plantmetwiki.bioinformatics.nl/pathways/PC112_r17.0.0_20260520160610,L-arginine degradation I (arginase pathway)
http://rdf-plantmetwiki.bioinformatics.nl/pathways/PC1130_r17.0.0_20260520160610,chrysoeriol biosynthesis
http://rdf-plantmetwiki.bioinformatics.nl/pathways/PC1131_r17.0.0_20260520160610,superpathway of linalool biosynthesis
http://rdf-plantmetwiki.bioinformatics.nl/pathways/PC1132_r17.0.0_20260520160610,hyperforin and adhyperforin biosynthesis
http://rdf-plantmetwiki.bioinformatics.nl/pathways/PC1133_r17.0.0_20260520160610,ricinoleate biosynthesis
http://rdf-plantmetwiki.bioinformatics.nl/pathways/PC1134_r17.0.0_20260520160610,superpathway of carotenoid biosynthesis in plants
http://rdf-plantmetwiki.bioinformatics.nl/pathways/PC1135_r17.0.0_20260520160610,avenacin A-2 biosynthesis
http://rdf-plantmetwiki.bioinformatics.nl/pathways/PC1136_r17.0.0_20260520160610,cuticular wax biosynthesis
http://rdf-plantmetwiki.bioinformatics.nl/pathways/PC1137_r17.0.0_20260520160610,zerumbone biosynthesis
http://rdf-plantmetwiki.bioinformatics.nl/pathways/PC1138_r17.0.0_20260520160610,phaselate biosynthesis
http://rdf-plantmetwiki.bioinformatics.nl/pathways/PC1139_r17.0.0_20260520160610,polymethylated quercetin biosynthesis
http://rdf-plantmetwiki.bioinformatics.nl/pathways/PC113_r17.0.0_20260520160610,superpathway of C28 brassinosteroid biosynthesis
http://rdf-plantmetwiki.bioinformatics.nl/pathways/PC1140_r17.0.0_20260520160610,D-galactose detoxification
http://rdf-plantmetwiki.bioinformatics.nl/pathways/PC1141_r17.0.0_20260520160610,PRPP biosynthesis
http://rdf-plantmetwiki.bioinformatics.nl/pathways/PC1142_r17.0.0_20260520160610,felinine and 3-methyl-3-sulfanylbutan-1-ol biosynthesis
http://rdf-plantmetwiki.bioinformatics.nl/pathways/PC1143_r17.0.0_20260520160610,sulfite oxidation IV (sulfite oxidase)
http://rdf-plantmetwiki.bioinformatics.nl/pathways/PC1144_r17.0.0_20260520160610,glucosinolate biosynthesis from dihomomethionine
http://rdf-plantmetwiki.bioinformatics.nl/pathways/PC1145_r17.0.0_20260520160610,all-trans-farnesol biosynthesis
http://rdf-plantmetwiki.bioinformatics.nl/pathways/PC1146_r17.0.0_20260520160610,phosphatidylethanolamine biosynthesis III
http://rdf-plantmetwiki.bioinformatics.nl/pathways/PC1147_r17.0.0_20260520160610,superpathway of L-threonine biosynthesis
http://rdf-plantmetwiki.bioinformatics.nl/pathways/PC1148_r17.0.0_20260520160610,salicylate glucosides biosynthesis II
http://rdf-plantmetwiki.bioinformatics.nl/pathways/PC1149_r17.0.0_20260520160610,UTP and CTP dephosphorylation II
http://rdf-plantmetwiki.bioinformatics.nl/pathways/PC114_r17.0.0_20260520160610,dimorphecolate biosynthesis
http://rdf-plantmetwiki.bioinformatics.nl/pathways/PC1150_r17.0.0_20260520160610,salicin biosynthesis
http://rdf-plantmetwiki.bioinformatics.nl/pathways/PC1151_r17.0.0_20260520160610,pyridoxal 5'-phosphate salvage I
http://rdf-plantmetwiki.bioinformatics.nl/pathways/PC1152_r17.0.0_20260520160610,4-hydroxycoumarin and dicoumarol biosynthesis
http://rdf-plantmetwiki.bioinformatics.nl/pathways/PC1153_r17.0.0_20260520160610,chrysophanol biosynthesis
http://rdf-plantmetwiki.bioinformatics.nl/pathways/PC1154_r17.0.0_20260520160610,glutamate removal from folates
http://rdf-plantmetwiki.bioinformatics.nl/pathways/PC1155_r17.0.0_20260520160610,cholesterol biosynthesis I
http://rdf-plantmetwiki.bioinformatics.nl/pathways/PC1156_r17.0.0_20260520160610,"2α,7β-dihydroxylation of taxusin"
http://rdf-plantmetwiki.bioinformatics.nl/pathways/PC1157_r17.0.0_20260520160610,9-lipoxygenase and 9-hydroperoxide lyase pathway
http://rdf-plantmetwiki.bioinformatics.nl/pathways/PC1158_r17.0.0_20260520160610,spermidine biosynthesis I
http://rdf-plantmetwiki.bioinformatics.nl/pathways/PC1159_r17.0.0_20260520160610,α-tomatine biosynthesis
http://rdf-plantmetwiki.bioinformatics.nl/pathways/PC115_r17.0.0_20260520160610,allantoin degradation to glyoxylate II
http://rdf-plantmetwiki.bioinformatics.nl/pathways/PC1160_r17.0.0_20260520160610,superpathway of phospholipid biosynthesis II (plants)
http://rdf-plantmetwiki.bioinformatics.nl/pathways/PC1161_r17.0.0_20260520160610,"1D-myo-inositol hexakisphosphate biosynthesis I (from Ins(1,4,5)P3)"
http://rdf-plantmetwiki.bioinformatics.nl/pathways/PC1162_r17.0.0_20260520160610,esterified suberin biosynthesis
http://rdf-plantmetwiki.bioinformatics.nl/pathways/PC116_r17.0.0_20260520160610,GDP-L-fucose biosynthesis I (from GDP-D-mannose)
http://rdf-plantmetwiki.bioinformatics.nl/pathways/PC117_r17.0.0_20260520160610,abscisic acid degradation to neophaseic acid
http://rdf-plantmetwiki.bioinformatics.nl/pathways/PC118_r17.0.0_20260520160610,"2,4,6-trinitrotoluene degradation"
http://rdf-plantmetwiki.bioinformatics.nl/pathways/PC119_r17.0.0_20260520160610,hispidol and hispidol 4'-O-β-D-glucoside biosynthesis
http://rdf-plantmetwiki.bioinformatics.nl/pathways/PC11_r17.0.0_20260520160610,acetate and ATP formation from acetyl-CoA II
http://rdf-plantmetwiki.bioinformatics.nl/pathways/PC120_r17.0.0_20260520160610,lysine degradation III
http://rdf-plantmetwiki.bioinformatics.nl/pathways/PC121_r17.0.0_20260520160610,anthocyanin biosynthesis (delphinidin 3-O-glucoside)
http://rdf-plantmetwiki.bioinformatics.nl/pathways/PC122_r17.0.0_20260520160610,superpathway of pterocarpan biosynthesis (via formononetin)
http://rdf-plantmetwiki.bioinformatics.nl/pathways/PC123_r17.0.0_20260520160610,L-valine degradation I
http://rdf-plantmetwiki.bioinformatics.nl/pathways/PC124_r17.0.0_20260520160610,ternatin C5 biosynthesis
http://rdf-plantmetwiki.bioinformatics.nl/pathways/PC125_r17.0.0_20260520160610,homoglutathione biosynthesis
http://rdf-plantmetwiki.bioinformatics.nl/pathways/PC126_r17.0.0_20260520160610,L-proline biosynthesis III (from L-ornithine)
http://rdf-plantmetwiki.bioinformatics.nl/pathways/PC127_r17.0.0_20260520160610,serinol biosynthesis
http://rdf-plantmetwiki.bioinformatics.nl/pathways/PC128_r17.0.0_20260520160610,hypericin biosynthesis
http://rdf-plantmetwiki.bioinformatics.nl/pathways/PC129_r17.0.0_20260520160610,L-canavanine degradation I
http://rdf-plantmetwiki.bioinformatics.nl/pathways/PC12_r17.0.0_20260520160610,fenchol biosynthesis I
http://rdf-plantmetwiki.bioinformatics.nl/pathways/PC130_r17.0.0_20260520160610,L-methionine salvage cycle I (bacteria and plants)
http://rdf-plantmetwiki.bioinformatics.nl/pathways/PC131_r17.0.0_20260520160610,colchicine biosynthesis
http://rdf-plantmetwiki.bioinformatics.nl/pathways/PC132_r17.0.0_20260520160610,detoxification of reactive carbonyls in chloroplasts
http://rdf-plantmetwiki.bioinformatics.nl/pathways/PC133_r17.0.0_20260520160610,pyrimidine deoxyribonucleotide phosphorylation
http://rdf-plantmetwiki.bioinformatics.nl/pathways/PC134_r17.0.0_20260520160610,methylbutenol biosynthesis
http://rdf-plantmetwiki.bioinformatics.nl/pathways/PC135_r17.0.0_20260520160610,apigenin glycosides biosynthesis
http://rdf-plantmetwiki.bioinformatics.nl/pathways/PC136_r17.0.0_20260520160610,spermine and spermidine degradation II
http://rdf-plantmetwiki.bioinformatics.nl/pathways/PC137_r17.0.0_20260520160610,indole-3-acetate inactivation VII
http://rdf-plantmetwiki.bioinformatics.nl/pathways/PC138_r17.0.0_20260520160610,9-lipoxygenase and 9-allene oxide synthase pathway
http://rdf-plantmetwiki.bioinformatics.nl/pathways/PC139_r17.0.0_20260520160610,"(7Z,10Z,13Z)-hexadecatrienoate biosynthesis"
http://rdf-plantmetwiki.bioinformatics.nl/pathways/PC13_r17.0.0_20260520160610,guanosine deoxyribonucleotides de novo biosynthesis I
http://rdf-plantmetwiki.bioinformatics.nl/pathways/PC140_r17.0.0_20260520160610,triacylglycerol degradation
http://rdf-plantmetwiki.bioinformatics.nl/pathways/PC141_r17.0.0_20260520160610,CO₂ fixation into oxaloacetate (anaplerotic)
http://rdf-plantmetwiki.bioinformatics.nl/pathways/PC142_r17.0.0_20260520160610,UDP-α-D-glucose biosynthesis
http://rdf-plantmetwiki.bioinformatics.nl/pathways/PC143_r17.0.0_20260520160610,volatile esters biosynthesis (during fruit ripening)
http://rdf-plantmetwiki.bioinformatics.nl/pathways/PC144_r17.0.0_20260520160610,biotin biosynthesis from 8-amino-7-oxononanoate I
http://rdf-plantmetwiki.bioinformatics.nl/pathways/PC145_r17.0.0_20260520160610,"caffeine degradation I (main, plants)"
http://rdf-plantmetwiki.bioinformatics.nl/pathways/PC146_r17.0.0_20260520160610,superpathway of indole-3-acetate conjugate biosynthesis
http://rdf-plantmetwiki.bioinformatics.nl/pathways/PC147_r17.0.0_20260520160610,syringetin biosynthesis
http://rdf-plantmetwiki.bioinformatics.nl/pathways/PC148_r17.0.0_20260520160610,superpathway of nicotine biosynthesis
http://rdf-plantmetwiki.bioinformatics.nl/pathways/PC149_r17.0.0_20260520160610,caffeine degradation II
http://rdf-plantmetwiki.bioinformatics.nl/pathways/PC14_r17.0.0_20260520160610,ammonia assimilation cycle II
http://rdf-plantmetwiki.bioinformatics.nl/pathways/PC150_r17.0.0_20260520160610,sinapate ester biosynthesis
http://rdf-plantmetwiki.bioinformatics.nl/pathways/PC151_r17.0.0_20260520160610,dimethylsulfoniopropanoate degradation I (cleavage)
http://rdf-plantmetwiki.bioinformatics.nl/pathways/PC152_r17.0.0_20260520160610,rutin biosynthesis
http://rdf-plantmetwiki.bioinformatics.nl/pathways/PC153_r17.0.0_20260520160610,usnate biosynthesis
http://rdf-plantmetwiki.bioinformatics.nl/pathways/PC154_r17.0.0_20260520160610,phytate degradation I
http://rdf-plantmetwiki.bioinformatics.nl/pathways/PC155_r17.0.0_20260520160610,UDP-D-apiose biosynthesis (from UDP-D-glucuronate)
http://rdf-plantmetwiki.bioinformatics.nl/pathways/PC156_r17.0.0_20260520160610,divinyl ether biosynthesis I
http://rdf-plantmetwiki.bioinformatics.nl/pathways/PC157_r17.0.0_20260520160610,mannitol biosynthesis
http://rdf-plantmetwiki.bioinformatics.nl/pathways/PC158_r17.0.0_20260520160610,L-glutamine biosynthesis I
http://rdf-plantmetwiki.bioinformatics.nl/pathways/PC159_r17.0.0_20260520160610,indole-3-acetate inactivation VI
http://rdf-plantmetwiki.bioinformatics.nl/pathways/PC15_r17.0.0_20260520160610,folate polyglutamylation
http://rdf-plantmetwiki.bioinformatics.nl/pathways/PC160_r17.0.0_20260520160610,amygdalin and prunasin degradation
http://rdf-plantmetwiki.bioinformatics.nl/pathways/PC161_r17.0.0_20260520160610,spermine and spermidine degradation III
http://rdf-plantmetwiki.bioinformatics.nl/pathways/PC162_r17.0.0_20260520160610,trans-zeatin biosynthesis
http://rdf-plantmetwiki.bioinformatics.nl/pathways/PC163_r17.0.0_20260520160610,glycolysis IV
http://rdf-plantmetwiki.bioinformatics.nl/pathways/PC164_r17.0.0_20260520160610,flavonoid biosynthesis (in equisetum)
http://rdf-plantmetwiki.bioinformatics.nl/pathways/PC165_r17.0.0_20260520160610,"1,3,6,7-tetrahydroxyxanthone biosynthesis (from benzoyl-CoA)"
http://rdf-plantmetwiki.bioinformatics.nl/pathways/PC166_r17.0.0_20260520160610,superpathway of pyrimidine ribonucleosides salvage
http://rdf-plantmetwiki.bioinformatics.nl/pathways/PC167_r17.0.0_20260520160610,homophytochelatin biosynthesis
http://rdf-plantmetwiki.bioinformatics.nl/pathways/PC168_r17.0.0_20260520160610,cinnamoyl-CoA biosynthesis
http://rdf-plantmetwiki.bioinformatics.nl/pathways/PC169_r17.0.0_20260520160610,"(3E)-4,8-dimethylnona-1,3,7-triene biosynthesis II"
http://rdf-plantmetwiki.bioinformatics.nl/pathways/PC16_r17.0.0_20260520160610,papaverine biosynthesis
http://rdf-plantmetwiki.bioinformatics.nl/pathways/PC170_r17.0.0_20260520160610,ethanol degradation IV
http://rdf-plantmetwiki.bioinformatics.nl/pathways/PC171_r17.0.0_20260520160610,leucodelphinidin biosynthesis
http://rdf-plantmetwiki.bioinformatics.nl/pathways/PC172_r17.0.0_20260520160610,gossypetin metabolism
http://rdf-plantmetwiki.bioinformatics.nl/pathways/PC173_r17.0.0_20260520160610,"avenacin biosynthesis, initial reactions"
http://rdf-plantmetwiki.bioinformatics.nl/pathways/PC174_r17.0.0_20260520160610,methylglyoxal degradation I
http://rdf-plantmetwiki.bioinformatics.nl/pathways/PC175_r17.0.0_20260520160610,superpathway of pyrimidine deoxyribonucleotides de novo biosynthesis
http://rdf-plantmetwiki.bioinformatics.nl/pathways/PC176_r17.0.0_20260520160610,noscapine biosynthesis
http://rdf-plantmetwiki.bioinformatics.nl/pathways/PC177_r17.0.0_20260520160610,hesperitin glycoside biosynthesis
http://rdf-plantmetwiki.bioinformatics.nl/pathways/PC178_r17.0.0_20260520160610,neolinustatin bioactivation
http://rdf-plantmetwiki.bioinformatics.nl/pathways/PC179_r17.0.0_20260520160610,D-mannose degradation I
http://rdf-plantmetwiki.bioinformatics.nl/pathways/PC17_r17.0.0_20260520160610,chlorophyll a degradation I
http://rdf-plantmetwiki.bioinformatics.nl/pathways/PC180_r17.0.0_20260520160610,superpathway of L-phenylalanine and L-tyrosine biosynthesis
http://rdf-plantmetwiki.bioinformatics.nl/pathways/PC181_r17.0.0_20260520160610,β-carotene biosynthesis
http://rdf-plantmetwiki.bioinformatics.nl/pathways/PC182_r17.0.0_20260520160610,volatile cinnamoic ester biosynthesis
http://rdf-plantmetwiki.bioinformatics.nl/pathways/PC183_r17.0.0_20260520160610,theobromine biosynthesis II (via xanthine)
http://rdf-plantmetwiki.bioinformatics.nl/pathways/PC184_r17.0.0_20260520160610,traumatin and (Z)-3-hexen-1-yl acetate biosynthesis
http://rdf-plantmetwiki.bioinformatics.nl/pathways/PC185_r17.0.0_20260520160610,superpathway of acylsucrose biosynthesis (cultivated tomato)
http://rdf-plantmetwiki.bioinformatics.nl/pathways/PC186_r17.0.0_20260520160610,gibberellin inactivation III (epoxidation)
http://rdf-plantmetwiki.bioinformatics.nl/pathways/PC187_r17.0.0_20260520160610,superpathway of anthocyanin biosynthesis (from pelargonidin 3-O-glucoside)
http://rdf-plantmetwiki.bioinformatics.nl/pathways/PC188_r17.0.0_20260520160610,pyrimidine salvage pathway
http://rdf-plantmetwiki.bioinformatics.nl/pathways/PC189_r17.0.0_20260520160610,NAD de novo biosynthesis I
http://rdf-plantmetwiki.bioinformatics.nl/pathways/PC18_r17.0.0_20260520160610,lupulone and humulone biosynthesis
http://rdf-plantmetwiki.bioinformatics.nl/pathways/PC190_r17.0.0_20260520160610,glycolysis II (from fructose 6-phosphate)
http://rdf-plantmetwiki.bioinformatics.nl/pathways/PC191_r17.0.0_20260520160610,kaempferol gentiobioside biosynthesis
http://rdf-plantmetwiki.bioinformatics.nl/pathways/PC192_r17.0.0_20260520160610,ortho-quinones biosynthesis
http://rdf-plantmetwiki.bioinformatics.nl/pathways/PC193_r17.0.0_20260520160610,dihydroconiferyl alcohol biosynthesis
http://rdf-plantmetwiki.bioinformatics.nl/pathways/PC194_r17.0.0_20260520160610,superpathway of glyoxylate cycle and fatty acid degradation
http://rdf-plantmetwiki.bioinformatics.nl/pathways/PC195_r17.0.0_20260520160610,γ-glutamyl cycle
http://rdf-plantmetwiki.bioinformatics.nl/pathways/PC196_r17.0.0_20260520160610,sterculate biosynthesis
http://rdf-plantmetwiki.bioinformatics.nl/pathways/PC197_r17.0.0_20260520160610,naringenin biosynthesis (engineered)
http://rdf-plantmetwiki.bioinformatics.nl/pathways/PC198_r17.0.0_20260520160610,(+)-camphor biosynthesis
http://rdf-plantmetwiki.bioinformatics.nl/pathways/PC199_r17.0.0_20260520160610,arabidopyrone biosynthesis
http://rdf-plantmetwiki.bioinformatics.nl/pathways/PC19_r17.0.0_20260520160610,folate polyglutamylation II
http://rdf-plantmetwiki.bioinformatics.nl/pathways/PC1_r17.0.0_20260520160610,seleno-amino acid detoxification and volatilization III
http://rdf-plantmetwiki.bioinformatics.nl/pathways/PC200_r17.0.0_20260520160610,xylogalacturonan biosynthesis
http://rdf-plantmetwiki.bioinformatics.nl/pathways/PC201_r17.0.0_20260520160610,NAD(P)/NADPH interconversion
http://rdf-plantmetwiki.bioinformatics.nl/pathways/PC202_r17.0.0_20260520160610,tea aroma glycosidic precursor bioactivation
http://rdf-plantmetwiki.bioinformatics.nl/pathways/PC203_r17.0.0_20260520160610,sphingolipid biosynthesis (plants)
http://rdf-plantmetwiki.bioinformatics.nl/pathways/PC204_r17.0.0_20260520160610,UDP-α-D-galacturonate biosynthesis II (from D-galacturonate)
http://rdf-plantmetwiki.bioinformatics.nl/pathways/PC205_r17.0.0_20260520160610,urea degradation I
http://rdf-plantmetwiki.bioinformatics.nl/pathways/PC206_r17.0.0_20260520160610,"arachidonate biosynthesis I (6-desaturase, lower eukaryotes)"
http://rdf-plantmetwiki.bioinformatics.nl/pathways/PC207_r17.0.0_20260520160610,L-histidine biosynthesis
http://rdf-plantmetwiki.bioinformatics.nl/pathways/PC208_r17.0.0_20260520160610,phosphatidylcholine biosynthesis III
http://rdf-plantmetwiki.bioinformatics.nl/pathways/PC209_r17.0.0_20260520160610,malate-oxaloacetate shuttle I
http://rdf-plantmetwiki.bioinformatics.nl/pathways/PC20_r17.0.0_20260520160610,putrescine biosynthesis III
http://rdf-plantmetwiki.bioinformatics.nl/pathways/PC210_r17.0.0_20260520160610,bisabolene biosynthesis (engineered)
http://rdf-plantmetwiki.bioinformatics.nl/pathways/PC211_r17.0.0_20260520160610,scopolin biosynthesis
http://rdf-plantmetwiki.bioinformatics.nl/pathways/PC212_r17.0.0_20260520160610,gluconeogenesis I
http://rdf-plantmetwiki.bioinformatics.nl/pathways/PC213_r17.0.0_20260520160610,wax esters biosynthesis I
http://rdf-plantmetwiki.bioinformatics.nl/pathways/PC214_r17.0.0_20260520160610,plumbagin biosynthesis
http://rdf-plantmetwiki.bioinformatics.nl/pathways/PC215_r17.0.0_20260520160610,pectin degradation III
http://rdf-plantmetwiki.bioinformatics.nl/pathways/PC216_r17.0.0_20260520160610,ferulate and sinapate biosynthesis
http://rdf-plantmetwiki.bioinformatics.nl/pathways/PC217_r17.0.0_20260520160610,7-dehydroporiferasterol biosynthesis
http://rdf-plantmetwiki.bioinformatics.nl/pathways/PC218_r17.0.0_20260520160610,taxiphyllin biosynthesis
http://rdf-plantmetwiki.bioinformatics.nl/pathways/PC219_r17.0.0_20260520160610,sporopollenin precursors biosynthesis
http://rdf-plantmetwiki.bioinformatics.nl/pathways/PC21_r17.0.0_20260520160610,superpathway of purines degradation in plants
http://rdf-plantmetwiki.bioinformatics.nl/pathways/PC220_r17.0.0_20260520160610,"cholesterol biosynthesis (plants, early side-chain reductase)"
http://rdf-plantmetwiki.bioinformatics.nl/pathways/PC221_r17.0.0_20260520160610,oxalate biosynthesis
http://rdf-plantmetwiki.bioinformatics.nl/pathways/PC222_r17.0.0_20260520160610,"D-myo-inositol (1,4,5)-trisphosphate degradation"
http://rdf-plantmetwiki.bioinformatics.nl/pathways/PC223_r17.0.0_20260520160610,betulinate biosynthesis
http://rdf-plantmetwiki.bioinformatics.nl/pathways/PC224_r17.0.0_20260520160610,"lipid-dependent phytate biosynthesis II (via Ins(1,3,4)P₃)"
http://rdf-plantmetwiki.bioinformatics.nl/pathways/PC225_r17.0.0_20260520160610,Rubisco shunt
http://rdf-plantmetwiki.bioinformatics.nl/pathways/PC226_r17.0.0_20260520160610,calendate biosynthesis
http://rdf-plantmetwiki.bioinformatics.nl/pathways/PC227_r17.0.0_20260520160610,α-solanine/α-chaconine biosynthesis
http://rdf-plantmetwiki.bioinformatics.nl/pathways/PC228_r17.0.0_20260520160610,DIBOA-glucoside biosynthesis
http://rdf-plantmetwiki.bioinformatics.nl/pathways/PC229_r17.0.0_20260520160610,acyl-CoA hydrolysis
http://rdf-plantmetwiki.bioinformatics.nl/pathways/PC22_r17.0.0_20260520160610,"fatty acid β-oxidation V (unsaturated, odd number, di-isomerase-dependent)"
http://rdf-plantmetwiki.bioinformatics.nl/pathways/PC230_r17.0.0_20260520160610,2-O-acetyl-3-O-trans-coutarate biosynthesis
http://rdf-plantmetwiki.bioinformatics.nl/pathways/PC231_r17.0.0_20260520160610,protein NEDDylation
http://rdf-plantmetwiki.bioinformatics.nl/pathways/PC232_r17.0.0_20260520160610,eudesmol biosynthesis
http://rdf-plantmetwiki.bioinformatics.nl/pathways/PC233_r17.0.0_20260520160610,glucosinolate biosynthesis from tetrahomomethionine
http://rdf-plantmetwiki.bioinformatics.nl/pathways/PC234_r17.0.0_20260520160610,saponin biosynthesis IV
http://rdf-plantmetwiki.bioinformatics.nl/pathways/PC235_r17.0.0_20260520160610,(-)-4'-demethyl-epipodophyllotoxin biosynthesis
http://rdf-plantmetwiki.bioinformatics.nl/pathways/PC236_r17.0.0_20260520160610,L-alanine degradation II (to D-lactate)
http://rdf-plantmetwiki.bioinformatics.nl/pathways/PC237_r17.0.0_20260520160610,methylsalicylate degradation
http://rdf-plantmetwiki.bioinformatics.nl/pathways/PC238_r17.0.0_20260520160610,polymethylated kaempferol biosynthesis
http://rdf-plantmetwiki.bioinformatics.nl/pathways/PC239_r17.0.0_20260520160610,superpathway of heme b biosynthesis from glutamate
http://rdf-plantmetwiki.bioinformatics.nl/pathways/PC23_r17.0.0_20260520160610,kaempferol triglucoside biosynthesis
http://rdf-plantmetwiki.bioinformatics.nl/pathways/PC240_r17.0.0_20260520160610,terminal olefins biosynthesis I
http://rdf-plantmetwiki.bioinformatics.nl/pathways/PC241_r17.0.0_20260520160610,superpathway of avenacin A biosynthesis
http://rdf-plantmetwiki.bioinformatics.nl/pathways/PC242_r17.0.0_20260520160610,thiamine pyrophosphate biosynthesis IV (eukaryotes)
http://rdf-plantmetwiki.bioinformatics.nl/pathways/PC243_r17.0.0_20260520160610,rutin degradation (plants)
http://rdf-plantmetwiki.bioinformatics.nl/pathways/PC244_r17.0.0_20260520160610,ureide biosynthesis
http://rdf-plantmetwiki.bioinformatics.nl/pathways/PC245_r17.0.0_20260520160610,steviol glucoside biosynthesis (rebaudioside A biosynthesis)
http://rdf-plantmetwiki.bioinformatics.nl/pathways/PC246_r17.0.0_20260520160610,L-phenylalanine biosynthesis II
http://rdf-plantmetwiki.bioinformatics.nl/pathways/PC247_r17.0.0_20260520160610,resveratrol biosynthesis
http://rdf-plantmetwiki.bioinformatics.nl/pathways/PC248_r17.0.0_20260520160610,linear furanocoumarin biosynthesis
http://rdf-plantmetwiki.bioinformatics.nl/pathways/PC249_r17.0.0_20260520160610,glutathione degradation
http://rdf-plantmetwiki.bioinformatics.nl/pathways/PC24_r17.0.0_20260520160610,"6,7,4'-trihydroxyisoflavone biosynthesis"
http://rdf-plantmetwiki.bioinformatics.nl/pathways/PC250_r17.0.0_20260520160610,nitrogen remobilization from senescing leaves
http://rdf-plantmetwiki.bioinformatics.nl/pathways/PC251_r17.0.0_20260520160610,epoxysqualene biosynthesis
http://rdf-plantmetwiki.bioinformatics.nl/pathways/PC252_r17.0.0_20260520160610,gramine biosynthesis
http://rdf-plantmetwiki.bioinformatics.nl/pathways/PC253_r17.0.0_20260520160610,caffeine biosynthesis I
http://rdf-plantmetwiki.bioinformatics.nl/pathways/PC254_r17.0.0_20260520160610,iron reduction and absorption
http://rdf-plantmetwiki.bioinformatics.nl/pathways/PC255_r17.0.0_20260520160610,ubiquinol-9 biosynthesis (late decarboxylation)
http://rdf-plantmetwiki.bioinformatics.nl/pathways/PC256_r17.0.0_20260520160610,acetyl-CoA biosynthesis from citrate
http://rdf-plantmetwiki.bioinformatics.nl/pathways/PC257_r17.0.0_20260520160610,gibberellin inactivation II (methylation)
http://rdf-plantmetwiki.bioinformatics.nl/pathways/PC258_r17.0.0_20260520160610,capsiconiate biosynthesis
http://rdf-plantmetwiki.bioinformatics.nl/pathways/PC259_r17.0.0_20260520160610,astaxanthin biosynthesis (flowering plants)
http://rdf-plantmetwiki.bioinformatics.nl/pathways/PC25_r17.0.0_20260520160610,trehalose biosynthesis I
http://rdf-plantmetwiki.bioinformatics.nl/pathways/PC260_r17.0.0_20260520160610,polyisoprenoid biosynthesis
http://rdf-plantmetwiki.bioinformatics.nl/pathways/PC261_r17.0.0_20260520160610,pentose phosphate pathway
http://rdf-plantmetwiki.bioinformatics.nl/pathways/PC262_r17.0.0_20260520160610,molybdenum cofactor sulfulylation (eukaryotes)
http://rdf-plantmetwiki.bioinformatics.nl/pathways/PC263_r17.0.0_20260520160610,L-methionine degradation II
http://rdf-plantmetwiki.bioinformatics.nl/pathways/PC264_r17.0.0_20260520160610,superpathway of coenzyme A biosynthesis II (plants)
http://rdf-plantmetwiki.bioinformatics.nl/pathways/PC265_r17.0.0_20260520160610,luteolin biosynthesis
http://rdf-plantmetwiki.bioinformatics.nl/pathways/PC266_r17.0.0_20260520160610,L-lysine degradation I
http://rdf-plantmetwiki.bioinformatics.nl/pathways/PC267_r17.0.0_20260520160610,anthocyanin biosynthesis
http://rdf-plantmetwiki.bioinformatics.nl/pathways/PC268_r17.0.0_20260520160610,hypoglycin biosynthesis
http://rdf-plantmetwiki.bioinformatics.nl/pathways/PC269_r17.0.0_20260520160610,(-)-medicarpin biosynthesis
http://rdf-plantmetwiki.bioinformatics.nl/pathways/PC26_r17.0.0_20260520160610,indole-3-acetate activation II
http://rdf-plantmetwiki.bioinformatics.nl/pathways/PC270_r17.0.0_20260520160610,copper transport I
http://rdf-plantmetwiki.bioinformatics.nl/pathways/PC271_r17.0.0_20260520160610,santalene biosynthesis II
http://rdf-plantmetwiki.bioinformatics.nl/pathways/PC272_r17.0.0_20260520160610,superpathway of thiamine pyrophosphate biosynthesis III (eukaryotes)
http://rdf-plantmetwiki.bioinformatics.nl/pathways/PC273_r17.0.0_20260520160610,esculetin biosynthesis
http://rdf-plantmetwiki.bioinformatics.nl/pathways/PC274_r17.0.0_20260520160610,betaxanthin biosynthesis
http://rdf-plantmetwiki.bioinformatics.nl/pathways/PC275_r17.0.0_20260520160610,superpathway of pantothenate and coenzymeA biosynthesis
http://rdf-plantmetwiki.bioinformatics.nl/pathways/PC276_r17.0.0_20260520160610,furaneol and mesifurane biosynthesis
http://rdf-plantmetwiki.bioinformatics.nl/pathways/PC277_r17.0.0_20260520160610,superpathway of pyrimidine ribonucleotides de novo biosynthesis
http://rdf-plantmetwiki.bioinformatics.nl/pathways/PC278_r17.0.0_20260520160610,colupulone and cohumulone biosynthesis
http://rdf-plantmetwiki.bioinformatics.nl/pathways/PC279_r17.0.0_20260520160610,perillyl aldehyde biosynthesis
http://rdf-plantmetwiki.bioinformatics.nl/pathways/PC27_r17.0.0_20260520160610,heliocides biosynthesis
http://rdf-plantmetwiki.bioinformatics.nl/pathways/PC280_r17.0.0_20260520160610,IAA biosynthesis VII
http://rdf-plantmetwiki.bioinformatics.nl/pathways/PC281_r17.0.0_20260520160610,adenosine deoxyribonucleotides de novo biosynthesis I
http://rdf-plantmetwiki.bioinformatics.nl/pathways/PC282_r17.0.0_20260520160610,diphyllin biosynthesis
http://rdf-plantmetwiki.bioinformatics.nl/pathways/PC283_r17.0.0_20260520160610,willardiine and isowillardiine biosynthesis
http://rdf-plantmetwiki.bioinformatics.nl/pathways/PC284_r17.0.0_20260520160610,laudanine biosynthesis
http://rdf-plantmetwiki.bioinformatics.nl/pathways/PC285_r17.0.0_20260520160610,indole-3-acetate inactivation I
http://rdf-plantmetwiki.bioinformatics.nl/pathways/PC286_r17.0.0_20260520160610,L-homoserine biosynthesis
http://rdf-plantmetwiki.bioinformatics.nl/pathways/PC287_r17.0.0_20260520160610,t-anethole biosynthesis
http://rdf-plantmetwiki.bioinformatics.nl/pathways/PC288_r17.0.0_20260520160610,selenate reduction
http://rdf-plantmetwiki.bioinformatics.nl/pathways/PC289_r17.0.0_20260520160610,L-methionine salvage cycle II (plants)
http://rdf-plantmetwiki.bioinformatics.nl/pathways/PC28_r17.0.0_20260520160610,anthocyanin biosynthesis (pelargonidin 3-O-glucoside)
http://rdf-plantmetwiki.bioinformatics.nl/pathways/PC290_r17.0.0_20260520160610,lychnose and isolychnose biosynthesis
http://rdf-plantmetwiki.bioinformatics.nl/pathways/PC291_r17.0.0_20260520160610,methyl indole-3-acetate interconversion
http://rdf-plantmetwiki.bioinformatics.nl/pathways/PC292_r17.0.0_20260520160610,ephedrine biosynthesis
http://rdf-plantmetwiki.bioinformatics.nl/pathways/PC293_r17.0.0_20260520160610,guanosine nucleotides degradation II
http://rdf-plantmetwiki.bioinformatics.nl/pathways/PC294_r17.0.0_20260520160610,pinolenate and coniferonate biosynthesis
http://rdf-plantmetwiki.bioinformatics.nl/pathways/PC295_r17.0.0_20260520160610,coenzyme A biosynthesis II (eukaryotic)
http://rdf-plantmetwiki.bioinformatics.nl/pathways/PC296_r17.0.0_20260520160610,abscisic acid biosynthesis shunt
http://rdf-plantmetwiki.bioinformatics.nl/pathways/PC297_r17.0.0_20260520160610,4-hydroxyindole-3-carbonyl nitrile biosynthesis
http://rdf-plantmetwiki.bioinformatics.nl/pathways/PC298_r17.0.0_20260520160610,UDP-α-D-glucuronate biosynthesis (from myo-inositol)
http://rdf-plantmetwiki.bioinformatics.nl/pathways/PC299_r17.0.0_20260520160610,lycopadiene biosynthesis
http://rdf-plantmetwiki.bioinformatics.nl/pathways/PC29_r17.0.0_20260520160610,chorismate biosynthesis from 3-dehydroquinate
http://rdf-plantmetwiki.bioinformatics.nl/pathways/PC2_r17.0.0_20260520160610,serotonin and melatonin biosynthesis I
http://rdf-plantmetwiki.bioinformatics.nl/pathways/PC300_r17.0.0_20260520160610,phosphatidylcholine biosynthesis IV
http://rdf-plantmetwiki.bioinformatics.nl/pathways/PC301_r17.0.0_20260520160610,superpathway of linamarin and lotaustralin biosynthesis
http://rdf-plantmetwiki.bioinformatics.nl/pathways/PC302_r17.0.0_20260520160610,"fatty acid β-oxidation IV (unsaturated, even number)"
http://rdf-plantmetwiki.bioinformatics.nl/pathways/PC303_r17.0.0_20260520160610,olivetol biosynthesis
http://rdf-plantmetwiki.bioinformatics.nl/pathways/PC304_r17.0.0_20260520160610,aucuparin biosynthesis
http://rdf-plantmetwiki.bioinformatics.nl/pathways/PC305_r17.0.0_20260520160610,urea degradation II
http://rdf-plantmetwiki.bioinformatics.nl/pathways/PC306_r17.0.0_20260520160610,cis-calamenene related sesquiterpenoids biosynthesis
http://rdf-plantmetwiki.bioinformatics.nl/pathways/PC307_r17.0.0_20260520160610,cinnamate esters biosynthesis
http://rdf-plantmetwiki.bioinformatics.nl/pathways/PC308_r17.0.0_20260520160610,glycolysis I (from glucose 6-phosphate)
http://rdf-plantmetwiki.bioinformatics.nl/pathways/PC309_r17.0.0_20260520160610,daphnin interconversion
http://rdf-plantmetwiki.bioinformatics.nl/pathways/PC30_r17.0.0_20260520160610,dTDP-β-L-rhamnose biosynthesis
http://rdf-plantmetwiki.bioinformatics.nl/pathways/PC310_r17.0.0_20260520160610,2-oxoglutarate decarboxylation to succinyl-CoA
http://rdf-plantmetwiki.bioinformatics.nl/pathways/PC311_r17.0.0_20260520160610,furcatin degradation
http://rdf-plantmetwiki.bioinformatics.nl/pathways/PC312_r17.0.0_20260520160610,sorgoleone biosynthesis
http://rdf-plantmetwiki.bioinformatics.nl/pathways/PC313_r17.0.0_20260520160610,ajugose biosynthesis I (galactinol-dependent)
http://rdf-plantmetwiki.bioinformatics.nl/pathways/PC314_r17.0.0_20260520160610,β-alanine biosynthesis II
http://rdf-plantmetwiki.bioinformatics.nl/pathways/PC315_r17.0.0_20260520160610,phaseollin biosynthesis
http://rdf-plantmetwiki.bioinformatics.nl/pathways/PC316_r17.0.0_20260520160610,S-methyl-5-thio-α-D-ribose 1-phosphate degradation I
http://rdf-plantmetwiki.bioinformatics.nl/pathways/PC317_r17.0.0_20260520160610,superpathway of putrescine biosynthesis
http://rdf-plantmetwiki.bioinformatics.nl/pathways/PC318_r17.0.0_20260520160610,DIMBOA-glucoside activation
http://rdf-plantmetwiki.bioinformatics.nl/pathways/PC319_r17.0.0_20260520160610,pyruvate fermentation to acetate VII
http://rdf-plantmetwiki.bioinformatics.nl/pathways/PC31_r17.0.0_20260520160610,matairesinol biosynthesis
http://rdf-plantmetwiki.bioinformatics.nl/pathways/PC320_r17.0.0_20260520160610,fructan degradation
http://rdf-plantmetwiki.bioinformatics.nl/pathways/PC321_r17.0.0_20260520160610,acylsucrose biosynthesis (Solanum pennellii)
http://rdf-plantmetwiki.bioinformatics.nl/pathways/PC322_r17.0.0_20260520160610,costunolide biosynthesis I
http://rdf-plantmetwiki.bioinformatics.nl/pathways/PC323_r17.0.0_20260520160610,1-methylpyrrolinium biosynthesis
http://rdf-plantmetwiki.bioinformatics.nl/pathways/PC324_r17.0.0_20260520160610,heme b biosynthesis I (aerobic)
http://rdf-plantmetwiki.bioinformatics.nl/pathways/PC325_r17.0.0_20260520160610,carbon concentration mechanism (Chlamydomonas)
http://rdf-plantmetwiki.bioinformatics.nl/pathways/PC326_r17.0.0_20260520160610,(Z)-phenylmethanethial S-oxide biosynthesis
http://rdf-plantmetwiki.bioinformatics.nl/pathways/PC327_r17.0.0_20260520160610,lawsone biosynthesis
http://rdf-plantmetwiki.bioinformatics.nl/pathways/PC328_r17.0.0_20260520160610,diacylglycerol and triacylglycerol biosynthesis
http://rdf-plantmetwiki.bioinformatics.nl/pathways/PC329_r17.0.0_20260520160610,aromatic glucosinolate activation
http://rdf-plantmetwiki.bioinformatics.nl/pathways/PC32_r17.0.0_20260520160610,gibberellin biosynthesis II (early C-3 hydroxylation)
http://rdf-plantmetwiki.bioinformatics.nl/pathways/PC330_r17.0.0_20260520160610,"3,4-dihydroxymandelonitrile β-D-glucose biosynthesis"
http://rdf-plantmetwiki.bioinformatics.nl/pathways/PC331_r17.0.0_20260520160610,zeaxanthin biosynthesis
http://rdf-plantmetwiki.bioinformatics.nl/pathways/PC332_r17.0.0_20260520160610,superpathway of flavones and derivatives biosynthesis
http://rdf-plantmetwiki.bioinformatics.nl/pathways/PC333_r17.0.0_20260520160610,fatty acid α-oxidation I (plants)
http://rdf-plantmetwiki.bioinformatics.nl/pathways/PC334_r17.0.0_20260520160610,allantoin degradation to glyoxylate I
http://rdf-plantmetwiki.bioinformatics.nl/pathways/PC335_r17.0.0_20260520160610,NAD salvage (plants)
http://rdf-plantmetwiki.bioinformatics.nl/pathways/PC336_r17.0.0_20260520160610,lipid IVA biosynthesis (E. coli)
http://rdf-plantmetwiki.bioinformatics.nl/pathways/PC337_r17.0.0_20260520160610,flavonol acylglucoside biosynthesis I-kaempferol derivatives
http://rdf-plantmetwiki.bioinformatics.nl/pathways/PC338_r17.0.0_20260520160610,uracil degradation I (reductive)
http://rdf-plantmetwiki.bioinformatics.nl/pathways/PC339_r17.0.0_20260520160610,L-asparagine degradation I
http://rdf-plantmetwiki.bioinformatics.nl/pathways/PC33_r17.0.0_20260520160610,superpathway of choline biosynthesis
http://rdf-plantmetwiki.bioinformatics.nl/pathways/PC340_r17.0.0_20260520160610,cutin biosynthesis
http://rdf-plantmetwiki.bioinformatics.nl/pathways/PC341_r17.0.0_20260520160610,pyrimidine deoxyribonucleotides de novo biosynthesis II
http://rdf-plantmetwiki.bioinformatics.nl/pathways/PC342_r17.0.0_20260520160610,phloridzin biosynthesis
http://rdf-plantmetwiki.bioinformatics.nl/pathways/PC343_r17.0.0_20260520160610,chalcone 2'-O-glucoside biosynthesis
http://rdf-plantmetwiki.bioinformatics.nl/pathways/PC344_r17.0.0_20260520160610,gallate biosynthesis
http://rdf-plantmetwiki.bioinformatics.nl/pathways/PC345_r17.0.0_20260520160610,TCA cycle variation V (plant)
http://rdf-plantmetwiki.bioinformatics.nl/pathways/PC346_r17.0.0_20260520160610,superpathway of isoflavonoids (via naringenin)
http://rdf-plantmetwiki.bioinformatics.nl/pathways/PC347_r17.0.0_20260520160610,starch biosynthesis
http://rdf-plantmetwiki.bioinformatics.nl/pathways/PC348_r17.0.0_20260520160610,olivetol biosynthesis
http://rdf-plantmetwiki.bioinformatics.nl/pathways/PC349_r17.0.0_20260520160610,aerobic respiration III (alternative oxidase pathway)
http://rdf-plantmetwiki.bioinformatics.nl/pathways/PC34_r17.0.0_20260520160610,superpathway of acetyl-CoA biosynthesis
http://rdf-plantmetwiki.bioinformatics.nl/pathways/PC350_r17.0.0_20260520160610,long-chain fatty acid activation
http://rdf-plantmetwiki.bioinformatics.nl/pathways/PC351_r17.0.0_20260520160610,"phytocassanes biosynthesis, shared reactions"
http://rdf-plantmetwiki.bioinformatics.nl/pathways/PC352_r17.0.0_20260520160610,kaempferol diglycoside biosynthesis (pollen-specific)
http://rdf-plantmetwiki.bioinformatics.nl/pathways/PC353_r17.0.0_20260520160610,hypusine biosynthesis
http://rdf-plantmetwiki.bioinformatics.nl/pathways/PC354_r17.0.0_20260520160610,"benzoate biosynthesis III (CoA-dependent, non-β-oxidative)"
http://rdf-plantmetwiki.bioinformatics.nl/pathways/PC355_r17.0.0_20260520160610,superpathway of pterocarpan biosynthesis (via daidzein)
http://rdf-plantmetwiki.bioinformatics.nl/pathways/PC356_r17.0.0_20260520160610,quercetin glucoside biosynthesis (Allium)
http://rdf-plantmetwiki.bioinformatics.nl/pathways/PC357_r17.0.0_20260520160610,pinitol biosynthesis I
http://rdf-plantmetwiki.bioinformatics.nl/pathways/PC358_r17.0.0_20260520160610,Calvin-Benson-Bassham cycle
http://rdf-plantmetwiki.bioinformatics.nl/pathways/PC359_r17.0.0_20260520160610,"1D-myo-inositol hexakisphosphate biosynthesis V (from Ins(1,3,4)P3)"
http://rdf-plantmetwiki.bioinformatics.nl/pathways/PC35_r17.0.0_20260520160610,CA1P biosynthesis
http://rdf-plantmetwiki.bioinformatics.nl/pathways/PC360_r17.0.0_20260520160610,superpathway of anaerobic sucrose degradation
http://rdf-plantmetwiki.bioinformatics.nl/pathways/PC361_r17.0.0_20260520160610,isoflavonoid biosynthesis I
http://rdf-plantmetwiki.bioinformatics.nl/pathways/PC362_r17.0.0_20260520160610,superpathway of pyrimidine deoxyribonucleoside salvage
http://rdf-plantmetwiki.bioinformatics.nl/pathways/PC363_r17.0.0_20260520160610,crocetin biosynthesis
http://rdf-plantmetwiki.bioinformatics.nl/pathways/PC364_r17.0.0_20260520160610,cytokinins 9-N-glucoside biosynthesis
http://rdf-plantmetwiki.bioinformatics.nl/pathways/PC365_r17.0.0_20260520160610,cardenolide glucosides biosynthesis
http://rdf-plantmetwiki.bioinformatics.nl/pathways/PC366_r17.0.0_20260520160610,pyridoxal 5'-phosphate biosynthesis II
http://rdf-plantmetwiki.bioinformatics.nl/pathways/PC367_r17.0.0_20260520160610,seleno-amino acid detoxification and volatilization II
http://rdf-plantmetwiki.bioinformatics.nl/pathways/PC368_r17.0.0_20260520160610,cycloartenol biosynthesis
http://rdf-plantmetwiki.bioinformatics.nl/pathways/PC369_r17.0.0_20260520160610,nevadensin biosynthesis
http://rdf-plantmetwiki.bioinformatics.nl/pathways/PC36_r17.0.0_20260520160610,(3R)-linalool biosynthesis
http://rdf-plantmetwiki.bioinformatics.nl/pathways/PC370_r17.0.0_20260520160610,cornusiin E biosynthesis
http://rdf-plantmetwiki.bioinformatics.nl/pathways/PC371_r17.0.0_20260520160610,hydroxylated mugineic acid phytosiderophore biosynthesis
http://rdf-plantmetwiki.bioinformatics.nl/pathways/PC372_r17.0.0_20260520160610,capsidiol biosynthesis
http://rdf-plantmetwiki.bioinformatics.nl/pathways/PC373_r17.0.0_20260520160610,4-hydroxybenzoate biosynthesis IV (plants)
http://rdf-plantmetwiki.bioinformatics.nl/pathways/PC374_r17.0.0_20260520160610,inosine-5'-phosphate biosynthesis II
http://rdf-plantmetwiki.bioinformatics.nl/pathways/PC375_r17.0.0_20260520160610,L-arginine degradation VI (arginase 2 pathway)
http://rdf-plantmetwiki.bioinformatics.nl/pathways/PC376_r17.0.0_20260520160610,ethiin metabolism
http://rdf-plantmetwiki.bioinformatics.nl/pathways/PC377_r17.0.0_20260520160610,phosphatidylglycerol biosynthesis II
http://rdf-plantmetwiki.bioinformatics.nl/pathways/PC378_r17.0.0_20260520160610,dehydroabietic acid biosynthesis
http://rdf-plantmetwiki.bioinformatics.nl/pathways/PC379_r17.0.0_20260520160610,superpathway of rosmarinic acid biosynthesis
http://rdf-plantmetwiki.bioinformatics.nl/pathways/PC37_r17.0.0_20260520160610,glycerol-3-phosphate shuttle
http://rdf-plantmetwiki.bioinformatics.nl/pathways/PC380_r17.0.0_20260520160610,superpathway of bitter acids biosynthesis
http://rdf-plantmetwiki.bioinformatics.nl/pathways/PC381_r17.0.0_20260520160610,phosphate acquisition
http://rdf-plantmetwiki.bioinformatics.nl/pathways/PC382_r17.0.0_20260520160610,"2-carboxy-1,4-naphthoquinol biosynthesis"
http://rdf-plantmetwiki.bioinformatics.nl/pathways/PC383_r17.0.0_20260520160610,rot-2'-enonate biosynthesis
http://rdf-plantmetwiki.bioinformatics.nl/pathways/PC384_r17.0.0_20260520160610,putrescine biosynthesis I
http://rdf-plantmetwiki.bioinformatics.nl/pathways/PC385_r17.0.0_20260520160610,(-)-maackiain biosynthesis
http://rdf-plantmetwiki.bioinformatics.nl/pathways/PC386_r17.0.0_20260520160610,glyoxylate cycle
http://rdf-plantmetwiki.bioinformatics.nl/pathways/PC387_r17.0.0_20260520160610,lanosterol biosynthesis
http://rdf-plantmetwiki.bioinformatics.nl/pathways/PC388_r17.0.0_20260520160610,diploterol biosynthesis
http://rdf-plantmetwiki.bioinformatics.nl/pathways/PC389_r17.0.0_20260520160610,dalcochinin biosynthesis
http://rdf-plantmetwiki.bioinformatics.nl/pathways/PC38_r17.0.0_20260520160610,ophthalmate biosynthesis
http://rdf-plantmetwiki.bioinformatics.nl/pathways/PC390_r17.0.0_20260520160610,geranyl pyrophosphate biosynthesis
http://rdf-plantmetwiki.bioinformatics.nl/pathways/PC391_r17.0.0_20260520160610,anthocyanidin 3-malylglucoside biosynthesis (acyl-glucose dependent)
http://rdf-plantmetwiki.bioinformatics.nl/pathways/PC392_r17.0.0_20260520160610,ricinine degradation
http://rdf-plantmetwiki.bioinformatics.nl/pathways/PC393_r17.0.0_20260520160610,arctigenin and isoarctigenin biosynthesis
http://rdf-plantmetwiki.bioinformatics.nl/pathways/PC394_r17.0.0_20260520160610,4-aminobutanoate degradation I
http://rdf-plantmetwiki.bioinformatics.nl/pathways/PC395_r17.0.0_20260520160610,coumarin metabolism (to melilotic acid)
http://rdf-plantmetwiki.bioinformatics.nl/pathways/PC396_r17.0.0_20260520160610,lactucaxanthin biosynthesis
http://rdf-plantmetwiki.bioinformatics.nl/pathways/PC397_r17.0.0_20260520160610,magnoflorine biosynthesis
http://rdf-plantmetwiki.bioinformatics.nl/pathways/PC398_r17.0.0_20260520160610,sapienate biosynthesis
http://rdf-plantmetwiki.bioinformatics.nl/pathways/PC399_r17.0.0_20260520160610,monolignol glucosides biosynthesis
http://rdf-plantmetwiki.bioinformatics.nl/pathways/PC39_r17.0.0_20260520160610,starch degradation II
http://rdf-plantmetwiki.bioinformatics.nl/pathways/PC3_r17.0.0_20260520160610,stellariose and mediose biosynthesis
http://rdf-plantmetwiki.bioinformatics.nl/pathways/PC400_r17.0.0_20260520160610,allantoin degradation to ureidoglycolate II (ammonia producing)
http://rdf-plantmetwiki.bioinformatics.nl/pathways/PC401_r17.0.0_20260520160610,icosapentaenoate biosynthesis I (lower eukaryotes)
http://rdf-plantmetwiki.bioinformatics.nl/pathways/PC402_r17.0.0_20260520160610,coniferin metabolism
http://rdf-plantmetwiki.bioinformatics.nl/pathways/PC403_r17.0.0_20260520160610,(-)-glycinol biosynthesis
http://rdf-plantmetwiki.bioinformatics.nl/pathways/PC404_r17.0.0_20260520160610,quercetin glucoside degradation (Allium)
http://rdf-plantmetwiki.bioinformatics.nl/pathways/PC405_r17.0.0_20260520160610,nucleobase ascorbate transport I
http://rdf-plantmetwiki.bioinformatics.nl/pathways/PC406_r17.0.0_20260520160610,"3,5-dimethoxytoluene biosynthesis"
http://rdf-plantmetwiki.bioinformatics.nl/pathways/PC407_r17.0.0_20260520160610,"1,3,5-trimethoxybenzene biosynthesis"
http://rdf-plantmetwiki.bioinformatics.nl/pathways/PC408_r17.0.0_20260520160610,starch degradation I
http://rdf-plantmetwiki.bioinformatics.nl/pathways/PC409_r17.0.0_20260520160610,morphine biosynthesis
http://rdf-plantmetwiki.bioinformatics.nl/pathways/PC40_r17.0.0_20260520160610,emetine biosynthesis
http://rdf-plantmetwiki.bioinformatics.nl/pathways/PC410_r17.0.0_20260520160610,echinatin biosynthesis
http://rdf-plantmetwiki.bioinformatics.nl/pathways/PC411_r17.0.0_20260520160610,chlorophyll a degradation III
http://rdf-plantmetwiki.bioinformatics.nl/pathways/PC412_r17.0.0_20260520160610,phosphopantothenate biosynthesis II
http://rdf-plantmetwiki.bioinformatics.nl/pathways/PC413_r17.0.0_20260520160610,lysine degradation II
http://rdf-plantmetwiki.bioinformatics.nl/pathways/PC414_r17.0.0_20260520160610,glucosinolate biosynthesis from pentahomomethionine
http://rdf-plantmetwiki.bioinformatics.nl/pathways/PC415_r17.0.0_20260520160610,gossypol biosynthesis
http://rdf-plantmetwiki.bioinformatics.nl/pathways/PC416_r17.0.0_20260520160610,UDP-α-D-galacturonate biosynthesis I (from UDP-D-glucuronate)
http://rdf-plantmetwiki.bioinformatics.nl/pathways/PC417_r17.0.0_20260520160610,L-alanine degradation III
http://rdf-plantmetwiki.bioinformatics.nl/pathways/PC418_r17.0.0_20260520160610,guaiacol biosynthesis
http://rdf-plantmetwiki.bioinformatics.nl/pathways/PC419_r17.0.0_20260520160610,(R)-canadine biosynthesis
http://rdf-plantmetwiki.bioinformatics.nl/pathways/PC41_r17.0.0_20260520160610,steviol biosynthesis
http://rdf-plantmetwiki.bioinformatics.nl/pathways/PC420_r17.0.0_20260520160610,flavonol acylglucoside biosynthesis III-quercetin derivatives
http://rdf-plantmetwiki.bioinformatics.nl/pathways/PC421_r17.0.0_20260520160610,acetaldehyde biosynthesis I
http://rdf-plantmetwiki.bioinformatics.nl/pathways/PC422_r17.0.0_20260520160610,choline biosynthesis III
http://rdf-plantmetwiki.bioinformatics.nl/pathways/PC423_r17.0.0_20260520160610,salicortin biosynthesis
http://rdf-plantmetwiki.bioinformatics.nl/pathways/PC424_r17.0.0_20260520160610,punicate biosynthesis
http://rdf-plantmetwiki.bioinformatics.nl/pathways/PC425_r17.0.0_20260520160610,GDP-α-D-glucose biosynthesis
http://rdf-plantmetwiki.bioinformatics.nl/pathways/PC426_r17.0.0_20260520160610,superpathway of glycoalkaloid metabolism (Solanaceae)
http://rdf-plantmetwiki.bioinformatics.nl/pathways/PC427_r17.0.0_20260520160610,Amaryllidacea alkaloids biosynthesis
http://rdf-plantmetwiki.bioinformatics.nl/pathways/PC428_r17.0.0_20260520160610,"D-myo-inositol (1,3,4)-trisphosphate biosynthesis"
http://rdf-plantmetwiki.bioinformatics.nl/pathways/PC429_r17.0.0_20260520160610,ponciretin biosynthesis
http://rdf-plantmetwiki.bioinformatics.nl/pathways/PC42_r17.0.0_20260520160610,malonly-CoA biosynthesis via biotin-carboxyl carrier protein
http://rdf-plantmetwiki.bioinformatics.nl/pathways/PC430_r17.0.0_20260520160610,ornithine-citrulline shuttle
http://rdf-plantmetwiki.bioinformatics.nl/pathways/PC431_r17.0.0_20260520160610,indole degradation to anthranil and anthranilate
http://rdf-plantmetwiki.bioinformatics.nl/pathways/PC432_r17.0.0_20260520160610,cembratrienediol biosynthesis
http://rdf-plantmetwiki.bioinformatics.nl/pathways/PC433_r17.0.0_20260520160610,acacetin biosynthesis
http://rdf-plantmetwiki.bioinformatics.nl/pathways/PC434_r17.0.0_20260520160610,glutamate-glutamine shuttle
http://rdf-plantmetwiki.bioinformatics.nl/pathways/PC435_r17.0.0_20260520160610,linamarin biosynthesis
http://rdf-plantmetwiki.bioinformatics.nl/pathways/PC436_r17.0.0_20260520160610,jasmonoyl-amino acid conjugates biosynthesis I
http://rdf-plantmetwiki.bioinformatics.nl/pathways/PC437_r17.0.0_20260520160610,farnesene biosynthesis
http://rdf-plantmetwiki.bioinformatics.nl/pathways/PC438_r17.0.0_20260520160610,α-eleostearate biosynthesis
http://rdf-plantmetwiki.bioinformatics.nl/pathways/PC439_r17.0.0_20260520160610,mangrove triterpenoid biosynthesis
http://rdf-plantmetwiki.bioinformatics.nl/pathways/PC43_r17.0.0_20260520160610,thiazole component of thiamine pyrophosphate biosynthesis III
http://rdf-plantmetwiki.bioinformatics.nl/pathways/PC440_r17.0.0_20260520160610,photosynthesis light reactions I (plastocyanin)
http://rdf-plantmetwiki.bioinformatics.nl/pathways/PC441_r17.0.0_20260520160610,curcumin glucoside biosynthesis
http://rdf-plantmetwiki.bioinformatics.nl/pathways/PC442_r17.0.0_20260520160610,paclitaxel biosynthesis
http://rdf-plantmetwiki.bioinformatics.nl/pathways/PC443_r17.0.0_20260520160610,L-glutamate biosynthesis IV
http://rdf-plantmetwiki.bioinformatics.nl/pathways/PC444_r17.0.0_20260520160610,"oryzalexin A, B, and C biosynthesis"
http://rdf-plantmetwiki.bioinformatics.nl/pathways/PC445_r17.0.0_20260520160610,L-tryptophan biosynthesis
http://rdf-plantmetwiki.bioinformatics.nl/pathways/PC446_r17.0.0_20260520160610,quercetin triglucoside biosynthesis
http://rdf-plantmetwiki.bioinformatics.nl/pathways/PC447_r17.0.0_20260520160610,coumestrol biosynthesis
http://rdf-plantmetwiki.bioinformatics.nl/pathways/PC448_r17.0.0_20260520160610,salicylate glucosides biosynthesis IV
http://rdf-plantmetwiki.bioinformatics.nl/pathways/PC449_r17.0.0_20260520160610,very long chain fatty acid biosynthesis II
http://rdf-plantmetwiki.bioinformatics.nl/pathways/PC44_r17.0.0_20260520160610,phenylpropanoids methylation (ice plant)
http://rdf-plantmetwiki.bioinformatics.nl/pathways/PC450_r17.0.0_20260520160610,glucosinolate biosynthesis from hexahomomethionine
http://rdf-plantmetwiki.bioinformatics.nl/pathways/PC451_r17.0.0_20260520160610,"astaxanthin biosynthesis (bacteria, fungi, algae)"
http://rdf-plantmetwiki.bioinformatics.nl/pathways/PC452_r17.0.0_20260520160610,methylsalicylate biosynthesis
http://rdf-plantmetwiki.bioinformatics.nl/pathways/PC453_r17.0.0_20260520160610,glucosinolate activation
http://rdf-plantmetwiki.bioinformatics.nl/pathways/PC454_r17.0.0_20260520160610,leucopelargonidin and leucocyanidin biosynthesis
http://rdf-plantmetwiki.bioinformatics.nl/pathways/PC455_r17.0.0_20260520160610,tricetin methylation
http://rdf-plantmetwiki.bioinformatics.nl/pathways/PC456_r17.0.0_20260520160610,abscisic acid degradation to phaseic acid
http://rdf-plantmetwiki.bioinformatics.nl/pathways/PC457_r17.0.0_20260520160610,Fe(II)-nicotianamine transport in phloem
http://rdf-plantmetwiki.bioinformatics.nl/pathways/PC458_r17.0.0_20260520160610,spermine biosynthesis
http://rdf-plantmetwiki.bioinformatics.nl/pathways/PC459_r17.0.0_20260520160610,chrysin biosynthesis
http://rdf-plantmetwiki.bioinformatics.nl/pathways/PC45_r17.0.0_20260520160610,"1,3-β-D-glucan biosynthesis"
http://rdf-plantmetwiki.bioinformatics.nl/pathways/PC460_r17.0.0_20260520160610,UDP-β-L-arabinose biosynthesis II (from β-L-arabinose)
http://rdf-plantmetwiki.bioinformatics.nl/pathways/PC461_r17.0.0_20260520160610,UDP-α-D-xylose biosynthesis
http://rdf-plantmetwiki.bioinformatics.nl/pathways/PC462_r17.0.0_20260520160610,germacrene biosynthesis
http://rdf-plantmetwiki.bioinformatics.nl/pathways/PC463_r17.0.0_20260520160610,vitamin E biosynthesis (tocopherols)
http://rdf-plantmetwiki.bioinformatics.nl/pathways/PC464_r17.0.0_20260520160610,betanidin degradation
http://rdf-plantmetwiki.bioinformatics.nl/pathways/PC465_r17.0.0_20260520160610,superpathway of polymethylated quercetin/quercetagetin glucoside biosynthesis (Chrysosplenium)
http://rdf-plantmetwiki.bioinformatics.nl/pathways/PC466_r17.0.0_20260520160610,capsanthin and capsorubin biosynthesis
http://rdf-plantmetwiki.bioinformatics.nl/pathways/PC467_r17.0.0_20260520160610,superpathway of lipid-dependent phytate biosynthesis
http://rdf-plantmetwiki.bioinformatics.nl/pathways/PC468_r17.0.0_20260520160610,beta-carboline biosynthesis
http://rdf-plantmetwiki.bioinformatics.nl/pathways/PC469_r17.0.0_20260520160610,zealexin biosynthesis
http://rdf-plantmetwiki.bioinformatics.nl/pathways/PC46_r17.0.0_20260520160610,N-hydroxy-L-pipecolate biosynthesis
http://rdf-plantmetwiki.bioinformatics.nl/pathways/PC470_r17.0.0_20260520160610,labdenediol and sclareol biosynthesis
http://rdf-plantmetwiki.bioinformatics.nl/pathways/PC471_r17.0.0_20260520160610,delphinidin diglucoside biosynthesis (acyl-glucose dependent)
http://rdf-plantmetwiki.bioinformatics.nl/pathways/PC472_r17.0.0_20260520160610,L-Nδ-acetylornithine biosynthesis
http://rdf-plantmetwiki.bioinformatics.nl/pathways/PC473_r17.0.0_20260520160610,hinokinin biosynthesis
http://rdf-plantmetwiki.bioinformatics.nl/pathways/PC474_r17.0.0_20260520160610,sesquiterpenoid phytoalexins biosynthesis
http://rdf-plantmetwiki.bioinformatics.nl/pathways/PC475_r17.0.0_20260520160610,3-dehydroquinate biosynthesis I
http://rdf-plantmetwiki.bioinformatics.nl/pathways/PC476_r17.0.0_20260520160610,calystegine biosynthesis
http://rdf-plantmetwiki.bioinformatics.nl/pathways/PC477_r17.0.0_20260520160610,salvigenin biosynthesis
http://rdf-plantmetwiki.bioinformatics.nl/pathways/PC478_r17.0.0_20260520160610,γ-coniciene and coniine biosynthesis
http://rdf-plantmetwiki.bioinformatics.nl/pathways/PC479_r17.0.0_20260520160610,"trans, trans-farnesyl pyrophosphate biosynthesis"
http://rdf-plantmetwiki.bioinformatics.nl/pathways/PC47_r17.0.0_20260520160610,L-alanine biosynthesis II
http://rdf-plantmetwiki.bioinformatics.nl/pathways/PC480_r17.0.0_20260520160610,L-citrulline degradation
http://rdf-plantmetwiki.bioinformatics.nl/pathways/PC481_r17.0.0_20260520160610,cis-vaccenate biosynthesis
http://rdf-plantmetwiki.bioinformatics.nl/pathways/PC482_r17.0.0_20260520160610,1D-myo-inositol hexakisphosphate biosynthesis III (Spirodela polyrrhiza)
http://rdf-plantmetwiki.bioinformatics.nl/pathways/PC483_r17.0.0_20260520160610,"gibberellin biosynthesis I (non C-3, non C-13 hydroxylation)"
http://rdf-plantmetwiki.bioinformatics.nl/pathways/PC484_r17.0.0_20260520160610,xanthohumol biosynthesis
http://rdf-plantmetwiki.bioinformatics.nl/pathways/PC485_r17.0.0_20260520160610,guanosine ribonucleotides de novo biosynthesis
http://rdf-plantmetwiki.bioinformatics.nl/pathways/PC486_r17.0.0_20260520160610,ammonia assimilation cycle I
http://rdf-plantmetwiki.bioinformatics.nl/pathways/PC487_r17.0.0_20260520160610,thymine degradation
http://rdf-plantmetwiki.bioinformatics.nl/pathways/PC488_r17.0.0_20260520160610,juvenile hormone III biosynthesis I
http://rdf-plantmetwiki.bioinformatics.nl/pathways/PC489_r17.0.0_20260520160610,phylloquinol biosynthesis
http://rdf-plantmetwiki.bioinformatics.nl/pathways/PC48_r17.0.0_20260520160610,linamarin degradation
http://rdf-plantmetwiki.bioinformatics.nl/pathways/PC490_r17.0.0_20260520160610,gallotannin biosynthesis
http://rdf-plantmetwiki.bioinformatics.nl/pathways/PC491_r17.0.0_20260520160610,suberin monomers biosynthesis
http://rdf-plantmetwiki.bioinformatics.nl/pathways/PC492_r17.0.0_20260520160610,indole-3-acetate activation I
http://rdf-plantmetwiki.bioinformatics.nl/pathways/PC493_r17.0.0_20260520160610,medicarpin conjugates interconversion
http://rdf-plantmetwiki.bioinformatics.nl/pathways/PC494_r17.0.0_20260520160610,glutathione-glutaredoxin redox reactions
http://rdf-plantmetwiki.bioinformatics.nl/pathways/PC495_r17.0.0_20260520160610,superpathway of 1D-myo-inositol hexakisphosphate biosynthesis (plants)
http://rdf-plantmetwiki.bioinformatics.nl/pathways/PC496_r17.0.0_20260520160610,botryococcenes and methylated squalene biosynthesis
http://rdf-plantmetwiki.bioinformatics.nl/pathways/PC497_r17.0.0_20260520160610,B series fagopyritols biosynthesis
http://rdf-plantmetwiki.bioinformatics.nl/pathways/PC498_r17.0.0_20260520160610,UDP-α-D-galactose biosynthesis
http://rdf-plantmetwiki.bioinformatics.nl/pathways/PC499_r17.0.0_20260520160610,vestitol and sativan biosynthesis
http://rdf-plantmetwiki.bioinformatics.nl/pathways/PC49_r17.0.0_20260520160610,benzoylanthranilate biosynthesis
http://rdf-plantmetwiki.bioinformatics.nl/pathways/PC4_r17.0.0_20260520160610,chlorophyll a biosynthesis III
http://rdf-plantmetwiki.bioinformatics.nl/pathways/PC500_r17.0.0_20260520160610,carotenoid cleavage
http://rdf-plantmetwiki.bioinformatics.nl/pathways/PC501_r17.0.0_20260520160610,chlorogenic acid biosynthesis II
http://rdf-plantmetwiki.bioinformatics.nl/pathways/PC502_r17.0.0_20260520160610,GDP-L-galactose biosynthesis
http://rdf-plantmetwiki.bioinformatics.nl/pathways/PC503_r17.0.0_20260520160610,pinitol biosynthesis II
http://rdf-plantmetwiki.bioinformatics.nl/pathways/PC504_r17.0.0_20260520160610,monolignol biosynthesis
http://rdf-plantmetwiki.bioinformatics.nl/pathways/PC505_r17.0.0_20260520160610,amaranthin biosynthesis
http://rdf-plantmetwiki.bioinformatics.nl/pathways/PC506_r17.0.0_20260520160610,phytosterol biosynthesis (plants)
http://rdf-plantmetwiki.bioinformatics.nl/pathways/PC507_r17.0.0_20260520160610,shisonin biosynthesis
http://rdf-plantmetwiki.bioinformatics.nl/pathways/PC508_r17.0.0_20260520160610,8-oxo-(d)GTP detoxification I
http://rdf-plantmetwiki.bioinformatics.nl/pathways/PC509_r17.0.0_20260520160610,trichome monoterpenes biosynthesis
http://rdf-plantmetwiki.bioinformatics.nl/pathways/PC50_r17.0.0_20260520160610,superpathway of flavones and derivatives biosynthesis
http://rdf-plantmetwiki.bioinformatics.nl/pathways/PC510_r17.0.0_20260520160610,sophoraflavanone G biosynthesis
http://rdf-plantmetwiki.bioinformatics.nl/pathways/PC511_r17.0.0_20260520160610,cyanidin diglucoside biosynthesis (acyl-glucose dependent)
http://rdf-plantmetwiki.bioinformatics.nl/pathways/PC512_r17.0.0_20260520160610,"1,4-dihydroxy-2-naphthoate biosynthesis II (plants)"
http://rdf-plantmetwiki.bioinformatics.nl/pathways/PC513_r17.0.0_20260520160610,selinene biosynthesis
http://rdf-plantmetwiki.bioinformatics.nl/pathways/PC514_r17.0.0_20260520160610,acyl-[acyl-carrier protein] thioesterase pathway
http://rdf-plantmetwiki.bioinformatics.nl/pathways/PC515_r17.0.0_20260520160610,galactosylcyclitol biosynthesis
http://rdf-plantmetwiki.bioinformatics.nl/pathways/PC516_r17.0.0_20260520160610,"vindoline, vindorosine and vinblastine biosynthesis"
http://rdf-plantmetwiki.bioinformatics.nl/pathways/PC517_r17.0.0_20260520160610,oligomeric urushiol biosynthesis
http://rdf-plantmetwiki.bioinformatics.nl/pathways/PC518_r17.0.0_20260520160610,chitin degradation II (Vibrio)
http://rdf-plantmetwiki.bioinformatics.nl/pathways/PC519_r17.0.0_20260520160610,3-carene biosynthesis
http://rdf-plantmetwiki.bioinformatics.nl/pathways/PC51_r17.0.0_20260520160610,momilactone A biosynthesis
http://rdf-plantmetwiki.bioinformatics.nl/pathways/PC520_r17.0.0_20260520160610,hyperxanthone E biosynthesis
http://rdf-plantmetwiki.bioinformatics.nl/pathways/PC521_r17.0.0_20260520160610,2'-deoxymugineic acid phytosiderophore biosynthesis
http://rdf-plantmetwiki.bioinformatics.nl/pathways/PC522_r17.0.0_20260520160610,S-methyl-L-methionine cycle
http://rdf-plantmetwiki.bioinformatics.nl/pathways/PC523_r17.0.0_20260520160610,superpathway of scopolin and esculin biosynthesis
http://rdf-plantmetwiki.bioinformatics.nl/pathways/PC524_r17.0.0_20260520160610,sucrose biosynthesis I (from photosynthesis)
http://rdf-plantmetwiki.bioinformatics.nl/pathways/PC525_r17.0.0_20260520160610,inosine 5'-phosphate degradation
http://rdf-plantmetwiki.bioinformatics.nl/pathways/PC526_r17.0.0_20260520160610,UDP-glucose biosynthesis (from sucrose)
http://rdf-plantmetwiki.bioinformatics.nl/pathways/PC527_r17.0.0_20260520160610,4-aminobenzoate biosynthesis I
http://rdf-plantmetwiki.bioinformatics.nl/pathways/PC528_r17.0.0_20260520160610,CMP-3-deoxy-D-manno-octulosonate biosynthesis
http://rdf-plantmetwiki.bioinformatics.nl/pathways/PC529_r17.0.0_20260520160610,salicylate biosynthesis I
http://rdf-plantmetwiki.bioinformatics.nl/pathways/PC52_r17.0.0_20260520160610,L-methionine degradation I (to L-homocysteine)
http://rdf-plantmetwiki.bioinformatics.nl/pathways/PC530_r17.0.0_20260520160610,A series fagopyritols biosynthesis
http://rdf-plantmetwiki.bioinformatics.nl/pathways/PC531_r17.0.0_20260520160610,xylan biosynthesis
http://rdf-plantmetwiki.bioinformatics.nl/pathways/PC532_r17.0.0_20260520160610,2-oxoisovalerate decarboxylation to isobutanoyl-CoA
http://rdf-plantmetwiki.bioinformatics.nl/pathways/PC533_r17.0.0_20260520160610,superpathway of diterpene resin acids biosynthesis
http://rdf-plantmetwiki.bioinformatics.nl/pathways/PC534_r17.0.0_20260520160610,"violaxanthin, antheraxanthin and zeaxanthin interconversion"
http://rdf-plantmetwiki.bioinformatics.nl/pathways/PC535_r17.0.0_20260520160610,choline biosynthesis I
http://rdf-plantmetwiki.bioinformatics.nl/pathways/PC536_r17.0.0_20260520160610,superpathway of glandular trichomes produced diterpenoids (tobacco)
http://rdf-plantmetwiki.bioinformatics.nl/pathways/PC537_r17.0.0_20260520160610,ethanol degradation II
http://rdf-plantmetwiki.bioinformatics.nl/pathways/PC538_r17.0.0_20260520160610,anthocyanidin modification (Arabidopsis)
http://rdf-plantmetwiki.bioinformatics.nl/pathways/PC539_r17.0.0_20260520160610,S-methyl-5'-thioadenosine degradation I
http://rdf-plantmetwiki.bioinformatics.nl/pathways/PC53_r17.0.0_20260520160610,glucosinolate biosynthesis from trihomomethionine
http://rdf-plantmetwiki.bioinformatics.nl/pathways/PC540_r17.0.0_20260520160610,casbene biosynthesis
http://rdf-plantmetwiki.bioinformatics.nl/pathways/PC541_r17.0.0_20260520160610,genistin gentiobioside biosynthesis
http://rdf-plantmetwiki.bioinformatics.nl/pathways/PC542_r17.0.0_20260520160610,isoprene biosynthesis II (engineered)
http://rdf-plantmetwiki.bioinformatics.nl/pathways/PC543_r17.0.0_20260520160610,"dammara-20,24-diene biosynthesis"
http://rdf-plantmetwiki.bioinformatics.nl/pathways/PC544_r17.0.0_20260520160610,ajugose biosynthesis II (galactinol-independent)
http://rdf-plantmetwiki.bioinformatics.nl/pathways/PC545_r17.0.0_20260520160610,aloesone and aloesin biosynthesis
http://rdf-plantmetwiki.bioinformatics.nl/pathways/PC546_r17.0.0_20260520160610,fatty acid biosynthesis initiation (type II)
http://rdf-plantmetwiki.bioinformatics.nl/pathways/PC547_r17.0.0_20260520160610,cichoriin interconversion
http://rdf-plantmetwiki.bioinformatics.nl/pathways/PC548_r17.0.0_20260520160610,ammonium transport
http://rdf-plantmetwiki.bioinformatics.nl/pathways/PC549_r17.0.0_20260520160610,adenosine nucleotides degradation I
http://rdf-plantmetwiki.bioinformatics.nl/pathways/PC54_r17.0.0_20260520160610,yatein biosynthesis I
http://rdf-plantmetwiki.bioinformatics.nl/pathways/PC550_r17.0.0_20260520160610,L-isoleucine degradation I
http://rdf-plantmetwiki.bioinformatics.nl/pathways/PC551_r17.0.0_20260520160610,putrescine degradation IV
http://rdf-plantmetwiki.bioinformatics.nl/pathways/PC552_r17.0.0_20260520160610,fructan biosynthesis
http://rdf-plantmetwiki.bioinformatics.nl/pathways/PC553_r17.0.0_20260520160610,allantoin degradation to glyoxylate III
http://rdf-plantmetwiki.bioinformatics.nl/pathways/PC554_r17.0.0_20260520160610,berberine biosynthesis
http://rdf-plantmetwiki.bioinformatics.nl/pathways/PC555_r17.0.0_20260520160610,ppGpp metabolism
http://rdf-plantmetwiki.bioinformatics.nl/pathways/PC556_r17.0.0_20260520160610,thioredoxin pathway
http://rdf-plantmetwiki.bioinformatics.nl/pathways/PC557_r17.0.0_20260520160610,NAD de novo biosynthesis II (from tryptophan)
http://rdf-plantmetwiki.bioinformatics.nl/pathways/PC558_r17.0.0_20260520160610,choline degradation I
http://rdf-plantmetwiki.bioinformatics.nl/pathways/PC559_r17.0.0_20260520160610,lotaustralin biosynthesis
http://rdf-plantmetwiki.bioinformatics.nl/pathways/PC55_r17.0.0_20260520160610,rotenoid biosynthesis I
http://rdf-plantmetwiki.bioinformatics.nl/pathways/PC560_r17.0.0_20260520160610,pelargonidin conjugates biosynthesis
http://rdf-plantmetwiki.bioinformatics.nl/pathways/PC561_r17.0.0_20260520160610,brassinolide biosynthesis II
http://rdf-plantmetwiki.bioinformatics.nl/pathways/PC562_r17.0.0_20260520160610,superpathway of isoleucine and valine biosynthesis
http://rdf-plantmetwiki.bioinformatics.nl/pathways/PC563_r17.0.0_20260520160610,piperine biosynthesis
http://rdf-plantmetwiki.bioinformatics.nl/pathways/PC564_r17.0.0_20260520160610,curcumene biosynthesis
http://rdf-plantmetwiki.bioinformatics.nl/pathways/PC565_r17.0.0_20260520160610,epoxypseudoisoeugenol-2-methylbutanoate biosynthesis
http://rdf-plantmetwiki.bioinformatics.nl/pathways/PC566_r17.0.0_20260520160610,(4R)-carvone biosynthesis
http://rdf-plantmetwiki.bioinformatics.nl/pathways/PC567_r17.0.0_20260520160610,guanosine nucleotides degradation I
http://rdf-plantmetwiki.bioinformatics.nl/pathways/PC568_r17.0.0_20260520160610,maackiain conjugates interconversion
http://rdf-plantmetwiki.bioinformatics.nl/pathways/PC569_r17.0.0_20260520160610,aloin biosynthesis
http://rdf-plantmetwiki.bioinformatics.nl/pathways/PC56_r17.0.0_20260520160610,β-alanine betaine biosynthesis
http://rdf-plantmetwiki.bioinformatics.nl/pathways/PC570_r17.0.0_20260520160610,ginsenoside degradation III
http://rdf-plantmetwiki.bioinformatics.nl/pathways/PC571_r17.0.0_20260520160610,pyrimidine ribonucleosides salvage II
http://rdf-plantmetwiki.bioinformatics.nl/pathways/PC572_r17.0.0_20260520160610,betaxanthin biosynthesis (via dopamine)
http://rdf-plantmetwiki.bioinformatics.nl/pathways/PC573_r17.0.0_20260520160610,superpathway of gibberellin GA₁₂ biosynthesis
http://rdf-plantmetwiki.bioinformatics.nl/pathways/PC574_r17.0.0_20260520160610,monoacylsucrose biosynthesis (Solanum)
http://rdf-plantmetwiki.bioinformatics.nl/pathways/PC575_r17.0.0_20260520160610,rubber biosynthesis
http://rdf-plantmetwiki.bioinformatics.nl/pathways/PC576_r17.0.0_20260520160610,sakuranetin biosynthesis
http://rdf-plantmetwiki.bioinformatics.nl/pathways/PC577_r17.0.0_20260520160610,vernolate biosynthesis III
http://rdf-plantmetwiki.bioinformatics.nl/pathways/PC578_r17.0.0_20260520160610,salvianin biosynthesis
http://rdf-plantmetwiki.bioinformatics.nl/pathways/PC579_r17.0.0_20260520160610,vernolate biosynthesis I
http://rdf-plantmetwiki.bioinformatics.nl/pathways/PC57_r17.0.0_20260520160610,superpathway of methylsalicylate metabolism
http://rdf-plantmetwiki.bioinformatics.nl/pathways/PC580_r17.0.0_20260520160610,"benzoate biosynthesis II (CoA-independent, non-β-oxidative)"
http://rdf-plantmetwiki.bioinformatics.nl/pathways/PC581_r17.0.0_20260520160610,L-ornithine biosynthesis I
http://rdf-plantmetwiki.bioinformatics.nl/pathways/PC582_r17.0.0_20260520160610,sanguinarine and macarpine biosynthesis
http://rdf-plantmetwiki.bioinformatics.nl/pathways/PC583_r17.0.0_20260520160610,homospermidine biosynthesis I
http://rdf-plantmetwiki.bioinformatics.nl/pathways/PC584_r17.0.0_20260520160610,"phosphatidate metabolism, as a signaling molecule"
http://rdf-plantmetwiki.bioinformatics.nl/pathways/PC585_r17.0.0_20260520160610,superpathway of L-citrulline metabolism
http://rdf-plantmetwiki.bioinformatics.nl/pathways/PC586_r17.0.0_20260520160610,pyrimidine ribonucleosides salvage I
http://rdf-plantmetwiki.bioinformatics.nl/pathways/PC587_r17.0.0_20260520160610,glycine biosynthesis I
http://rdf-plantmetwiki.bioinformatics.nl/pathways/PC588_r17.0.0_20260520160610,formaldehyde oxidation II (glutathione-dependent)
http://rdf-plantmetwiki.bioinformatics.nl/pathways/PC589_r17.0.0_20260520160610,tuberonate glucoside biosynthesis
http://rdf-plantmetwiki.bioinformatics.nl/pathways/PC58_r17.0.0_20260520160610,6-methoxymellein biosynthesis
http://rdf-plantmetwiki.bioinformatics.nl/pathways/PC590_r17.0.0_20260520160610,Organic Nitrogen Assimilation
http://rdf-plantmetwiki.bioinformatics.nl/pathways/PC591_r17.0.0_20260520160610,lotaustralin degradation
http://rdf-plantmetwiki.bioinformatics.nl/pathways/PC592_r17.0.0_20260520160610,indole-3-acetate inactivation VIII
http://rdf-plantmetwiki.bioinformatics.nl/pathways/PC593_r17.0.0_20260520160610,canthaxanthin biosynthesis
http://rdf-plantmetwiki.bioinformatics.nl/pathways/PC594_r17.0.0_20260520160610,6-hydroxymethyl-dihydropterin pyrophosphate biosynthesis I
http://rdf-plantmetwiki.bioinformatics.nl/pathways/PC595_r17.0.0_20260520160610,UTP and CTP dephosphorylation I
http://rdf-plantmetwiki.bioinformatics.nl/pathways/PC596_r17.0.0_20260520160610,adenosine 5'-phosphoramidate biosynthesis
http://rdf-plantmetwiki.bioinformatics.nl/pathways/PC597_r17.0.0_20260520160610,L-selenocysteine biosynthesis II (archaea and eukaryotes)
http://rdf-plantmetwiki.bioinformatics.nl/pathways/PC598_r17.0.0_20260520160610,L-leucine biosynthesis
http://rdf-plantmetwiki.bioinformatics.nl/pathways/PC599_r17.0.0_20260520160610,baicalein degradation (hydrogen peroxide detoxification)
http://rdf-plantmetwiki.bioinformatics.nl/pathways/PC59_r17.0.0_20260520160610,glycolipid desaturation
http://rdf-plantmetwiki.bioinformatics.nl/pathways/PC5_r17.0.0_20260520160610,saponin biosynthesis III
http://rdf-plantmetwiki.bioinformatics.nl/pathways/PC600_r17.0.0_20260520160610,dimethylsulfoniopropanoate biosynthesis II (Spartina)
http://rdf-plantmetwiki.bioinformatics.nl/pathways/PC601_r17.0.0_20260520160610,tetrahydrofolate biosynthesis II
http://rdf-plantmetwiki.bioinformatics.nl/pathways/PC602_r17.0.0_20260520160610,costunolide biosynthesis
http://rdf-plantmetwiki.bioinformatics.nl/pathways/PC603_r17.0.0_20260520160610,urea cycle
http://rdf-plantmetwiki.bioinformatics.nl/pathways/PC604_r17.0.0_20260520160610,"superpathway of L-lysine, L-threonine and L-methionine biosynthesis II"
http://rdf-plantmetwiki.bioinformatics.nl/pathways/PC605_r17.0.0_20260520160610,α-carotene biosynthesis
http://rdf-plantmetwiki.bioinformatics.nl/pathways/PC606_r17.0.0_20260520160610,δ-guaiene biosynthesis
http://rdf-plantmetwiki.bioinformatics.nl/pathways/PC607_r17.0.0_20260520160610,superpathway of polyamine biosynthesis
http://rdf-plantmetwiki.bioinformatics.nl/pathways/PC608_r17.0.0_20260520160610,luteolin glycosides biosynthesis
http://rdf-plantmetwiki.bioinformatics.nl/pathways/PC609_r17.0.0_20260520160610,pinosylvin metabolism
http://rdf-plantmetwiki.bioinformatics.nl/pathways/PC60_r17.0.0_20260520160610,hydroxycinnamate sugar acid ester biosynthesis
http://rdf-plantmetwiki.bioinformatics.nl/pathways/PC610_r17.0.0_20260520160610,superoxide radicals degradation
http://rdf-plantmetwiki.bioinformatics.nl/pathways/PC611_r17.0.0_20260520160610,lipoate biosynthesis and incorporation I
http://rdf-plantmetwiki.bioinformatics.nl/pathways/PC612_r17.0.0_20260520160610,L-glutamate biosynthesis V
http://rdf-plantmetwiki.bioinformatics.nl/pathways/PC613_r17.0.0_20260520160610,dolabralexins biosynthesis
http://rdf-plantmetwiki.bioinformatics.nl/pathways/PC614_r17.0.0_20260520160610,cyanide detoxification I
http://rdf-plantmetwiki.bioinformatics.nl/pathways/PC615_r17.0.0_20260520160610,camalexin biosynthesis
http://rdf-plantmetwiki.bioinformatics.nl/pathways/PC616_r17.0.0_20260520160610,diterpene phytoalexins precursors biosynthesis
http://rdf-plantmetwiki.bioinformatics.nl/pathways/PC617_r17.0.0_20260520160610,glycerolipid acyl chain desaturation (Chlamydomonas)
http://rdf-plantmetwiki.bioinformatics.nl/pathways/PC618_r17.0.0_20260520160610,ternatin C3 biosynthesis
http://rdf-plantmetwiki.bioinformatics.nl/pathways/PC619_r17.0.0_20260520160610,chorismate biosynthesis I
http://rdf-plantmetwiki.bioinformatics.nl/pathways/PC61_r17.0.0_20260520160610,isoprene biosynthesis I
http://rdf-plantmetwiki.bioinformatics.nl/pathways/PC620_r17.0.0_20260520160610,tropane alkaloids biosynthesis
http://rdf-plantmetwiki.bioinformatics.nl/pathways/PC621_r17.0.0_20260520160610,coptisine biosynthesis
http://rdf-plantmetwiki.bioinformatics.nl/pathways/PC622_r17.0.0_20260520160610,superpathway of acylsucrose biosynthesis (wild tomato)
http://rdf-plantmetwiki.bioinformatics.nl/pathways/PC623_r17.0.0_20260520160610,kauralexin biosynthesis
http://rdf-plantmetwiki.bioinformatics.nl/pathways/PC624_r17.0.0_20260520160610,pyruvate fermentation to (S)-lactate
http://rdf-plantmetwiki.bioinformatics.nl/pathways/PC625_r17.0.0_20260520160610,superpathway of tetrahydrofolate biosynthesis
http://rdf-plantmetwiki.bioinformatics.nl/pathways/PC626_r17.0.0_20260520160610,siroheme biosynthesis
http://rdf-plantmetwiki.bioinformatics.nl/pathways/PC627_r17.0.0_20260520160610,sulfate activation for sulfonation
http://rdf-plantmetwiki.bioinformatics.nl/pathways/PC628_r17.0.0_20260520160610,methylerythritol phosphate pathway I
http://rdf-plantmetwiki.bioinformatics.nl/pathways/PC629_r17.0.0_20260520160610,capsaicin biosynthesis
http://rdf-plantmetwiki.bioinformatics.nl/pathways/PC62_r17.0.0_20260520160610,CDP-diacylglycerol biosynthesis I
http://rdf-plantmetwiki.bioinformatics.nl/pathways/PC630_r17.0.0_20260520160610,D-sorbitol degradation I
http://rdf-plantmetwiki.bioinformatics.nl/pathways/PC631_r17.0.0_20260520160610,ricinoleate biosynthesis
http://rdf-plantmetwiki.bioinformatics.nl/pathways/PC632_r17.0.0_20260520160610,aerobic respiration I (cytochrome c)
http://rdf-plantmetwiki.bioinformatics.nl/pathways/PC633_r17.0.0_20260520160610,sucrose biosynthesis II
http://rdf-plantmetwiki.bioinformatics.nl/pathways/PC634_r17.0.0_20260520160610,taxadiene biosynthesis (engineered)
http://rdf-plantmetwiki.bioinformatics.nl/pathways/PC635_r17.0.0_20260520160610,chlorophyll a biosynthesis I
http://rdf-plantmetwiki.bioinformatics.nl/pathways/PC636_r17.0.0_20260520160610,betacyanin biosynthesis (via dopamine)
http://rdf-plantmetwiki.bioinformatics.nl/pathways/PC637_r17.0.0_20260520160610,labdane-type diterpenes biosynthesis
http://rdf-plantmetwiki.bioinformatics.nl/pathways/PC638_r17.0.0_20260520160610,superpathway of ammonia assimilation (plants)
http://rdf-plantmetwiki.bioinformatics.nl/pathways/PC639_r17.0.0_20260520160610,alliin metabolism
http://rdf-plantmetwiki.bioinformatics.nl/pathways/PC63_r17.0.0_20260520160610,formononetin biosynthesis
http://rdf-plantmetwiki.bioinformatics.nl/pathways/PC640_r17.0.0_20260520160610,lathyrine biosynthesis
http://rdf-plantmetwiki.bioinformatics.nl/pathways/PC641_r17.0.0_20260520160610,superpathway of guanosine nucleotides degradation (plants)
http://rdf-plantmetwiki.bioinformatics.nl/pathways/PC642_r17.0.0_20260520160610,kievitone biosynthesis
http://rdf-plantmetwiki.bioinformatics.nl/pathways/PC643_r17.0.0_20260520160610,UDP-N-acetyl-D-glucosamine biosynthesis II
http://rdf-plantmetwiki.bioinformatics.nl/pathways/PC644_r17.0.0_20260520160610,ent-kaurene biosynthesis II
http://rdf-plantmetwiki.bioinformatics.nl/pathways/PC645_r17.0.0_20260520160610,superpathway of L-isoleucine biosynthesis I
http://rdf-plantmetwiki.bioinformatics.nl/pathways/PC646_r17.0.0_20260520160610,phosphatidylethanolamine biosynthesis II
http://rdf-plantmetwiki.bioinformatics.nl/pathways/PC647_r17.0.0_20260520160610,L-asparagine biosynthesis I
http://rdf-plantmetwiki.bioinformatics.nl/pathways/PC648_r17.0.0_20260520160610,ajmaline and sarpagine biosynthesis
http://rdf-plantmetwiki.bioinformatics.nl/pathways/PC649_r17.0.0_20260520160610,phenylethanol biosynthesis
http://rdf-plantmetwiki.bioinformatics.nl/pathways/PC64_r17.0.0_20260520160610,taxiphyllin bioactivation
http://rdf-plantmetwiki.bioinformatics.nl/pathways/PC650_r17.0.0_20260520160610,ω-hydroxylation of laurate
http://rdf-plantmetwiki.bioinformatics.nl/pathways/PC651_r17.0.0_20260520160610,yatein biosynthesis II
http://rdf-plantmetwiki.bioinformatics.nl/pathways/PC652_r17.0.0_20260520160610,polymethylated quercetin glucoside biosynthesis I-quercetin series (Chrysosplenium)
http://rdf-plantmetwiki.bioinformatics.nl/pathways/PC653_r17.0.0_20260520160610,luteolin triglucuronide degradation
http://rdf-plantmetwiki.bioinformatics.nl/pathways/PC654_r17.0.0_20260520160610,superpathway of hydrolyzable tannin biosynthesis
http://rdf-plantmetwiki.bioinformatics.nl/pathways/PC655_r17.0.0_20260520160610,L-valine biosynthesis
http://rdf-plantmetwiki.bioinformatics.nl/pathways/PC656_r17.0.0_20260520160610,santalene biosynthesis I
http://rdf-plantmetwiki.bioinformatics.nl/pathways/PC657_r17.0.0_20260520160610,caffeoylglucarate biosynthesis
http://rdf-plantmetwiki.bioinformatics.nl/pathways/PC658_r17.0.0_20260520160610,"L-phenylalanine biosynthesis III (cytosolic, plants)"
http://rdf-plantmetwiki.bioinformatics.nl/pathways/PC659_r17.0.0_20260520160610,sulfur volatiles biosynthesis
http://rdf-plantmetwiki.bioinformatics.nl/pathways/PC65_r17.0.0_20260520160610,acridone alkaloid biosynthesis
http://rdf-plantmetwiki.bioinformatics.nl/pathways/PC660_r17.0.0_20260520160610,prunasin and amygdalin biosynthesis
http://rdf-plantmetwiki.bioinformatics.nl/pathways/PC661_r17.0.0_20260520160610,solasodine glycosylation
http://rdf-plantmetwiki.bioinformatics.nl/pathways/PC662_r17.0.0_20260520160610,nitrate reduction II (assimilatory)
http://rdf-plantmetwiki.bioinformatics.nl/pathways/PC663_r17.0.0_20260520160610,betacyanin biosynthesis
http://rdf-plantmetwiki.bioinformatics.nl/pathways/PC664_r17.0.0_20260520160610,homocysteine and cysteine interconversion
http://rdf-plantmetwiki.bioinformatics.nl/pathways/PC665_r17.0.0_20260520160610,ethene biosynthesis I (plants)
http://rdf-plantmetwiki.bioinformatics.nl/pathways/PC666_r17.0.0_20260520160610,gibberellin inactivation I (2β-hydroxylation)
http://rdf-plantmetwiki.bioinformatics.nl/pathways/PC667_r17.0.0_20260520160610,neoxanthin biosynthesis
http://rdf-plantmetwiki.bioinformatics.nl/pathways/PC668_r17.0.0_20260520160610,salicylate glucosides biosynthesis III
http://rdf-plantmetwiki.bioinformatics.nl/pathways/PC669_r17.0.0_20260520160610,L-cysteine biosynthesis I
http://rdf-plantmetwiki.bioinformatics.nl/pathways/PC66_r17.0.0_20260520160610,purine uptake
http://rdf-plantmetwiki.bioinformatics.nl/pathways/PC670_r17.0.0_20260520160610,phytochromobilin biosynthesis
http://rdf-plantmetwiki.bioinformatics.nl/pathways/PC671_r17.0.0_20260520160610,hordatine biosynthesis
http://rdf-plantmetwiki.bioinformatics.nl/pathways/PC672_r17.0.0_20260520160610,phenylpropanoid volatiles glycoconjugation (tomato)
http://rdf-plantmetwiki.bioinformatics.nl/pathways/PC673_r17.0.0_20260520160610,pelargonidin diglucoside biosynthesis (acyl-glucose dependent)
http://rdf-plantmetwiki.bioinformatics.nl/pathways/PC674_r17.0.0_20260520160610,indole glucosinolate activation (herbivore attack)
http://rdf-plantmetwiki.bioinformatics.nl/pathways/PC675_r17.0.0_20260520160610,quercetin glycoside biosynthesis (Arabidopsis)
http://rdf-plantmetwiki.bioinformatics.nl/pathways/PC676_r17.0.0_20260520160610,pinocembrin C-glucosylation
http://rdf-plantmetwiki.bioinformatics.nl/pathways/PC677_r17.0.0_20260520160610,avenacin A-1 biosynthesis
http://rdf-plantmetwiki.bioinformatics.nl/pathways/PC678_r17.0.0_20260520160610,kaempferide triglycoside biosynthesis
http://rdf-plantmetwiki.bioinformatics.nl/pathways/PC679_r17.0.0_20260520160610,abscisic acid degradation by glucosylation
http://rdf-plantmetwiki.bioinformatics.nl/pathways/PC67_r17.0.0_20260520160610,L-arginine biosynthesis II (acetyl cycle)
http://rdf-plantmetwiki.bioinformatics.nl/pathways/PC680_r17.0.0_20260520160610,indole-3-acetate inactivation V
http://rdf-plantmetwiki.bioinformatics.nl/pathways/PC681_r17.0.0_20260520160610,stachyose biosynthesis
http://rdf-plantmetwiki.bioinformatics.nl/pathways/PC682_r17.0.0_20260520160610,phenylethanol glycoconjugate biosynthesis
http://rdf-plantmetwiki.bioinformatics.nl/pathways/PC683_r17.0.0_20260520160610,rosmarinic acid biosynthesis II
http://rdf-plantmetwiki.bioinformatics.nl/pathways/PC684_r17.0.0_20260520160610,hydroxyjasmonate sulfate biosynthesis
http://rdf-plantmetwiki.bioinformatics.nl/pathways/PC685_r17.0.0_20260520160610,pterostilbene biosynthesis
http://rdf-plantmetwiki.bioinformatics.nl/pathways/PC686_r17.0.0_20260520160610,galactolipid biosynthesis I
http://rdf-plantmetwiki.bioinformatics.nl/pathways/PC687_r17.0.0_20260520160610,heme degradation I
http://rdf-plantmetwiki.bioinformatics.nl/pathways/PC688_r17.0.0_20260520160610,ent-kaurene biosynthesis I
http://rdf-plantmetwiki.bioinformatics.nl/pathways/PC689_r17.0.0_20260520160610,calmodulin regulated calcium transport
http://rdf-plantmetwiki.bioinformatics.nl/pathways/PC68_r17.0.0_20260520160610,glycyrrhetinate biosynthesis
http://rdf-plantmetwiki.bioinformatics.nl/pathways/PC690_r17.0.0_20260520160610,calycosin 7-O-glucoside biosynthesis
http://rdf-plantmetwiki.bioinformatics.nl/pathways/PC691_r17.0.0_20260520160610,geranylgeranyl pyrophosphate biosynthesis
http://rdf-plantmetwiki.bioinformatics.nl/pathways/PC692_r17.0.0_20260520160610,proanthocyanidins biosynthesis from flavanols
http://rdf-plantmetwiki.bioinformatics.nl/pathways/PC693_r17.0.0_20260520160610,protein N-glycosylation initial phase (eukaryotic)
http://rdf-plantmetwiki.bioinformatics.nl/pathways/PC694_r17.0.0_20260520160610,S-methyl-5-thio-α-D-ribose 1-phosphate degradation I
http://rdf-plantmetwiki.bioinformatics.nl/pathways/PC695_r17.0.0_20260520160610,stearate biosynthesis II (bacteria and plants)
http://rdf-plantmetwiki.bioinformatics.nl/pathways/PC696_r17.0.0_20260520160610,indole-3-acetate inactivation VIII
http://rdf-plantmetwiki.bioinformatics.nl/pathways/PC697_r17.0.0_20260520160610,esculetin modification
http://rdf-plantmetwiki.bioinformatics.nl/pathways/PC698_r17.0.0_20260520160610,D-serine degradation
http://rdf-plantmetwiki.bioinformatics.nl/pathways/PC699_r17.0.0_20260520160610,GDP-mannose biosynthesis
http://rdf-plantmetwiki.bioinformatics.nl/pathways/PC69_r17.0.0_20260520160610,superpathway of branched chain amino acid biosynthesis
http://rdf-plantmetwiki.bioinformatics.nl/pathways/PC6_r17.0.0_20260520160610,L-glutamate degradation I
http://rdf-plantmetwiki.bioinformatics.nl/pathways/PC700_r17.0.0_20260520160610,rotenoid biosynthesis II
http://rdf-plantmetwiki.bioinformatics.nl/pathways/PC701_r17.0.0_20260520160610,pyruvate fermentation to acetoin
http://rdf-plantmetwiki.bioinformatics.nl/pathways/PC702_r17.0.0_20260520160610,geranyl acetate biosynthesis
http://rdf-plantmetwiki.bioinformatics.nl/pathways/PC703_r17.0.0_20260520160610,fatty acid β-oxidation II (plant peroxisome)
http://rdf-plantmetwiki.bioinformatics.nl/pathways/PC704_r17.0.0_20260520160610,oleoresin monoterpene volatiles biosynthesis
http://rdf-plantmetwiki.bioinformatics.nl/pathways/PC705_r17.0.0_20260520160610,superpathway of fermentation (Chlamydomonas reinhardtii)
http://rdf-plantmetwiki.bioinformatics.nl/pathways/PC706_r17.0.0_20260520160610,hydroxylated fatty acid biosynthesis (plants)
http://rdf-plantmetwiki.bioinformatics.nl/pathways/PC707_r17.0.0_20260520160610,UDP-β-L-rhamnose biosynthesis
http://rdf-plantmetwiki.bioinformatics.nl/pathways/PC708_r17.0.0_20260520160610,guanine and guanosine salvage II
http://rdf-plantmetwiki.bioinformatics.nl/pathways/PC709_r17.0.0_20260520160610,L-ascorbate degradation III
http://rdf-plantmetwiki.bioinformatics.nl/pathways/PC70_r17.0.0_20260520160610,vitamin E biosynthesis (tocotrienols)
http://rdf-plantmetwiki.bioinformatics.nl/pathways/PC710_r17.0.0_20260520160610,6'-deoxychalcone metabolism
http://rdf-plantmetwiki.bioinformatics.nl/pathways/PC711_r17.0.0_20260520160610,patchoulol biosynthesis
http://rdf-plantmetwiki.bioinformatics.nl/pathways/PC712_r17.0.0_20260520160610,hydroxycinnamic acid tyramine amides biosynthesis
http://rdf-plantmetwiki.bioinformatics.nl/pathways/PC713_r17.0.0_20260520160610,acylated cyanidin galactoside biosynthesis
http://rdf-plantmetwiki.bioinformatics.nl/pathways/PC714_r17.0.0_20260520160610,phosphatidylinositol biosynthesis II (eukaryotes)
http://rdf-plantmetwiki.bioinformatics.nl/pathways/PC715_r17.0.0_20260520160610,indole-3-acetate biosynthesis I
http://rdf-plantmetwiki.bioinformatics.nl/pathways/PC716_r17.0.0_20260520160610,nonaprenyl pyrophosphate biosynthesis II
http://rdf-plantmetwiki.bioinformatics.nl/pathways/PC717_r17.0.0_20260520160610,seleno-amino acid biosynthesis (plants)
http://rdf-plantmetwiki.bioinformatics.nl/pathways/PC718_r17.0.0_20260520160610,"2,3-cis-flavanols biosynthesis"
http://rdf-plantmetwiki.bioinformatics.nl/pathways/PC719_r17.0.0_20260520160610,ω-hydroxylation of caprate and laurate
http://rdf-plantmetwiki.bioinformatics.nl/pathways/PC71_r17.0.0_20260520160610,L-asparagine biosynthesis III (tRNA-dependent)
http://rdf-plantmetwiki.bioinformatics.nl/pathways/PC720_r17.0.0_20260520160610,rose anthocyanin biosynthesis I (via cyanidin 5-O-β-D-glucoside)
http://rdf-plantmetwiki.bioinformatics.nl/pathways/PC721_r17.0.0_20260520160610,superpathway of phylloquinol biosynthesis
http://rdf-plantmetwiki.bioinformatics.nl/pathways/PC722_r17.0.0_20260520160610,glucosinolate biosynthesis from tryptophan
http://rdf-plantmetwiki.bioinformatics.nl/pathways/PC723_r17.0.0_20260520160610,L-glutamate degradation IV
http://rdf-plantmetwiki.bioinformatics.nl/pathways/PC724_r17.0.0_20260520160610,afrormosin conjugates interconversion
http://rdf-plantmetwiki.bioinformatics.nl/pathways/PC725_r17.0.0_20260520160610,galloylated catechin biosynthesis
http://rdf-plantmetwiki.bioinformatics.nl/pathways/PC726_r17.0.0_20260520160610,pentagalloylglucose biosynthesis
http://rdf-plantmetwiki.bioinformatics.nl/pathways/PC727_r17.0.0_20260520160610,justicidin B biosynthesis
http://rdf-plantmetwiki.bioinformatics.nl/pathways/PC728_r17.0.0_20260520160610,farnesylcysteine salvage pathway
http://rdf-plantmetwiki.bioinformatics.nl/pathways/PC729_r17.0.0_20260520160610,curcuminoid biosynthesis
http://rdf-plantmetwiki.bioinformatics.nl/pathways/PC72_r17.0.0_20260520160610,wax esters biosynthesis II
http://rdf-plantmetwiki.bioinformatics.nl/pathways/PC730_r17.0.0_20260520160610,sciadonate biosynthesis
http://rdf-plantmetwiki.bioinformatics.nl/pathways/PC731_r17.0.0_20260520160610,peonidin and derivatives biosynthesis
http://rdf-plantmetwiki.bioinformatics.nl/pathways/PC732_r17.0.0_20260520160610,indole-3-acetate inactivation IV
http://rdf-plantmetwiki.bioinformatics.nl/pathways/PC733_r17.0.0_20260520160610,superpathway of pyrimidine deoxyribonucleotides de novo biosynthesis (E. coli)
http://rdf-plantmetwiki.bioinformatics.nl/pathways/PC734_r17.0.0_20260520160610,"fatty acid β-oxidation III (unsaturated, odd number)"
http://rdf-plantmetwiki.bioinformatics.nl/pathways/PC735_r17.0.0_20260520160610,isopimaric acid biosynthesis
http://rdf-plantmetwiki.bioinformatics.nl/pathways/PC736_r17.0.0_20260520160610,palmitate biosynthesis II (type II fatty acid synthase)
http://rdf-plantmetwiki.bioinformatics.nl/pathways/PC737_r17.0.0_20260520160610,putrescine biosynthesis II
http://rdf-plantmetwiki.bioinformatics.nl/pathways/PC738_r17.0.0_20260520160610,(+)-pisatin biosynthesis
http://rdf-plantmetwiki.bioinformatics.nl/pathways/PC739_r17.0.0_20260520160610,zymosterol biosynthesis
http://rdf-plantmetwiki.bioinformatics.nl/pathways/PC73_r17.0.0_20260520160610,adlupulone and adhumulone biosynthesis
http://rdf-plantmetwiki.bioinformatics.nl/pathways/PC740_r17.0.0_20260520160610,L-alanine biosynthesis III
http://rdf-plantmetwiki.bioinformatics.nl/pathways/PC741_r17.0.0_20260520160610,"26,27-dehydrozymosterol metabolism"
http://rdf-plantmetwiki.bioinformatics.nl/pathways/PC742_r17.0.0_20260520160610,assimilatory sulfate reduction II
http://rdf-plantmetwiki.bioinformatics.nl/pathways/PC743_r17.0.0_20260520160610,superpathway of geranylgeranyl pyrophosphate biosynthesis II (via MEP)
http://rdf-plantmetwiki.bioinformatics.nl/pathways/PC744_r17.0.0_20260520160610,trichloroethene degradation
http://rdf-plantmetwiki.bioinformatics.nl/pathways/PC745_r17.0.0_20260520160610,lupinate biosynthesis
http://rdf-plantmetwiki.bioinformatics.nl/pathways/PC746_r17.0.0_20260520160610,chlorophyll a biosynthesis II
http://rdf-plantmetwiki.bioinformatics.nl/pathways/PC747_r17.0.0_20260520160610,"(3E)-4,8-dimethylnona-1,3,7-triene biosynthesis I"
http://rdf-plantmetwiki.bioinformatics.nl/pathways/PC748_r17.0.0_20260520160610,"L-ascorbate biosynthesis I (plants, L-galactose pathway)"
http://rdf-plantmetwiki.bioinformatics.nl/pathways/PC749_r17.0.0_20260520160610,photorespiration I
http://rdf-plantmetwiki.bioinformatics.nl/pathways/PC74_r17.0.0_20260520160610,phytochelatins biosynthesis
http://rdf-plantmetwiki.bioinformatics.nl/pathways/PC750_r17.0.0_20260520160610,L-arginine degradation V (arginine deiminase pathway)
http://rdf-plantmetwiki.bioinformatics.nl/pathways/PC751_r17.0.0_20260520160610,4-aminobutanoate degradation IV
http://rdf-plantmetwiki.bioinformatics.nl/pathways/PC752_r17.0.0_20260520160610,dTDP-L-rhamnose biosynthesis II
http://rdf-plantmetwiki.bioinformatics.nl/pathways/PC753_r17.0.0_20260520160610,rose anthocyanin biosynthesis II (via cyanidin 3-O-β-D-glucoside)
http://rdf-plantmetwiki.bioinformatics.nl/pathways/PC754_r17.0.0_20260520160610,hinokiresinol biosynthesis
http://rdf-plantmetwiki.bioinformatics.nl/pathways/PC755_r17.0.0_20260520160610,6-gingerol analog biosynthesis (engineered)
http://rdf-plantmetwiki.bioinformatics.nl/pathways/PC756_r17.0.0_20260520160610,S-adenosyl-L-methionine biosynthesis
http://rdf-plantmetwiki.bioinformatics.nl/pathways/PC757_r17.0.0_20260520160610,pentose phosphate pathway (non-oxidative branch) I
http://rdf-plantmetwiki.bioinformatics.nl/pathways/PC758_r17.0.0_20260520160610,coumarin biosynthesis (via 2-coumarate)
http://rdf-plantmetwiki.bioinformatics.nl/pathways/PC759_r17.0.0_20260520160610,adenosine ribonucleotides de novo biosynthesis
http://rdf-plantmetwiki.bioinformatics.nl/pathways/PC75_r17.0.0_20260520160610,ergosterol biosynthesis II
http://rdf-plantmetwiki.bioinformatics.nl/pathways/PC760_r17.0.0_20260520160610,Inorganic Nitrogen Assimilation
http://rdf-plantmetwiki.bioinformatics.nl/pathways/PC761_r17.0.0_20260520160610,(5Z)-icosenoate biosynthesis
http://rdf-plantmetwiki.bioinformatics.nl/pathways/PC762_r17.0.0_20260520160610,rosmarinic acid biosynthesis I
http://rdf-plantmetwiki.bioinformatics.nl/pathways/PC763_r17.0.0_20260520160610,phenylethyl acetate biosynthesis
http://rdf-plantmetwiki.bioinformatics.nl/pathways/PC764_r17.0.0_20260520160610,superpathway of jasmonoyl-amino acid conjugates biosynthesis
http://rdf-plantmetwiki.bioinformatics.nl/pathways/PC765_r17.0.0_20260520160610,glyceollin biosynthesis
http://rdf-plantmetwiki.bioinformatics.nl/pathways/PC766_r17.0.0_20260520160610,methylerythritol phosphate pathway II
http://rdf-plantmetwiki.bioinformatics.nl/pathways/PC767_r17.0.0_20260520160610,superpathway of purine nucleotides de novo biosynthesis I
http://rdf-plantmetwiki.bioinformatics.nl/pathways/PC768_r17.0.0_20260520160610,L-serine biosynthesis II
http://rdf-plantmetwiki.bioinformatics.nl/pathways/PC769_r17.0.0_20260520160610,menthol biosynthesis
http://rdf-plantmetwiki.bioinformatics.nl/pathways/PC76_r17.0.0_20260520160610,D-serine metabolism
http://rdf-plantmetwiki.bioinformatics.nl/pathways/PC770_r17.0.0_20260520160610,fatty acid biosynthesis initiation (plant mitochondria)
http://rdf-plantmetwiki.bioinformatics.nl/pathways/PC771_r17.0.0_20260520160610,orientin and isoorientin biosynthesis I
http://rdf-plantmetwiki.bioinformatics.nl/pathways/PC772_r17.0.0_20260520160610,eugenol and isoeugenol biosynthesis
http://rdf-plantmetwiki.bioinformatics.nl/pathways/PC773_r17.0.0_20260520160610,camptothecin biosynthesis
http://rdf-plantmetwiki.bioinformatics.nl/pathways/PC774_r17.0.0_20260520160610,pyruvate decarboxylation to acetyl CoA I
http://rdf-plantmetwiki.bioinformatics.nl/pathways/PC775_r17.0.0_20260520160610,fenchone biosynthesis
http://rdf-plantmetwiki.bioinformatics.nl/pathways/PC776_r17.0.0_20260520160610,gentisate 5-O-β-D-xylopyranoside biosynthesis
http://rdf-plantmetwiki.bioinformatics.nl/pathways/PC777_r17.0.0_20260520160610,kaempferol glycoside biosynthesis (Arabidopsis)
http://rdf-plantmetwiki.bioinformatics.nl/pathways/PC778_r17.0.0_20260520160610,indole glucosinolate activation (intact plant cell)
http://rdf-plantmetwiki.bioinformatics.nl/pathways/PC779_r17.0.0_20260520160610,superpathway of benzoxazinoid glucosides biosynthesis
http://rdf-plantmetwiki.bioinformatics.nl/pathways/PC77_r17.0.0_20260520160610,"L-ascorbate biosynthesis II (plants, L-gulose pathway)"
http://rdf-plantmetwiki.bioinformatics.nl/pathways/PC780_r17.0.0_20260520160610,"cyanidin 3,7-diglucoside polyacylation biosynthesis"
http://rdf-plantmetwiki.bioinformatics.nl/pathways/PC781_r17.0.0_20260520160610,β-caryophyllene biosynthesis
http://rdf-plantmetwiki.bioinformatics.nl/pathways/PC782_r17.0.0_20260520160610,acetaldehyde biosynthesis II
http://rdf-plantmetwiki.bioinformatics.nl/pathways/PC783_r17.0.0_20260520160610,flavonol acylglucoside biosynthesis II-isorhamnetin derivatives
http://rdf-plantmetwiki.bioinformatics.nl/pathways/PC784_r17.0.0_20260520160610,crocetin esters biosynthesis
http://rdf-plantmetwiki.bioinformatics.nl/pathways/PC785_r17.0.0_20260520160610,α-amyrin biosynthesis
http://rdf-plantmetwiki.bioinformatics.nl/pathways/PC786_r17.0.0_20260520160610,abscisic acid biosynthesis
http://rdf-plantmetwiki.bioinformatics.nl/pathways/PC787_r17.0.0_20260520160610,ascorbate glutathione cycle
http://rdf-plantmetwiki.bioinformatics.nl/pathways/PC788_r17.0.0_20260520160610,D-myo-inositol-5-phosphate metabolism
http://rdf-plantmetwiki.bioinformatics.nl/pathways/PC789_r17.0.0_20260520160610,aloenin biosynthesis
http://rdf-plantmetwiki.bioinformatics.nl/pathways/PC78_r17.0.0_20260520160610,bixin biosynthesis
http://rdf-plantmetwiki.bioinformatics.nl/pathways/PC790_r17.0.0_20260520160610,choline biosynthesis II
http://rdf-plantmetwiki.bioinformatics.nl/pathways/PC791_r17.0.0_20260520160610,polymethylated quercetin glucoside biosynthesis II-quercetagetin series (Chrysosplenium)
http://rdf-plantmetwiki.bioinformatics.nl/pathways/PC792_r17.0.0_20260520160610,6-methoxypodophyllotoxin biosynthesis
http://rdf-plantmetwiki.bioinformatics.nl/pathways/PC793_r17.0.0_20260520160610,luteolin triglucuronide biosynthesis
http://rdf-plantmetwiki.bioinformatics.nl/pathways/PC794_r17.0.0_20260520160610,adenine and adenosine salvage II
http://rdf-plantmetwiki.bioinformatics.nl/pathways/PC795_r17.0.0_20260520160610,chlorogenic acid biosynthesis I
http://rdf-plantmetwiki.bioinformatics.nl/pathways/PC796_r17.0.0_20260520160610,4-amino-2-methyl-5-diphosphomethylpyrimidine biosynthesis I
http://rdf-plantmetwiki.bioinformatics.nl/pathways/PC797_r17.0.0_20260520160610,parkeol biosynthesis
http://rdf-plantmetwiki.bioinformatics.nl/pathways/PC798_r17.0.0_20260520160610,"(1,4)-β-D-xylan degradation"
http://rdf-plantmetwiki.bioinformatics.nl/pathways/PC799_r17.0.0_20260520160610,acetate and ATP formation from acetyl-CoA I
http://rdf-plantmetwiki.bioinformatics.nl/pathways/PC79_r17.0.0_20260520160610,ceramide degradation (generic)
http://rdf-plantmetwiki.bioinformatics.nl/pathways/PC7_r17.0.0_20260520160610,"3,8-divinyl-chlorophyllide a biosynthesis I (aerobic, light-dependent)"
http://rdf-plantmetwiki.bioinformatics.nl/pathways/PC800_r17.0.0_20260520160610,thalianol and derivatives biosynthesis
http://rdf-plantmetwiki.bioinformatics.nl/pathways/PC801_r17.0.0_20260520160610,phosphatidylglycerol biosynthesis I
http://rdf-plantmetwiki.bioinformatics.nl/pathways/PC802_r17.0.0_20260520160610,propanethial S-oxide biosynthesis
http://rdf-plantmetwiki.bioinformatics.nl/pathways/PC803_r17.0.0_20260520160610,umbelliferone biosynthesis
http://rdf-plantmetwiki.bioinformatics.nl/pathways/PC804_r17.0.0_20260520160610,"D-myo-inositol (1,4,5)-trisphosphate biosynthesis"
http://rdf-plantmetwiki.bioinformatics.nl/pathways/PC805_r17.0.0_20260520160610,pentose phosphate pathway (oxidative branch) I
http://rdf-plantmetwiki.bioinformatics.nl/pathways/PC806_r17.0.0_20260520160610,daphnetin modification
http://rdf-plantmetwiki.bioinformatics.nl/pathways/PC807_r17.0.0_20260520160610,chlorophyll cycle
http://rdf-plantmetwiki.bioinformatics.nl/pathways/PC808_r17.0.0_20260520160610,fatty acid elongation--saturated
http://rdf-plantmetwiki.bioinformatics.nl/pathways/PC809_r17.0.0_20260520160610,β-carotene biosynthesis (engineered)
http://rdf-plantmetwiki.bioinformatics.nl/pathways/PC80_r17.0.0_20260520160610,phosphatidylcholine biosynthesis II
http://rdf-plantmetwiki.bioinformatics.nl/pathways/PC810_r17.0.0_20260520160610,genistein conjugates interconversion
http://rdf-plantmetwiki.bioinformatics.nl/pathways/PC811_r17.0.0_20260520160610,pyruvate fermentation to ethanol I
http://rdf-plantmetwiki.bioinformatics.nl/pathways/PC812_r17.0.0_20260520160610,monoterpene biosynthesis
http://rdf-plantmetwiki.bioinformatics.nl/pathways/PC813_r17.0.0_20260520160610,bergamotene biosynthesis I
http://rdf-plantmetwiki.bioinformatics.nl/pathways/PC814_r17.0.0_20260520160610,artemisinin and arteannuin B biosynthesis
http://rdf-plantmetwiki.bioinformatics.nl/pathways/PC815_r17.0.0_20260520160610,cyanidin dimalonylglucoside biosynthesis
http://rdf-plantmetwiki.bioinformatics.nl/pathways/PC816_r17.0.0_20260520160610,isoflavonoid biosynthesis II
http://rdf-plantmetwiki.bioinformatics.nl/pathways/PC817_r17.0.0_20260520160610,nicotine biosynthesis
http://rdf-plantmetwiki.bioinformatics.nl/pathways/PC818_r17.0.0_20260520160610,epiberberine biosynthesis
http://rdf-plantmetwiki.bioinformatics.nl/pathways/PC819_r17.0.0_20260520160610,dhurrin biosynthesis
http://rdf-plantmetwiki.bioinformatics.nl/pathways/PC81_r17.0.0_20260520160610,myo-inositol biosynthesis
http://rdf-plantmetwiki.bioinformatics.nl/pathways/PC820_r17.0.0_20260520160610,acylsucrose biosynthesis (Solanum habrochaites)
http://rdf-plantmetwiki.bioinformatics.nl/pathways/PC821_r17.0.0_20260520160610,lutein biosynthesis
http://rdf-plantmetwiki.bioinformatics.nl/pathways/PC822_r17.0.0_20260520160610,"(E,E)-4,8,12-trimethyltrideca-1,3,7,11-tetraene biosynthesis"
http://rdf-plantmetwiki.bioinformatics.nl/pathways/PC823_r17.0.0_20260520160610,cis-zeatin biosynthesis
http://rdf-plantmetwiki.bioinformatics.nl/pathways/PC824_r17.0.0_20260520160610,purine nucleotides degradation I (plants)
http://rdf-plantmetwiki.bioinformatics.nl/pathways/PC825_r17.0.0_20260520160610,flavin biosynthesis I (bacteria and plants)
http://rdf-plantmetwiki.bioinformatics.nl/pathways/PC826_r17.0.0_20260520160610,palustric acid biosynthesis
http://rdf-plantmetwiki.bioinformatics.nl/pathways/PC827_r17.0.0_20260520160610,alizarin biosynthesis
http://rdf-plantmetwiki.bioinformatics.nl/pathways/PC828_r17.0.0_20260520160610,tricin biosynthesis
http://rdf-plantmetwiki.bioinformatics.nl/pathways/PC829_r17.0.0_20260520160610,UDP-β-L-arabinose biosynthesis I (from UDP-α-D-xylose)
http://rdf-plantmetwiki.bioinformatics.nl/pathways/PC82_r17.0.0_20260520160610,naringenin glycoside biosynthesis
http://rdf-plantmetwiki.bioinformatics.nl/pathways/PC830_r17.0.0_20260520160610,dimethylsulfoniopropanoate biosynthesis I (Wollastonia)
http://rdf-plantmetwiki.bioinformatics.nl/pathways/PC831_r17.0.0_20260520160610,allantoin degradation to ureidoglycolate I (urea producing)
http://rdf-plantmetwiki.bioinformatics.nl/pathways/PC832_r17.0.0_20260520160610,mimosine biosynthesis
http://rdf-plantmetwiki.bioinformatics.nl/pathways/PC833_r17.0.0_20260520160610,pyrimidine deoxyribonucleotides de novo biosynthesis I
http://rdf-plantmetwiki.bioinformatics.nl/pathways/PC834_r17.0.0_20260520160610,"diacylglyceryl-N,N,N-trimethylhomoserine biosynthesis"
http://rdf-plantmetwiki.bioinformatics.nl/pathways/PC835_r17.0.0_20260520160610,superpathway of geranylgeranylpyrophosphate biosynthesis I (via mevalonate)
http://rdf-plantmetwiki.bioinformatics.nl/pathways/PC836_r17.0.0_20260520160610,podophyllotoxin glucosides metabolism
http://rdf-plantmetwiki.bioinformatics.nl/pathways/PC837_r17.0.0_20260520160610,β-alanine biosynthesis I
http://rdf-plantmetwiki.bioinformatics.nl/pathways/PC838_r17.0.0_20260520160610,superpathway of fatty acid biosynthesis II (plant)
http://rdf-plantmetwiki.bioinformatics.nl/pathways/PC839_r17.0.0_20260520160610,stigma estolide biosynthesis
http://rdf-plantmetwiki.bioinformatics.nl/pathways/PC83_r17.0.0_20260520160610,α-linolenate biosynthesis I (plants and red algae)
http://rdf-plantmetwiki.bioinformatics.nl/pathways/PC840_r17.0.0_20260520160610,CDP-diacylglycerol biosynthesis IV
http://rdf-plantmetwiki.bioinformatics.nl/pathways/PC841_r17.0.0_20260520160610,(Z)-butanethial-S-oxide biosynthesis
http://rdf-plantmetwiki.bioinformatics.nl/pathways/PC842_r17.0.0_20260520160610,nitric oxide biosynthesis I (plants)
http://rdf-plantmetwiki.bioinformatics.nl/pathways/PC843_r17.0.0_20260520160610,secologanin and strictosidine biosynthesis
http://rdf-plantmetwiki.bioinformatics.nl/pathways/PC844_r17.0.0_20260520160610,(S)-reticuline biosynthesis I
http://rdf-plantmetwiki.bioinformatics.nl/pathways/PC845_r17.0.0_20260520160610,quercetin diglycoside biosynthesis (pollen-specific)
http://rdf-plantmetwiki.bioinformatics.nl/pathways/PC846_r17.0.0_20260520160610,benzoyl-β-D-glucopyranose biosynthesis
http://rdf-plantmetwiki.bioinformatics.nl/pathways/PC847_r17.0.0_20260520160610,cannabinoid biosynthesis
http://rdf-plantmetwiki.bioinformatics.nl/pathways/PC848_r17.0.0_20260520160610,(+)-secoisolariciresinol diglucoside biosynthesis
http://rdf-plantmetwiki.bioinformatics.nl/pathways/PC849_r17.0.0_20260520160610,cocaine biosynthesis
http://rdf-plantmetwiki.bioinformatics.nl/pathways/PC84_r17.0.0_20260520160610,canavanine biosynthesis
http://rdf-plantmetwiki.bioinformatics.nl/pathways/PC850_r17.0.0_20260520160610,sucrose degradation III (sucrose invertase)
http://rdf-plantmetwiki.bioinformatics.nl/pathways/PC851_r17.0.0_20260520160610,cardiolipin biosynthesis II
http://rdf-plantmetwiki.bioinformatics.nl/pathways/PC852_r17.0.0_20260520160610,maysin biosynthesis
http://rdf-plantmetwiki.bioinformatics.nl/pathways/PC853_r17.0.0_20260520160610,vitexin and derivatives biosynthesis
http://rdf-plantmetwiki.bioinformatics.nl/pathways/PC854_r17.0.0_20260520160610,glycolate and glyoxylate degradation II
http://rdf-plantmetwiki.bioinformatics.nl/pathways/PC855_r17.0.0_20260520160610,fenchol biosynthesis II
http://rdf-plantmetwiki.bioinformatics.nl/pathways/PC856_r17.0.0_20260520160610,anthocyanidin sophoroside metabolism
http://rdf-plantmetwiki.bioinformatics.nl/pathways/PC857_r17.0.0_20260520160610,superpathway of gibberellin biosynthesis
http://rdf-plantmetwiki.bioinformatics.nl/pathways/PC858_r17.0.0_20260520160610,brassinolide biosynthesis I
http://rdf-plantmetwiki.bioinformatics.nl/pathways/PC859_r17.0.0_20260520160610,plaunotol biosynthesis
http://rdf-plantmetwiki.bioinformatics.nl/pathways/PC85_r17.0.0_20260520160610,cytokinins 7-N-glucoside biosynthesis
http://rdf-plantmetwiki.bioinformatics.nl/pathways/PC860_r17.0.0_20260520160610,diacylsucrose biosynthesis (Solanum)
http://rdf-plantmetwiki.bioinformatics.nl/pathways/PC861_r17.0.0_20260520160610,cytokinin-O-glucosides biosynthesis
http://rdf-plantmetwiki.bioinformatics.nl/pathways/PC862_r17.0.0_20260520160610,betalamic acid biosynthesis
http://rdf-plantmetwiki.bioinformatics.nl/pathways/PC863_r17.0.0_20260520160610,UDP-α-D-glucuronate biosynthesis (from UDP-glucose)
http://rdf-plantmetwiki.bioinformatics.nl/pathways/PC864_r17.0.0_20260520160610,diacylglycerol biosynthesis (PUFA enrichment in oilseed)
http://rdf-plantmetwiki.bioinformatics.nl/pathways/PC865_r17.0.0_20260520160610,3-amino-3-phenylpropanoyl-CoA biosynthesis
http://rdf-plantmetwiki.bioinformatics.nl/pathways/PC866_r17.0.0_20260520160610,pinobanksin biosynthesis
http://rdf-plantmetwiki.bioinformatics.nl/pathways/PC867_r17.0.0_20260520160610,divinyl ether biosynthesis II
http://rdf-plantmetwiki.bioinformatics.nl/pathways/PC868_r17.0.0_20260520160610,methylhalides biosynthesis (plants)
http://rdf-plantmetwiki.bioinformatics.nl/pathways/PC869_r17.0.0_20260520160610,solasodine and soladulcidine biosynthesis
http://rdf-plantmetwiki.bioinformatics.nl/pathways/PC86_r17.0.0_20260520160610,indole-3-acetate inactivation IX
http://rdf-plantmetwiki.bioinformatics.nl/pathways/PC870_r17.0.0_20260520160610,flavonol glucosylation I
http://rdf-plantmetwiki.bioinformatics.nl/pathways/PC871_r17.0.0_20260520160610,mannitol degradation II
http://rdf-plantmetwiki.bioinformatics.nl/pathways/PC872_r17.0.0_20260520160610,vanillin biosynthesis I
http://rdf-plantmetwiki.bioinformatics.nl/pathways/PC873_r17.0.0_20260520160610,superpathway of pyrimidine nucleobases salvage
http://rdf-plantmetwiki.bioinformatics.nl/pathways/PC874_r17.0.0_20260520160610,sulfoquinovosyl diacylglycerol biosynthesis
http://rdf-plantmetwiki.bioinformatics.nl/pathways/PC875_r17.0.0_20260520160610,pyrimidine deoxyribonucleosides salvage
http://rdf-plantmetwiki.bioinformatics.nl/pathways/PC876_r17.0.0_20260520160610,N-methylanthraniloyl-β-D-glucopyranose biosynthesis
http://rdf-plantmetwiki.bioinformatics.nl/pathways/PC877_r17.0.0_20260520160610,alkane biosynthesis II
http://rdf-plantmetwiki.bioinformatics.nl/pathways/PC878_r17.0.0_20260520160610,alkane oxidation
http://rdf-plantmetwiki.bioinformatics.nl/pathways/PC879_r17.0.0_20260520160610,UTP and CTP de novo biosynthesis
http://rdf-plantmetwiki.bioinformatics.nl/pathways/PC87_r17.0.0_20260520160610,brassinosteroid biosynthesis III
http://rdf-plantmetwiki.bioinformatics.nl/pathways/PC880_r17.0.0_20260520160610,dehydroscoulerine biosynthesis
http://rdf-plantmetwiki.bioinformatics.nl/pathways/PC881_r17.0.0_20260520160610,cinchona alkaloids biosynthesis
http://rdf-plantmetwiki.bioinformatics.nl/pathways/PC882_r17.0.0_20260520160610,ethanol degradation I
http://rdf-plantmetwiki.bioinformatics.nl/pathways/PC883_r17.0.0_20260520160610,reductive TCA cycle I
http://rdf-plantmetwiki.bioinformatics.nl/pathways/PC884_r17.0.0_20260520160610,γ-glutamyl cycle (plant pathway)
http://rdf-plantmetwiki.bioinformatics.nl/pathways/PC885_r17.0.0_20260520160610,des-methyl avenacin A-1 biosynthesis
http://rdf-plantmetwiki.bioinformatics.nl/pathways/PC886_r17.0.0_20260520160610,cyanate degradation
http://rdf-plantmetwiki.bioinformatics.nl/pathways/PC887_r17.0.0_20260520160610,polymethylated myricetin biosynthesis (tomato)
http://rdf-plantmetwiki.bioinformatics.nl/pathways/PC888_r17.0.0_20260520160610,baruol biosynthesis
http://rdf-plantmetwiki.bioinformatics.nl/pathways/PC889_r17.0.0_20260520160610,benzoyl-CoA biosynthesis
http://rdf-plantmetwiki.bioinformatics.nl/pathways/PC88_r17.0.0_20260520160610,melibiose degradation
http://rdf-plantmetwiki.bioinformatics.nl/pathways/PC890_r17.0.0_20260520160610,juniperonate biosynthesis
http://rdf-plantmetwiki.bioinformatics.nl/pathways/PC891_r17.0.0_20260520160610,superpathway of sucrose and starch metabolism I (non-photosynthetic tissue)
http://rdf-plantmetwiki.bioinformatics.nl/pathways/PC892_r17.0.0_20260520160610,L-proline degradation I
http://rdf-plantmetwiki.bioinformatics.nl/pathways/PC893_r17.0.0_20260520160610,NAD biosynthesis from nicotinamide
http://rdf-plantmetwiki.bioinformatics.nl/pathways/PC894_r17.0.0_20260520160610,"formate assimilation into 5,10-methylenetetrahydrofolate"
http://rdf-plantmetwiki.bioinformatics.nl/pathways/PC895_r17.0.0_20260520160610,jasmonoyl-amino acid conjugates biosynthesis II
http://rdf-plantmetwiki.bioinformatics.nl/pathways/PC896_r17.0.0_20260520160610,L-tyrosine biosynthesis II
http://rdf-plantmetwiki.bioinformatics.nl/pathways/PC897_r17.0.0_20260520160610,"phenylpropanoid biosynthesis, initial reactions"
http://rdf-plantmetwiki.bioinformatics.nl/pathways/PC898_r17.0.0_20260520160610,plant sterol biosynthesis II
http://rdf-plantmetwiki.bioinformatics.nl/pathways/PC899_r17.0.0_20260520160610,superpathway of allantoin degradation in plants
http://rdf-plantmetwiki.bioinformatics.nl/pathways/PC89_r17.0.0_20260520160610,L-ascorbate degradation IV
http://rdf-plantmetwiki.bioinformatics.nl/pathways/PC8_r17.0.0_20260520160610,glycerol degradation I
http://rdf-plantmetwiki.bioinformatics.nl/pathways/PC900_r17.0.0_20260520160610,quercetin gentiotetraside biosynthesis
http://rdf-plantmetwiki.bioinformatics.nl/pathways/PC901_r17.0.0_20260520160610,robustaquinone biosynthesis
http://rdf-plantmetwiki.bioinformatics.nl/pathways/PC902_r17.0.0_20260520160610,β-pyrazole-1-ylalanine biosynthesis
http://rdf-plantmetwiki.bioinformatics.nl/pathways/PC903_r17.0.0_20260520160610,3-methylthiopropanoate biosynthesis
http://rdf-plantmetwiki.bioinformatics.nl/pathways/PC904_r17.0.0_20260520160610,lupeol biosynthesis
http://rdf-plantmetwiki.bioinformatics.nl/pathways/PC905_r17.0.0_20260520160610,palmitoleate biosynthesis II (plants and bacteria)
http://rdf-plantmetwiki.bioinformatics.nl/pathways/PC906_r17.0.0_20260520160610,cyanide degradation
http://rdf-plantmetwiki.bioinformatics.nl/pathways/PC907_r17.0.0_20260520160610,L-citrulline biosynthesis
http://rdf-plantmetwiki.bioinformatics.nl/pathways/PC908_r17.0.0_20260520160610,ubiquinol-10 biosynthesis (late decarboxylation)
http://rdf-plantmetwiki.bioinformatics.nl/pathways/PC909_r17.0.0_20260520160610,Fe(III)-phytosiderophore transport
http://rdf-plantmetwiki.bioinformatics.nl/pathways/PC90_r17.0.0_20260520160610,"C4 photosynthetic carbon assimilation cycle, NAD-ME type"
http://rdf-plantmetwiki.bioinformatics.nl/pathways/PC910_r17.0.0_20260520160610,guanine and guanosine salvage III
http://rdf-plantmetwiki.bioinformatics.nl/pathways/PC911_r17.0.0_20260520160610,"superpathway of cytosolic glycolysis (plants), pyruvate dehydrogenase and TCA cycle"
http://rdf-plantmetwiki.bioinformatics.nl/pathways/PC912_r17.0.0_20260520160610,gibberellin A₁₂ biosynthesis
http://rdf-plantmetwiki.bioinformatics.nl/pathways/PC913_r17.0.0_20260520160610,glucosinolate biosynthesis from phenylalanine
http://rdf-plantmetwiki.bioinformatics.nl/pathways/PC914_r17.0.0_20260520160610,lampranthin biosynthesis
http://rdf-plantmetwiki.bioinformatics.nl/pathways/PC915_r17.0.0_20260520160610,chlorophyll a degradation II
http://rdf-plantmetwiki.bioinformatics.nl/pathways/PC916_r17.0.0_20260520160610,superpathway of tetrahydroxyxanthone biosynthesis
http://rdf-plantmetwiki.bioinformatics.nl/pathways/PC917_r17.0.0_20260520160610,glycine cleavage
http://rdf-plantmetwiki.bioinformatics.nl/pathways/PC918_r17.0.0_20260520160610,isovitexin glycosides biosynthesis
http://rdf-plantmetwiki.bioinformatics.nl/pathways/PC919_r17.0.0_20260520160610,dalpatein and dalnigrein biosynthesis
http://rdf-plantmetwiki.bioinformatics.nl/pathways/PC91_r17.0.0_20260520160610,trehalose degradation II (cytosolic)
http://rdf-plantmetwiki.bioinformatics.nl/pathways/PC920_r17.0.0_20260520160610,phytyl pyrophosphate biosynthesis
http://rdf-plantmetwiki.bioinformatics.nl/pathways/PC921_r17.0.0_20260520160610,superpathway of lipoxygenase
http://rdf-plantmetwiki.bioinformatics.nl/pathways/PC922_r17.0.0_20260520160610,L-methionine biosynthesis II
http://rdf-plantmetwiki.bioinformatics.nl/pathways/PC923_r17.0.0_20260520160610,6-gingerol biosynthesis
http://rdf-plantmetwiki.bioinformatics.nl/pathways/PC924_r17.0.0_20260520160610,indole-3-acetate biosynthesis II
http://rdf-plantmetwiki.bioinformatics.nl/pathways/PC925_r17.0.0_20260520160610,coumarins biosynthesis (engineered)
http://rdf-plantmetwiki.bioinformatics.nl/pathways/PC926_r17.0.0_20260520160610,gibberellin biosynthesis V
http://rdf-plantmetwiki.bioinformatics.nl/pathways/PC927_r17.0.0_20260520160610,CDP-diacylglycerol biosynthesis II
http://rdf-plantmetwiki.bioinformatics.nl/pathways/PC928_r17.0.0_20260520160610,dhurrin degradation
http://rdf-plantmetwiki.bioinformatics.nl/pathways/PC929_r17.0.0_20260520160610,oleoresin sesquiterpene volatiles biosynthesis
http://rdf-plantmetwiki.bioinformatics.nl/pathways/PC92_r17.0.0_20260520160610,L-tryptophan degradation to 2-amino-3-carboxymuconate semialdehyde
http://rdf-plantmetwiki.bioinformatics.nl/pathways/PC930_r17.0.0_20260520160610,glutathione biosynthesis
http://rdf-plantmetwiki.bioinformatics.nl/pathways/PC931_r17.0.0_20260520160610,malate-oxaloacetate shuttle II
http://rdf-plantmetwiki.bioinformatics.nl/pathways/PC932_r17.0.0_20260520160610,L-tyrosine biosynthesis III
http://rdf-plantmetwiki.bioinformatics.nl/pathways/PC933_r17.0.0_20260520160610,molybdopterin biosynthesis
http://rdf-plantmetwiki.bioinformatics.nl/pathways/PC934_r17.0.0_20260520160610,superpathway of photosynthetic hydrogen production
http://rdf-plantmetwiki.bioinformatics.nl/pathways/PC935_r17.0.0_20260520160610,purine deoxyribonucleosides salvage
http://rdf-plantmetwiki.bioinformatics.nl/pathways/PC936_r17.0.0_20260520160610,salicylate biosynthesis III
http://rdf-plantmetwiki.bioinformatics.nl/pathways/PC937_r17.0.0_20260520160610,4-hydroxybenzoate biosynthesis III (plants)
http://rdf-plantmetwiki.bioinformatics.nl/pathways/PC938_r17.0.0_20260520160610,phosphatidylcholine biosynthesis I
http://rdf-plantmetwiki.bioinformatics.nl/pathways/PC939_r17.0.0_20260520160610,jasmonoyl-L-isoleucine inactivation
http://rdf-plantmetwiki.bioinformatics.nl/pathways/PC93_r17.0.0_20260520160610,(-)-camphor biosynthesis
http://rdf-plantmetwiki.bioinformatics.nl/pathways/PC940_r17.0.0_20260520160610,superpathway of plastoquinol biosynthesis
http://rdf-plantmetwiki.bioinformatics.nl/pathways/PC941_r17.0.0_20260520160610,bisbenzylisoquinoline alkaloid biosynthesis
http://rdf-plantmetwiki.bioinformatics.nl/pathways/PC942_r17.0.0_20260520160610,tetrapyrrole biosynthesis I (from glutamate)
http://rdf-plantmetwiki.bioinformatics.nl/pathways/PC943_r17.0.0_20260520160610,indole-3-acetate inactivation II
http://rdf-plantmetwiki.bioinformatics.nl/pathways/PC944_r17.0.0_20260520160610,glutaminyl-tRNAglⁿ biosynthesis via transamidation
http://rdf-plantmetwiki.bioinformatics.nl/pathways/PC945_r17.0.0_20260520160610,homogalacturonan biosynthesis
http://rdf-plantmetwiki.bioinformatics.nl/pathways/PC946_r17.0.0_20260520160610,stachyose degradation
http://rdf-plantmetwiki.bioinformatics.nl/pathways/PC947_r17.0.0_20260520160610,digitoxigenin biosynthesis
http://rdf-plantmetwiki.bioinformatics.nl/pathways/PC948_r17.0.0_20260520160610,seleno-amino acid detoxification and volatilization I
http://rdf-plantmetwiki.bioinformatics.nl/pathways/PC949_r17.0.0_20260520160610,pyridoxal 5'-phosphate salvage II (plants)
http://rdf-plantmetwiki.bioinformatics.nl/pathways/PC94_r17.0.0_20260520160610,nitrite reduction (hemoglobin)
http://rdf-plantmetwiki.bioinformatics.nl/pathways/PC950_r17.0.0_20260520160610,phosphatidylserine and phosphatidylethanolamine biosynthesis I
http://rdf-plantmetwiki.bioinformatics.nl/pathways/PC951_r17.0.0_20260520160610,raspberry ketone biosynthesis
http://rdf-plantmetwiki.bioinformatics.nl/pathways/PC952_r17.0.0_20260520160610,UMP biosynthesis I
http://rdf-plantmetwiki.bioinformatics.nl/pathways/PC953_r17.0.0_20260520160610,superpathway of hyoscyamine (atropine) and scopolamine biosynthesis
http://rdf-plantmetwiki.bioinformatics.nl/pathways/PC954_r17.0.0_20260520160610,phosphatidylcholine acyl editing
http://rdf-plantmetwiki.bioinformatics.nl/pathways/PC955_r17.0.0_20260520160610,L-tryptophan degradation VI (via tryptamine)
http://rdf-plantmetwiki.bioinformatics.nl/pathways/PC956_r17.0.0_20260520160610,superpathway of betalain biosynthesis
http://rdf-plantmetwiki.bioinformatics.nl/pathways/PC957_r17.0.0_20260520160610,ursolate biosynthesis
http://rdf-plantmetwiki.bioinformatics.nl/pathways/PC958_r17.0.0_20260520160610,trigonelline biosynthesis
http://rdf-plantmetwiki.bioinformatics.nl/pathways/PC959_r17.0.0_20260520160610,bornyl pyrophosphate biosynthesis
http://rdf-plantmetwiki.bioinformatics.nl/pathways/PC95_r17.0.0_20260520160610,L-serine biosynthesis I
http://rdf-plantmetwiki.bioinformatics.nl/pathways/PC960_r17.0.0_20260520160610,acyl carrier protein metabolism
http://rdf-plantmetwiki.bioinformatics.nl/pathways/PC961_r17.0.0_20260520160610,spermidine hydroxycinnamic acid conjugates biosynthesis
http://rdf-plantmetwiki.bioinformatics.nl/pathways/PC962_r17.0.0_20260520160610,apigeninidin 5-O-glucoside biosynthesis
http://rdf-plantmetwiki.bioinformatics.nl/pathways/PC963_r17.0.0_20260520160610,glycine betaine biosynthesis III (plants)
http://rdf-plantmetwiki.bioinformatics.nl/pathways/PC964_r17.0.0_20260520160610,tetrahydroxyxanthone biosynthesis (from 3-hydroxybenzoate)
http://rdf-plantmetwiki.bioinformatics.nl/pathways/PC965_r17.0.0_20260520160610,valencene and 7-epi-α-selinene biosynthesis
http://rdf-plantmetwiki.bioinformatics.nl/pathways/PC966_r17.0.0_20260520160610,oleate biosynthesis I (plants)
http://rdf-plantmetwiki.bioinformatics.nl/pathways/PC967_r17.0.0_20260520160610,glutathione-mediated detoxification II
http://rdf-plantmetwiki.bioinformatics.nl/pathways/PC968_r17.0.0_20260520160610,scopoletin biosynthesis
http://rdf-plantmetwiki.bioinformatics.nl/pathways/PC969_r17.0.0_20260520160610,adenosylcobalamin salvage from cobalamin
http://rdf-plantmetwiki.bioinformatics.nl/pathways/PC96_r17.0.0_20260520160610,phytate degradation II
http://rdf-plantmetwiki.bioinformatics.nl/pathways/PC970_r17.0.0_20260520160610,pyrimidine nucleobases salvage I
http://rdf-plantmetwiki.bioinformatics.nl/pathways/PC971_r17.0.0_20260520160610,terminal olefins biosynthesis II
http://rdf-plantmetwiki.bioinformatics.nl/pathways/PC972_r17.0.0_20260520160610,neurosporene biosynthesis
http://rdf-plantmetwiki.bioinformatics.nl/pathways/PC973_r17.0.0_20260520160610,dimethylsulfoniopropanoate biosynthesis III (algae and phytoplankton)
http://rdf-plantmetwiki.bioinformatics.nl/pathways/PC974_r17.0.0_20260520160610,abscisic acid degradation to 7'-hydroxyabscisate
http://rdf-plantmetwiki.bioinformatics.nl/pathways/PC975_r17.0.0_20260520160610,DIMBOA-glucoside biosynthesis
http://rdf-plantmetwiki.bioinformatics.nl/pathways/PC976_r17.0.0_20260520160610,baicalein metabolism
http://rdf-plantmetwiki.bioinformatics.nl/pathways/PC977_r17.0.0_20260520160610,TCA cycle II (plants and fungi)
http://rdf-plantmetwiki.bioinformatics.nl/pathways/PC978_r17.0.0_20260520160610,superpathway of polyamine biosynthesis II
http://rdf-plantmetwiki.bioinformatics.nl/pathways/PC979_r17.0.0_20260520160610,brassinosteroids inactivation
http://rdf-plantmetwiki.bioinformatics.nl/pathways/PC97_r17.0.0_20260520160610,methyl ketone biosynthesis (engineered)
http://rdf-plantmetwiki.bioinformatics.nl/pathways/PC980_r17.0.0_20260520160610,glutathione-peroxide redox reactions
http://rdf-plantmetwiki.bioinformatics.nl/pathways/PC981_r17.0.0_20260520160610,purine nucleosides salvage II (plant)
http://rdf-plantmetwiki.bioinformatics.nl/pathways/PC982_r17.0.0_20260520160610,neoabietic acid biosynthesis
http://rdf-plantmetwiki.bioinformatics.nl/pathways/PC983_r17.0.0_20260520160610,"fructose 2,6-bisphosphate biosynthesis"
http://rdf-plantmetwiki.bioinformatics.nl/pathways/PC984_r17.0.0_20260520160610,superpathway of seleno-compound metabolism
http://rdf-plantmetwiki.bioinformatics.nl/pathways/PC985_r17.0.0_20260520160610,nonaprenyl pyrophosphate biosynthesis I
http://rdf-plantmetwiki.bioinformatics.nl/pathways/PC986_r17.0.0_20260520160610,linustatin bioactivation
http://rdf-plantmetwiki.bioinformatics.nl/pathways/PC987_r17.0.0_20260520160610,triacylglycerol biosynthesis (Chlamydomonas)
http://rdf-plantmetwiki.bioinformatics.nl/pathways/PC988_r17.0.0_20260520160610,tetraacylsucrose biosynthesis (Solanum)
http://rdf-plantmetwiki.bioinformatics.nl/pathways/PC989_r17.0.0_20260520160610,phospholipases
http://rdf-plantmetwiki.bioinformatics.nl/pathways/PC98_r17.0.0_20260520160610,pyruvate fermentation to acetate IV
http://rdf-plantmetwiki.bioinformatics.nl/pathways/PC990_r17.0.0_20260520160610,myricetin gentiobioside biosynthesis
http://rdf-plantmetwiki.bioinformatics.nl/pathways/PC991_r17.0.0_20260520160610,caffeine biosynthesis II (via paraxanthine)
http://rdf-plantmetwiki.bioinformatics.nl/pathways/PC992_r17.0.0_20260520160610,L-aspartate biosynthesis
http://rdf-plantmetwiki.bioinformatics.nl/pathways/PC993_r17.0.0_20260520160610,lupanine biosynthesis
http://rdf-plantmetwiki.bioinformatics.nl/pathways/PC994_r17.0.0_20260520160610,tetrahydrofolate biosynthesis I
http://rdf-plantmetwiki.bioinformatics.nl/pathways/PC995_r17.0.0_20260520160610,plastoquinol-9 biosynthesis I
http://rdf-plantmetwiki.bioinformatics.nl/pathways/PC996_r17.0.0_20260520160610,bergamotene biosynthesis II
http://rdf-plantmetwiki.bioinformatics.nl/pathways/PC997_r17.0.0_20260520160610,L-arginine biosynthesis I (via L-ornithine)
http://rdf-plantmetwiki.bioinformatics.nl/pathways/PC998_r17.0.0_20260520160610,soybean saponin I biosynthesis
http://rdf-plantmetwiki.bioinformatics.nl/pathways/PC999_r17.0.0_20260520160610,NAD biosynthesis from 2-amino-3-carboxymuconate semialdehyde
http://rdf-plantmetwiki.bioinformatics.nl/pathways/PC99_r17.0.0_20260520160610,flavonol biosynthesis
http://rdf-plantmetwiki.bioinformatics.nl/pathways/PC9_r17.0.0_20260520160610,palmatine biosynthesis
http://rdf-plantmetwiki.bioinformatics.nl/pathways/RC1000_r17.0.0_20260520160610,Thioglucosidase
http://rdf-plantmetwiki.bioinformatics.nl/pathways/RC1001_r17.0.0_20260520160610,RXN-7843
http://rdf-plantmetwiki.bioinformatics.nl/pathways/RC1002_r17.0.0_20260520160610,GAPDHSYNEC-RXN
http://rdf-plantmetwiki.bioinformatics.nl/pathways/RC1003_r17.0.0_20260520160610,RXN-14185
http://rdf-plantmetwiki.bioinformatics.nl/pathways/RC1004_r17.0.0_20260520160610,RXN-13640
http://rdf-plantmetwiki.bioinformatics.nl/pathways/RC1005_r17.0.0_20260520160610,RXN-2207
http://rdf-plantmetwiki.bioinformatics.nl/pathways/RC1006_r17.0.0_20260520160610,RXN-15517
http://rdf-plantmetwiki.bioinformatics.nl/pathways/RC1007_r17.0.0_20260520160610,RXN-9332
http://rdf-plantmetwiki.bioinformatics.nl/pathways/RC1008_r17.0.0_20260520160610,PREPHENATEDEHYDROG-RXN
http://rdf-plantmetwiki.bioinformatics.nl/pathways/RC1009_r17.0.0_20260520160610,RXN1ZN3-9
http://rdf-plantmetwiki.bioinformatics.nl/pathways/RC100_r17.0.0_20260520160610,RXN-8956
http://rdf-plantmetwiki.bioinformatics.nl/pathways/RC1010_r17.0.0_20260520160610,RXN-5741
http://rdf-plantmetwiki.bioinformatics.nl/pathways/RC1011_r17.0.0_20260520160610,RXN-8173
http://rdf-plantmetwiki.bioinformatics.nl/pathways/RC1012_r17.0.0_20260520160610,RXN-11041
http://rdf-plantmetwiki.bioinformatics.nl/pathways/RC1013_r17.0.0_20260520160610,RXN-14243
http://rdf-plantmetwiki.bioinformatics.nl/pathways/RC1014_r17.0.0_20260520160610,RXN-6182
http://rdf-plantmetwiki.bioinformatics.nl/pathways/RC1015_r17.0.0_20260520160610,TRANS-RXN4LZ-45
http://rdf-plantmetwiki.bioinformatics.nl/pathways/RC1016_r17.0.0_20260520160610,RXN-12102
http://rdf-plantmetwiki.bioinformatics.nl/pathways/RC1017_r17.0.0_20260520160610,RXN-12417
http://rdf-plantmetwiki.bioinformatics.nl/pathways/RC1018_r17.0.0_20260520160610,RXN-14890
http://rdf-plantmetwiki.bioinformatics.nl/pathways/RC1019_r17.0.0_20260520160610,RXN-708
http://rdf-plantmetwiki.bioinformatics.nl/pathways/RC101_r17.0.0_20260520160610,RXN-14220
http://rdf-plantmetwiki.bioinformatics.nl/pathways/RC1020_r17.0.0_20260520160610,RXN-11811
http://rdf-plantmetwiki.bioinformatics.nl/pathways/RC1021_r17.0.0_20260520160610,RXN-22388
http://rdf-plantmetwiki.bioinformatics.nl/pathways/RC1022_r17.0.0_20260520160610,ATPASE-RXN
http://rdf-plantmetwiki.bioinformatics.nl/pathways/RC1023_r17.0.0_20260520160610,RXN-10884
http://rdf-plantmetwiki.bioinformatics.nl/pathways/RC1024_r17.0.0_20260520160610,1.8.4.8-RXN
http://rdf-plantmetwiki.bioinformatics.nl/pathways/RC1025_r17.0.0_20260520160610,RXN-15556
http://rdf-plantmetwiki.bioinformatics.nl/pathways/RC1026_r17.0.0_20260520160610,RXN-9373
http://rdf-plantmetwiki.bioinformatics.nl/pathways/RC1027_r17.0.0_20260520160610,RXN-11846
http://rdf-plantmetwiki.bioinformatics.nl/pathways/RC1028_r17.0.0_20260520160610,RXN-8427
http://rdf-plantmetwiki.bioinformatics.nl/pathways/RC1029_r17.0.0_20260520160610,UDP-GLUCURONOSYLTRANSFERASE-RXN
http://rdf-plantmetwiki.bioinformatics.nl/pathways/RC102_r17.0.0_20260520160610,RXN0-1382
http://rdf-plantmetwiki.bioinformatics.nl/pathways/RC1030_r17.0.0_20260520160610,RXN-13197
http://rdf-plantmetwiki.bioinformatics.nl/pathways/RC1031_r17.0.0_20260520160610,RXN-12591
http://rdf-plantmetwiki.bioinformatics.nl/pathways/RC1032_r17.0.0_20260520160610,RXN0-5265
http://rdf-plantmetwiki.bioinformatics.nl/pathways/RC1033_r17.0.0_20260520160610,RXNQT-4384
http://rdf-plantmetwiki.bioinformatics.nl/pathways/RC1034_r17.0.0_20260520160610,"4&alpha;-hydroxymethyl-5&alpha;-cholesta-8,24-dien-3&beta;-ol dehydrogenase"
http://rdf-plantmetwiki.bioinformatics.nl/pathways/RC1035_r17.0.0_20260520160610,RXN-15468
http://rdf-plantmetwiki.bioinformatics.nl/pathways/RC1036_r17.0.0_20260520160610,RXN-12207
http://rdf-plantmetwiki.bioinformatics.nl/pathways/RC1037_r17.0.0_20260520160610,RXN-18962
http://rdf-plantmetwiki.bioinformatics.nl/pathways/RC1038_r17.0.0_20260520160610,3.5.5.1-RXN
http://rdf-plantmetwiki.bioinformatics.nl/pathways/RC1039_r17.0.0_20260520160610,LONG-CHAIN-ENOYL-COA-HYDRATASE-RXN
http://rdf-plantmetwiki.bioinformatics.nl/pathways/RC103_r17.0.0_20260520160610,RXN-12989
http://rdf-plantmetwiki.bioinformatics.nl/pathways/RC1040_r17.0.0_20260520160610,RXN-15346
http://rdf-plantmetwiki.bioinformatics.nl/pathways/RC1041_r17.0.0_20260520160610,RXN0-5398
http://rdf-plantmetwiki.bioinformatics.nl/pathways/RC1042_r17.0.0_20260520160610,INORGPYROPHOSPHAT-RXN
http://rdf-plantmetwiki.bioinformatics.nl/pathways/RC1043_r17.0.0_20260520160610,RXN-12250
http://rdf-plantmetwiki.bioinformatics.nl/pathways/RC1044_r17.0.0_20260520160610,"(9Z,11E,14Z)-(13S)-hydroperoxyoctadeca-9,11,14-trienoate 12,13-hydro-lyase"
http://rdf-plantmetwiki.bioinformatics.nl/pathways/RC1045_r17.0.0_20260520160610,RXN-21160
http://rdf-plantmetwiki.bioinformatics.nl/pathways/RC1046_r17.0.0_20260520160610,RXN-21025
http://rdf-plantmetwiki.bioinformatics.nl/pathways/RC1047_r17.0.0_20260520160610,AMYLOMALT-RXN
http://rdf-plantmetwiki.bioinformatics.nl/pathways/RC1048_r17.0.0_20260520160610,RXN-17117
http://rdf-plantmetwiki.bioinformatics.nl/pathways/RC1049_r17.0.0_20260520160610,FLAVONOID-3-MONOOXYGENASE-RXN
http://rdf-plantmetwiki.bioinformatics.nl/pathways/RC104_r17.0.0_20260520160610,RXN-7877
http://rdf-plantmetwiki.bioinformatics.nl/pathways/RC1050_r17.0.0_20260520160610,RXN-12883
http://rdf-plantmetwiki.bioinformatics.nl/pathways/RC1051_r17.0.0_20260520160610,3' hydroxy flavanone 5&prime;-hydroxylase
http://rdf-plantmetwiki.bioinformatics.nl/pathways/RC1052_r17.0.0_20260520160610,RXN-10851
http://rdf-plantmetwiki.bioinformatics.nl/pathways/RC1053_r17.0.0_20260520160610,12-ALPHA-L-FUCOSIDASE-RXN
http://rdf-plantmetwiki.bioinformatics.nl/pathways/RC1054_r17.0.0_20260520160610,RXN-9826
http://rdf-plantmetwiki.bioinformatics.nl/pathways/RC1055_r17.0.0_20260520160610,RXN-17697
http://rdf-plantmetwiki.bioinformatics.nl/pathways/RC1056_r17.0.0_20260520160610,RXN-3482
http://rdf-plantmetwiki.bioinformatics.nl/pathways/RC1057_r17.0.0_20260520160610,RXN-14812
http://rdf-plantmetwiki.bioinformatics.nl/pathways/RC1058_r17.0.0_20260520160610,PHENOL-BETA-GLUCOSYLTRANSFERASE-RXN
http://rdf-plantmetwiki.bioinformatics.nl/pathways/RC1059_r17.0.0_20260520160610,RXN-7838
http://rdf-plantmetwiki.bioinformatics.nl/pathways/RC105_r17.0.0_20260520160610,RXN-12570
http://rdf-plantmetwiki.bioinformatics.nl/pathways/RC1060_r17.0.0_20260520160610,RXN0-6721
http://rdf-plantmetwiki.bioinformatics.nl/pathways/RC1061_r17.0.0_20260520160610,1.14.19.3-RXN
http://rdf-plantmetwiki.bioinformatics.nl/pathways/RC1062_r17.0.0_20260520160610,RXN-21526
http://rdf-plantmetwiki.bioinformatics.nl/pathways/RC1063_r17.0.0_20260520160610,RXN-6546
http://rdf-plantmetwiki.bioinformatics.nl/pathways/RC1064_r17.0.0_20260520160610,RXN-12753
http://rdf-plantmetwiki.bioinformatics.nl/pathways/RC1065_r17.0.0_20260520160610,RXN-8558
http://rdf-plantmetwiki.bioinformatics.nl/pathways/RC1066_r17.0.0_20260520160610,RXN-14003
http://rdf-plantmetwiki.bioinformatics.nl/pathways/RC1067_r17.0.0_20260520160610,RXN-23370
http://rdf-plantmetwiki.bioinformatics.nl/pathways/RC1068_r17.0.0_20260520160610,RXN-7183
http://rdf-plantmetwiki.bioinformatics.nl/pathways/RC1069_r17.0.0_20260520160610,RXN-12587
http://rdf-plantmetwiki.bioinformatics.nl/pathways/RC106_r17.0.0_20260520160610,TRANS-RXN4LZ-7054
http://rdf-plantmetwiki.bioinformatics.nl/pathways/RC1070_r17.0.0_20260520160610,2.6.1.7-RXN
http://rdf-plantmetwiki.bioinformatics.nl/pathways/RC1071_r17.0.0_20260520160610,RXN-18165
http://rdf-plantmetwiki.bioinformatics.nl/pathways/RC1072_r17.0.0_20260520160610,RXN-12991
http://rdf-plantmetwiki.bioinformatics.nl/pathways/RC1073_r17.0.0_20260520160610,RXN-8333
http://rdf-plantmetwiki.bioinformatics.nl/pathways/RC1074_r17.0.0_20260520160610,RXN-12641
http://rdf-plantmetwiki.bioinformatics.nl/pathways/RC1075_r17.0.0_20260520160610,3.1.4.37-RXN
http://rdf-plantmetwiki.bioinformatics.nl/pathways/RC1076_r17.0.0_20260520160610,RXN4KF-54
http://rdf-plantmetwiki.bioinformatics.nl/pathways/RC1077_r17.0.0_20260520160610,RXN-21434
http://rdf-plantmetwiki.bioinformatics.nl/pathways/RC1078_r17.0.0_20260520160610,RXN-2102
http://rdf-plantmetwiki.bioinformatics.nl/pathways/RC1079_r17.0.0_20260520160610,RXN0-7188
http://rdf-plantmetwiki.bioinformatics.nl/pathways/RC107_r17.0.0_20260520160610,RXN-10721
http://rdf-plantmetwiki.bioinformatics.nl/pathways/RC1080_r17.0.0_20260520160610,RXN4FS-24
http://rdf-plantmetwiki.bioinformatics.nl/pathways/RC1081_r17.0.0_20260520160610,RXN-13162
http://rdf-plantmetwiki.bioinformatics.nl/pathways/RC1082_r17.0.0_20260520160610,RXN-13027
http://rdf-plantmetwiki.bioinformatics.nl/pathways/RC1083_r17.0.0_20260520160610,RXN-14218
http://rdf-plantmetwiki.bioinformatics.nl/pathways/RC1084_r17.0.0_20260520160610,RXN-23868
http://rdf-plantmetwiki.bioinformatics.nl/pathways/RC1085_r17.0.0_20260520160610,RXN-8344
http://rdf-plantmetwiki.bioinformatics.nl/pathways/RC1086_r17.0.0_20260520160610,RXN-4222
http://rdf-plantmetwiki.bioinformatics.nl/pathways/RC1087_r17.0.0_20260520160610,RXN-19646
http://rdf-plantmetwiki.bioinformatics.nl/pathways/RC1088_r17.0.0_20260520160610,RXN-2122
http://rdf-plantmetwiki.bioinformatics.nl/pathways/RC1089_r17.0.0_20260520160610,MERCAPYSTRANS-RXN
http://rdf-plantmetwiki.bioinformatics.nl/pathways/RC108_r17.0.0_20260520160610,RXNQT-4365
http://rdf-plantmetwiki.bioinformatics.nl/pathways/RC1090_r17.0.0_20260520160610,RXN-21551
http://rdf-plantmetwiki.bioinformatics.nl/pathways/RC1091_r17.0.0_20260520160610,RXN-22404
http://rdf-plantmetwiki.bioinformatics.nl/pathways/RC1092_r17.0.0_20260520160610,Farnesyl-diphosphate farnesyltransferase
http://rdf-plantmetwiki.bioinformatics.nl/pathways/RC1093_r17.0.0_20260520160610,RXN0-6490
http://rdf-plantmetwiki.bioinformatics.nl/pathways/RC1094_r17.0.0_20260520160610,RXN-14473
http://rdf-plantmetwiki.bioinformatics.nl/pathways/RC1095_r17.0.0_20260520160610,RXN-10430
http://rdf-plantmetwiki.bioinformatics.nl/pathways/RC1096_r17.0.0_20260520160610,3-NUCLEOTID-RXN
http://rdf-plantmetwiki.bioinformatics.nl/pathways/RC1097_r17.0.0_20260520160610,RXN-1348
http://rdf-plantmetwiki.bioinformatics.nl/pathways/RC1098_r17.0.0_20260520160610,ORNITHINE--OXO-ACID-AMINOTRANSFERASE-RXN
http://rdf-plantmetwiki.bioinformatics.nl/pathways/RC1099_r17.0.0_20260520160610,RXN0-3542
http://rdf-plantmetwiki.bioinformatics.nl/pathways/RC109_r17.0.0_20260520160610,RXN-14332
http://rdf-plantmetwiki.bioinformatics.nl/pathways/RC10_r17.0.0_20260520160610,GLYOXYLATE-REDUCTASE-NADP+-RXN
http://rdf-plantmetwiki.bioinformatics.nl/pathways/RC1100_r17.0.0_20260520160610,RXN-18780
http://rdf-plantmetwiki.bioinformatics.nl/pathways/RC1101_r17.0.0_20260520160610,RXN-1827
http://rdf-plantmetwiki.bioinformatics.nl/pathways/RC1102_r17.0.0_20260520160610,ENTF-RXN
http://rdf-plantmetwiki.bioinformatics.nl/pathways/RC1103_r17.0.0_20260520160610,4.1.1.74-RXN
http://rdf-plantmetwiki.bioinformatics.nl/pathways/RC1104_r17.0.0_20260520160610,1.14.13.74-RXN
http://rdf-plantmetwiki.bioinformatics.nl/pathways/RC1105_r17.0.0_20260520160610,RXN-20585
http://rdf-plantmetwiki.bioinformatics.nl/pathways/RC1106_r17.0.0_20260520160610,RXN0-5245
http://rdf-plantmetwiki.bioinformatics.nl/pathways/RC1107_r17.0.0_20260520160610,RXN-1061
http://rdf-plantmetwiki.bioinformatics.nl/pathways/RC1108_r17.0.0_20260520160610,(S)-3-hydroxybutanoyl-CoA dehydrogenase
http://rdf-plantmetwiki.bioinformatics.nl/pathways/RC1109_r17.0.0_20260520160610,RXN-8094
http://rdf-plantmetwiki.bioinformatics.nl/pathways/RC110_r17.0.0_20260520160610,RXN-8002
http://rdf-plantmetwiki.bioinformatics.nl/pathways/RC1110_r17.0.0_20260520160610,GLUCOSE-1-PHOSPHAT-RXN
http://rdf-plantmetwiki.bioinformatics.nl/pathways/RC1111_r17.0.0_20260520160610,RXN-19980
http://rdf-plantmetwiki.bioinformatics.nl/pathways/RC1112_r17.0.0_20260520160610,NADH dehydrogenase (ubiquinone)
http://rdf-plantmetwiki.bioinformatics.nl/pathways/RC1113_r17.0.0_20260520160610,RXNQT-4170
http://rdf-plantmetwiki.bioinformatics.nl/pathways/RC1114_r17.0.0_20260520160610,RXN-9955
http://rdf-plantmetwiki.bioinformatics.nl/pathways/RC1115_r17.0.0_20260520160610,RXN0-7192
http://rdf-plantmetwiki.bioinformatics.nl/pathways/RC1116_r17.0.0_20260520160610,RXN-18939
http://rdf-plantmetwiki.bioinformatics.nl/pathways/RC1117_r17.0.0_20260520160610,3.1.3.67-RXN
http://rdf-plantmetwiki.bioinformatics.nl/pathways/RC1118_r17.0.0_20260520160610,RXN66-526
http://rdf-plantmetwiki.bioinformatics.nl/pathways/RC1119_r17.0.0_20260520160610,RXN-22828
http://rdf-plantmetwiki.bioinformatics.nl/pathways/RC111_r17.0.0_20260520160610,ACETYL-COA-HYDROLASE-RXN
http://rdf-plantmetwiki.bioinformatics.nl/pathways/RC1120_r17.0.0_20260520160610,3.6.3.44-RXN
http://rdf-plantmetwiki.bioinformatics.nl/pathways/RC1121_r17.0.0_20260520160610,RXN-7875
http://rdf-plantmetwiki.bioinformatics.nl/pathways/RC1122_r17.0.0_20260520160610,SUCC-FUM-OXRED-RXN
http://rdf-plantmetwiki.bioinformatics.nl/pathways/RC1123_r17.0.0_20260520160610,RXN-8779
http://rdf-plantmetwiki.bioinformatics.nl/pathways/RC1124_r17.0.0_20260520160610,1-pyrroline-5-carboxylate dehydrogenase
http://rdf-plantmetwiki.bioinformatics.nl/pathways/RC1125_r17.0.0_20260520160610,RXN-8407
http://rdf-plantmetwiki.bioinformatics.nl/pathways/RC1126_r17.0.0_20260520160610,RXN-4424
http://rdf-plantmetwiki.bioinformatics.nl/pathways/RC1127_r17.0.0_20260520160610,RXN0-7080
http://rdf-plantmetwiki.bioinformatics.nl/pathways/RC1128_r17.0.0_20260520160610,RXN-22605
http://rdf-plantmetwiki.bioinformatics.nl/pathways/RC1129_r17.0.0_20260520160610,RXN-10774
http://rdf-plantmetwiki.bioinformatics.nl/pathways/RC112_r17.0.0_20260520160610,RXN-12659
http://rdf-plantmetwiki.bioinformatics.nl/pathways/RC1130_r17.0.0_20260520160610,RXN-18344
http://rdf-plantmetwiki.bioinformatics.nl/pathways/RC1131_r17.0.0_20260520160610,RXN-13158
http://rdf-plantmetwiki.bioinformatics.nl/pathways/RC1132_r17.0.0_20260520160610,RXN-8542
http://rdf-plantmetwiki.bioinformatics.nl/pathways/RC1133_r17.0.0_20260520160610,RXN0-1441
http://rdf-plantmetwiki.bioinformatics.nl/pathways/RC1134_r17.0.0_20260520160610,RXN-13508
http://rdf-plantmetwiki.bioinformatics.nl/pathways/RC1135_r17.0.0_20260520160610,ARGININE-2-MONOOXYGENASE-RXN
http://rdf-plantmetwiki.bioinformatics.nl/pathways/RC1136_r17.0.0_20260520160610,L-asparaginyl-tRNA<SUP>asn</SUP> hydrolase
http://rdf-plantmetwiki.bioinformatics.nl/pathways/RC1137_r17.0.0_20260520160610,RXN-12876
http://rdf-plantmetwiki.bioinformatics.nl/pathways/RC1138_r17.0.0_20260520160610,RXN-7571
http://rdf-plantmetwiki.bioinformatics.nl/pathways/RC1139_r17.0.0_20260520160610,RXN-13334
http://rdf-plantmetwiki.bioinformatics.nl/pathways/RC113_r17.0.0_20260520160610,RXN0-4401
http://rdf-plantmetwiki.bioinformatics.nl/pathways/RC1140_r17.0.0_20260520160610,RXN-14808
http://rdf-plantmetwiki.bioinformatics.nl/pathways/RC1141_r17.0.0_20260520160610,PERILLYL-ALCOHOL-DEHYDROGENASE-RXN
http://rdf-plantmetwiki.bioinformatics.nl/pathways/RC1142_r17.0.0_20260520160610,RXN-11935
http://rdf-plantmetwiki.bioinformatics.nl/pathways/RC1143_r17.0.0_20260520160610,FAD-RED-RXN
http://rdf-plantmetwiki.bioinformatics.nl/pathways/RC1144_r17.0.0_20260520160610,RXN-8554
http://rdf-plantmetwiki.bioinformatics.nl/pathways/RC1145_r17.0.0_20260520160610,RXN-11173
http://rdf-plantmetwiki.bioinformatics.nl/pathways/RC1146_r17.0.0_20260520160610,RXN-18702
http://rdf-plantmetwiki.bioinformatics.nl/pathways/RC1147_r17.0.0_20260520160610,RXN-14058
http://rdf-plantmetwiki.bioinformatics.nl/pathways/RC1148_r17.0.0_20260520160610,NADPH-DEHYDROGENASE-RXN
http://rdf-plantmetwiki.bioinformatics.nl/pathways/RC1149_r17.0.0_20260520160610,DIHYDROPICRED-RXN
http://rdf-plantmetwiki.bioinformatics.nl/pathways/RC114_r17.0.0_20260520160610,RXN-22914
http://rdf-plantmetwiki.bioinformatics.nl/pathways/RC1150_r17.0.0_20260520160610,RXN-14408
http://rdf-plantmetwiki.bioinformatics.nl/pathways/RC1151_r17.0.0_20260520160610,SULFATE-ADENYLYLTRANSFERASE-ADP-RXN
http://rdf-plantmetwiki.bioinformatics.nl/pathways/RC1152_r17.0.0_20260520160610,RXN-10735
http://rdf-plantmetwiki.bioinformatics.nl/pathways/RC1153_r17.0.0_20260520160610,RXN4FS-28
http://rdf-plantmetwiki.bioinformatics.nl/pathways/RC1154_r17.0.0_20260520160610,RXNQT-4371
http://rdf-plantmetwiki.bioinformatics.nl/pathways/RC1155_r17.0.0_20260520160610,RXN-8780
http://rdf-plantmetwiki.bioinformatics.nl/pathways/RC1156_r17.0.0_20260520160610,RXN-7863
http://rdf-plantmetwiki.bioinformatics.nl/pathways/RC1157_r17.0.0_20260520160610,RXN-3122
http://rdf-plantmetwiki.bioinformatics.nl/pathways/RC1158_r17.0.0_20260520160610,RXN-12565
http://rdf-plantmetwiki.bioinformatics.nl/pathways/RC1159_r17.0.0_20260520160610,PHOSPHATIDYLINOSITOL-BISPHOSPHATASE-RXN
http://rdf-plantmetwiki.bioinformatics.nl/pathways/RC115_r17.0.0_20260520160610,ALDEHYDE-OXIDASE-RXN
http://rdf-plantmetwiki.bioinformatics.nl/pathways/RC1160_r17.0.0_20260520160610,RXN-8447
http://rdf-plantmetwiki.bioinformatics.nl/pathways/RC1161_r17.0.0_20260520160610,CYSTEINE-AMINOTRANSFERASE-RXN
http://rdf-plantmetwiki.bioinformatics.nl/pathways/RC1162_r17.0.0_20260520160610,RXN-10734
http://rdf-plantmetwiki.bioinformatics.nl/pathways/RC1163_r17.0.0_20260520160610,RXN4FS-29
http://rdf-plantmetwiki.bioinformatics.nl/pathways/RC1164_r17.0.0_20260520160610,RXNQT-4370
http://rdf-plantmetwiki.bioinformatics.nl/pathways/RC1165_r17.0.0_20260520160610,RXN-14409
http://rdf-plantmetwiki.bioinformatics.nl/pathways/RC1166_r17.0.0_20260520160610,RXN-13323
http://rdf-plantmetwiki.bioinformatics.nl/pathways/RC1167_r17.0.0_20260520160610,dehydroascorbate hydrolase
http://rdf-plantmetwiki.bioinformatics.nl/pathways/RC1168_r17.0.0_20260520160610,RXN-19954
http://rdf-plantmetwiki.bioinformatics.nl/pathways/RC1169_r17.0.0_20260520160610,RXN-8555
http://rdf-plantmetwiki.bioinformatics.nl/pathways/RC116_r17.0.0_20260520160610,MALTODEG-RXN
http://rdf-plantmetwiki.bioinformatics.nl/pathways/RC1170_r17.0.0_20260520160610,RXN-11172
http://rdf-plantmetwiki.bioinformatics.nl/pathways/RC1171_r17.0.0_20260520160610,RXN-18703
http://rdf-plantmetwiki.bioinformatics.nl/pathways/RC1172_r17.0.0_20260520160610,RXN-10763
http://rdf-plantmetwiki.bioinformatics.nl/pathways/RC1173_r17.0.0_20260520160610,RXN-18353
http://rdf-plantmetwiki.bioinformatics.nl/pathways/RC1174_r17.0.0_20260520160610,TRANS-HEXAPRENYLTRANSTRANSFERASE-RXN
http://rdf-plantmetwiki.bioinformatics.nl/pathways/RC1175_r17.0.0_20260520160610,RXN-11308
http://rdf-plantmetwiki.bioinformatics.nl/pathways/RC1176_r17.0.0_20260520160610,RXN-24046
http://rdf-plantmetwiki.bioinformatics.nl/pathways/RC1177_r17.0.0_20260520160610,1.14.13.68-RXN
http://rdf-plantmetwiki.bioinformatics.nl/pathways/RC1178_r17.0.0_20260520160610,RXN-14809
http://rdf-plantmetwiki.bioinformatics.nl/pathways/RC1179_r17.0.0_20260520160610,RXN-8406
http://rdf-plantmetwiki.bioinformatics.nl/pathways/RC117_r17.0.0_20260520160610,RXN-21007
http://rdf-plantmetwiki.bioinformatics.nl/pathways/RC1180_r17.0.0_20260520160610,RXN-22604
http://rdf-plantmetwiki.bioinformatics.nl/pathways/RC1181_r17.0.0_20260520160610,6.3.5.7-RXN
http://rdf-plantmetwiki.bioinformatics.nl/pathways/RC1182_r17.0.0_20260520160610,6.3.5.6-RXN
http://rdf-plantmetwiki.bioinformatics.nl/pathways/RC1183_r17.0.0_20260520160610,RXN-8543
http://rdf-plantmetwiki.bioinformatics.nl/pathways/RC1184_r17.0.0_20260520160610,RXN-18938
http://rdf-plantmetwiki.bioinformatics.nl/pathways/RC1185_r17.0.0_20260520160610,VINYLACETYL-COA-DELTA-ISOMERASE-RXN
http://rdf-plantmetwiki.bioinformatics.nl/pathways/RC1186_r17.0.0_20260520160610,RXN-22829
http://rdf-plantmetwiki.bioinformatics.nl/pathways/RC1187_r17.0.0_20260520160610,RXN-16475
http://rdf-plantmetwiki.bioinformatics.nl/pathways/RC1188_r17.0.0_20260520160610,RXN-18484
http://rdf-plantmetwiki.bioinformatics.nl/pathways/RC1189_r17.0.0_20260520160610,RXN-8001
http://rdf-plantmetwiki.bioinformatics.nl/pathways/RC118_r17.0.0_20260520160610,RXN4KF-11495
http://rdf-plantmetwiki.bioinformatics.nl/pathways/RC1190_r17.0.0_20260520160610,RXN-10722
http://rdf-plantmetwiki.bioinformatics.nl/pathways/RC1191_r17.0.0_20260520160610,2-(&alpha;-hydroxyethyl)-TPP:[dihydrolipoyllysine-residue acetyltransferase]-lipoyllysine acetyltransferase
http://rdf-plantmetwiki.bioinformatics.nl/pathways/RC1192_r17.0.0_20260520160610,RXN-14126
http://rdf-plantmetwiki.bioinformatics.nl/pathways/RC1193_r17.0.0_20260520160610,RXNQT-4171
http://rdf-plantmetwiki.bioinformatics.nl/pathways/RC1194_r17.0.0_20260520160610,RXN-8353
http://rdf-plantmetwiki.bioinformatics.nl/pathways/RC1195_r17.0.0_20260520160610,3.2.1.3-RXN
http://rdf-plantmetwiki.bioinformatics.nl/pathways/RC1196_r17.0.0_20260520160610,3.2.1.68-RXN
http://rdf-plantmetwiki.bioinformatics.nl/pathways/RC1197_r17.0.0_20260520160610,RXN-19128
http://rdf-plantmetwiki.bioinformatics.nl/pathways/RC1198_r17.0.0_20260520160610,RXN-21004
http://rdf-plantmetwiki.bioinformatics.nl/pathways/RC1199_r17.0.0_20260520160610,7KAPSYN-RXN
http://rdf-plantmetwiki.bioinformatics.nl/pathways/RC119_r17.0.0_20260520160610,RXN-11235
http://rdf-plantmetwiki.bioinformatics.nl/pathways/RC11_r17.0.0_20260520160610,RXN-22758
http://rdf-plantmetwiki.bioinformatics.nl/pathways/RC1200_r17.0.0_20260520160610,Xyloglucan 6-xylosyltransferase
http://rdf-plantmetwiki.bioinformatics.nl/pathways/RC1201_r17.0.0_20260520160610,RXN-1826
http://rdf-plantmetwiki.bioinformatics.nl/pathways/RC1202_r17.0.0_20260520160610,RXN-19743
http://rdf-plantmetwiki.bioinformatics.nl/pathways/RC1203_r17.0.0_20260520160610,RXN0-5244
http://rdf-plantmetwiki.bioinformatics.nl/pathways/RC1204_r17.0.0_20260520160610,RXN-12949
http://rdf-plantmetwiki.bioinformatics.nl/pathways/RC1205_r17.0.0_20260520160610,PHOSPHATIDYLINOSITOL-3-PHOSPHATASE-RXN
http://rdf-plantmetwiki.bioinformatics.nl/pathways/RC1206_r17.0.0_20260520160610,RXN0-5182
http://rdf-plantmetwiki.bioinformatics.nl/pathways/RC1207_r17.0.0_20260520160610,RXN-12363
http://rdf-plantmetwiki.bioinformatics.nl/pathways/RC1208_r17.0.0_20260520160610,FORMYLTHFDEFORMYL-RXN
http://rdf-plantmetwiki.bioinformatics.nl/pathways/RC1209_r17.0.0_20260520160610,RXN0-3543
http://rdf-plantmetwiki.bioinformatics.nl/pathways/RC120_r17.0.0_20260520160610,RXN-18444
http://rdf-plantmetwiki.bioinformatics.nl/pathways/RC1210_r17.0.0_20260520160610,2.7.7.11-RXN
http://rdf-plantmetwiki.bioinformatics.nl/pathways/RC1211_r17.0.0_20260520160610,[phosphoenolpyruvate carboxylase] kinase
http://rdf-plantmetwiki.bioinformatics.nl/pathways/RC1212_r17.0.0_20260520160610,RXN-18781
http://rdf-plantmetwiki.bioinformatics.nl/pathways/RC1213_r17.0.0_20260520160610,2.4.1.207-RXN
http://rdf-plantmetwiki.bioinformatics.nl/pathways/RC1214_r17.0.0_20260520160610,RXN-22405
http://rdf-plantmetwiki.bioinformatics.nl/pathways/RC1215_r17.0.0_20260520160610,TRIPHOSPHATASE-RXN
http://rdf-plantmetwiki.bioinformatics.nl/pathways/RC1216_r17.0.0_20260520160610,DLACTDEHYDROGFAD-RXN
http://rdf-plantmetwiki.bioinformatics.nl/pathways/RC1217_r17.0.0_20260520160610,RXN-11670
http://rdf-plantmetwiki.bioinformatics.nl/pathways/RC1218_r17.0.0_20260520160610,dihydroorotate dehydrogenase
http://rdf-plantmetwiki.bioinformatics.nl/pathways/RC1219_r17.0.0_20260520160610,UDPSUGARHYDRO-RXN
http://rdf-plantmetwiki.bioinformatics.nl/pathways/RC121_r17.0.0_20260520160610,RXN-16909
http://rdf-plantmetwiki.bioinformatics.nl/pathways/RC1220_r17.0.0_20260520160610,RXN-5465
http://rdf-plantmetwiki.bioinformatics.nl/pathways/RC1221_r17.0.0_20260520160610,RXN-10431
http://rdf-plantmetwiki.bioinformatics.nl/pathways/RC1222_r17.0.0_20260520160610,RXN-18451
http://rdf-plantmetwiki.bioinformatics.nl/pathways/RC1223_r17.0.0_20260520160610,3.2.1.21-RXN
http://rdf-plantmetwiki.bioinformatics.nl/pathways/RC1224_r17.0.0_20260520160610,2.3.1.162-RXN
http://rdf-plantmetwiki.bioinformatics.nl/pathways/RC1225_r17.0.0_20260520160610,RAUCAFFRICINE-BETA-GLUCOSIDASE-RXN
http://rdf-plantmetwiki.bioinformatics.nl/pathways/RC1226_r17.0.0_20260520160610,RXN-8345
http://rdf-plantmetwiki.bioinformatics.nl/pathways/RC1227_r17.0.0_20260520160610,RXNQT-4167
http://rdf-plantmetwiki.bioinformatics.nl/pathways/RC1228_r17.0.0_20260520160610,RXN-22002
http://rdf-plantmetwiki.bioinformatics.nl/pathways/RC1229_r17.0.0_20260520160610,RXN-10036
http://rdf-plantmetwiki.bioinformatics.nl/pathways/RC122_r17.0.0_20260520160610,RXN-1825
http://rdf-plantmetwiki.bioinformatics.nl/pathways/RC1230_r17.0.0_20260520160610,RXN1F-152
http://rdf-plantmetwiki.bioinformatics.nl/pathways/RC1231_r17.0.0_20260520160610,RXN-8200
http://rdf-plantmetwiki.bioinformatics.nl/pathways/RC1232_r17.0.0_20260520160610,1.14.11.2-RXN
http://rdf-plantmetwiki.bioinformatics.nl/pathways/RC1233_r17.0.0_20260520160610,RXN-8980
http://rdf-plantmetwiki.bioinformatics.nl/pathways/RC1234_r17.0.0_20260520160610,RXN-13163
http://rdf-plantmetwiki.bioinformatics.nl/pathways/RC1235_r17.0.0_20260520160610,RXN-14219
http://rdf-plantmetwiki.bioinformatics.nl/pathways/RC1236_r17.0.0_20260520160610,RXN-23869
http://rdf-plantmetwiki.bioinformatics.nl/pathways/RC1237_r17.0.0_20260520160610,RXN-12267
http://rdf-plantmetwiki.bioinformatics.nl/pathways/RC1238_r17.0.0_20260520160610,RXN-8918
http://rdf-plantmetwiki.bioinformatics.nl/pathways/RC1239_r17.0.0_20260520160610,ASNSYNA-RXN
http://rdf-plantmetwiki.bioinformatics.nl/pathways/RC123_r17.0.0_20260520160610,RXN-14522
http://rdf-plantmetwiki.bioinformatics.nl/pathways/RC1240_r17.0.0_20260520160610,RXNQT-4393
http://rdf-plantmetwiki.bioinformatics.nl/pathways/RC1241_r17.0.0_20260520160610,RXN-2103
http://rdf-plantmetwiki.bioinformatics.nl/pathways/RC1242_r17.0.0_20260520160610,RXN-15490
http://rdf-plantmetwiki.bioinformatics.nl/pathways/RC1243_r17.0.0_20260520160610,RXN4FS-25
http://rdf-plantmetwiki.bioinformatics.nl/pathways/RC1244_r17.0.0_20260520160610,RXN-20674
http://rdf-plantmetwiki.bioinformatics.nl/pathways/RC1245_r17.0.0_20260520160610,RXN-13397
http://rdf-plantmetwiki.bioinformatics.nl/pathways/RC1246_r17.0.0_20260520160610,RXN-18164
http://rdf-plantmetwiki.bioinformatics.nl/pathways/RC1247_r17.0.0_20260520160610,RXN-4311
http://rdf-plantmetwiki.bioinformatics.nl/pathways/RC1248_r17.0.0_20260520160610,RXN-12990
http://rdf-plantmetwiki.bioinformatics.nl/pathways/RC1249_r17.0.0_20260520160610,RXN-13728
http://rdf-plantmetwiki.bioinformatics.nl/pathways/RC124_r17.0.0_20260520160610,RXN-18782
http://rdf-plantmetwiki.bioinformatics.nl/pathways/RC1250_r17.0.0_20260520160610,RXN-8332
http://rdf-plantmetwiki.bioinformatics.nl/pathways/RC1251_r17.0.0_20260520160610,RXN-21527
http://rdf-plantmetwiki.bioinformatics.nl/pathways/RC1252_r17.0.0_20260520160610,RXN-7643
http://rdf-plantmetwiki.bioinformatics.nl/pathways/RC1253_r17.0.0_20260520160610,RXN-15582
http://rdf-plantmetwiki.bioinformatics.nl/pathways/RC1254_r17.0.0_20260520160610,RXN-6547
http://rdf-plantmetwiki.bioinformatics.nl/pathways/RC1255_r17.0.0_20260520160610,RXN-9348
http://rdf-plantmetwiki.bioinformatics.nl/pathways/RC1256_r17.0.0_20260520160610,RXN-8559
http://rdf-plantmetwiki.bioinformatics.nl/pathways/RC1257_r17.0.0_20260520160610,2.6.1.64-RXN
http://rdf-plantmetwiki.bioinformatics.nl/pathways/RC1258_r17.0.0_20260520160610,NUCLEOSIDE-DIPHOSPHATASE-RXN
http://rdf-plantmetwiki.bioinformatics.nl/pathways/RC1259_r17.0.0_20260520160610,325-BISPHOSPHATE-NUCLEOTIDASE-RXN
http://rdf-plantmetwiki.bioinformatics.nl/pathways/RC125_r17.0.0_20260520160610,RXN-21400
http://rdf-plantmetwiki.bioinformatics.nl/pathways/RC1260_r17.0.0_20260520160610,RXN-14813
http://rdf-plantmetwiki.bioinformatics.nl/pathways/RC1261_r17.0.0_20260520160610,RXN-12251
http://rdf-plantmetwiki.bioinformatics.nl/pathways/RC1262_r17.0.0_20260520160610,RXN-21161
http://rdf-plantmetwiki.bioinformatics.nl/pathways/RC1263_r17.0.0_20260520160610,RXN-7710
http://rdf-plantmetwiki.bioinformatics.nl/pathways/RC1264_r17.0.0_20260520160610,RXN-21024
http://rdf-plantmetwiki.bioinformatics.nl/pathways/RC1265_r17.0.0_20260520160610,RXN-18963
http://rdf-plantmetwiki.bioinformatics.nl/pathways/RC1266_r17.0.0_20260520160610,RXN-20459
http://rdf-plantmetwiki.bioinformatics.nl/pathways/RC1267_r17.0.0_20260520160610,THREDEHYD-RXN
http://rdf-plantmetwiki.bioinformatics.nl/pathways/RC1268_r17.0.0_20260520160610,RXN-9562
http://rdf-plantmetwiki.bioinformatics.nl/pathways/RC1269_r17.0.0_20260520160610,"4&alpha;-formyl-5&alpha;-cholesta-8,24-dien-3&beta;-ol 4-hydroxylase"
http://rdf-plantmetwiki.bioinformatics.nl/pathways/RC126_r17.0.0_20260520160610,RXN0-5181
http://rdf-plantmetwiki.bioinformatics.nl/pathways/RC1270_r17.0.0_20260520160610,RXNQT-4385
http://rdf-plantmetwiki.bioinformatics.nl/pathways/RC1271_r17.0.0_20260520160610,pyridoxal 5&prime;-phosphate synthase (glutamine hydrolyzing)
http://rdf-plantmetwiki.bioinformatics.nl/pathways/RC1272_r17.0.0_20260520160610,RXN-7897
http://rdf-plantmetwiki.bioinformatics.nl/pathways/RC1273_r17.0.0_20260520160610,RXN-10954
http://rdf-plantmetwiki.bioinformatics.nl/pathways/RC1274_r17.0.0_20260520160610,RXN-10811
http://rdf-plantmetwiki.bioinformatics.nl/pathways/RC1275_r17.0.0_20260520160610,RXN-14501
http://rdf-plantmetwiki.bioinformatics.nl/pathways/RC1276_r17.0.0_20260520160610,RXN-12085
http://rdf-plantmetwiki.bioinformatics.nl/pathways/RC1277_r17.0.0_20260520160610,RXN-7878
http://rdf-plantmetwiki.bioinformatics.nl/pathways/RC1278_r17.0.0_20260520160610,DEOXYNUCLEOTIDE-3-PHOSPHATASE-RXN
http://rdf-plantmetwiki.bioinformatics.nl/pathways/RC1279_r17.0.0_20260520160610,HOMOCYSTEINE-S-METHYLTRANSFERASE-RXN
http://rdf-plantmetwiki.bioinformatics.nl/pathways/RC127_r17.0.0_20260520160610,ACYLPHOSPHATASE-RXN
http://rdf-plantmetwiki.bioinformatics.nl/pathways/RC1280_r17.0.0_20260520160610,RXN-9722
http://rdf-plantmetwiki.bioinformatics.nl/pathways/RC1281_r17.0.0_20260520160610,RXN-12338
http://rdf-plantmetwiki.bioinformatics.nl/pathways/RC1282_r17.0.0_20260520160610,RXN-21008
http://rdf-plantmetwiki.bioinformatics.nl/pathways/RC1283_r17.0.0_20260520160610,RXN-924
http://rdf-plantmetwiki.bioinformatics.nl/pathways/RC1284_r17.0.0_20260520160610,RXN-8563
http://rdf-plantmetwiki.bioinformatics.nl/pathways/RC1285_r17.0.0_20260520160610,hydroxypyruvate reductase (NADP+)
http://rdf-plantmetwiki.bioinformatics.nl/pathways/RC1286_r17.0.0_20260520160610,RXN-8426
http://rdf-plantmetwiki.bioinformatics.nl/pathways/RC1287_r17.0.0_20260520160610,NADNUCLEOSID-RXN
http://rdf-plantmetwiki.bioinformatics.nl/pathways/RC1288_r17.0.0_20260520160610,RXN-13196
http://rdf-plantmetwiki.bioinformatics.nl/pathways/RC1289_r17.0.0_20260520160610,RXN-22761
http://rdf-plantmetwiki.bioinformatics.nl/pathways/RC128_r17.0.0_20260520160610,RXN-10432
http://rdf-plantmetwiki.bioinformatics.nl/pathways/RC1290_r17.0.0_20260520160610,PEROXID-RXN
http://rdf-plantmetwiki.bioinformatics.nl/pathways/RC1291_r17.0.0_20260520160610,2.5.1.46-RXN
http://rdf-plantmetwiki.bioinformatics.nl/pathways/RC1292_r17.0.0_20260520160610,DCYSDESULF-RXN
http://rdf-plantmetwiki.bioinformatics.nl/pathways/RC1293_r17.0.0_20260520160610,RXN-10885
http://rdf-plantmetwiki.bioinformatics.nl/pathways/RC1294_r17.0.0_20260520160610,RXN-18627
http://rdf-plantmetwiki.bioinformatics.nl/pathways/RC1295_r17.0.0_20260520160610,RXN-22736
http://rdf-plantmetwiki.bioinformatics.nl/pathways/RC1296_r17.0.0_20260520160610,RXN0-5248
http://rdf-plantmetwiki.bioinformatics.nl/pathways/RC1297_r17.0.0_20260520160610,oleoyl-CoA 12-hydroxylase
http://rdf-plantmetwiki.bioinformatics.nl/pathways/RC1298_r17.0.0_20260520160610,RXN0-5462
http://rdf-plantmetwiki.bioinformatics.nl/pathways/RC1299_r17.0.0_20260520160610,SHCHCSYNTH-RXN
http://rdf-plantmetwiki.bioinformatics.nl/pathways/RC129_r17.0.0_20260520160610,RXN-20084
http://rdf-plantmetwiki.bioinformatics.nl/pathways/RC12_r17.0.0_20260520160610,RXN-10783
http://rdf-plantmetwiki.bioinformatics.nl/pathways/RC1300_r17.0.0_20260520160610,RXN-11040
http://rdf-plantmetwiki.bioinformatics.nl/pathways/RC1301_r17.0.0_20260520160610,RXN-14242
http://rdf-plantmetwiki.bioinformatics.nl/pathways/RC1302_r17.0.0_20260520160610,1.14.13.87-RXN
http://rdf-plantmetwiki.bioinformatics.nl/pathways/RC1303_r17.0.0_20260520160610,RXN-12816
http://rdf-plantmetwiki.bioinformatics.nl/pathways/RC1304_r17.0.0_20260520160610,RXN-11369
http://rdf-plantmetwiki.bioinformatics.nl/pathways/RC1305_r17.0.0_20260520160610,RXN-10981
http://rdf-plantmetwiki.bioinformatics.nl/pathways/RC1306_r17.0.0_20260520160610,RXN-7842
http://rdf-plantmetwiki.bioinformatics.nl/pathways/RC1307_r17.0.0_20260520160610,RXN-16910
http://rdf-plantmetwiki.bioinformatics.nl/pathways/RC1308_r17.0.0_20260520160610,RXN-7680
http://rdf-plantmetwiki.bioinformatics.nl/pathways/RC1309_r17.0.0_20260520160610,RXN-13495
http://rdf-plantmetwiki.bioinformatics.nl/pathways/RC130_r17.0.0_20260520160610,RXN-11223
http://rdf-plantmetwiki.bioinformatics.nl/pathways/RC1310_r17.0.0_20260520160610,RXN-19831
http://rdf-plantmetwiki.bioinformatics.nl/pathways/RC1311_r17.0.0_20260520160610,RXN-22777
http://rdf-plantmetwiki.bioinformatics.nl/pathways/RC1312_r17.0.0_20260520160610,RXN-9221
http://rdf-plantmetwiki.bioinformatics.nl/pathways/RC1313_r17.0.0_20260520160610,RXN-14215
http://rdf-plantmetwiki.bioinformatics.nl/pathways/RC1314_r17.0.0_20260520160610,RXN-8430
http://rdf-plantmetwiki.bioinformatics.nl/pathways/RC1315_r17.0.0_20260520160610,RXN-8349
http://rdf-plantmetwiki.bioinformatics.nl/pathways/RC1316_r17.0.0_20260520160610,GLUCONOLACT-RXN
http://rdf-plantmetwiki.bioinformatics.nl/pathways/RC131_r17.0.0_20260520160610,1.5.1.20-RXN
http://rdf-plantmetwiki.bioinformatics.nl/pathways/RC132_r17.0.0_20260520160610,RXN-10961
http://rdf-plantmetwiki.bioinformatics.nl/pathways/RC133_r17.0.0_20260520160610,RXN-14471
http://rdf-plantmetwiki.bioinformatics.nl/pathways/RC134_r17.0.0_20260520160610,RXN-14534
http://rdf-plantmetwiki.bioinformatics.nl/pathways/RC135_r17.0.0_20260520160610,RXN-22406
http://rdf-plantmetwiki.bioinformatics.nl/pathways/RC136_r17.0.0_20260520160610,RXN-8038
http://rdf-plantmetwiki.bioinformatics.nl/pathways/RC137_r17.0.0_20260520160610,FORMATE-DEHYDROGENASE-NADP+-RXN
http://rdf-plantmetwiki.bioinformatics.nl/pathways/RC138_r17.0.0_20260520160610,RXN-16765
http://rdf-plantmetwiki.bioinformatics.nl/pathways/RC139_r17.0.0_20260520160610,2.4.1.214-RXN
http://rdf-plantmetwiki.bioinformatics.nl/pathways/RC13_r17.0.0_20260520160610,RXN-13005
http://rdf-plantmetwiki.bioinformatics.nl/pathways/RC140_r17.0.0_20260520160610,RXN-602
http://rdf-plantmetwiki.bioinformatics.nl/pathways/RC141_r17.0.0_20260520160610,RXN-10873
http://rdf-plantmetwiki.bioinformatics.nl/pathways/RC142_r17.0.0_20260520160610,RXNQT-4164
http://rdf-plantmetwiki.bioinformatics.nl/pathways/RC143_r17.0.0_20260520160610,RXN1F-444
http://rdf-plantmetwiki.bioinformatics.nl/pathways/RC144_r17.0.0_20260520160610,RXN-22778
http://rdf-plantmetwiki.bioinformatics.nl/pathways/RC145_r17.0.0_20260520160610,RXN-13025
http://rdf-plantmetwiki.bioinformatics.nl/pathways/RC146_r17.0.0_20260520160610,RXN-19582
http://rdf-plantmetwiki.bioinformatics.nl/pathways/RC147_r17.0.0_20260520160610,RXN-18392
http://rdf-plantmetwiki.bioinformatics.nl/pathways/RC148_r17.0.0_20260520160610,RXN-13024
http://rdf-plantmetwiki.bioinformatics.nl/pathways/RC149_r17.0.0_20260520160610,RXN-19583
http://rdf-plantmetwiki.bioinformatics.nl/pathways/RC14_r17.0.0_20260520160610,RXN-21524
http://rdf-plantmetwiki.bioinformatics.nl/pathways/RC150_r17.0.0_20260520160610,RXN-8594
http://rdf-plantmetwiki.bioinformatics.nl/pathways/RC151_r17.0.0_20260520160610,CYSTAGLY-RXN
http://rdf-plantmetwiki.bioinformatics.nl/pathways/RC152_r17.0.0_20260520160610,"phosphogluconate dehydrogenase [NAD(P)+-dependent, decarboxylating]"
http://rdf-plantmetwiki.bioinformatics.nl/pathways/RC153_r17.0.0_20260520160610,RXN-18957
http://rdf-plantmetwiki.bioinformatics.nl/pathways/RC154_r17.0.0_20260520160610,PROSTAGLANDIN-E-SYNTHASE-RXN
http://rdf-plantmetwiki.bioinformatics.nl/pathways/RC155_r17.0.0_20260520160610,RXN-4221
http://rdf-plantmetwiki.bioinformatics.nl/pathways/RC156_r17.0.0_20260520160610,RXNQT-4165
http://rdf-plantmetwiki.bioinformatics.nl/pathways/RC157_r17.0.0_20260520160610,RXN-8039
http://rdf-plantmetwiki.bioinformatics.nl/pathways/RC158_r17.0.0_20260520160610,RXN-2121
http://rdf-plantmetwiki.bioinformatics.nl/pathways/RC159_r17.0.0_20260520160610,RXN-10433
http://rdf-plantmetwiki.bioinformatics.nl/pathways/RC15_r17.0.0_20260520160610,RXN-23260
http://rdf-plantmetwiki.bioinformatics.nl/pathways/RC160_r17.0.0_20260520160610,RXN-18453
http://rdf-plantmetwiki.bioinformatics.nl/pathways/RC161_r17.0.0_20260520160610,RXN-14889
http://rdf-plantmetwiki.bioinformatics.nl/pathways/RC162_r17.0.0_20260520160610,2-MEBUCOA-FAD-RXN
http://rdf-plantmetwiki.bioinformatics.nl/pathways/RC163_r17.0.0_20260520160610,RXN-11737
http://rdf-plantmetwiki.bioinformatics.nl/pathways/RC164_r17.0.0_20260520160610,RXN-22407
http://rdf-plantmetwiki.bioinformatics.nl/pathways/RC165_r17.0.0_20260520160610,RXN-8886
http://rdf-plantmetwiki.bioinformatics.nl/pathways/RC166_r17.0.0_20260520160610,RXN-18783
http://rdf-plantmetwiki.bioinformatics.nl/pathways/RC167_r17.0.0_20260520160610,2.6.1.28-RXN
http://rdf-plantmetwiki.bioinformatics.nl/pathways/RC168_r17.0.0_20260520160610,DSERDEAM-RXN
http://rdf-plantmetwiki.bioinformatics.nl/pathways/RC169_r17.0.0_20260520160610,RXN-13435
http://rdf-plantmetwiki.bioinformatics.nl/pathways/RC16_r17.0.0_20260520160610,RXN-14113
http://rdf-plantmetwiki.bioinformatics.nl/pathways/RC170_r17.0.0_20260520160610,RXN4FS-11
http://rdf-plantmetwiki.bioinformatics.nl/pathways/RC171_r17.0.0_20260520160610,AMIDASE-RXN
http://rdf-plantmetwiki.bioinformatics.nl/pathways/RC172_r17.0.0_20260520160610,3.2.1.58-RXN
http://rdf-plantmetwiki.bioinformatics.nl/pathways/RC173_r17.0.0_20260520160610,RXN-8243
http://rdf-plantmetwiki.bioinformatics.nl/pathways/RC174_r17.0.0_20260520160610,ALCOHOL-DEHYDROG-GENERIC-RXN
http://rdf-plantmetwiki.bioinformatics.nl/pathways/RC175_r17.0.0_20260520160610,RXN-11234
http://rdf-plantmetwiki.bioinformatics.nl/pathways/RC176_r17.0.0_20260520160610,RXN-1824
http://rdf-plantmetwiki.bioinformatics.nl/pathways/RC177_r17.0.0_20260520160610,RXN-14523
http://rdf-plantmetwiki.bioinformatics.nl/pathways/RC178_r17.0.0_20260520160610,ricinoleyl-CoA desaturase
http://rdf-plantmetwiki.bioinformatics.nl/pathways/RC179_r17.0.0_20260520160610,"(4<i>S</i>)-4-hydroxy-2,3,4,5-tetrahydro-(2<i>S</i>)-dipicolinate dehydratase"
http://rdf-plantmetwiki.bioinformatics.nl/pathways/RC17_r17.0.0_20260520160610,RXN-14056
http://rdf-plantmetwiki.bioinformatics.nl/pathways/RC180_r17.0.0_20260520160610,RXN-8428
http://rdf-plantmetwiki.bioinformatics.nl/pathways/RC181_r17.0.0_20260520160610,TRANS-RXN4LZ-6845
http://rdf-plantmetwiki.bioinformatics.nl/pathways/RC182_r17.0.0_20260520160610,RXN-7948
http://rdf-plantmetwiki.bioinformatics.nl/pathways/RC183_r17.0.0_20260520160610,2-HEXADECENAL-REDUCTASE-RXN
http://rdf-plantmetwiki.bioinformatics.nl/pathways/RC184_r17.0.0_20260520160610,RXN-14124
http://rdf-plantmetwiki.bioinformatics.nl/pathways/RC185_r17.0.0_20260520160610,RXNQT-4173
http://rdf-plantmetwiki.bioinformatics.nl/pathways/RC186_r17.0.0_20260520160610,RXN-18804
http://rdf-plantmetwiki.bioinformatics.nl/pathways/RC187_r17.0.0_20260520160610,RXN-22915
http://rdf-plantmetwiki.bioinformatics.nl/pathways/RC188_r17.0.0_20260520160610,RXN-10864
http://rdf-plantmetwiki.bioinformatics.nl/pathways/RC189_r17.0.0_20260520160610,RXN-10720
http://rdf-plantmetwiki.bioinformatics.nl/pathways/RC18_r17.0.0_20260520160610,RXN0-5363
http://rdf-plantmetwiki.bioinformatics.nl/pathways/RC190_r17.0.0_20260520160610,RXN-19151
http://rdf-plantmetwiki.bioinformatics.nl/pathways/RC191_r17.0.0_20260520160610,RXN-7876
http://rdf-plantmetwiki.bioinformatics.nl/pathways/RC192_r17.0.0_20260520160610,RXN-4309
http://rdf-plantmetwiki.bioinformatics.nl/pathways/RC193_r17.0.0_20260520160610,indol-3-ylacetaldoxime isomerase
http://rdf-plantmetwiki.bioinformatics.nl/pathways/RC194_r17.0.0_20260520160610,RXN-23914
http://rdf-plantmetwiki.bioinformatics.nl/pathways/RC195_r17.0.0_20260520160610,RXN-22606
http://rdf-plantmetwiki.bioinformatics.nl/pathways/RC196_r17.0.0_20260520160610,RXN-15125
http://rdf-plantmetwiki.bioinformatics.nl/pathways/RC197_r17.0.0_20260520160610,RXN-10632
http://rdf-plantmetwiki.bioinformatics.nl/pathways/RC198_r17.0.0_20260520160610,RXN-11473
http://rdf-plantmetwiki.bioinformatics.nl/pathways/RC199_r17.0.0_20260520160610,RXN-20457
http://rdf-plantmetwiki.bioinformatics.nl/pathways/RC19_r17.0.0_20260520160610,RXN-12182
http://rdf-plantmetwiki.bioinformatics.nl/pathways/RC1_r17.0.0_20260520160610,RXN4FS-26
http://rdf-plantmetwiki.bioinformatics.nl/pathways/RC200_r17.0.0_20260520160610,CYCPHOSDIESTER-RXN
http://rdf-plantmetwiki.bioinformatics.nl/pathways/RC201_r17.0.0_20260520160610,RXN-18351
http://rdf-plantmetwiki.bioinformatics.nl/pathways/RC202_r17.0.0_20260520160610,methionine--phenylpyruvate transaminase
http://rdf-plantmetwiki.bioinformatics.nl/pathways/RC203_r17.0.0_20260520160610,RXN-8557
http://rdf-plantmetwiki.bioinformatics.nl/pathways/RC204_r17.0.0_20260520160610,LCYSDESULF-RXN
http://rdf-plantmetwiki.bioinformatics.nl/pathways/RC205_r17.0.0_20260520160610,RXN-20768
http://rdf-plantmetwiki.bioinformatics.nl/pathways/RC206_r17.0.0_20260520160610,RXN-11936
http://rdf-plantmetwiki.bioinformatics.nl/pathways/RC207_r17.0.0_20260520160610,RXN-9983
http://rdf-plantmetwiki.bioinformatics.nl/pathways/RC208_r17.0.0_20260520160610,RXN-12863
http://rdf-plantmetwiki.bioinformatics.nl/pathways/RC209_r17.0.0_20260520160610,RXN-17677
http://rdf-plantmetwiki.bioinformatics.nl/pathways/RC20_r17.0.0_20260520160610,2.4.1.194-RXN
http://rdf-plantmetwiki.bioinformatics.nl/pathways/RC210_r17.0.0_20260520160610,RXN-20154
http://rdf-plantmetwiki.bioinformatics.nl/pathways/RC211_r17.0.0_20260520160610,GKI-RXN
http://rdf-plantmetwiki.bioinformatics.nl/pathways/RC212_r17.0.0_20260520160610,RXN-14325
http://rdf-plantmetwiki.bioinformatics.nl/pathways/RC213_r17.0.0_20260520160610,RXNQT-4372
http://rdf-plantmetwiki.bioinformatics.nl/pathways/RC214_r17.0.0_20260520160610,RXN0-7187
http://rdf-plantmetwiki.bioinformatics.nl/pathways/RC215_r17.0.0_20260520160610,PHENYLPYRUVATE-TAUTOMERASE-RXN
http://rdf-plantmetwiki.bioinformatics.nl/pathways/RC216_r17.0.0_20260520160610,Formaldehyde dehydrogenase (glutathione)
http://rdf-plantmetwiki.bioinformatics.nl/pathways/RC217_r17.0.0_20260520160610,RXN-12567
http://rdf-plantmetwiki.bioinformatics.nl/pathways/RC218_r17.0.0_20260520160610,RXN-7860
http://rdf-plantmetwiki.bioinformatics.nl/pathways/RC219_r17.0.0_20260520160610,RXN-13399
http://rdf-plantmetwiki.bioinformatics.nl/pathways/RC21_r17.0.0_20260520160610,RXN-13506
http://rdf-plantmetwiki.bioinformatics.nl/pathways/RC220_r17.0.0_20260520160610,PHOSPHOENOLPYRUVATE-PHOSPHATASE-RXN
http://rdf-plantmetwiki.bioinformatics.nl/pathways/RC221_r17.0.0_20260520160610,NADH-DEHYDROGENASE-RXN
http://rdf-plantmetwiki.bioinformatics.nl/pathways/RC222_r17.0.0_20260520160610,RXN-20898
http://rdf-plantmetwiki.bioinformatics.nl/pathways/RC223_r17.0.0_20260520160610,RXN-14997
http://rdf-plantmetwiki.bioinformatics.nl/pathways/RC224_r17.0.0_20260520160610,RXN-21159
http://rdf-plantmetwiki.bioinformatics.nl/pathways/RC225_r17.0.0_20260520160610,RXN-14217
http://rdf-plantmetwiki.bioinformatics.nl/pathways/RC226_r17.0.0_20260520160610,RXN-9673
http://rdf-plantmetwiki.bioinformatics.nl/pathways/RC227_r17.0.0_20260520160610,RXN-22775
http://rdf-plantmetwiki.bioinformatics.nl/pathways/RC228_r17.0.0_20260520160610,RXN-23867
http://rdf-plantmetwiki.bioinformatics.nl/pathways/RC229_r17.0.0_20260520160610,RXN-19833
http://rdf-plantmetwiki.bioinformatics.nl/pathways/RC22_r17.0.0_20260520160610,ADENYLYLSULFATASE-RXN
http://rdf-plantmetwiki.bioinformatics.nl/pathways/RC230_r17.0.0_20260520160610,3.2.1.52-RXN
http://rdf-plantmetwiki.bioinformatics.nl/pathways/RC231_r17.0.0_20260520160610,RXN-8259
http://rdf-plantmetwiki.bioinformatics.nl/pathways/RC232_r17.0.0_20260520160610,ADENYLYLSULFATE-REDUCTASE-RXN
http://rdf-plantmetwiki.bioinformatics.nl/pathways/RC233_r17.0.0_20260520160610,RXN-15451
http://rdf-plantmetwiki.bioinformatics.nl/pathways/RC234_r17.0.0_20260520160610,RXN-16787
http://rdf-plantmetwiki.bioinformatics.nl/pathways/RC235_r17.0.0_20260520160610,RXN-19022
http://rdf-plantmetwiki.bioinformatics.nl/pathways/RC236_r17.0.0_20260520160610,RXN3O-4157
http://rdf-plantmetwiki.bioinformatics.nl/pathways/RC237_r17.0.0_20260520160610,RXN-10429
http://rdf-plantmetwiki.bioinformatics.nl/pathways/RC238_r17.0.0_20260520160610,RXN-11238
http://rdf-plantmetwiki.bioinformatics.nl/pathways/RC239_r17.0.0_20260520160610,RXN-11668
http://rdf-plantmetwiki.bioinformatics.nl/pathways/RC23_r17.0.0_20260520160610,RXN-21027
http://rdf-plantmetwiki.bioinformatics.nl/pathways/RC240_r17.0.0_20260520160610,RXN-12947
http://rdf-plantmetwiki.bioinformatics.nl/pathways/RC241_r17.0.0_20260520160610,SARCOX-RXN
http://rdf-plantmetwiki.bioinformatics.nl/pathways/RC242_r17.0.0_20260520160610,RXN-1828
http://rdf-plantmetwiki.bioinformatics.nl/pathways/RC243_r17.0.0_20260520160610,RXN-17753
http://rdf-plantmetwiki.bioinformatics.nl/pathways/RC244_r17.0.0_20260520160610,RXN-12101
http://rdf-plantmetwiki.bioinformatics.nl/pathways/RC245_r17.0.0_20260520160610,1.14.99.37-RXN
http://rdf-plantmetwiki.bioinformatics.nl/pathways/RC246_r17.0.0_20260520160610,RXN66-339
http://rdf-plantmetwiki.bioinformatics.nl/pathways/RC247_r17.0.0_20260520160610,CHLOROPHYLLASE-RXN
http://rdf-plantmetwiki.bioinformatics.nl/pathways/RC248_r17.0.0_20260520160610,RXN-15447
http://rdf-plantmetwiki.bioinformatics.nl/pathways/RC249_r17.0.0_20260520160610,RXN-22734
http://rdf-plantmetwiki.bioinformatics.nl/pathways/RC24_r17.0.0_20260520160610,RXN-21162
http://rdf-plantmetwiki.bioinformatics.nl/pathways/RC250_r17.0.0_20260520160610,RXN-8865
http://rdf-plantmetwiki.bioinformatics.nl/pathways/RC251_r17.0.0_20260520160610,ALKAPHOSPHA-RXN
http://rdf-plantmetwiki.bioinformatics.nl/pathways/RC252_r17.0.0_20260520160610,RXN-10887
http://rdf-plantmetwiki.bioinformatics.nl/pathways/RC253_r17.0.0_20260520160610,RXN-14981
http://rdf-plantmetwiki.bioinformatics.nl/pathways/RC254_r17.0.0_20260520160610,RXN-13747
http://rdf-plantmetwiki.bioinformatics.nl/pathways/RC255_r17.0.0_20260520160610,RXN-10868
http://rdf-plantmetwiki.bioinformatics.nl/pathways/RC256_r17.0.0_20260520160610,RXN-11280
http://rdf-plantmetwiki.bioinformatics.nl/pathways/RC257_r17.0.0_20260520160610,OXALATE-COA-TRANSFERASE-RXN
http://rdf-plantmetwiki.bioinformatics.nl/pathways/RC258_r17.0.0_20260520160610,RXN-13897
http://rdf-plantmetwiki.bioinformatics.nl/pathways/RC259_r17.0.0_20260520160610,RXN-8424
http://rdf-plantmetwiki.bioinformatics.nl/pathways/RC25_r17.0.0_20260520160610,RXN-23276
http://rdf-plantmetwiki.bioinformatics.nl/pathways/RC260_r17.0.0_20260520160610,RXN-14201
http://rdf-plantmetwiki.bioinformatics.nl/pathways/RC261_r17.0.0_20260520160610,RXN-7381
http://rdf-plantmetwiki.bioinformatics.nl/pathways/RC262_r17.0.0_20260520160610,3.2.1.154-RXN
http://rdf-plantmetwiki.bioinformatics.nl/pathways/RC263_r17.0.0_20260520160610,RXN-15312
http://rdf-plantmetwiki.bioinformatics.nl/pathways/RC264_r17.0.0_20260520160610,RXN-12087
http://rdf-plantmetwiki.bioinformatics.nl/pathways/RC265_r17.0.0_20260520160610,RXN-14503
http://rdf-plantmetwiki.bioinformatics.nl/pathways/RC266_r17.0.0_20260520160610,RXN-10956
http://rdf-plantmetwiki.bioinformatics.nl/pathways/RC267_r17.0.0_20260520160610,RXN-7895
http://rdf-plantmetwiki.bioinformatics.nl/pathways/RC268_r17.0.0_20260520160610,ESTRADIOL-17-BETA-DEHYDROGENASE-RXN
http://rdf-plantmetwiki.bioinformatics.nl/pathways/RC269_r17.0.0_20260520160610,RXN-18259
http://rdf-plantmetwiki.bioinformatics.nl/pathways/RC26_r17.0.0_20260520160610,RXN-12878
http://rdf-plantmetwiki.bioinformatics.nl/pathways/RC270_r17.0.0_20260520160610,RXNQT-4387
http://rdf-plantmetwiki.bioinformatics.nl/pathways/RC271_r17.0.0_20260520160610,4&alpha;-methyl-zymosterol 4-hydroxylase
http://rdf-plantmetwiki.bioinformatics.nl/pathways/RC272_r17.0.0_20260520160610,RXN-12879
http://rdf-plantmetwiki.bioinformatics.nl/pathways/RC273_r17.0.0_20260520160610,RXN-14807
http://rdf-plantmetwiki.bioinformatics.nl/pathways/RC274_r17.0.0_20260520160610,RXN-15345
http://rdf-plantmetwiki.bioinformatics.nl/pathways/RC275_r17.0.0_20260520160610,RXN-9560
http://rdf-plantmetwiki.bioinformatics.nl/pathways/RC276_r17.0.0_20260520160610,RXN-7968
http://rdf-plantmetwiki.bioinformatics.nl/pathways/RC277_r17.0.0_20260520160610,RXN-11243
http://rdf-plantmetwiki.bioinformatics.nl/pathways/RC278_r17.0.0_20260520160610,RXN-23332
http://rdf-plantmetwiki.bioinformatics.nl/pathways/RC279_r17.0.0_20260520160610,RXN-15129
http://rdf-plantmetwiki.bioinformatics.nl/pathways/RC27_r17.0.0_20260520160610,RXN-14806
http://rdf-plantmetwiki.bioinformatics.nl/pathways/RC280_r17.0.0_20260520160610,RXN-23918
http://rdf-plantmetwiki.bioinformatics.nl/pathways/RC281_r17.0.0_20260520160610,RXN-13507
http://rdf-plantmetwiki.bioinformatics.nl/pathways/RC282_r17.0.0_20260520160610,RXN-21026
http://rdf-plantmetwiki.bioinformatics.nl/pathways/RC283_r17.0.0_20260520160610,RXN-7657
http://rdf-plantmetwiki.bioinformatics.nl/pathways/RC284_r17.0.0_20260520160610,RXN-21163
http://rdf-plantmetwiki.bioinformatics.nl/pathways/RC285_r17.0.0_20260520160610,3.2.1.7-RXN
http://rdf-plantmetwiki.bioinformatics.nl/pathways/RC286_r17.0.0_20260520160610,RXN-8408
http://rdf-plantmetwiki.bioinformatics.nl/pathways/RC287_r17.0.0_20260520160610,RXN-10794
http://rdf-plantmetwiki.bioinformatics.nl/pathways/RC288_r17.0.0_20260520160610,RXN-12253
http://rdf-plantmetwiki.bioinformatics.nl/pathways/RC289_r17.0.0_20260520160610,RXN-4344
http://rdf-plantmetwiki.bioinformatics.nl/pathways/RC28_r17.0.0_20260520160610,RXN-1501
http://rdf-plantmetwiki.bioinformatics.nl/pathways/RC290_r17.0.0_20260520160610,RXN-8737
http://rdf-plantmetwiki.bioinformatics.nl/pathways/RC291_r17.0.0_20260520160610,RXN-14112
http://rdf-plantmetwiki.bioinformatics.nl/pathways/RC292_r17.0.0_20260520160610,RXN-5105
http://rdf-plantmetwiki.bioinformatics.nl/pathways/RC293_r17.0.0_20260520160610,RXN-12183
http://rdf-plantmetwiki.bioinformatics.nl/pathways/RC294_r17.0.0_20260520160610,RXN-6545
http://rdf-plantmetwiki.bioinformatics.nl/pathways/RC295_r17.0.0_20260520160610,dihydrolipoyllysine-residue (3-methylbutanoyl)transferase
http://rdf-plantmetwiki.bioinformatics.nl/pathways/RC296_r17.0.0_20260520160610,RXN-13004
http://rdf-plantmetwiki.bioinformatics.nl/pathways/RC297_r17.0.0_20260520160610,RXN-21525
http://rdf-plantmetwiki.bioinformatics.nl/pathways/RC298_r17.0.0_20260520160610,RXN-12838
http://rdf-plantmetwiki.bioinformatics.nl/pathways/RC299_r17.0.0_20260520160610,3.2.1.24-RXN
http://rdf-plantmetwiki.bioinformatics.nl/pathways/RC29_r17.0.0_20260520160610,RXN-9561
http://rdf-plantmetwiki.bioinformatics.nl/pathways/RC2_r17.0.0_20260520160610,RXN-7617
http://rdf-plantmetwiki.bioinformatics.nl/pathways/RC300_r17.0.0_20260520160610,RXN-7883
http://rdf-plantmetwiki.bioinformatics.nl/pathways/RC301_r17.0.0_20260520160610,RXN-22831
http://rdf-plantmetwiki.bioinformatics.nl/pathways/RC302_r17.0.0_20260520160610,RXN4FS-27
http://rdf-plantmetwiki.bioinformatics.nl/pathways/RC303_r17.0.0_20260520160610,RXN-7753
http://rdf-plantmetwiki.bioinformatics.nl/pathways/RC304_r17.0.0_20260520160610,RXN-6841
http://rdf-plantmetwiki.bioinformatics.nl/pathways/RC305_r17.0.0_20260520160610,lanosterol 14-hydroxylase
http://rdf-plantmetwiki.bioinformatics.nl/pathways/RC306_r17.0.0_20260520160610,RXN-13403
http://rdf-plantmetwiki.bioinformatics.nl/pathways/RC307_r17.0.0_20260520160610,RXN-12642
http://rdf-plantmetwiki.bioinformatics.nl/pathways/RC308_r17.0.0_20260520160610,RXN-4318
http://rdf-plantmetwiki.bioinformatics.nl/pathways/RC309_r17.0.0_20260520160610,TRANS-RXN-218
http://rdf-plantmetwiki.bioinformatics.nl/pathways/RC30_r17.0.0_20260520160610,RXN-10453
http://rdf-plantmetwiki.bioinformatics.nl/pathways/RC310_r17.0.0_20260520160610,RXN-19639
http://rdf-plantmetwiki.bioinformatics.nl/pathways/RC311_r17.0.0_20260520160610,RXN-10731
http://rdf-plantmetwiki.bioinformatics.nl/pathways/RC312_r17.0.0_20260520160610,RXNQT-4375
http://rdf-plantmetwiki.bioinformatics.nl/pathways/RC313_r17.0.0_20260520160610,DOLICHOL-KINASE-RXN
http://rdf-plantmetwiki.bioinformatics.nl/pathways/RC314_r17.0.0_20260520160610,RXN18C3-112
http://rdf-plantmetwiki.bioinformatics.nl/pathways/RC315_r17.0.0_20260520160610,RXN-19005
http://rdf-plantmetwiki.bioinformatics.nl/pathways/RC316_r17.0.0_20260520160610,RXN0-5040
http://rdf-plantmetwiki.bioinformatics.nl/pathways/RC317_r17.0.0_20260520160610,RXN-18356
http://rdf-plantmetwiki.bioinformatics.nl/pathways/RC318_r17.0.0_20260520160610,RXN-11931
http://rdf-plantmetwiki.bioinformatics.nl/pathways/RC319_r17.0.0_20260520160610,RXN-14660
http://rdf-plantmetwiki.bioinformatics.nl/pathways/RC31_r17.0.0_20260520160610,RXN-15651
http://rdf-plantmetwiki.bioinformatics.nl/pathways/RC320_r17.0.0_20260520160610,RXNQT-4158
http://rdf-plantmetwiki.bioinformatics.nl/pathways/RC321_r17.0.0_20260520160610,Epoxide hydrolase
http://rdf-plantmetwiki.bioinformatics.nl/pathways/RC322_r17.0.0_20260520160610,RXN-9091
http://rdf-plantmetwiki.bioinformatics.nl/pathways/RC323_r17.0.0_20260520160610,RXN-7826
http://rdf-plantmetwiki.bioinformatics.nl/pathways/RC324_r17.0.0_20260520160610,RXN-10770
http://rdf-plantmetwiki.bioinformatics.nl/pathways/RC325_r17.0.0_20260520160610,RXN-8546
http://rdf-plantmetwiki.bioinformatics.nl/pathways/RC326_r17.0.0_20260520160610,RXN-21168
http://rdf-plantmetwiki.bioinformatics.nl/pathways/RC327_r17.0.0_20260520160610,RXN-13019
http://rdf-plantmetwiki.bioinformatics.nl/pathways/RC328_r17.0.0_20260520160610,RXN-21538
http://rdf-plantmetwiki.bioinformatics.nl/pathways/RC329_r17.0.0_20260520160610,ALPHA-L-FUCOSIDASE-RXN
http://rdf-plantmetwiki.bioinformatics.nl/pathways/RC32_r17.0.0_20260520160610,RXN-18960
http://rdf-plantmetwiki.bioinformatics.nl/pathways/RC330_r17.0.0_20260520160610,RXN-11927
http://rdf-plantmetwiki.bioinformatics.nl/pathways/RC331_r17.0.0_20260520160610,RXN-12126
http://rdf-plantmetwiki.bioinformatics.nl/pathways/RC332_r17.0.0_20260520160610,1.2.1.27-RXN
http://rdf-plantmetwiki.bioinformatics.nl/pathways/RC333_r17.0.0_20260520160610,RXN-19785
http://rdf-plantmetwiki.bioinformatics.nl/pathways/RC334_r17.0.0_20260520160610,RXN-18897
http://rdf-plantmetwiki.bioinformatics.nl/pathways/RC335_r17.0.0_20260520160610,RXN-15525
http://rdf-plantmetwiki.bioinformatics.nl/pathways/RC336_r17.0.0_20260520160610,myristoyl-ACP hydrolase activity
http://rdf-plantmetwiki.bioinformatics.nl/pathways/RC337_r17.0.0_20260520160610,RXN-22713
http://rdf-plantmetwiki.bioinformatics.nl/pathways/RC338_r17.0.0_20260520160610,isocitrate dehydrogenase (NADP<small><sup>+</sup></small>)
http://rdf-plantmetwiki.bioinformatics.nl/pathways/RC339_r17.0.0_20260520160610,4-HYDROXYGLUTAMATE-AMINOTRANSFERASE-RXN
http://rdf-plantmetwiki.bioinformatics.nl/pathways/RC33_r17.0.0_20260520160610,RXN-23333
http://rdf-plantmetwiki.bioinformatics.nl/pathways/RC340_r17.0.0_20260520160610,RXN-20169
http://rdf-plantmetwiki.bioinformatics.nl/pathways/RC341_r17.0.0_20260520160610,RXN-4230
http://rdf-plantmetwiki.bioinformatics.nl/pathways/RC342_r17.0.0_20260520160610,RXN0-5216
http://rdf-plantmetwiki.bioinformatics.nl/pathways/RC343_r17.0.0_20260520160610,RXNQT-4174
http://rdf-plantmetwiki.bioinformatics.nl/pathways/RC344_r17.0.0_20260520160610,CINNAMYL-ALCOHOL-DEHYDROGENASE-RXN
http://rdf-plantmetwiki.bioinformatics.nl/pathways/RC345_r17.0.0_20260520160610,RXN-18383
http://rdf-plantmetwiki.bioinformatics.nl/pathways/RC346_r17.0.0_20260520160610,GUANOSINE-DIPHOSPHATASE-RXN
http://rdf-plantmetwiki.bioinformatics.nl/pathways/RC347_r17.0.0_20260520160610,L-ASCORBATE-PEROXIDASE-RXN
http://rdf-plantmetwiki.bioinformatics.nl/pathways/RC348_r17.0.0_20260520160610,RXN-8090
http://rdf-plantmetwiki.bioinformatics.nl/pathways/RC349_r17.0.0_20260520160610,RXNQT-4318
http://rdf-plantmetwiki.bioinformatics.nl/pathways/RC34_r17.0.0_20260520160610,THIAZOLSYN3-RXN
http://rdf-plantmetwiki.bioinformatics.nl/pathways/RC350_r17.0.0_20260520160610,RXN-13873
http://rdf-plantmetwiki.bioinformatics.nl/pathways/RC351_r17.0.0_20260520160610,RXN-20094
http://rdf-plantmetwiki.bioinformatics.nl/pathways/RC352_r17.0.0_20260520160610,Polyamine oxidase
http://rdf-plantmetwiki.bioinformatics.nl/pathways/RC353_r17.0.0_20260520160610,RXN-11233
http://rdf-plantmetwiki.bioinformatics.nl/pathways/RC354_r17.0.0_20260520160610,RXN-14524
http://rdf-plantmetwiki.bioinformatics.nl/pathways/RC355_r17.0.0_20260520160610,RXN-1823
http://rdf-plantmetwiki.bioinformatics.nl/pathways/RC356_r17.0.0_20260520160610,RXN-21390
http://rdf-plantmetwiki.bioinformatics.nl/pathways/RC357_r17.0.0_20260520160610,RXN4FS-16
http://rdf-plantmetwiki.bioinformatics.nl/pathways/RC358_r17.0.0_20260520160610,RXN-15509
http://rdf-plantmetwiki.bioinformatics.nl/pathways/RC359_r17.0.0_20260520160610,RXN0-5187
http://rdf-plantmetwiki.bioinformatics.nl/pathways/RC35_r17.0.0_20260520160610,BETA-PHOSPHOGLUCOMUTASE-RXN
http://rdf-plantmetwiki.bioinformatics.nl/pathways/RC360_r17.0.0_20260520160610,acyl-ACP:sn-glycerol-3-phosphate 1-O-acyltransferase
http://rdf-plantmetwiki.bioinformatics.nl/pathways/RC361_r17.0.0_20260520160610,RXN-11225
http://rdf-plantmetwiki.bioinformatics.nl/pathways/RC362_r17.0.0_20260520160610,RXN-8602
http://rdf-plantmetwiki.bioinformatics.nl/pathways/RC363_r17.0.0_20260520160610,RXN-8252
http://rdf-plantmetwiki.bioinformatics.nl/pathways/RC364_r17.0.0_20260520160610,RXN-11675
http://rdf-plantmetwiki.bioinformatics.nl/pathways/RC365_r17.0.0_20260520160610,RXN-10434
http://rdf-plantmetwiki.bioinformatics.nl/pathways/RC366_r17.0.0_20260520160610,RXN0-5257
http://rdf-plantmetwiki.bioinformatics.nl/pathways/RC367_r17.0.0_20260520160610,1.14.11.19-RXN
http://rdf-plantmetwiki.bioinformatics.nl/pathways/RC368_r17.0.0_20260520160610,RXN-22729
http://rdf-plantmetwiki.bioinformatics.nl/pathways/RC369_r17.0.0_20260520160610,TRANS-PENTAPRENYLTRANSFERASE-RXN
http://rdf-plantmetwiki.bioinformatics.nl/pathways/RC36_r17.0.0_20260520160610,RXN-20374
http://rdf-plantmetwiki.bioinformatics.nl/pathways/RC370_r17.0.0_20260520160610,RXN-16333
http://rdf-plantmetwiki.bioinformatics.nl/pathways/RC371_r17.0.0_20260520160610,RXN-1024
http://rdf-plantmetwiki.bioinformatics.nl/pathways/RC372_r17.0.0_20260520160610,RXN1ZN3-10
http://rdf-plantmetwiki.bioinformatics.nl/pathways/RC373_r17.0.0_20260520160610,RXN-19642
http://rdf-plantmetwiki.bioinformatics.nl/pathways/RC374_r17.0.0_20260520160610,RXN-5122
http://rdf-plantmetwiki.bioinformatics.nl/pathways/RC375_r17.0.0_20260520160610,3.1.3.72-RXN
http://rdf-plantmetwiki.bioinformatics.nl/pathways/RC376_r17.0.0_20260520160610,1.5.1.7-RXN
http://rdf-plantmetwiki.bioinformatics.nl/pathways/RC377_r17.0.0_20260520160610,RXN-13023
http://rdf-plantmetwiki.bioinformatics.nl/pathways/RC378_r17.0.0_20260520160610,RXN-13189
http://rdf-plantmetwiki.bioinformatics.nl/pathways/RC379_r17.0.0_20260520160610,RXN-19584
http://rdf-plantmetwiki.bioinformatics.nl/pathways/RC37_r17.0.0_20260520160610,RXNQT-4386
http://rdf-plantmetwiki.bioinformatics.nl/pathways/RC380_r17.0.0_20260520160610,RXN-8985
http://rdf-plantmetwiki.bioinformatics.nl/pathways/RC381_r17.0.0_20260520160610,1.5.99.12-RXN
http://rdf-plantmetwiki.bioinformatics.nl/pathways/RC382_r17.0.0_20260520160610,3.2.1.55-RXN
http://rdf-plantmetwiki.bioinformatics.nl/pathways/RC383_r17.0.0_20260520160610,RXNQT-4379
http://rdf-plantmetwiki.bioinformatics.nl/pathways/RC384_r17.0.0_20260520160610,3-methyl-2-oxobutanoate dehydrogenase [(<i>S</i>)-2-methylbutanoyl-transferring)
http://rdf-plantmetwiki.bioinformatics.nl/pathways/RC385_r17.0.0_20260520160610,1.1.1.271-RXN
http://rdf-plantmetwiki.bioinformatics.nl/pathways/RC386_r17.0.0_20260520160610,NQOR-RXN
http://rdf-plantmetwiki.bioinformatics.nl/pathways/RC387_r17.0.0_20260520160610,RXN-12645
http://rdf-plantmetwiki.bioinformatics.nl/pathways/RC388_r17.0.0_20260520160610,RXN-19009
http://rdf-plantmetwiki.bioinformatics.nl/pathways/RC389_r17.0.0_20260520160610,14-hydroxylanosterol 14-dehydrogenase
http://rdf-plantmetwiki.bioinformatics.nl/pathways/RC38_r17.0.0_20260520160610,RXN-12086
http://rdf-plantmetwiki.bioinformatics.nl/pathways/RC390_r17.0.0_20260520160610,RXN-2043
http://rdf-plantmetwiki.bioinformatics.nl/pathways/RC391_r17.0.0_20260520160610,RXN-18161
http://rdf-plantmetwiki.bioinformatics.nl/pathways/RC392_r17.0.0_20260520160610,RXN-14142
http://rdf-plantmetwiki.bioinformatics.nl/pathways/RC393_r17.0.0_20260520160610,RXN-14512
http://rdf-plantmetwiki.bioinformatics.nl/pathways/RC394_r17.0.0_20260520160610,RXN-8622
http://rdf-plantmetwiki.bioinformatics.nl/pathways/RC395_r17.0.0_20260520160610,RXN-10947
http://rdf-plantmetwiki.bioinformatics.nl/pathways/RC396_r17.0.0_20260520160610,RXN-11655
http://rdf-plantmetwiki.bioinformatics.nl/pathways/RC397_r17.0.0_20260520160610,RXN-14904
http://rdf-plantmetwiki.bioinformatics.nl/pathways/RC398_r17.0.0_20260520160610,RXN-1403
http://rdf-plantmetwiki.bioinformatics.nl/pathways/RC399_r17.0.0_20260520160610,pyruvate:thiamin diphosphate acetaldehydetransferase (decarboxylating)
http://rdf-plantmetwiki.bioinformatics.nl/pathways/RC39_r17.0.0_20260520160610,RXN0-5267
http://rdf-plantmetwiki.bioinformatics.nl/pathways/RC3_r17.0.0_20260520160610,Protoporphyrinogen oxidase
http://rdf-plantmetwiki.bioinformatics.nl/pathways/RC400_r17.0.0_20260520160610,glucosyltransferase
http://rdf-plantmetwiki.bioinformatics.nl/pathways/RC401_r17.0.0_20260520160610,RXN-6542
http://rdf-plantmetwiki.bioinformatics.nl/pathways/RC402_r17.0.0_20260520160610,RXN-12307
http://rdf-plantmetwiki.bioinformatics.nl/pathways/RC403_r17.0.0_20260520160610,RXN-13003
http://rdf-plantmetwiki.bioinformatics.nl/pathways/RC404_r17.0.0_20260520160610,RXN-8419
http://rdf-plantmetwiki.bioinformatics.nl/pathways/RC405_r17.0.0_20260520160610,NUCLEOSIDE-DIP-KIN-RXN
http://rdf-plantmetwiki.bioinformatics.nl/pathways/RC406_r17.0.0_20260520160610,RXN-14396
http://rdf-plantmetwiki.bioinformatics.nl/pathways/RC407_r17.0.0_20260520160610,RXN-9208
http://rdf-plantmetwiki.bioinformatics.nl/pathways/RC408_r17.0.0_20260520160610,TRANS-RXN-185
http://rdf-plantmetwiki.bioinformatics.nl/pathways/RC409_r17.0.0_20260520160610,RXN-12242
http://rdf-plantmetwiki.bioinformatics.nl/pathways/RC40_r17.0.0_20260520160610,RXN-7894
http://rdf-plantmetwiki.bioinformatics.nl/pathways/RC410_r17.0.0_20260520160610,GLUCONOKIN-RXN
http://rdf-plantmetwiki.bioinformatics.nl/pathways/RC411_r17.0.0_20260520160610,RXN-5102
http://rdf-plantmetwiki.bioinformatics.nl/pathways/RC412_r17.0.0_20260520160610,RXN-14115
http://rdf-plantmetwiki.bioinformatics.nl/pathways/RC413_r17.0.0_20260520160610,RXN-4343
http://rdf-plantmetwiki.bioinformatics.nl/pathways/RC414_r17.0.0_20260520160610,RXN-18970
http://rdf-plantmetwiki.bioinformatics.nl/pathways/RC415_r17.0.0_20260520160610,RXN-10639
http://rdf-plantmetwiki.bioinformatics.nl/pathways/RC416_r17.0.0_20260520160610,RXN-13015
http://rdf-plantmetwiki.bioinformatics.nl/pathways/RC417_r17.0.0_20260520160610,RXN-21164
http://rdf-plantmetwiki.bioinformatics.nl/pathways/RC418_r17.0.0_20260520160610,RXN-9567
http://rdf-plantmetwiki.bioinformatics.nl/pathways/RC419_r17.0.0_20260520160610,RXN-16997
http://rdf-plantmetwiki.bioinformatics.nl/pathways/RC41_r17.0.0_20260520160610,RXN-9023
http://rdf-plantmetwiki.bioinformatics.nl/pathways/RC420_r17.0.0_20260520160610,RXN-18966
http://rdf-plantmetwiki.bioinformatics.nl/pathways/RC421_r17.0.0_20260520160610,3.2.1.153-RXN
http://rdf-plantmetwiki.bioinformatics.nl/pathways/RC422_r17.0.0_20260520160610,RXN-10005
http://rdf-plantmetwiki.bioinformatics.nl/pathways/RC423_r17.0.0_20260520160610,RXN-11585
http://rdf-plantmetwiki.bioinformatics.nl/pathways/RC424_r17.0.0_20260520160610,"4&alpha;-formyl-4&beta;-methyl-5&alpha;-cholesta-8,24-dien-3&beta;-ol 4-hydroxylase"
http://rdf-plantmetwiki.bioinformatics.nl/pathways/RC425_r17.0.0_20260520160610,RXNQT-4380
http://rdf-plantmetwiki.bioinformatics.nl/pathways/RC426_r17.0.0_20260520160610,RXN-4181
http://rdf-plantmetwiki.bioinformatics.nl/pathways/RC427_r17.0.0_20260520160610,2.7.7.64-RXN
http://rdf-plantmetwiki.bioinformatics.nl/pathways/RC428_r17.0.0_20260520160610,"carotene 7,8-desaturase"
http://rdf-plantmetwiki.bioinformatics.nl/pathways/RC429_r17.0.0_20260520160610,Isovaleryl-CoA dehydrogenase
http://rdf-plantmetwiki.bioinformatics.nl/pathways/RC42_r17.0.0_20260520160610,RXN-22762
http://rdf-plantmetwiki.bioinformatics.nl/pathways/RC430_r17.0.0_20260520160610,RXN-18527
http://rdf-plantmetwiki.bioinformatics.nl/pathways/RC431_r17.0.0_20260520160610,RXN-14857
http://rdf-plantmetwiki.bioinformatics.nl/pathways/RC432_r17.0.0_20260520160610,RXN0-5261
http://rdf-plantmetwiki.bioinformatics.nl/pathways/RC433_r17.0.0_20260520160610,RXN-7892
http://rdf-plantmetwiki.bioinformatics.nl/pathways/RC434_r17.0.0_20260520160610,RXN-18032
http://rdf-plantmetwiki.bioinformatics.nl/pathways/RC435_r17.0.0_20260520160610,RXN-14206
http://rdf-plantmetwiki.bioinformatics.nl/pathways/RC436_r17.0.0_20260520160610,RXN-8423
http://rdf-plantmetwiki.bioinformatics.nl/pathways/RC437_r17.0.0_20260520160610,RXN-8589
http://rdf-plantmetwiki.bioinformatics.nl/pathways/RC438_r17.0.0_20260520160610,RXN-13193
http://rdf-plantmetwiki.bioinformatics.nl/pathways/RC439_r17.0.0_20260520160610,1.5.1.31-RXN
http://rdf-plantmetwiki.bioinformatics.nl/pathways/RC43_r17.0.0_20260520160610,RXN-2881
http://rdf-plantmetwiki.bioinformatics.nl/pathways/RC440_r17.0.0_20260520160610,RXN-7693
http://rdf-plantmetwiki.bioinformatics.nl/pathways/RC441_r17.0.0_20260520160610,RXNQT-4314
http://rdf-plantmetwiki.bioinformatics.nl/pathways/RC442_r17.0.0_20260520160610,ACYLACPSYNTH-RXN
http://rdf-plantmetwiki.bioinformatics.nl/pathways/RC443_r17.0.0_20260520160610,SUGAR-PHOSPHATASE-RXN
http://rdf-plantmetwiki.bioinformatics.nl/pathways/RC444_r17.0.0_20260520160610,RXN-10880
http://rdf-plantmetwiki.bioinformatics.nl/pathways/RC445_r17.0.0_20260520160610,ALDOSE-1-EPIMERASE-RXN
http://rdf-plantmetwiki.bioinformatics.nl/pathways/RC446_r17.0.0_20260520160610,RXNQT-4178
http://rdf-plantmetwiki.bioinformatics.nl/pathways/RC447_r17.0.0_20260520160610,RXN-11403
http://rdf-plantmetwiki.bioinformatics.nl/pathways/RC448_r17.0.0_20260520160610,RXN-11546
http://rdf-plantmetwiki.bioinformatics.nl/pathways/RC449_r17.0.0_20260520160610,RXN-16329
http://rdf-plantmetwiki.bioinformatics.nl/pathways/RC44_r17.0.0_20260520160610,APYRASE-RXN
http://rdf-plantmetwiki.bioinformatics.nl/pathways/RC450_r17.0.0_20260520160610,OXALODECARB-RXN
http://rdf-plantmetwiki.bioinformatics.nl/pathways/RC451_r17.0.0_20260520160610,RXN-3541
http://rdf-plantmetwiki.bioinformatics.nl/pathways/RC452_r17.0.0_20260520160610,RXN-12805
http://rdf-plantmetwiki.bioinformatics.nl/pathways/RC453_r17.0.0_20260520160610,RXN-8198
http://rdf-plantmetwiki.bioinformatics.nl/pathways/RC454_r17.0.0_20260520160610,RXN-7797
http://rdf-plantmetwiki.bioinformatics.nl/pathways/RC455_r17.0.0_20260520160610,3.2.1.23-RXN
http://rdf-plantmetwiki.bioinformatics.nl/pathways/RC456_r17.0.0_20260520160610,RXN-7282
http://rdf-plantmetwiki.bioinformatics.nl/pathways/RC457_r17.0.0_20260520160610,RXN-14882
http://rdf-plantmetwiki.bioinformatics.nl/pathways/RC458_r17.0.0_20260520160610,RXN-10438
http://rdf-plantmetwiki.bioinformatics.nl/pathways/RC459_r17.0.0_20260520160610,RXN-2203
http://rdf-plantmetwiki.bioinformatics.nl/pathways/RC45_r17.0.0_20260520160610,TRANS-RXN4LZ-0
http://rdf-plantmetwiki.bioinformatics.nl/pathways/RC460_r17.0.0_20260520160610,RXN-11229
http://rdf-plantmetwiki.bioinformatics.nl/pathways/RC461_r17.0.0_20260520160610,PSERPHOSPHA-RXN
http://rdf-plantmetwiki.bioinformatics.nl/pathways/RC462_r17.0.0_20260520160610,Fenton reaction
http://rdf-plantmetwiki.bioinformatics.nl/pathways/RC463_r17.0.0_20260520160610,ADENPHOSPHOR-RXN
http://rdf-plantmetwiki.bioinformatics.nl/pathways/RC464_r17.0.0_20260520160610,RXN-13185
http://rdf-plantmetwiki.bioinformatics.nl/pathways/RC465_r17.0.0_20260520160610,PROLINE-MULTI
http://rdf-plantmetwiki.bioinformatics.nl/pathways/RC466_r17.0.0_20260520160610,RXN-14355
http://rdf-plantmetwiki.bioinformatics.nl/pathways/RC467_r17.0.0_20260520160610,RXNQT-4181
http://rdf-plantmetwiki.bioinformatics.nl/pathways/RC468_r17.0.0_20260520160610,RXN-24075
http://rdf-plantmetwiki.bioinformatics.nl/pathways/RC469_r17.0.0_20260520160610,RXN-10879
http://rdf-plantmetwiki.bioinformatics.nl/pathways/RC46_r17.0.0_20260520160610,RXN-8425
http://rdf-plantmetwiki.bioinformatics.nl/pathways/RC470_r17.0.0_20260520160610,RXNQT-4180
http://rdf-plantmetwiki.bioinformatics.nl/pathways/RC471_r17.0.0_20260520160610,hexaprenyldihydroxybenzoate methyltransferase
http://rdf-plantmetwiki.bioinformatics.nl/pathways/RC472_r17.0.0_20260520160610,RXN-12516
http://rdf-plantmetwiki.bioinformatics.nl/pathways/RC473_r17.0.0_20260520160610,RXN-12845
http://rdf-plantmetwiki.bioinformatics.nl/pathways/RC474_r17.0.0_20260520160610,RXN-10878
http://rdf-plantmetwiki.bioinformatics.nl/pathways/RC475_r17.0.0_20260520160610,ADPSUGPPHOSPHAT-RXN
http://rdf-plantmetwiki.bioinformatics.nl/pathways/RC476_r17.0.0_20260520160610,RXN-18232
http://rdf-plantmetwiki.bioinformatics.nl/pathways/RC477_r17.0.0_20260520160610,RXN-8571
http://rdf-plantmetwiki.bioinformatics.nl/pathways/RC478_r17.0.0_20260520160610,RXN-19835
http://rdf-plantmetwiki.bioinformatics.nl/pathways/RC479_r17.0.0_20260520160610,RXN-14883
http://rdf-plantmetwiki.bioinformatics.nl/pathways/RC47_r17.0.0_20260520160610,RXN-14200
http://rdf-plantmetwiki.bioinformatics.nl/pathways/RC480_r17.0.0_20260520160610,RXN-5482
http://rdf-plantmetwiki.bioinformatics.nl/pathways/RC481_r17.0.0_20260520160610,RXN-12541
http://rdf-plantmetwiki.bioinformatics.nl/pathways/RC482_r17.0.0_20260520160610,RXN-8199
http://rdf-plantmetwiki.bioinformatics.nl/pathways/RC483_r17.0.0_20260520160610,RXN-6884
http://rdf-plantmetwiki.bioinformatics.nl/pathways/RC484_r17.0.0_20260520160610,RXN-11044
http://rdf-plantmetwiki.bioinformatics.nl/pathways/RC485_r17.0.0_20260520160610,RXN-12392
http://rdf-plantmetwiki.bioinformatics.nl/pathways/RC486_r17.0.0_20260520160610,RXN-15512
http://rdf-plantmetwiki.bioinformatics.nl/pathways/RC487_r17.0.0_20260520160610,RXNQT-4354
http://rdf-plantmetwiki.bioinformatics.nl/pathways/RC488_r17.0.0_20260520160610,1.14.13.77-RXN
http://rdf-plantmetwiki.bioinformatics.nl/pathways/RC489_r17.0.0_20260520160610,1.14.13.76-RXN
http://rdf-plantmetwiki.bioinformatics.nl/pathways/RC48_r17.0.0_20260520160610,RXN-8560
http://rdf-plantmetwiki.bioinformatics.nl/pathways/RC490_r17.0.0_20260520160610,RXN-14179
http://rdf-plantmetwiki.bioinformatics.nl/pathways/RC491_r17.0.0_20260520160610,RXN-15011
http://rdf-plantmetwiki.bioinformatics.nl/pathways/RC492_r17.0.0_20260520160610,2.4.1.101-RXN
http://rdf-plantmetwiki.bioinformatics.nl/pathways/RC493_r17.0.0_20260520160610,RXN-18789
http://rdf-plantmetwiki.bioinformatics.nl/pathways/RC494_r17.0.0_20260520160610,RXN-11402
http://rdf-plantmetwiki.bioinformatics.nl/pathways/RC495_r17.0.0_20260520160610,RXN-9771
http://rdf-plantmetwiki.bioinformatics.nl/pathways/RC496_r17.0.0_20260520160610,RXN4FS-5
http://rdf-plantmetwiki.bioinformatics.nl/pathways/RC497_r17.0.0_20260520160610,RXN-19659
http://rdf-plantmetwiki.bioinformatics.nl/pathways/RC498_r17.0.0_20260520160610,RXN-11269
http://rdf-plantmetwiki.bioinformatics.nl/pathways/RC499_r17.0.0_20260520160610,Sulfur dioxygenase
http://rdf-plantmetwiki.bioinformatics.nl/pathways/RC49_r17.0.0_20260520160610,RXN-10886
http://rdf-plantmetwiki.bioinformatics.nl/pathways/RC4_r17.0.0_20260520160610,RXN-13681
http://rdf-plantmetwiki.bioinformatics.nl/pathways/RC500_r17.0.0_20260520160610,RXN-13192
http://rdf-plantmetwiki.bioinformatics.nl/pathways/RC501_r17.0.0_20260520160610,RXN-18224
http://rdf-plantmetwiki.bioinformatics.nl/pathways/RC502_r17.0.0_20260520160610,RXN-1603
http://rdf-plantmetwiki.bioinformatics.nl/pathways/RC503_r17.0.0_20260520160610,RXN-18731
http://rdf-plantmetwiki.bioinformatics.nl/pathways/RC504_r17.0.0_20260520160610,RXNQT-4315
http://rdf-plantmetwiki.bioinformatics.nl/pathways/RC505_r17.0.0_20260520160610,ACP-S-ACETYLTRANSFER-RXN
http://rdf-plantmetwiki.bioinformatics.nl/pathways/RC506_r17.0.0_20260520160610,RXN-7692
http://rdf-plantmetwiki.bioinformatics.nl/pathways/RC507_r17.0.0_20260520160610,RXN-14505
http://rdf-plantmetwiki.bioinformatics.nl/pathways/RC508_r17.0.0_20260520160610,2-oxo-3-phenylpropanoate dioxygenase
http://rdf-plantmetwiki.bioinformatics.nl/pathways/RC509_r17.0.0_20260520160610,sn-glycerol 3-phosphate:ubiquinone oxidoreductase
http://rdf-plantmetwiki.bioinformatics.nl/pathways/RC50_r17.0.0_20260520160610,RXN-20026
http://rdf-plantmetwiki.bioinformatics.nl/pathways/RC510_r17.0.0_20260520160610,heme <i>o</i> biosynthesis
http://rdf-plantmetwiki.bioinformatics.nl/pathways/RC511_r17.0.0_20260520160610,RXN-7893
http://rdf-plantmetwiki.bioinformatics.nl/pathways/RC512_r17.0.0_20260520160610,RXN-18199
http://rdf-plantmetwiki.bioinformatics.nl/pathways/RC513_r17.0.0_20260520160610,RXN-20666
http://rdf-plantmetwiki.bioinformatics.nl/pathways/RC514_r17.0.0_20260520160610,"3',5'-<i>O</i>-dimethyltricetin 4&prime;-<em>O</em>-methyltransferase"
http://rdf-plantmetwiki.bioinformatics.nl/pathways/RC515_r17.0.0_20260520160610,RXN-13413
http://rdf-plantmetwiki.bioinformatics.nl/pathways/RC516_r17.0.0_20260520160610,RXN18C3-109
http://rdf-plantmetwiki.bioinformatics.nl/pathways/RC517_r17.0.0_20260520160610,LACCASE-RXN
http://rdf-plantmetwiki.bioinformatics.nl/pathways/RC518_r17.0.0_20260520160610,RXN-20373
http://rdf-plantmetwiki.bioinformatics.nl/pathways/RC519_r17.0.0_20260520160610,RXN-12202
http://rdf-plantmetwiki.bioinformatics.nl/pathways/RC51_r17.0.0_20260520160610,RXN-10869
http://rdf-plantmetwiki.bioinformatics.nl/pathways/RC520_r17.0.0_20260520160610,RXN-9136
http://rdf-plantmetwiki.bioinformatics.nl/pathways/RC521_r17.0.0_20260520160610,ACETOACETATE-DECARBOXYLASE-RXN
http://rdf-plantmetwiki.bioinformatics.nl/pathways/RC522_r17.0.0_20260520160610,RXN-16996
http://rdf-plantmetwiki.bioinformatics.nl/pathways/RC523_r17.0.0_20260520160610,GLYCEROL-2-PHOSPHATASE-RXN
http://rdf-plantmetwiki.bioinformatics.nl/pathways/RC524_r17.0.0_20260520160610,RXN-12486
http://rdf-plantmetwiki.bioinformatics.nl/pathways/RC525_r17.0.0_20260520160610,RXNQT-4155
http://rdf-plantmetwiki.bioinformatics.nl/pathways/RC526_r17.0.0_20260520160610,RXN-14047
http://rdf-plantmetwiki.bioinformatics.nl/pathways/RC527_r17.0.0_20260520160610,RXN-18967
http://rdf-plantmetwiki.bioinformatics.nl/pathways/RC528_r17.0.0_20260520160610,TRANS-RXN4LZ-7008
http://rdf-plantmetwiki.bioinformatics.nl/pathways/RC529_r17.0.0_20260520160610,RXN-10454
http://rdf-plantmetwiki.bioinformatics.nl/pathways/RC52_r17.0.0_20260520160610,RXN-11281
http://rdf-plantmetwiki.bioinformatics.nl/pathways/RC530_r17.0.0_20260520160610,RXN-15986
http://rdf-plantmetwiki.bioinformatics.nl/pathways/RC531_r17.0.0_20260520160610,RXN-12255
http://rdf-plantmetwiki.bioinformatics.nl/pathways/RC532_r17.0.0_20260520160610,RXN-22319
http://rdf-plantmetwiki.bioinformatics.nl/pathways/RC533_r17.0.0_20260520160610,INOSINEKIN-RXN
http://rdf-plantmetwiki.bioinformatics.nl/pathways/RC534_r17.0.0_20260520160610,RXN-7651
http://rdf-plantmetwiki.bioinformatics.nl/pathways/RC535_r17.0.0_20260520160610,RXN-13014
http://rdf-plantmetwiki.bioinformatics.nl/pathways/RC536_r17.0.0_20260520160610,RXN-21165
http://rdf-plantmetwiki.bioinformatics.nl/pathways/RC537_r17.0.0_20260520160610,RXN-15355
http://rdf-plantmetwiki.bioinformatics.nl/pathways/RC538_r17.0.0_20260520160610,RXN-12185
http://rdf-plantmetwiki.bioinformatics.nl/pathways/RC539_r17.0.0_20260520160610,ACETYL-COA-CARBOXYLTRANSFER-RXN
http://rdf-plantmetwiki.bioinformatics.nl/pathways/RC53_r17.0.0_20260520160610,22-&beta;-hydroxycholesterol 20-&alpha;-hydroxylation
http://rdf-plantmetwiki.bioinformatics.nl/pathways/RC540_r17.0.0_20260520160610,RXN-18971
http://rdf-plantmetwiki.bioinformatics.nl/pathways/RC541_r17.0.0_20260520160610,RXN-6543
http://rdf-plantmetwiki.bioinformatics.nl/pathways/RC542_r17.0.0_20260520160610,RXN-15139
http://rdf-plantmetwiki.bioinformatics.nl/pathways/RC543_r17.0.0_20260520160610,RXN-8418
http://rdf-plantmetwiki.bioinformatics.nl/pathways/RC544_r17.0.0_20260520160610,RXN-21523
http://rdf-plantmetwiki.bioinformatics.nl/pathways/RC545_r17.0.0_20260520160610,RXN-12613
http://rdf-plantmetwiki.bioinformatics.nl/pathways/RC546_r17.0.0_20260520160610,NUCLEOSIDE-TRIPHOSPHATASE-RXN
http://rdf-plantmetwiki.bioinformatics.nl/pathways/RC547_r17.0.0_20260520160610,1.3.7.2-RXN
http://rdf-plantmetwiki.bioinformatics.nl/pathways/RC548_r17.0.0_20260520160610,RXN-18160
http://rdf-plantmetwiki.bioinformatics.nl/pathways/RC549_r17.0.0_20260520160610,RXN-4315
http://rdf-plantmetwiki.bioinformatics.nl/pathways/RC54_r17.0.0_20260520160610,3.5.1.52-RXN
http://rdf-plantmetwiki.bioinformatics.nl/pathways/RC550_r17.0.0_20260520160610,RXN-14143
http://rdf-plantmetwiki.bioinformatics.nl/pathways/RC551_r17.0.0_20260520160610,RXN-8336
http://rdf-plantmetwiki.bioinformatics.nl/pathways/RC552_r17.0.0_20260520160610,RXN-14513
http://rdf-plantmetwiki.bioinformatics.nl/pathways/RC553_r17.0.0_20260520160610,ALANINE--GLYOXYLATE-AMINOTRANSFERASE-RXN
http://rdf-plantmetwiki.bioinformatics.nl/pathways/RC554_r17.0.0_20260520160610,RXN-10946
http://rdf-plantmetwiki.bioinformatics.nl/pathways/RC555_r17.0.0_20260520160610,NADPH--FERRIHEMOPROTEIN-REDUCTASE-RXN
http://rdf-plantmetwiki.bioinformatics.nl/pathways/RC556_r17.0.0_20260520160610,1.14.13.118-RXN
http://rdf-plantmetwiki.bioinformatics.nl/pathways/RC557_r17.0.0_20260520160610,RXN-1402
http://rdf-plantmetwiki.bioinformatics.nl/pathways/RC558_r17.0.0_20260520160610,choline monooxygenase (NADP)
http://rdf-plantmetwiki.bioinformatics.nl/pathways/RC559_r17.0.0_20260520160610,RXN-12078
http://rdf-plantmetwiki.bioinformatics.nl/pathways/RC55_r17.0.0_20260520160610,pinene synthase
http://rdf-plantmetwiki.bioinformatics.nl/pathways/RC560_r17.0.0_20260520160610,RXN4KF-51
http://rdf-plantmetwiki.bioinformatics.nl/pathways/RC561_r17.0.0_20260520160610,RXN-13956
http://rdf-plantmetwiki.bioinformatics.nl/pathways/RC562_r17.0.0_20260520160610,CELLULOSE-SYNTHASE-GDP-FORMING-RXN
http://rdf-plantmetwiki.bioinformatics.nl/pathways/RC563_r17.0.0_20260520160610,RXN-19008
http://rdf-plantmetwiki.bioinformatics.nl/pathways/RC564_r17.0.0_20260520160610,3.1.1.23-RXN
http://rdf-plantmetwiki.bioinformatics.nl/pathways/RC565_r17.0.0_20260520160610,14-oxolanosterol deformylase
http://rdf-plantmetwiki.bioinformatics.nl/pathways/RC566_r17.0.0_20260520160610,RXN-13022
http://rdf-plantmetwiki.bioinformatics.nl/pathways/RC567_r17.0.0_20260520160610,RXN-22285
http://rdf-plantmetwiki.bioinformatics.nl/pathways/RC568_r17.0.0_20260520160610,RXN-12799
http://rdf-plantmetwiki.bioinformatics.nl/pathways/RC569_r17.0.0_20260520160610,4-NITROPHENYLPHOSPHATASE-RXN
http://rdf-plantmetwiki.bioinformatics.nl/pathways/RC56_r17.0.0_20260520160610,RXN-22735
http://rdf-plantmetwiki.bioinformatics.nl/pathways/RC570_r17.0.0_20260520160610,RXN-8984
http://rdf-plantmetwiki.bioinformatics.nl/pathways/RC571_r17.0.0_20260520160610,RXN-22790
http://rdf-plantmetwiki.bioinformatics.nl/pathways/RC572_r17.0.0_20260520160610,UBIQUITIN--PROTEIN-LIGASE-RXN
http://rdf-plantmetwiki.bioinformatics.nl/pathways/RC573_r17.0.0_20260520160610,phenylacetaldoxime hydrolase
http://rdf-plantmetwiki.bioinformatics.nl/pathways/RC574_r17.0.0_20260520160610,2.4.1.198-RXN
http://rdf-plantmetwiki.bioinformatics.nl/pathways/RC575_r17.0.0_20260520160610,RXN-10874
http://rdf-plantmetwiki.bioinformatics.nl/pathways/RC576_r17.0.0_20260520160610,RXN-982
http://rdf-plantmetwiki.bioinformatics.nl/pathways/RC577_r17.0.0_20260520160610,RXN-13833
http://rdf-plantmetwiki.bioinformatics.nl/pathways/RC578_r17.0.0_20260520160610,RXN-9911
http://rdf-plantmetwiki.bioinformatics.nl/pathways/RC579_r17.0.0_20260520160610,RXN-11224
http://rdf-plantmetwiki.bioinformatics.nl/pathways/RC57_r17.0.0_20260520160610,FMN-RED-RXN
http://rdf-plantmetwiki.bioinformatics.nl/pathways/RC580_r17.0.0_20260520160610,RXN-8603
http://rdf-plantmetwiki.bioinformatics.nl/pathways/RC581_r17.0.0_20260520160610,RXN-22817
http://rdf-plantmetwiki.bioinformatics.nl/pathways/RC582_r17.0.0_20260520160610,RXN-8253
http://rdf-plantmetwiki.bioinformatics.nl/pathways/RC583_r17.0.0_20260520160610,RXN-10435
http://rdf-plantmetwiki.bioinformatics.nl/pathways/RC584_r17.0.0_20260520160610,RXN-13433
http://rdf-plantmetwiki.bioinformatics.nl/pathways/RC585_r17.0.0_20260520160610,RXN4FS-17
http://rdf-plantmetwiki.bioinformatics.nl/pathways/RC586_r17.0.0_20260520160610,Acrylamidase
http://rdf-plantmetwiki.bioinformatics.nl/pathways/RC587_r17.0.0_20260520160610,RXN-20095
http://rdf-plantmetwiki.bioinformatics.nl/pathways/RC588_r17.0.0_20260520160610,RXN0-5305
http://rdf-plantmetwiki.bioinformatics.nl/pathways/RC589_r17.0.0_20260520160610,RXN-11662
http://rdf-plantmetwiki.bioinformatics.nl/pathways/RC58_r17.0.0_20260520160610,RXN-21230
http://rdf-plantmetwiki.bioinformatics.nl/pathways/RC590_r17.0.0_20260520160610,RXN-11232
http://rdf-plantmetwiki.bioinformatics.nl/pathways/RC591_r17.0.0_20260520160610,RXN-14525
http://rdf-plantmetwiki.bioinformatics.nl/pathways/RC592_r17.0.0_20260520160610,RXN-23528
http://rdf-plantmetwiki.bioinformatics.nl/pathways/RC593_r17.0.0_20260520160610,RXN0-308
http://rdf-plantmetwiki.bioinformatics.nl/pathways/RC594_r17.0.0_20260520160610,RXN-8992
http://rdf-plantmetwiki.bioinformatics.nl/pathways/RC595_r17.0.0_20260520160610,3.5.1.60-RXN
http://rdf-plantmetwiki.bioinformatics.nl/pathways/RC596_r17.0.0_20260520160610,RXN-13872
http://rdf-plantmetwiki.bioinformatics.nl/pathways/RC597_r17.0.0_20260520160610,RXN-8642
http://rdf-plantmetwiki.bioinformatics.nl/pathways/RC598_r17.0.0_20260520160610,RXN-11265
http://rdf-plantmetwiki.bioinformatics.nl/pathways/RC599_r17.0.0_20260520160610,1.11.1.15-RXN
http://rdf-plantmetwiki.bioinformatics.nl/pathways/RC59_r17.0.0_20260520160610,RXN-14754
http://rdf-plantmetwiki.bioinformatics.nl/pathways/RC5_r17.0.0_20260520160610,RXN-14514
http://rdf-plantmetwiki.bioinformatics.nl/pathways/RC600_r17.0.0_20260520160610,RXN-12449
http://rdf-plantmetwiki.bioinformatics.nl/pathways/RC601_r17.0.0_20260520160610,RXN-4231
http://rdf-plantmetwiki.bioinformatics.nl/pathways/RC602_r17.0.0_20260520160610,4-methyl-2-oxopentanoate dehydrogenase (lipoamide)
http://rdf-plantmetwiki.bioinformatics.nl/pathways/RC603_r17.0.0_20260520160610,THYM-PHOSPH-RXN
http://rdf-plantmetwiki.bioinformatics.nl/pathways/RC604_r17.0.0_20260520160610,2.7.9.4-RXN
http://rdf-plantmetwiki.bioinformatics.nl/pathways/RC605_r17.0.0_20260520160610,TDCEACT-RXN
http://rdf-plantmetwiki.bioinformatics.nl/pathways/RC606_r17.0.0_20260520160610,RXN-20884
http://rdf-plantmetwiki.bioinformatics.nl/pathways/RC607_r17.0.0_20260520160610,2.4.1.143-RXN
http://rdf-plantmetwiki.bioinformatics.nl/pathways/RC608_r17.0.0_20260520160610,2.7.9.5-RXN
http://rdf-plantmetwiki.bioinformatics.nl/pathways/RC609_r17.0.0_20260520160610,RXN-10862
http://rdf-plantmetwiki.bioinformatics.nl/pathways/RC60_r17.0.0_20260520160610,RXN-12680
http://rdf-plantmetwiki.bioinformatics.nl/pathways/RC610_r17.0.0_20260520160610,HYDROXYPRODEHYDROG-RXN
http://rdf-plantmetwiki.bioinformatics.nl/pathways/RC611_r17.0.0_20260520160610,luteolin 8-hydroxylase
http://rdf-plantmetwiki.bioinformatics.nl/pathways/RC612_r17.0.0_20260520160610,RXN-15461
http://rdf-plantmetwiki.bioinformatics.nl/pathways/RC613_r17.0.0_20260520160610,RXN-12127
http://rdf-plantmetwiki.bioinformatics.nl/pathways/RC614_r17.0.0_20260520160610,RXN-14509
http://rdf-plantmetwiki.bioinformatics.nl/pathways/RC615_r17.0.0_20260520160610,XANPRIBOSYLTRAN-RXN
http://rdf-plantmetwiki.bioinformatics.nl/pathways/RC616_r17.0.0_20260520160610,RXN-18896
http://rdf-plantmetwiki.bioinformatics.nl/pathways/RC617_r17.0.0_20260520160610,RXN-12961
http://rdf-plantmetwiki.bioinformatics.nl/pathways/RC618_r17.0.0_20260520160610,1-dodecanol-<em>O</em>-arachinoyltransferase
http://rdf-plantmetwiki.bioinformatics.nl/pathways/RC619_r17.0.0_20260520160610,RXN-18341
http://rdf-plantmetwiki.bioinformatics.nl/pathways/RC61_r17.0.0_20260520160610,RXN-14187
http://rdf-plantmetwiki.bioinformatics.nl/pathways/RC620_r17.0.0_20260520160610,RXN-23912
http://rdf-plantmetwiki.bioinformatics.nl/pathways/RC621_r17.0.0_20260520160610,RXN-8547
http://rdf-plantmetwiki.bioinformatics.nl/pathways/RC622_r17.0.0_20260520160610,UMPKI-RXN
http://rdf-plantmetwiki.bioinformatics.nl/pathways/RC623_r17.0.0_20260520160610,RXN-21169
http://rdf-plantmetwiki.bioinformatics.nl/pathways/RC624_r17.0.0_20260520160610,RXN-21539
http://rdf-plantmetwiki.bioinformatics.nl/pathways/RC625_r17.0.0_20260520160610,RXN-9213
http://rdf-plantmetwiki.bioinformatics.nl/pathways/RC626_r17.0.0_20260520160610,RXN-11926
http://rdf-plantmetwiki.bioinformatics.nl/pathways/RC627_r17.0.0_20260520160610,RXN-22315
http://rdf-plantmetwiki.bioinformatics.nl/pathways/RC628_r17.0.0_20260520160610,RXN-12259
http://rdf-plantmetwiki.bioinformatics.nl/pathways/RC629_r17.0.0_20260520160610,SELENOCYSTEINE-LYASE-RXN
http://rdf-plantmetwiki.bioinformatics.nl/pathways/RC62_r17.0.0_20260520160610,3-SULFINOALANINE-AMINOTRANSFERASE-RXN
http://rdf-plantmetwiki.bioinformatics.nl/pathways/RC630_r17.0.0_20260520160610,RXN-9090
http://rdf-plantmetwiki.bioinformatics.nl/pathways/RC631_r17.0.0_20260520160610,RXN0-5391
http://rdf-plantmetwiki.bioinformatics.nl/pathways/RC632_r17.0.0_20260520160610,GLYC3PDEHYDROG-RXN
http://rdf-plantmetwiki.bioinformatics.nl/pathways/RC633_r17.0.0_20260520160610,RXN1F-10
http://rdf-plantmetwiki.bioinformatics.nl/pathways/RC634_r17.0.0_20260520160610,2.8.1.6-RXN
http://rdf-plantmetwiki.bioinformatics.nl/pathways/RC635_r17.0.0_20260520160610,RXN-23292
http://rdf-plantmetwiki.bioinformatics.nl/pathways/RC636_r17.0.0_20260520160610,RXN-16426
http://rdf-plantmetwiki.bioinformatics.nl/pathways/RC637_r17.0.0_20260520160610,RXN-11249
http://rdf-plantmetwiki.bioinformatics.nl/pathways/RC638_r17.0.0_20260520160610,RXN-4821
http://rdf-plantmetwiki.bioinformatics.nl/pathways/RC639_r17.0.0_20260520160610,1.14.19.1-RXN
http://rdf-plantmetwiki.bioinformatics.nl/pathways/RC63_r17.0.0_20260520160610,RXN-13183
http://rdf-plantmetwiki.bioinformatics.nl/pathways/RC640_r17.0.0_20260520160610,GLUTAMATESYN-RXN
http://rdf-plantmetwiki.bioinformatics.nl/pathways/RC641_r17.0.0_20260520160610,RXN-10767
http://rdf-plantmetwiki.bioinformatics.nl/pathways/RC642_r17.0.0_20260520160610,RXN-11875
http://rdf-plantmetwiki.bioinformatics.nl/pathways/RC643_r17.0.0_20260520160610,RXN-18212
http://rdf-plantmetwiki.bioinformatics.nl/pathways/RC644_r17.0.0_20260520160610,RXN-11930
http://rdf-plantmetwiki.bioinformatics.nl/pathways/RC645_r17.0.0_20260520160610,RXN-20447
http://rdf-plantmetwiki.bioinformatics.nl/pathways/RC646_r17.0.0_20260520160610,TEICHOICSYN5-RXN
http://rdf-plantmetwiki.bioinformatics.nl/pathways/RC647_r17.0.0_20260520160610,RXN-10730
http://rdf-plantmetwiki.bioinformatics.nl/pathways/RC648_r17.0.0_20260520160610,RXN-8855
http://rdf-plantmetwiki.bioinformatics.nl/pathways/RC649_r17.0.0_20260520160610,RXN18C3-113
http://rdf-plantmetwiki.bioinformatics.nl/pathways/RC64_r17.0.0_20260520160610,RXN-14216
http://rdf-plantmetwiki.bioinformatics.nl/pathways/RC650_r17.0.0_20260520160610,RXN-13409
http://rdf-plantmetwiki.bioinformatics.nl/pathways/RC651_r17.0.0_20260520160610,RXN-12648
http://rdf-plantmetwiki.bioinformatics.nl/pathways/RC652_r17.0.0_20260520160610,RXN-7866
http://rdf-plantmetwiki.bioinformatics.nl/pathways/RC653_r17.0.0_20260520160610,FATTY-ACYL-COA-SYNTHASE-RXN
http://rdf-plantmetwiki.bioinformatics.nl/pathways/RC654_r17.0.0_20260520160610,2.4.1.52-RXN
http://rdf-plantmetwiki.bioinformatics.nl/pathways/RC655_r17.0.0_20260520160610,RXN-10748
http://rdf-plantmetwiki.bioinformatics.nl/pathways/RC656_r17.0.0_20260520160610,RXN-12325
http://rdf-plantmetwiki.bioinformatics.nl/pathways/RC657_r17.0.0_20260520160610,RXN-22286
http://rdf-plantmetwiki.bioinformatics.nl/pathways/RC658_r17.0.0_20260520160610,RXN-13021
http://rdf-plantmetwiki.bioinformatics.nl/pathways/RC659_r17.0.0_20260520160610,L-rhamnose pyranase
http://rdf-plantmetwiki.bioinformatics.nl/pathways/RC65_r17.0.0_20260520160610,RXN-13880
http://rdf-plantmetwiki.bioinformatics.nl/pathways/RC660_r17.0.0_20260520160610,RXN-11270
http://rdf-plantmetwiki.bioinformatics.nl/pathways/RC661_r17.0.0_20260520160610,fatty acid elongation
http://rdf-plantmetwiki.bioinformatics.nl/pathways/RC662_r17.0.0_20260520160610,RXN-4224
http://rdf-plantmetwiki.bioinformatics.nl/pathways/RC663_r17.0.0_20260520160610,S-2-HYDROXY-ACID-OXIDASE-RXN
http://rdf-plantmetwiki.bioinformatics.nl/pathways/RC664_r17.0.0_20260520160610,HEXOKINASE-RXN
http://rdf-plantmetwiki.bioinformatics.nl/pathways/RC665_r17.0.0_20260520160610,HYPOXANPRIBOSYLTRAN-RXN
http://rdf-plantmetwiki.bioinformatics.nl/pathways/RC666_r17.0.0_20260520160610,RXN-8315
http://rdf-plantmetwiki.bioinformatics.nl/pathways/RC667_r17.0.0_20260520160610,CYTOCHROME-B5-REDUCTASE-RXN
http://rdf-plantmetwiki.bioinformatics.nl/pathways/RC668_r17.0.0_20260520160610,RXN-22402
http://rdf-plantmetwiki.bioinformatics.nl/pathways/RC669_r17.0.0_20260520160610,RXN-10436
http://rdf-plantmetwiki.bioinformatics.nl/pathways/RC66_r17.0.0_20260520160610,RXN-22774
http://rdf-plantmetwiki.bioinformatics.nl/pathways/RC670_r17.0.0_20260520160610,RXN-24256
http://rdf-plantmetwiki.bioinformatics.nl/pathways/RC671_r17.0.0_20260520160610,FLAVONADPREDUCT-RXN
http://rdf-plantmetwiki.bioinformatics.nl/pathways/RC672_r17.0.0_20260520160610,RXN0-5185
http://rdf-plantmetwiki.bioinformatics.nl/pathways/RC673_r17.0.0_20260520160610,RXN-12364
http://rdf-plantmetwiki.bioinformatics.nl/pathways/RC674_r17.0.0_20260520160610,RXN-22697
http://rdf-plantmetwiki.bioinformatics.nl/pathways/RC675_r17.0.0_20260520160610,RXN-19744
http://rdf-plantmetwiki.bioinformatics.nl/pathways/RC676_r17.0.0_20260520160610,RXN-14199
http://rdf-plantmetwiki.bioinformatics.nl/pathways/RC677_r17.0.0_20260520160610,RXN-11231
http://rdf-plantmetwiki.bioinformatics.nl/pathways/RC678_r17.0.0_20260520160610,RXN-19986
http://rdf-plantmetwiki.bioinformatics.nl/pathways/RC679_r17.0.0_20260520160610,RXN-8092
http://rdf-plantmetwiki.bioinformatics.nl/pathways/RC67_r17.0.0_20260520160610,RXN-23866
http://rdf-plantmetwiki.bioinformatics.nl/pathways/RC680_r17.0.0_20260520160610,RXN-14658
http://rdf-plantmetwiki.bioinformatics.nl/pathways/RC681_r17.0.0_20260520160610,RXN-14208
http://rdf-plantmetwiki.bioinformatics.nl/pathways/RC682_r17.0.0_20260520160610,ALCOHOL-DEHYDROGENASE-NADPORNOP+-RXN
http://rdf-plantmetwiki.bioinformatics.nl/pathways/RC683_r17.0.0_20260520160610,RXNQT-4176
http://rdf-plantmetwiki.bioinformatics.nl/pathways/RC684_r17.0.0_20260520160610,RXN-8354
http://rdf-plantmetwiki.bioinformatics.nl/pathways/RC685_r17.0.0_20260520160610,RXN-11289
http://rdf-plantmetwiki.bioinformatics.nl/pathways/RC686_r17.0.0_20260520160610,RXN-14064
http://rdf-plantmetwiki.bioinformatics.nl/pathways/RC687_r17.0.0_20260520160610,RXN-19656
http://rdf-plantmetwiki.bioinformatics.nl/pathways/RC688_r17.0.0_20260520160610,RXN-19011
http://rdf-plantmetwiki.bioinformatics.nl/pathways/RC689_r17.0.0_20260520160610,RXN-22711
http://rdf-plantmetwiki.bioinformatics.nl/pathways/RC68_r17.0.0_20260520160610,STEROL-GLUCOSYLTRANSFERASE-RXN
http://rdf-plantmetwiki.bioinformatics.nl/pathways/RC690_r17.0.0_20260520160610,RXN-18895
http://rdf-plantmetwiki.bioinformatics.nl/pathways/RC691_r17.0.0_20260520160610,RXN-18483
http://rdf-plantmetwiki.bioinformatics.nl/pathways/RC692_r17.0.0_20260520160610,RXN-12124
http://rdf-plantmetwiki.bioinformatics.nl/pathways/RC693_r17.0.0_20260520160610,RXN-4422
http://rdf-plantmetwiki.bioinformatics.nl/pathways/RC694_r17.0.0_20260520160610,RXN-11925
http://rdf-plantmetwiki.bioinformatics.nl/pathways/RC695_r17.0.0_20260520160610,RXN-22316
http://rdf-plantmetwiki.bioinformatics.nl/pathways/RC696_r17.0.0_20260520160610,AMP-DEPHOSPHORYLATION-RXN
http://rdf-plantmetwiki.bioinformatics.nl/pathways/RC697_r17.0.0_20260520160610,RXN-8544
http://rdf-plantmetwiki.bioinformatics.nl/pathways/RC698_r17.0.0_20260520160610,RXN-11533
http://rdf-plantmetwiki.bioinformatics.nl/pathways/RC699_r17.0.0_20260520160610,FUC4NACTRANS-RXN
http://rdf-plantmetwiki.bioinformatics.nl/pathways/RC69_r17.0.0_20260520160610,RXN-19832
http://rdf-plantmetwiki.bioinformatics.nl/pathways/RC6_r17.0.0_20260520160610,RXN-7181
http://rdf-plantmetwiki.bioinformatics.nl/pathways/RC700_r17.0.0_20260520160610,RXN-10772
http://rdf-plantmetwiki.bioinformatics.nl/pathways/RC701_r17.0.0_20260520160610,RXN-18342
http://rdf-plantmetwiki.bioinformatics.nl/pathways/RC702_r17.0.0_20260520160610,RXN-22603
http://rdf-plantmetwiki.bioinformatics.nl/pathways/RC703_r17.0.0_20260520160610,RXN-16425
http://rdf-plantmetwiki.bioinformatics.nl/pathways/RC704_r17.0.0_20260520160610,KETOLACTOSE-RXN
http://rdf-plantmetwiki.bioinformatics.nl/pathways/RC705_r17.0.0_20260520160610,RXN-18968
http://rdf-plantmetwiki.bioinformatics.nl/pathways/RC706_r17.0.0_20260520160610,GLUTDEHYD-RXN
http://rdf-plantmetwiki.bioinformatics.nl/pathways/RC707_r17.0.0_20260520160610,RXN-14048
http://rdf-plantmetwiki.bioinformatics.nl/pathways/RC708_r17.0.0_20260520160610,RXN-8682
http://rdf-plantmetwiki.bioinformatics.nl/pathways/RC709_r17.0.0_20260520160610,RXN-12870
http://rdf-plantmetwiki.bioinformatics.nl/pathways/RC70_r17.0.0_20260520160610,GLYCOGEN-BRANCH-RXN
http://rdf-plantmetwiki.bioinformatics.nl/pathways/RC710_r17.0.0_20260520160610,CARBODEHYDRAT-RXN
http://rdf-plantmetwiki.bioinformatics.nl/pathways/RC711_r17.0.0_20260520160610,RXN-8417
http://rdf-plantmetwiki.bioinformatics.nl/pathways/RC712_r17.0.0_20260520160610,GARTRANSFORMYL2-RXN
http://rdf-plantmetwiki.bioinformatics.nl/pathways/RC713_r17.0.0_20260520160610,RXN-19953
http://rdf-plantmetwiki.bioinformatics.nl/pathways/RC714_r17.0.0_20260520160610,RXN-12309
http://rdf-plantmetwiki.bioinformatics.nl/pathways/RC715_r17.0.0_20260520160610,RXN-9713
http://rdf-plantmetwiki.bioinformatics.nl/pathways/RC716_r17.0.0_20260520160610,RXN-23907
http://rdf-plantmetwiki.bioinformatics.nl/pathways/RC717_r17.0.0_20260520160610,RXN-4208
http://rdf-plantmetwiki.bioinformatics.nl/pathways/RC718_r17.0.0_20260520160610,RXN-13959
http://rdf-plantmetwiki.bioinformatics.nl/pathways/RC719_r17.0.0_20260520160610,2.4.1.126-RXN
http://rdf-plantmetwiki.bioinformatics.nl/pathways/RC71_r17.0.0_20260520160610,RIBONUCLEOSIDE-DIP-REDUCTI-RXN
http://rdf-plantmetwiki.bioinformatics.nl/pathways/RC720_r17.0.0_20260520160610,2.6.1.57-RXN
http://rdf-plantmetwiki.bioinformatics.nl/pathways/RC721_r17.0.0_20260520160610,RXN-19007
http://rdf-plantmetwiki.bioinformatics.nl/pathways/RC722_r17.0.0_20260520160610,RXN18C3-110
http://rdf-plantmetwiki.bioinformatics.nl/pathways/RC723_r17.0.0_20260520160610,RXNQT-4377
http://rdf-plantmetwiki.bioinformatics.nl/pathways/RC724_r17.0.0_20260520160610,RXN-10733
http://rdf-plantmetwiki.bioinformatics.nl/pathways/RC725_r17.0.0_20260520160610,RXN-10949
http://rdf-plantmetwiki.bioinformatics.nl/pathways/RC726_r17.0.0_20260520160610,6-phospho-&beta;-fructofuranosidase
http://rdf-plantmetwiki.bioinformatics.nl/pathways/RC727_r17.0.0_20260520160610,RXN-12077
http://rdf-plantmetwiki.bioinformatics.nl/pathways/RC728_r17.0.0_20260520160610,RXN-7920
http://rdf-plantmetwiki.bioinformatics.nl/pathways/RC729_r17.0.0_20260520160610,RXN-13373
http://rdf-plantmetwiki.bioinformatics.nl/pathways/RC72_r17.0.0_20260520160610,RXNQT-4168
http://rdf-plantmetwiki.bioinformatics.nl/pathways/RC730_r17.0.0_20260520160610,RXN-14091
http://rdf-plantmetwiki.bioinformatics.nl/pathways/RC731_r17.0.0_20260520160610,RXN-12846
http://rdf-plantmetwiki.bioinformatics.nl/pathways/RC732_r17.0.0_20260520160610,RXN-5985
http://rdf-plantmetwiki.bioinformatics.nl/pathways/RC733_r17.0.0_20260520160610,RXN-4228
http://rdf-plantmetwiki.bioinformatics.nl/pathways/RC734_r17.0.0_20260520160610,RXN-1883
http://rdf-plantmetwiki.bioinformatics.nl/pathways/RC735_r17.0.0_20260520160610,RXN-15815
http://rdf-plantmetwiki.bioinformatics.nl/pathways/RC736_r17.0.0_20260520160610,RXN0-1021
http://rdf-plantmetwiki.bioinformatics.nl/pathways/RC737_r17.0.0_20260520160610,RXN-21019
http://rdf-plantmetwiki.bioinformatics.nl/pathways/RC738_r17.0.0_20260520160610,RXN-8088
http://rdf-plantmetwiki.bioinformatics.nl/pathways/RC739_r17.0.0_20260520160610,RXN-13187
http://rdf-plantmetwiki.bioinformatics.nl/pathways/RC73_r17.0.0_20260520160610,TRYPSYN-RXN
http://rdf-plantmetwiki.bioinformatics.nl/pathways/RC740_r17.0.0_20260520160610,RXN0-5259
http://rdf-plantmetwiki.bioinformatics.nl/pathways/RC741_r17.0.0_20260520160610,RXN-5481
http://rdf-plantmetwiki.bioinformatics.nl/pathways/RC742_r17.0.0_20260520160610,RXN1F-72
http://rdf-plantmetwiki.bioinformatics.nl/pathways/RC743_r17.0.0_20260520160610,GALACTOSIDE-2-L-FUCOSYLTRANSFERASE-RXN
http://rdf-plantmetwiki.bioinformatics.nl/pathways/RC744_r17.0.0_20260520160610,RXN-11102
http://rdf-plantmetwiki.bioinformatics.nl/pathways/RC745_r17.0.0_20260520160610,RXN-11552
http://rdf-plantmetwiki.bioinformatics.nl/pathways/RC746_r17.0.0_20260520160610,RXN-15511
http://rdf-plantmetwiki.bioinformatics.nl/pathways/RC747_r17.0.0_20260520160610,GLYCEROL-1-PHOSPHATASE-RXN
http://rdf-plantmetwiki.bioinformatics.nl/pathways/RC748_r17.0.0_20260520160610,4.3.1.17-RXN
http://rdf-plantmetwiki.bioinformatics.nl/pathways/RC749_r17.0.0_20260520160610,3.2.1.114-RXN
http://rdf-plantmetwiki.bioinformatics.nl/pathways/RC74_r17.0.0_20260520160610,6.3.4.11-RXN
http://rdf-plantmetwiki.bioinformatics.nl/pathways/RC750_r17.0.0_20260520160610,RXN-18159
http://rdf-plantmetwiki.bioinformatics.nl/pathways/RC751_r17.0.0_20260520160610,RXN-14195
http://rdf-plantmetwiki.bioinformatics.nl/pathways/RC752_r17.0.0_20260520160610,L-aspartate : fumarate oxidoreductase (deaminating)
http://rdf-plantmetwiki.bioinformatics.nl/pathways/RC753_r17.0.0_20260520160610,RXN4FS-18
http://rdf-plantmetwiki.bioinformatics.nl/pathways/RC754_r17.0.0_20260520160610,RXN-11544
http://rdf-plantmetwiki.bioinformatics.nl/pathways/RC755_r17.0.0_20260520160610,3-OXOACYL-ACP-SYNTH-BASE-RXN
http://rdf-plantmetwiki.bioinformatics.nl/pathways/RC756_r17.0.0_20260520160610,RXN-974
http://rdf-plantmetwiki.bioinformatics.nl/pathways/RC757_r17.0.0_20260520160610,RXN-11401
http://rdf-plantmetwiki.bioinformatics.nl/pathways/RC758_r17.0.0_20260520160610,flavonone 3&prime;-hydroxylase
http://rdf-plantmetwiki.bioinformatics.nl/pathways/RC759_r17.0.0_20260520160610,RXNQT-4316
http://rdf-plantmetwiki.bioinformatics.nl/pathways/RC75_r17.0.0_20260520160610,3.2.1.39-RXN
http://rdf-plantmetwiki.bioinformatics.nl/pathways/RC760_r17.0.0_20260520160610,RXN-8564
http://rdf-plantmetwiki.bioinformatics.nl/pathways/RC761_r17.0.0_20260520160610,RXN-18732
http://rdf-plantmetwiki.bioinformatics.nl/pathways/RC762_r17.0.0_20260520160610,RXN-4402
http://rdf-plantmetwiki.bioinformatics.nl/pathways/RC763_r17.0.0_20260520160610,RXN-17428
http://rdf-plantmetwiki.bioinformatics.nl/pathways/RC764_r17.0.0_20260520160610,RXN-13938
http://rdf-plantmetwiki.bioinformatics.nl/pathways/RC765_r17.0.0_20260520160610,RXN-8421
http://rdf-plantmetwiki.bioinformatics.nl/pathways/RC766_r17.0.0_20260520160610,TRANS-RXN4LZ-4
http://rdf-plantmetwiki.bioinformatics.nl/pathways/RC767_r17.0.0_20260520160610,RXN-13191
http://rdf-plantmetwiki.bioinformatics.nl/pathways/RC768_r17.0.0_20260520160610,RXN-8071
http://rdf-plantmetwiki.bioinformatics.nl/pathways/RC769_r17.0.0_20260520160610,RXN-10953
http://rdf-plantmetwiki.bioinformatics.nl/pathways/RC76_r17.0.0_20260520160610,1.3.7.5-RXN
http://rdf-plantmetwiki.bioinformatics.nl/pathways/RC770_r17.0.0_20260520160610,RXN-18899
http://rdf-plantmetwiki.bioinformatics.nl/pathways/RC771_r17.0.0_20260520160610,RXN-9924
http://rdf-plantmetwiki.bioinformatics.nl/pathways/RC772_r17.0.0_20260520160610,RXN-12128
http://rdf-plantmetwiki.bioinformatics.nl/pathways/RC773_r17.0.0_20260520160610,RXN-11704
http://rdf-plantmetwiki.bioinformatics.nl/pathways/RC774_r17.0.0_20260520160610,RXN-12201
http://rdf-plantmetwiki.bioinformatics.nl/pathways/RC775_r17.0.0_20260520160610,RXNQT-4382
http://rdf-plantmetwiki.bioinformatics.nl/pathways/RC776_r17.0.0_20260520160610,RXN-17900
http://rdf-plantmetwiki.bioinformatics.nl/pathways/RC777_r17.0.0_20260520160610,"4,4-dimethylzymosterol 4-hydroxylase"
http://rdf-plantmetwiki.bioinformatics.nl/pathways/RC778_r17.0.0_20260520160610,RXN-14290
http://rdf-plantmetwiki.bioinformatics.nl/pathways/RC779_r17.0.0_20260520160610,RXN-7740
http://rdf-plantmetwiki.bioinformatics.nl/pathways/RC77_r17.0.0_20260520160610,RXN-3121
http://rdf-plantmetwiki.bioinformatics.nl/pathways/RC780_r17.0.0_20260520160610,phenolic oxidative coupling protein
http://rdf-plantmetwiki.bioinformatics.nl/pathways/RC781_r17.0.0_20260520160610,RXN-12893
http://rdf-plantmetwiki.bioinformatics.nl/pathways/RC782_r17.0.0_20260520160610,RXN-18964
http://rdf-plantmetwiki.bioinformatics.nl/pathways/RC783_r17.0.0_20260520160610,RXN-16995
http://rdf-plantmetwiki.bioinformatics.nl/pathways/RC784_r17.0.0_20260520160610,RXN-9565
http://rdf-plantmetwiki.bioinformatics.nl/pathways/RC785_r17.0.0_20260520160610,RXN-13017
http://rdf-plantmetwiki.bioinformatics.nl/pathways/RC786_r17.0.0_20260520160610,RXN-21166
http://rdf-plantmetwiki.bioinformatics.nl/pathways/RC787_r17.0.0_20260520160610,RXN-3241
http://rdf-plantmetwiki.bioinformatics.nl/pathways/RC788_r17.0.0_20260520160610,RXN-8548
http://rdf-plantmetwiki.bioinformatics.nl/pathways/RC789_r17.0.0_20260520160610,RXN-18972
http://rdf-plantmetwiki.bioinformatics.nl/pathways/RC78_r17.0.0_20260520160610,RXN-13398
http://rdf-plantmetwiki.bioinformatics.nl/pathways/RC790_r17.0.0_20260520160610,RXN-11250
http://rdf-plantmetwiki.bioinformatics.nl/pathways/RC791_r17.0.0_20260520160610,RXN-9089
http://rdf-plantmetwiki.bioinformatics.nl/pathways/RC792_r17.0.0_20260520160610,RXN-14814
http://rdf-plantmetwiki.bioinformatics.nl/pathways/RC793_r17.0.0_20260520160610,RXN-12539
http://rdf-plantmetwiki.bioinformatics.nl/pathways/RC794_r17.0.0_20260520160610,5-fluoro-5-deoxy-d-ribulose-1-phosphate aldolase
http://rdf-plantmetwiki.bioinformatics.nl/pathways/RC795_r17.0.0_20260520160610,RXN-10857
http://rdf-plantmetwiki.bioinformatics.nl/pathways/RC796_r17.0.0_20260520160610,RXNQT-4140
http://rdf-plantmetwiki.bioinformatics.nl/pathways/RC797_r17.0.0_20260520160610,late4-aminobutyrate--glyoxy transaminase
http://rdf-plantmetwiki.bioinformatics.nl/pathways/RC798_r17.0.0_20260520160610,TRANS-RXN-187
http://rdf-plantmetwiki.bioinformatics.nl/pathways/RC799_r17.0.0_20260520160610,RXN-12610
http://rdf-plantmetwiki.bioinformatics.nl/pathways/RC79_r17.0.0_20260520160610,MALDEXPHOSPHORYL-RXN
http://rdf-plantmetwiki.bioinformatics.nl/pathways/RC7_r17.0.0_20260520160610,RXN-22830
http://rdf-plantmetwiki.bioinformatics.nl/pathways/RC800_r17.0.0_20260520160610,RXN-10787
http://rdf-plantmetwiki.bioinformatics.nl/pathways/RC801_r17.0.0_20260520160610,RXN-21170
http://rdf-plantmetwiki.bioinformatics.nl/pathways/RC802_r17.0.0_20260520160610,3.1.3.77-RXN
http://rdf-plantmetwiki.bioinformatics.nl/pathways/RC803_r17.0.0_20260520160610,RXN-11529
http://rdf-plantmetwiki.bioinformatics.nl/pathways/RC804_r17.0.0_20260520160610,3.2.1.65-RXN
http://rdf-plantmetwiki.bioinformatics.nl/pathways/RC805_r17.0.0_20260520160610,RXN-10768
http://rdf-plantmetwiki.bioinformatics.nl/pathways/RC806_r17.0.0_20260520160610,arachidonate &Delta;<sup>17</sup> desaturase
http://rdf-plantmetwiki.bioinformatics.nl/pathways/RC807_r17.0.0_20260520160610,RXN0-5330
http://rdf-plantmetwiki.bioinformatics.nl/pathways/RC808_r17.0.0_20260520160610,RXN-4603
http://rdf-plantmetwiki.bioinformatics.nl/pathways/RC809_r17.0.0_20260520160610,GLUTAMINE--PYRUVATE-AMINOTRANSFERASE-RXN
http://rdf-plantmetwiki.bioinformatics.nl/pathways/RC80_r17.0.0_20260520160610,RXN2PN3-45
http://rdf-plantmetwiki.bioinformatics.nl/pathways/RC810_r17.0.0_20260520160610,MALATE-DEHYDROGENASE-ACCEPTOR-RXN
http://rdf-plantmetwiki.bioinformatics.nl/pathways/RC811_r17.0.0_20260520160610,RXN-12978
http://rdf-plantmetwiki.bioinformatics.nl/pathways/RC812_r17.0.0_20260520160610,RXN-10945
http://rdf-plantmetwiki.bioinformatics.nl/pathways/RC813_r17.0.0_20260520160610,RXN-19772
http://rdf-plantmetwiki.bioinformatics.nl/pathways/RC814_r17.0.0_20260520160610,RXN-8335
http://rdf-plantmetwiki.bioinformatics.nl/pathways/RC815_r17.0.0_20260520160610,RXN-14510
http://rdf-plantmetwiki.bioinformatics.nl/pathways/RC816_r17.0.0_20260520160610,RXN-18163
http://rdf-plantmetwiki.bioinformatics.nl/pathways/RC817_r17.0.0_20260520160610,RXNQT-4394
http://rdf-plantmetwiki.bioinformatics.nl/pathways/RC818_r17.0.0_20260520160610,GMP-SYN-NH3-RXN
http://rdf-plantmetwiki.bioinformatics.nl/pathways/RC819_r17.0.0_20260520160610,RXN-13955
http://rdf-plantmetwiki.bioinformatics.nl/pathways/RC81_r17.0.0_20260520160610,ATPSYN-RXN
http://rdf-plantmetwiki.bioinformatics.nl/pathways/RC820_r17.0.0_20260520160610,RXN-12647
http://rdf-plantmetwiki.bioinformatics.nl/pathways/RC821_r17.0.0_20260520160610,RXN-2942
http://rdf-plantmetwiki.bioinformatics.nl/pathways/RC822_r17.0.0_20260520160610,ARYL-ALCOHOL-DEHYDROGENASE-NADP+-RXN
http://rdf-plantmetwiki.bioinformatics.nl/pathways/RC823_r17.0.0_20260520160610,RXN-20673
http://rdf-plantmetwiki.bioinformatics.nl/pathways/RC824_r17.0.0_20260520160610,<i>cis</i>-abscisic alcohol monooxygenase
http://rdf-plantmetwiki.bioinformatics.nl/pathways/RC825_r17.0.0_20260520160610,phenylethyl acetate esterase
http://rdf-plantmetwiki.bioinformatics.nl/pathways/RC826_r17.0.0_20260520160610,RXN4KF-52
http://rdf-plantmetwiki.bioinformatics.nl/pathways/RC827_r17.0.0_20260520160610,RXNQT-4395
http://rdf-plantmetwiki.bioinformatics.nl/pathways/RC828_r17.0.0_20260520160610,3.2.1.141-RXN
http://rdf-plantmetwiki.bioinformatics.nl/pathways/RC829_r17.0.0_20260520160610,RXN4FS-23
http://rdf-plantmetwiki.bioinformatics.nl/pathways/RC82_r17.0.0_20260520160610,RXN0-5292
http://rdf-plantmetwiki.bioinformatics.nl/pathways/RC830_r17.0.0_20260520160610,RXN-21433
http://rdf-plantmetwiki.bioinformatics.nl/pathways/RC831_r17.0.0_20260520160610,RXN4KF-53
http://rdf-plantmetwiki.bioinformatics.nl/pathways/RC832_r17.0.0_20260520160610,RXN-4602
http://rdf-plantmetwiki.bioinformatics.nl/pathways/RC833_r17.0.0_20260520160610,RXN-14004
http://rdf-plantmetwiki.bioinformatics.nl/pathways/RC834_r17.0.0_20260520160610,RXN-11656
http://rdf-plantmetwiki.bioinformatics.nl/pathways/RC835_r17.0.0_20260520160610,RXN-10944
http://rdf-plantmetwiki.bioinformatics.nl/pathways/RC836_r17.0.0_20260520160610,RXN-8334
http://rdf-plantmetwiki.bioinformatics.nl/pathways/RC837_r17.0.0_20260520160610,RXN-14511
http://rdf-plantmetwiki.bioinformatics.nl/pathways/RC838_r17.0.0_20260520160610,RXN-18162
http://rdf-plantmetwiki.bioinformatics.nl/pathways/RC839_r17.0.0_20260520160610,TRANS-RXN-186
http://rdf-plantmetwiki.bioinformatics.nl/pathways/RC83_r17.0.0_20260520160610,THIAMINASE-RXN
http://rdf-plantmetwiki.bioinformatics.nl/pathways/RC840_r17.0.0_20260520160610,thiamin phosphate synthase
http://rdf-plantmetwiki.bioinformatics.nl/pathways/RC841_r17.0.0_20260520160610,1.6.5.4-RXN
http://rdf-plantmetwiki.bioinformatics.nl/pathways/RC842_r17.0.0_20260520160610,RXN-7645
http://rdf-plantmetwiki.bioinformatics.nl/pathways/RC843_r17.0.0_20260520160610,RXN-12754
http://rdf-plantmetwiki.bioinformatics.nl/pathways/RC844_r17.0.0_20260520160610,RXN-10769
http://rdf-plantmetwiki.bioinformatics.nl/pathways/RC845_r17.0.0_20260520160610,CHALCONE-ISOMERASE-RXN
http://rdf-plantmetwiki.bioinformatics.nl/pathways/RC846_r17.0.0_20260520160610,RXN-12304
http://rdf-plantmetwiki.bioinformatics.nl/pathways/RC847_r17.0.0_20260520160610,RXN-14815
http://rdf-plantmetwiki.bioinformatics.nl/pathways/RC848_r17.0.0_20260520160610,RXN-10856
http://rdf-plantmetwiki.bioinformatics.nl/pathways/RC849_r17.0.0_20260520160610,RXN-5101
http://rdf-plantmetwiki.bioinformatics.nl/pathways/RC84_r17.0.0_20260520160610,RXN18C3-114
http://rdf-plantmetwiki.bioinformatics.nl/pathways/RC850_r17.0.0_20260520160610,RXN-13446
http://rdf-plantmetwiki.bioinformatics.nl/pathways/RC851_r17.0.0_20260520160610,RXN-13016
http://rdf-plantmetwiki.bioinformatics.nl/pathways/RC852_r17.0.0_20260520160610,RXN-21167
http://rdf-plantmetwiki.bioinformatics.nl/pathways/RC853_r17.0.0_20260520160610,RXN-12257
http://rdf-plantmetwiki.bioinformatics.nl/pathways/RC854_r17.0.0_20260520160610,TRANS-RXN-190
http://rdf-plantmetwiki.bioinformatics.nl/pathways/RC855_r17.0.0_20260520160610,RXN-1441
http://rdf-plantmetwiki.bioinformatics.nl/pathways/RC856_r17.0.0_20260520160610,phenolic oxidative coupling protein
http://rdf-plantmetwiki.bioinformatics.nl/pathways/RC857_r17.0.0_20260520160610,RXN-12892
http://rdf-plantmetwiki.bioinformatics.nl/pathways/RC858_r17.0.0_20260520160610,RXN-18965
http://rdf-plantmetwiki.bioinformatics.nl/pathways/RC859_r17.0.0_20260520160610,RXN18C3-4
http://rdf-plantmetwiki.bioinformatics.nl/pathways/RC85_r17.0.0_20260520160610,RXN-12862
http://rdf-plantmetwiki.bioinformatics.nl/pathways/RC860_r17.0.0_20260520160610,FAD-PYROPHOSPHATASE-RXN
http://rdf-plantmetwiki.bioinformatics.nl/pathways/RC861_r17.0.0_20260520160610,RXN-9564
http://rdf-plantmetwiki.bioinformatics.nl/pathways/RC862_r17.0.0_20260520160610,"4&alpha;-hydroxymethyl-4&beta;-methyl-5&alpha;-cholesta-8,24-dien-3&beta;-ol dehydrogenase"
http://rdf-plantmetwiki.bioinformatics.nl/pathways/RC863_r17.0.0_20260520160610,RXNQT-4383
http://rdf-plantmetwiki.bioinformatics.nl/pathways/RC864_r17.0.0_20260520160610,5-NUCLEOTID-RXN
http://rdf-plantmetwiki.bioinformatics.nl/pathways/RC865_r17.0.0_20260520160610,25-DIAMINOVALERATE-AMINOTRANSFERASE-RXN
http://rdf-plantmetwiki.bioinformatics.nl/pathways/RC866_r17.0.0_20260520160610,RXN-7891
http://rdf-plantmetwiki.bioinformatics.nl/pathways/RC867_r17.0.0_20260520160610,RXN-18031
http://rdf-plantmetwiki.bioinformatics.nl/pathways/RC868_r17.0.0_20260520160610,RXN-4301
http://rdf-plantmetwiki.bioinformatics.nl/pathways/RC869_r17.0.0_20260520160610,Glycerol-3-phosphate dehydrogenase
http://rdf-plantmetwiki.bioinformatics.nl/pathways/RC86_r17.0.0_20260520160610,RXN-9081
http://rdf-plantmetwiki.bioinformatics.nl/pathways/RC870_r17.0.0_20260520160610,RXN-11355
http://rdf-plantmetwiki.bioinformatics.nl/pathways/RC871_r17.0.0_20260520160610,RXNQT-4317
http://rdf-plantmetwiki.bioinformatics.nl/pathways/RC872_r17.0.0_20260520160610,RXN-6081
http://rdf-plantmetwiki.bioinformatics.nl/pathways/RC873_r17.0.0_20260520160610,RXN-10753
http://rdf-plantmetwiki.bioinformatics.nl/pathways/RC874_r17.0.0_20260520160610,RXN-13939
http://rdf-plantmetwiki.bioinformatics.nl/pathways/RC875_r17.0.0_20260520160610,2.6.1.41-RXN
http://rdf-plantmetwiki.bioinformatics.nl/pathways/RC876_r17.0.0_20260520160610,RXN-14205
http://rdf-plantmetwiki.bioinformatics.nl/pathways/RC877_r17.0.0_20260520160610,RXN-13190
http://rdf-plantmetwiki.bioinformatics.nl/pathways/RC878_r17.0.0_20260520160610,MANNPGUANYLTRANGDP-RXN
http://rdf-plantmetwiki.bioinformatics.nl/pathways/RC879_r17.0.0_20260520160610,RXN-8861
http://rdf-plantmetwiki.bioinformatics.nl/pathways/RC87_r17.0.0_20260520160610,RXN-18079
http://rdf-plantmetwiki.bioinformatics.nl/pathways/RC880_r17.0.0_20260520160610,RXN-8162
http://rdf-plantmetwiki.bioinformatics.nl/pathways/RC881_r17.0.0_20260520160610,RXN-11545
http://rdf-plantmetwiki.bioinformatics.nl/pathways/RC882_r17.0.0_20260520160610,D-ALANINE-AMINOTRANSFERASE-RXN
http://rdf-plantmetwiki.bioinformatics.nl/pathways/RC883_r17.0.0_20260520160610,RXN-11400
http://rdf-plantmetwiki.bioinformatics.nl/pathways/RC884_r17.0.0_20260520160610,1.14.13.117-RXN
http://rdf-plantmetwiki.bioinformatics.nl/pathways/RC885_r17.0.0_20260520160610,ACYL-COA-HYDROLASE-RXN
http://rdf-plantmetwiki.bioinformatics.nl/pathways/RC886_r17.0.0_20260520160610,RXN-19749
http://rdf-plantmetwiki.bioinformatics.nl/pathways/RC887_r17.0.0_20260520160610,METHIONINE-GAMMA-LYASE-RXN
http://rdf-plantmetwiki.bioinformatics.nl/pathways/RC888_r17.0.0_20260520160610,RXN-18158
http://rdf-plantmetwiki.bioinformatics.nl/pathways/RC889_r17.0.0_20260520160610,RXN-7852
http://rdf-plantmetwiki.bioinformatics.nl/pathways/RC88_r17.0.0_20260520160610,RXN-20155
http://rdf-plantmetwiki.bioinformatics.nl/pathways/RC890_r17.0.0_20260520160610,RXN-17757
http://rdf-plantmetwiki.bioinformatics.nl/pathways/RC891_r17.0.0_20260520160610,RXN-12410
http://rdf-plantmetwiki.bioinformatics.nl/pathways/RC892_r17.0.0_20260520160610,1.14.15.6-RXN
http://rdf-plantmetwiki.bioinformatics.nl/pathways/RC893_r17.0.0_20260520160610,RXN-15510
http://rdf-plantmetwiki.bioinformatics.nl/pathways/RC894_r17.0.0_20260520160610,RXN-15140
http://rdf-plantmetwiki.bioinformatics.nl/pathways/RC895_r17.0.0_20260520160610,RXN-21389
http://rdf-plantmetwiki.bioinformatics.nl/pathways/RC896_r17.0.0_20260520160610,CINNAMOYL-COA-REDUCTASE-RXN
http://rdf-plantmetwiki.bioinformatics.nl/pathways/RC897_r17.0.0_20260520160610,RXN-8748
http://rdf-plantmetwiki.bioinformatics.nl/pathways/RC898_r17.0.0_20260520160610,PSERTRANSAMPYR-RXN
http://rdf-plantmetwiki.bioinformatics.nl/pathways/RC899_r17.0.0_20260520160610,RXN-7002
http://rdf-plantmetwiki.bioinformatics.nl/pathways/RC89_r17.0.0_20260520160610,RXN0-3741
http://rdf-plantmetwiki.bioinformatics.nl/pathways/RC8_r17.0.0_20260520160610,RXN-21031
http://rdf-plantmetwiki.bioinformatics.nl/pathways/RC900_r17.0.0_20260520160610,GLUCOSE-6-PHOSPHATASE-RXN
http://rdf-plantmetwiki.bioinformatics.nl/pathways/RC901_r17.0.0_20260520160610,GLYCOLATEDEHYDRO-RXN
http://rdf-plantmetwiki.bioinformatics.nl/pathways/RC902_r17.0.0_20260520160610,RXN-1302
http://rdf-plantmetwiki.bioinformatics.nl/pathways/RC903_r17.0.0_20260520160610,RXN-8089
http://rdf-plantmetwiki.bioinformatics.nl/pathways/RC904_r17.0.0_20260520160610,RXN-8573
http://rdf-plantmetwiki.bioinformatics.nl/pathways/RC905_r17.0.0_20260520160610,RXN-7669
http://rdf-plantmetwiki.bioinformatics.nl/pathways/RC906_r17.0.0_20260520160610,RXN-14213
http://rdf-plantmetwiki.bioinformatics.nl/pathways/RC907_r17.0.0_20260520160610,dihydrolipoyllysine-residue (2-methylbutanoyl)transferase
http://rdf-plantmetwiki.bioinformatics.nl/pathways/RC908_r17.0.0_20260520160610,RXN-14090
http://rdf-plantmetwiki.bioinformatics.nl/pathways/RC909_r17.0.0_20260520160610,RXN-12847
http://rdf-plantmetwiki.bioinformatics.nl/pathways/RC90_r17.0.0_20260520160610,RXN-9347
http://rdf-plantmetwiki.bioinformatics.nl/pathways/RC910_r17.0.0_20260520160610,RXN-5984
http://rdf-plantmetwiki.bioinformatics.nl/pathways/RC911_r17.0.0_20260520160610,SPERMIDINE-DEHYDROGENASE-RXN
http://rdf-plantmetwiki.bioinformatics.nl/pathways/RC912_r17.0.0_20260520160610,RXN-14993
http://rdf-plantmetwiki.bioinformatics.nl/pathways/RC913_r17.0.0_20260520160610,RXN-1882
http://rdf-plantmetwiki.bioinformatics.nl/pathways/RC914_r17.0.0_20260520160610,RXN-7022
http://rdf-plantmetwiki.bioinformatics.nl/pathways/RC915_r17.0.0_20260520160610,RXN-12099
http://rdf-plantmetwiki.bioinformatics.nl/pathways/RC916_r17.0.0_20260520160610,3-SULFINYL-PYRUVATE-SPON-RXN
http://rdf-plantmetwiki.bioinformatics.nl/pathways/RC917_r17.0.0_20260520160610,RXN-18617
http://rdf-plantmetwiki.bioinformatics.nl/pathways/RC918_r17.0.0_20260520160610,CARBOXYLESTERASE-RXN
http://rdf-plantmetwiki.bioinformatics.nl/pathways/RC919_r17.0.0_20260520160610,RXN18C3-111
http://rdf-plantmetwiki.bioinformatics.nl/pathways/RC91_r17.0.0_20260520160610,RXN-18350
http://rdf-plantmetwiki.bioinformatics.nl/pathways/RC920_r17.0.0_20260520160610,RXN-19006
http://rdf-plantmetwiki.bioinformatics.nl/pathways/RC921_r17.0.0_20260520160610,2.7.7.35-RXN
http://rdf-plantmetwiki.bioinformatics.nl/pathways/RC922_r17.0.0_20260520160610,RXN-22643
http://rdf-plantmetwiki.bioinformatics.nl/pathways/RC923_r17.0.0_20260520160610,ICOSANOYL-COA-SYNTHASE-RXN
http://rdf-plantmetwiki.bioinformatics.nl/pathways/RC924_r17.0.0_20260520160610,RXN-8380
http://rdf-plantmetwiki.bioinformatics.nl/pathways/RC925_r17.0.0_20260520160610,RXN-8416
http://rdf-plantmetwiki.bioinformatics.nl/pathways/RC926_r17.0.0_20260520160610,RXN-11932
http://rdf-plantmetwiki.bioinformatics.nl/pathways/RC927_r17.0.0_20260520160610,RXN-15137
http://rdf-plantmetwiki.bioinformatics.nl/pathways/RC928_r17.0.0_20260520160610,vectoral H<SUP>+</SUP> export
http://rdf-plantmetwiki.bioinformatics.nl/pathways/RC929_r17.0.0_20260520160610,RXN-18969
http://rdf-plantmetwiki.bioinformatics.nl/pathways/RC92_r17.0.0_20260520160610,RXN-8556
http://rdf-plantmetwiki.bioinformatics.nl/pathways/RC930_r17.0.0_20260520160610,RXN-19381
http://rdf-plantmetwiki.bioinformatics.nl/pathways/RC931_r17.0.0_20260520160610,THYMIDINE-TRIPHOSPHATASE-RXN
http://rdf-plantmetwiki.bioinformatics.nl/pathways/RC932_r17.0.0_20260520160610,RXN0-5393
http://rdf-plantmetwiki.bioinformatics.nl/pathways/RC933_r17.0.0_20260520160610,RXN-16998
http://rdf-plantmetwiki.bioinformatics.nl/pathways/RC934_r17.0.0_20260520160610,RXN-7825
http://rdf-plantmetwiki.bioinformatics.nl/pathways/RC935_r17.0.0_20260520160610,RXN-20900
http://rdf-plantmetwiki.bioinformatics.nl/pathways/RC936_r17.0.0_20260520160610,RXN-12871
http://rdf-plantmetwiki.bioinformatics.nl/pathways/RC937_r17.0.0_20260520160610,RXN4LZ-39
http://rdf-plantmetwiki.bioinformatics.nl/pathways/RC938_r17.0.0_20260520160610,RXN-4423
http://rdf-plantmetwiki.bioinformatics.nl/pathways/RC939_r17.0.0_20260520160610,RXN-22317
http://rdf-plantmetwiki.bioinformatics.nl/pathways/RC93_r17.0.0_20260520160610,RXN-13459
http://rdf-plantmetwiki.bioinformatics.nl/pathways/RC940_r17.0.0_20260520160610,RXN-8545
http://rdf-plantmetwiki.bioinformatics.nl/pathways/RC941_r17.0.0_20260520160610,GALACTOLIPASE-RXN
http://rdf-plantmetwiki.bioinformatics.nl/pathways/RC942_r17.0.0_20260520160610,RXN-18343
http://rdf-plantmetwiki.bioinformatics.nl/pathways/RC943_r17.0.0_20260520160610,RXN-10773
http://rdf-plantmetwiki.bioinformatics.nl/pathways/RC944_r17.0.0_20260520160610,RXN-9929
http://rdf-plantmetwiki.bioinformatics.nl/pathways/RC945_r17.0.0_20260520160610,RXN-18894
http://rdf-plantmetwiki.bioinformatics.nl/pathways/RC946_r17.0.0_20260520160610,RXN-19786
http://rdf-plantmetwiki.bioinformatics.nl/pathways/RC947_r17.0.0_20260520160610,RXN-14858
http://rdf-plantmetwiki.bioinformatics.nl/pathways/RC948_r17.0.0_20260520160610,RXN-12125
http://rdf-plantmetwiki.bioinformatics.nl/pathways/RC949_r17.0.0_20260520160610,RXN-19010
http://rdf-plantmetwiki.bioinformatics.nl/pathways/RC94_r17.0.0_20260520160610,RXN-10625
http://rdf-plantmetwiki.bioinformatics.nl/pathways/RC950_r17.0.0_20260520160610,3.6.3.35-RXN
http://rdf-plantmetwiki.bioinformatics.nl/pathways/RC951_r17.0.0_20260520160610,RXN-8355
http://rdf-plantmetwiki.bioinformatics.nl/pathways/RC952_r17.0.0_20260520160610,CARDIOLIPSYN-RXN
http://rdf-plantmetwiki.bioinformatics.nl/pathways/RC953_r17.0.0_20260520160610,PHOSPHOGLYCERATE-PHOSPHATASE-RXN
http://rdf-plantmetwiki.bioinformatics.nl/pathways/RC954_r17.0.0_20260520160610,RXN-19657
http://rdf-plantmetwiki.bioinformatics.nl/pathways/RC955_r17.0.0_20260520160610,RXN-24129
http://rdf-plantmetwiki.bioinformatics.nl/pathways/RC956_r17.0.0_20260520160610,ALDHDEHYDROG-RXN
http://rdf-plantmetwiki.bioinformatics.nl/pathways/RC957_r17.0.0_20260520160610,RXN-12332
http://rdf-plantmetwiki.bioinformatics.nl/pathways/RC958_r17.0.0_20260520160610,RXN-19987
http://rdf-plantmetwiki.bioinformatics.nl/pathways/RC959_r17.0.0_20260520160610,RXN-7673
http://rdf-plantmetwiki.bioinformatics.nl/pathways/RC95_r17.0.0_20260520160610,RXN-11937
http://rdf-plantmetwiki.bioinformatics.nl/pathways/RC960_r17.0.0_20260520160610,RXN-11908
http://rdf-plantmetwiki.bioinformatics.nl/pathways/RC961_r17.0.0_20260520160610,RXN-8247
http://rdf-plantmetwiki.bioinformatics.nl/pathways/RC962_r17.0.0_20260520160610,RXN-14198
http://rdf-plantmetwiki.bioinformatics.nl/pathways/RC963_r17.0.0_20260520160610,RXN-11230
http://rdf-plantmetwiki.bioinformatics.nl/pathways/RC964_r17.0.0_20260520160610,RXN-24257
http://rdf-plantmetwiki.bioinformatics.nl/pathways/RC965_r17.0.0_20260520160610,RXN4FS-15
http://rdf-plantmetwiki.bioinformatics.nl/pathways/RC966_r17.0.0_20260520160610,RXN0-5184
http://rdf-plantmetwiki.bioinformatics.nl/pathways/RC967_r17.0.0_20260520160610,RXN-12670
http://rdf-plantmetwiki.bioinformatics.nl/pathways/RC968_r17.0.0_20260520160610,RXN-14161
http://rdf-plantmetwiki.bioinformatics.nl/pathways/RC969_r17.0.0_20260520160610,RXN0-5254
http://rdf-plantmetwiki.bioinformatics.nl/pathways/RC96_r17.0.0_20260520160610,RXN-15348
http://rdf-plantmetwiki.bioinformatics.nl/pathways/RC970_r17.0.0_20260520160610,1.1.1.170-RXN
http://rdf-plantmetwiki.bioinformatics.nl/pathways/RC971_r17.0.0_20260520160610,RXN-10437
http://rdf-plantmetwiki.bioinformatics.nl/pathways/RC972_r17.0.0_20260520160610,RXN-14024
http://rdf-plantmetwiki.bioinformatics.nl/pathways/RC973_r17.0.0_20260520160610,RXN-8601
http://rdf-plantmetwiki.bioinformatics.nl/pathways/RC974_r17.0.0_20260520160610,RXN-11226
http://rdf-plantmetwiki.bioinformatics.nl/pathways/RC975_r17.0.0_20260520160610,RXN-11676
http://rdf-plantmetwiki.bioinformatics.nl/pathways/RC976_r17.0.0_20260520160610,RXN-8251
http://rdf-plantmetwiki.bioinformatics.nl/pathways/RC977_r17.0.0_20260520160610,RXN0-5468
http://rdf-plantmetwiki.bioinformatics.nl/pathways/RC978_r17.0.0_20260520160610,GST-RXN
http://rdf-plantmetwiki.bioinformatics.nl/pathways/RC979_r17.0.0_20260520160610,RXN0-7005
http://rdf-plantmetwiki.bioinformatics.nl/pathways/RC97_r17.0.0_20260520160610,RXN-20456
http://rdf-plantmetwiki.bioinformatics.nl/pathways/RC980_r17.0.0_20260520160610,3.6.3.6-RXN
http://rdf-plantmetwiki.bioinformatics.nl/pathways/RC981_r17.0.0_20260520160610,ALPHA-AMYL-RXN
http://rdf-plantmetwiki.bioinformatics.nl/pathways/RC982_r17.0.0_20260520160610,RXN-11271
http://rdf-plantmetwiki.bioinformatics.nl/pathways/RC983_r17.0.0_20260520160610,MONOPHENOL-MONOOXYGENASE-RXN
http://rdf-plantmetwiki.bioinformatics.nl/pathways/RC984_r17.0.0_20260520160610,RXN-22287
http://rdf-plantmetwiki.bioinformatics.nl/pathways/RC985_r17.0.0_20260520160610,RXN-13020
http://rdf-plantmetwiki.bioinformatics.nl/pathways/RC986_r17.0.0_20260520160610,2.4.2.38-RXN
http://rdf-plantmetwiki.bioinformatics.nl/pathways/RC987_r17.0.0_20260520160610,RXN-9559
http://rdf-plantmetwiki.bioinformatics.nl/pathways/RC988_r17.0.0_20260520160610,2.4.2.39-RXN
http://rdf-plantmetwiki.bioinformatics.nl/pathways/RC989_r17.0.0_20260520160610,RXN-8348
http://rdf-plantmetwiki.bioinformatics.nl/pathways/RC98_r17.0.0_20260520160610,MALTODEXGLUCOSID-RXN
http://rdf-plantmetwiki.bioinformatics.nl/pathways/RC990_r17.0.0_20260520160610,RXN-18958
http://rdf-plantmetwiki.bioinformatics.nl/pathways/RC991_r17.0.0_20260520160610,RXN-10938
http://rdf-plantmetwiki.bioinformatics.nl/pathways/RC992_r17.0.0_20260520160610,RXN-16415
http://rdf-plantmetwiki.bioinformatics.nl/pathways/RC993_r17.0.0_20260520160610,CARBON-MONOXIDE-DEHYDROGENASE-RXN
http://rdf-plantmetwiki.bioinformatics.nl/pathways/RC994_r17.0.0_20260520160610,RXN-22776
http://rdf-plantmetwiki.bioinformatics.nl/pathways/RC995_r17.0.0_20260520160610,Amine oxidase (flavin-containing)
http://rdf-plantmetwiki.bioinformatics.nl/pathways/RC996_r17.0.0_20260520160610,RXN-14214
http://rdf-plantmetwiki.bioinformatics.nl/pathways/RC997_r17.0.0_20260520160610,RXN-8431
http://rdf-plantmetwiki.bioinformatics.nl/pathways/RC998_r17.0.0_20260520160610,RXN-14490
http://rdf-plantmetwiki.bioinformatics.nl/pathways/RC999_r17.0.0_20260520160610,RXN-3103
http://rdf-plantmetwiki.bioinformatics.nl/pathways/RC99_r17.0.0_20260520160610,RXN-8813
http://rdf-plantmetwiki.bioinformatics.nl/pathways/RC9_r17.0.0_20260520160610,RXN-14685
