"pwID","title","count"
"http://rdf-plantmetwiki.bioinformatics.nl/pathways/PC353","superpathway of flavones and derivatives biosynthesis","83"
"http://rdf-plantmetwiki.bioinformatics.nl/pathways/PC97","superpathway of anaerobic sucrose degradation","73"
"http://rdf-plantmetwiki.bioinformatics.nl/pathways/PC665","superpathway of cytosolic glycolysis (plants), pyruvate dehydrogenase and TCA cycle","65"
"http://rdf-plantmetwiki.bioinformatics.nl/pathways/PC180","glycolysis I (from glucose 6-phosphate)","59"
"http://rdf-plantmetwiki.bioinformatics.nl/pathways/PC75","vindoline, vindorosine and vinblastine biosynthesis","52"
"http://rdf-plantmetwiki.bioinformatics.nl/pathways/PC835","glycolysis IV","52"
"http://rdf-plantmetwiki.bioinformatics.nl/pathways/PC400","superpathway of betalain biosynthesis","51"
"http://rdf-plantmetwiki.bioinformatics.nl/pathways/PC399","superpathway of hyoscyamine (atropine) and scopolamine biosynthesis","51"
"http://rdf-plantmetwiki.bioinformatics.nl/pathways/PC1040","superpathway of ergosterol biosynthesis II","50"
"http://rdf-plantmetwiki.bioinformatics.nl/pathways/PC582","superpathway of phospholipid biosynthesis II (plants)","50"
"http://rdf-plantmetwiki.bioinformatics.nl/pathways/PC850","gluconeogenesis I","49"
"http://rdf-plantmetwiki.bioinformatics.nl/pathways/PC695","glycolysis II (from fructose 6-phosphate)","49"
"http://rdf-plantmetwiki.bioinformatics.nl/pathways/PC722","superpathway of seleno-compound metabolism","47"
"http://rdf-plantmetwiki.bioinformatics.nl/pathways/PC538","superpathway of flavones and derivatives biosynthesis","47"
"http://rdf-plantmetwiki.bioinformatics.nl/pathways/PC895","superpathway of rosmarinic acid biosynthesis","47"
"http://rdf-plantmetwiki.bioinformatics.nl/pathways/PC889","superpathway of glycoalkaloid metabolism (Solanaceae)","47"
"http://rdf-plantmetwiki.bioinformatics.nl/pathways/PC410","superpathway of polymethylated quercetin/quercetagetin glucoside biosynthesis (Chrysosplenium)","46"
"http://rdf-plantmetwiki.bioinformatics.nl/pathways/PC912","suberin monomers biosynthesis","46"
"http://rdf-plantmetwiki.bioinformatics.nl/pathways/PC26","superpathway of nicotine biosynthesis","43"
"http://rdf-plantmetwiki.bioinformatics.nl/pathways/PC34","sanguinarine and macarpine biosynthesis","43"
"http://rdf-plantmetwiki.bioinformatics.nl/pathways/PC169","Amaryllidacea alkaloids biosynthesis","43"
"http://rdf-plantmetwiki.bioinformatics.nl/pathways/PC259","superpathway of Allium flavor precursors","43"
"http://rdf-plantmetwiki.bioinformatics.nl/pathways/PC1045","superpathway of diterpene resin acids biosynthesis","42"
"http://rdf-plantmetwiki.bioinformatics.nl/pathways/PC1146","Organic Nitrogen Assimilation","42"
"http://rdf-plantmetwiki.bioinformatics.nl/pathways/PC884","superpathway of purines degradation in plants","42"
"http://rdf-plantmetwiki.bioinformatics.nl/pathways/PC69","superpathway of isoflavonoids (via naringenin)","41"
"http://rdf-plantmetwiki.bioinformatics.nl/pathways/PC629","ajmaline and sarpagine biosynthesis","41"
"http://rdf-plantmetwiki.bioinformatics.nl/pathways/PC623","Rubisco shunt","40"
"http://rdf-plantmetwiki.bioinformatics.nl/pathways/PC229","L-methionine salvage cycle I (bacteria and plants)","40"
"http://rdf-plantmetwiki.bioinformatics.nl/pathways/PC668","superpathway of gibberellin biosynthesis","40"
"http://rdf-plantmetwiki.bioinformatics.nl/pathways/PC903","aliphatic glucosinolate biosynthesis, side chain elongation cycle","40"
"http://rdf-plantmetwiki.bioinformatics.nl/pathways/PC313","glucosinolate biosynthesis from dihomomethionine","39"
"http://rdf-plantmetwiki.bioinformatics.nl/pathways/PC166","phytosterol biosynthesis (plants)","39"
"http://rdf-plantmetwiki.bioinformatics.nl/pathways/PC599","α-tomatine biosynthesis","38"
"http://rdf-plantmetwiki.bioinformatics.nl/pathways/PC555","superpathway of C28 brassinosteroid biosynthesis","38"
"http://rdf-plantmetwiki.bioinformatics.nl/pathways/PC723","superpathway of anthocyanin biosynthesis (from pelargonidin 3-O-glucoside)","38"
"http://rdf-plantmetwiki.bioinformatics.nl/pathways/PC252","polymethylated quercetin glucoside biosynthesis II-quercetagetin series (Chrysosplenium)","38"
"http://rdf-plantmetwiki.bioinformatics.nl/pathways/PC326","sucrose biosynthesis I (from photosynthesis)","38"
"http://rdf-plantmetwiki.bioinformatics.nl/pathways/PC1104","rosmarinic acid biosynthesis I","37"
"http://rdf-plantmetwiki.bioinformatics.nl/pathways/PC624","Calvin-Benson-Bassham cycle","37"
"http://rdf-plantmetwiki.bioinformatics.nl/pathways/PC1089","superpathway of carotenoid biosynthesis in plants","37"
"http://rdf-plantmetwiki.bioinformatics.nl/pathways/PC348","L-methionine salvage cycle II (plants)","37"
"http://rdf-plantmetwiki.bioinformatics.nl/pathways/PC619","superpathway of scopolin and esculin biosynthesis","37"
"http://rdf-plantmetwiki.bioinformatics.nl/pathways/PC985","noscapine biosynthesis","37"
"http://rdf-plantmetwiki.bioinformatics.nl/pathways/PC1035","superpathway of purine nucleotides de novo biosynthesis I","37"
"http://rdf-plantmetwiki.bioinformatics.nl/pathways/PC114","superpathway of pyrimidine deoxyribonucleotides de novo biosynthesis","36"
"http://rdf-plantmetwiki.bioinformatics.nl/pathways/PC621","chelerythrine biosynthesis","36"
"http://rdf-plantmetwiki.bioinformatics.nl/pathways/PC430","tetrahydrofolate biosynthesis II","36"
"http://rdf-plantmetwiki.bioinformatics.nl/pathways/PC233","superpathway of lipoxygenase","36"
"http://rdf-plantmetwiki.bioinformatics.nl/pathways/PC862","superpathway of sucrose and starch metabolism I (non-photosynthetic tissue)","35"
"http://rdf-plantmetwiki.bioinformatics.nl/pathways/PC806","quercetin glycoside biosynthesis (Arabidopsis)","35"
"http://rdf-plantmetwiki.bioinformatics.nl/pathways/PC294","coumarins biosynthesis (engineered)","35"
"http://rdf-plantmetwiki.bioinformatics.nl/pathways/PC142","superpathway of indole-3-acetate conjugate biosynthesis","35"
"http://rdf-plantmetwiki.bioinformatics.nl/pathways/PC773","superpathway of L-lysine, L-threonine and L-methionine biosynthesis II","34"
"http://rdf-plantmetwiki.bioinformatics.nl/pathways/PC151","secologanin and strictosidine biosynthesis","34"
"http://rdf-plantmetwiki.bioinformatics.nl/pathways/PC659","superpathway of bitter acids biosynthesis","34"
"http://rdf-plantmetwiki.bioinformatics.nl/pathways/PC756","morphine biosynthesis","34"
"http://rdf-plantmetwiki.bioinformatics.nl/pathways/PC76","tropane alkaloids biosynthesis","34"
"http://rdf-plantmetwiki.bioinformatics.nl/pathways/PC1120","superpathway of pterocarpan biosynthesis (via formononetin)","34"
"http://rdf-plantmetwiki.bioinformatics.nl/pathways/PC173","glucosinolate biosynthesis from homomethionine","34"
"http://rdf-plantmetwiki.bioinformatics.nl/pathways/PC715","plant sterol biosynthesis II","34"
"http://rdf-plantmetwiki.bioinformatics.nl/pathways/PC634","monolignol biosynthesis","34"
"http://rdf-plantmetwiki.bioinformatics.nl/pathways/PC379","anthocyanidin modification (Arabidopsis)","34"
"http://rdf-plantmetwiki.bioinformatics.nl/pathways/PC237","superpathway of formononetin derivative biosynthesis","34"
"http://rdf-plantmetwiki.bioinformatics.nl/pathways/PC1157","sporopollenin precursors biosynthesis","33"
"http://rdf-plantmetwiki.bioinformatics.nl/pathways/PC1060","(S)-reticuline biosynthesis I","33"
"http://rdf-plantmetwiki.bioinformatics.nl/pathways/PC1109","superpathway of coenzyme A biosynthesis II (plants)","33"
"http://rdf-plantmetwiki.bioinformatics.nl/pathways/PC438","superpathway of choline biosynthesis","33"
"http://rdf-plantmetwiki.bioinformatics.nl/pathways/PC395","jasmonic acid biosynthesis","33"
"http://rdf-plantmetwiki.bioinformatics.nl/pathways/PC781","superpathway of phylloquinol biosynthesis","33"
"http://rdf-plantmetwiki.bioinformatics.nl/pathways/PC284","paclitaxel biosynthesis","33"
"http://rdf-plantmetwiki.bioinformatics.nl/pathways/PC70","sphingolipid biosynthesis (plants)","33"
"http://rdf-plantmetwiki.bioinformatics.nl/pathways/PC257","flavonoid di-C-glucosylation","32"
"http://rdf-plantmetwiki.bioinformatics.nl/pathways/PC44","eupatolitin 3-O-glucoside biosynthesis","32"
"http://rdf-plantmetwiki.bioinformatics.nl/pathways/PC236","superpathway of L-citrulline metabolism","31"
"http://rdf-plantmetwiki.bioinformatics.nl/pathways/PC876","superpathway of branched chain amino acid biosynthesis","31"
"http://rdf-plantmetwiki.bioinformatics.nl/pathways/PC510","brassinolide biosynthesis I","31"
"http://rdf-plantmetwiki.bioinformatics.nl/pathways/PC479","anthocyanidin acylglucoside and acylsambubioside biosynthesis","31"
"http://rdf-plantmetwiki.bioinformatics.nl/pathways/PC1107","polymethylated quercetin glucoside biosynthesis I-quercetin series (Chrysosplenium)","31"
"http://rdf-plantmetwiki.bioinformatics.nl/pathways/PC562","taxadiene biosynthesis (engineered)","31"
"http://rdf-plantmetwiki.bioinformatics.nl/pathways/PC718","TCA cycle variation V (plant)","31"
"http://rdf-plantmetwiki.bioinformatics.nl/pathways/PC453","purine nucleotides degradation I (plants)","31"
"http://rdf-plantmetwiki.bioinformatics.nl/pathways/PC878","glucosinolate biosynthesis from tryptophan","31"
"http://rdf-plantmetwiki.bioinformatics.nl/pathways/PC317","superpathway of anthocyanin biosynthesis (from cyanidin and cyanidin 3-O-glucoside)","31"
"http://rdf-plantmetwiki.bioinformatics.nl/pathways/PC1053","hydroxylated fatty acid biosynthesis (plants)","30"
"http://rdf-plantmetwiki.bioinformatics.nl/pathways/PC372","pelargonidin conjugates biosynthesis","30"
"http://rdf-plantmetwiki.bioinformatics.nl/pathways/PC121","berberine biosynthesis","30"
"http://rdf-plantmetwiki.bioinformatics.nl/pathways/PC849","superpathway of hydrolyzable tannin biosynthesis","30"
"http://rdf-plantmetwiki.bioinformatics.nl/pathways/PC187","sucrose biosynthesis II","30"
"http://rdf-plantmetwiki.bioinformatics.nl/pathways/PC1088","superpathway of tetrahydrofolate biosynthesis","30"
"http://rdf-plantmetwiki.bioinformatics.nl/pathways/PC396","glycolipid desaturation","30"
"http://rdf-plantmetwiki.bioinformatics.nl/pathways/PC604","superpathway of geranylgeranyl pyrophosphate biosynthesis II (via MEP)","30"
"http://rdf-plantmetwiki.bioinformatics.nl/pathways/PC341","superpathway of glyoxylate cycle and fatty acid degradation","29"
"http://rdf-plantmetwiki.bioinformatics.nl/pathways/PC264","flavonoid biosynthesis (in equisetum)","29"
"http://rdf-plantmetwiki.bioinformatics.nl/pathways/PC393","phenylpropanoids methylation (ice plant)","29"
"http://rdf-plantmetwiki.bioinformatics.nl/pathways/PC35","hypoglycin biosynthesis","29"
"http://rdf-plantmetwiki.bioinformatics.nl/pathways/PC1099","superpathway of acylsucrose biosynthesis (cultivated tomato)","29"
"http://rdf-plantmetwiki.bioinformatics.nl/pathways/PC30","glucosinolate biosynthesis from phenylalanine","28"
"http://rdf-plantmetwiki.bioinformatics.nl/pathways/PC602","isoflavonoid biosynthesis II","28"
"http://rdf-plantmetwiki.bioinformatics.nl/pathways/PC1028","superpathway of benzoxazinoid glucosides biosynthesis","28"
"http://rdf-plantmetwiki.bioinformatics.nl/pathways/PC1043","glucosinolate biosynthesis from trihomomethionine","28"
"http://rdf-plantmetwiki.bioinformatics.nl/pathways/PC391","superpathway of L-isoleucine biosynthesis I","28"
"http://rdf-plantmetwiki.bioinformatics.nl/pathways/PC1102","sucrose degradation II (sucrose synthase)","28"
"http://rdf-plantmetwiki.bioinformatics.nl/pathways/PC673","superpathway of heme b biosynthesis from glutamate","28"
"http://rdf-plantmetwiki.bioinformatics.nl/pathways/PC185","cannabinoid biosynthesis","28"
"http://rdf-plantmetwiki.bioinformatics.nl/pathways/PC159","capsaicin biosynthesis","27"
"http://rdf-plantmetwiki.bioinformatics.nl/pathways/PC178","quercetin glucoside biosynthesis (Allium)","27"
"http://rdf-plantmetwiki.bioinformatics.nl/pathways/PC935","gossypetin metabolism","27"
"http://rdf-plantmetwiki.bioinformatics.nl/pathways/PC350","crotonyl-CoA/ethylmalonyl-CoA/hydroxybutyryl-CoA cycle (engineered)","27"
"http://rdf-plantmetwiki.bioinformatics.nl/pathways/PC358","folate transformations II (plants)","27"
"http://rdf-plantmetwiki.bioinformatics.nl/pathways/PC411","brassinolide biosynthesis II","27"
"http://rdf-plantmetwiki.bioinformatics.nl/pathways/PC921","nitrogen remobilization from senescing leaves","27"
"http://rdf-plantmetwiki.bioinformatics.nl/pathways/PC1139","curcuminoid biosynthesis","27"
"http://rdf-plantmetwiki.bioinformatics.nl/pathways/PC375","cholesterol biosynthesis I","27"
"http://rdf-plantmetwiki.bioinformatics.nl/pathways/PC14","kaempferol glycoside biosynthesis (Arabidopsis)","27"
"http://rdf-plantmetwiki.bioinformatics.nl/pathways/PC163","L-arginine biosynthesis I (via L-ornithine)","27"
"http://rdf-plantmetwiki.bioinformatics.nl/pathways/PC795","salvianin biosynthesis","27"
"http://rdf-plantmetwiki.bioinformatics.nl/pathways/PC280","cutin biosynthesis","27"
"http://rdf-plantmetwiki.bioinformatics.nl/pathways/PC152","superpathway of geranylgeranylpyrophosphate biosynthesis I (via mevalonate)","27"
"http://rdf-plantmetwiki.bioinformatics.nl/pathways/PC839","nicotine biosynthesis","27"
"http://rdf-plantmetwiki.bioinformatics.nl/pathways/PC7","L-histidine biosynthesis","27"
"http://rdf-plantmetwiki.bioinformatics.nl/pathways/PC172","L-arginine biosynthesis II (acetyl cycle)","27"
"http://rdf-plantmetwiki.bioinformatics.nl/pathways/PC881","simplecoumarins biosynthesis","27"
"http://rdf-plantmetwiki.bioinformatics.nl/pathways/PC122","indole glucosinolate activation (herbivore attack)","26"
"http://rdf-plantmetwiki.bioinformatics.nl/pathways/PC1159","shisonin biosynthesis","26"
"http://rdf-plantmetwiki.bioinformatics.nl/pathways/PC271","starch biosynthesis","26"
"http://rdf-plantmetwiki.bioinformatics.nl/pathways/PC780","protein N-glycosylation initial phase (eukaryotic)","26"
"http://rdf-plantmetwiki.bioinformatics.nl/pathways/PC981","glucosinolate biosynthesis from tetrahomomethionine","26"
"http://rdf-plantmetwiki.bioinformatics.nl/pathways/PC247","superpathway of thiamine pyrophosphate biosynthesis III (eukaryotes)","26"
"http://rdf-plantmetwiki.bioinformatics.nl/pathways/PC184","NAD de novo biosynthesis II (from tryptophan)","26"
"http://rdf-plantmetwiki.bioinformatics.nl/pathways/PC160","cardenolide glucosides biosynthesis","26"
"http://rdf-plantmetwiki.bioinformatics.nl/pathways/PC502","glucosinolate biosynthesis from hexahomomethionine","26"
"http://rdf-plantmetwiki.bioinformatics.nl/pathways/PC958","alliin metabolism","26"
"http://rdf-plantmetwiki.bioinformatics.nl/pathways/PC143","glucosinolate biosynthesis from pentahomomethionine","26"
"http://rdf-plantmetwiki.bioinformatics.nl/pathways/PC663","superpathway of pyrimidine deoxyribonucleotides de novo biosynthesis (E. coli)","25"
"http://rdf-plantmetwiki.bioinformatics.nl/pathways/PC51","polymethylated myricetin biosynthesis (tomato)","25"
"http://rdf-plantmetwiki.bioinformatics.nl/pathways/PC511","UDP-N-acetyl-D-glucosamine biosynthesis II","25"
"http://rdf-plantmetwiki.bioinformatics.nl/pathways/PC366","superpathway of guanosine nucleotides degradation (plants)","25"
"http://rdf-plantmetwiki.bioinformatics.nl/pathways/PC116","chlorogenic acid biosynthesis I","25"
"http://rdf-plantmetwiki.bioinformatics.nl/pathways/PC25","flavonol acylglucoside biosynthesis I-kaempferol derivatives","25"
"http://rdf-plantmetwiki.bioinformatics.nl/pathways/PC267","benzoate biosynthesis I (CoA-dependent, β-oxidative)","25"
"http://rdf-plantmetwiki.bioinformatics.nl/pathways/PC19","ginsenosides biosynthesis","25"
"http://rdf-plantmetwiki.bioinformatics.nl/pathways/PC561","flavonoid biosynthesis","25"
"http://rdf-plantmetwiki.bioinformatics.nl/pathways/PC321","3,8-divinyl-chlorophyllide a biosynthesis I (aerobic, light-dependent)","25"
"http://rdf-plantmetwiki.bioinformatics.nl/pathways/PC600","salicortin biosynthesis","25"
"http://rdf-plantmetwiki.bioinformatics.nl/pathways/PC1","reductive TCA cycle I","25"
"http://rdf-plantmetwiki.bioinformatics.nl/pathways/PC1122","superpathway of pantothenate and coenzymeA biosynthesis","25"
"http://rdf-plantmetwiki.bioinformatics.nl/pathways/PC681","indole glucosinolate activation (intact plant cell)","24"
"http://rdf-plantmetwiki.bioinformatics.nl/pathways/PC552","very long chain fatty acid biosynthesis II","24"
"http://rdf-plantmetwiki.bioinformatics.nl/pathways/PC975","adenosine nucleotides degradation I","24"
"http://rdf-plantmetwiki.bioinformatics.nl/pathways/PC575","gibberellin inactivation I (2β-hydroxylation)","24"
"http://rdf-plantmetwiki.bioinformatics.nl/pathways/PC17","photorespiration I","24"
"http://rdf-plantmetwiki.bioinformatics.nl/pathways/PC1074","superpathway of pterocarpan biosynthesis (via daidzein)","24"
"http://rdf-plantmetwiki.bioinformatics.nl/pathways/PC672","guanosine nucleotides degradation I","24"
"http://rdf-plantmetwiki.bioinformatics.nl/pathways/PC240","rosmarinic acid biosynthesis II","24"
"http://rdf-plantmetwiki.bioinformatics.nl/pathways/PC217","traumatin and (Z)-3-hexen-1-yl acetate biosynthesis","24"
"http://rdf-plantmetwiki.bioinformatics.nl/pathways/PC305","flavonol acylglucoside biosynthesis III-quercetin derivatives","24"
"http://rdf-plantmetwiki.bioinformatics.nl/pathways/PC728","hispidol and hispidol 4'-O-β-D-glucoside biosynthesis","24"
"http://rdf-plantmetwiki.bioinformatics.nl/pathways/PC148","lysine degradation III","24"
"http://rdf-plantmetwiki.bioinformatics.nl/pathways/PC838","hyperxanthone E biosynthesis","24"
"http://rdf-plantmetwiki.bioinformatics.nl/pathways/PC554","ephedrine biosynthesis","23"
"http://rdf-plantmetwiki.bioinformatics.nl/pathways/PC183","glutathione-mediated detoxification II","23"
"http://rdf-plantmetwiki.bioinformatics.nl/pathways/PC902","dimethylsulfoniopropanoate biosynthesis II (Spartina)","23"
"http://rdf-plantmetwiki.bioinformatics.nl/pathways/PC787","superpathway of tetrahydroxyxanthone biosynthesis","23"
"http://rdf-plantmetwiki.bioinformatics.nl/pathways/PC429","superpathway of avenacin A biosynthesis","23"
"http://rdf-plantmetwiki.bioinformatics.nl/pathways/PC584","superpathway of linamarin and lotaustralin biosynthesis","23"
"http://rdf-plantmetwiki.bioinformatics.nl/pathways/PC205","indole-3-acetate biosynthesis II","23"
"http://rdf-plantmetwiki.bioinformatics.nl/pathways/PC704","D-sorbitol biosynthesis I","23"
"http://rdf-plantmetwiki.bioinformatics.nl/pathways/PC1098","stachyose biosynthesis","23"
"http://rdf-plantmetwiki.bioinformatics.nl/pathways/PC482","guanosine nucleotides degradation II","23"
"http://rdf-plantmetwiki.bioinformatics.nl/pathways/PC586","solasodine and soladulcidine biosynthesis","23"
"http://rdf-plantmetwiki.bioinformatics.nl/pathways/PC22","rutin biosynthesis","23"
"http://rdf-plantmetwiki.bioinformatics.nl/pathways/PC318","ubiquinol-10 biosynthesis (late decarboxylation)","23"
"http://rdf-plantmetwiki.bioinformatics.nl/pathways/PC389","cholesterol biosynthesis (plants, early side-chain reductase)","23"
"http://rdf-plantmetwiki.bioinformatics.nl/pathways/PC242","aurone biosynthesis","23"
"http://rdf-plantmetwiki.bioinformatics.nl/pathways/PC269","superpathway of pyrimidine ribonucleotides de novo biosynthesis","23"
"http://rdf-plantmetwiki.bioinformatics.nl/pathways/PC1034","NAD de novo biosynthesis I","22"
"http://rdf-plantmetwiki.bioinformatics.nl/pathways/PC934","detoxification of reactive carbonyls in chloroplasts","22"
"http://rdf-plantmetwiki.bioinformatics.nl/pathways/PC402","superpathway of isoleucine and valine biosynthesis","22"
"http://rdf-plantmetwiki.bioinformatics.nl/pathways/PC1069","S-adenosyl-L-methionine salvage II","22"
"http://rdf-plantmetwiki.bioinformatics.nl/pathways/PC428","6-methoxymellein biosynthesis","22"
"http://rdf-plantmetwiki.bioinformatics.nl/pathways/PC893","2'-deoxymugineic acid phytosiderophore biosynthesis","22"
"http://rdf-plantmetwiki.bioinformatics.nl/pathways/PC949","gossypol biosynthesis","22"
"http://rdf-plantmetwiki.bioinformatics.nl/pathways/PC947","L-methionine degradation I (to L-homocysteine)","22"
"http://rdf-plantmetwiki.bioinformatics.nl/pathways/PC920","isoprene biosynthesis I","22"
"http://rdf-plantmetwiki.bioinformatics.nl/pathways/PC352","superpathway of fatty acid biosynthesis II (plant)","22"
"http://rdf-plantmetwiki.bioinformatics.nl/pathways/PC671","ethene biosynthesis I (plants)","22"
"http://rdf-plantmetwiki.bioinformatics.nl/pathways/PC1096","L-citrulline biosynthesis","22"
"http://rdf-plantmetwiki.bioinformatics.nl/pathways/PC544","NAD salvage (plants)","22"
"http://rdf-plantmetwiki.bioinformatics.nl/pathways/PC609","linear furanocoumarin biosynthesis","22"
"http://rdf-plantmetwiki.bioinformatics.nl/pathways/PC322","palmatine biosynthesis","22"
"http://rdf-plantmetwiki.bioinformatics.nl/pathways/PC301","carotenoid cleavage","22"
"http://rdf-plantmetwiki.bioinformatics.nl/pathways/PC785","quercetin sulfate biosynthesis","22"
"http://rdf-plantmetwiki.bioinformatics.nl/pathways/PC762","C4 photosynthetic carbon assimilation cycle, NAD-ME type","22"
"http://rdf-plantmetwiki.bioinformatics.nl/pathways/PC150","6-gingerol analog biosynthesis (engineered)","21"
"http://rdf-plantmetwiki.bioinformatics.nl/pathways/PC29","methylerythritol phosphate pathway I","21"
"http://rdf-plantmetwiki.bioinformatics.nl/pathways/PC153","choline biosynthesis I","21"
"http://rdf-plantmetwiki.bioinformatics.nl/pathways/PC59","ergosterol biosynthesis II","21"
"http://rdf-plantmetwiki.bioinformatics.nl/pathways/PC118","lysine degradation II","21"
"http://rdf-plantmetwiki.bioinformatics.nl/pathways/PC549","stachyose degradation","21"
"http://rdf-plantmetwiki.bioinformatics.nl/pathways/PC125","pyrimidine deoxyribonucleotides de novo biosynthesis I","21"
"http://rdf-plantmetwiki.bioinformatics.nl/pathways/PC579","L-lysine degradation I","21"
"http://rdf-plantmetwiki.bioinformatics.nl/pathways/PC951","TCA cycle II (plants and fungi)","21"
"http://rdf-plantmetwiki.bioinformatics.nl/pathways/PC666","hydroxycinnamic acid tyramine amides biosynthesis","21"
"http://rdf-plantmetwiki.bioinformatics.nl/pathways/PC409","1-methylpyrrolinium biosynthesis","21"
"http://rdf-plantmetwiki.bioinformatics.nl/pathways/PC1021","superpathway of anthocyanin biosynthesis (from delphinidin 3-O-glucoside)","21"
"http://rdf-plantmetwiki.bioinformatics.nl/pathways/PC1079","propanethial S-oxide biosynthesis","21"
"http://rdf-plantmetwiki.bioinformatics.nl/pathways/PC868","sinapate ester biosynthesis","21"
"http://rdf-plantmetwiki.bioinformatics.nl/pathways/PC828","L-lysine biosynthesis VI","21"
"http://rdf-plantmetwiki.bioinformatics.nl/pathways/PC499","ubiquinol-9 biosynthesis (late decarboxylation)","21"
"http://rdf-plantmetwiki.bioinformatics.nl/pathways/PC265","methylerythritol phosphate pathway II","21"
"http://rdf-plantmetwiki.bioinformatics.nl/pathways/PC627","flavin biosynthesis I (bacteria and plants)","21"
"http://rdf-plantmetwiki.bioinformatics.nl/pathways/PC473","menthol biosynthesis","21"
"http://rdf-plantmetwiki.bioinformatics.nl/pathways/PC72","camalexin biosynthesis","21"
"http://rdf-plantmetwiki.bioinformatics.nl/pathways/PC854","2,4,6-trinitrotoluene degradation","21"
"http://rdf-plantmetwiki.bioinformatics.nl/pathways/PC381","esculetin modification","21"
"http://rdf-plantmetwiki.bioinformatics.nl/pathways/PC64","C4 photosynthetic carbon assimilation cycle, PEPCK type","21"
"http://rdf-plantmetwiki.bioinformatics.nl/pathways/PC210","phospholipid desaturation","21"
"http://rdf-plantmetwiki.bioinformatics.nl/pathways/PC405","phytate degradation I","21"
"http://rdf-plantmetwiki.bioinformatics.nl/pathways/PC540","L-Nδ-acetylornithine biosynthesis","21"
"http://rdf-plantmetwiki.bioinformatics.nl/pathways/PC1000","icosapentaenoate biosynthesis I (lower eukaryotes)","20"
"http://rdf-plantmetwiki.bioinformatics.nl/pathways/PC980","cocaine biosynthesis","20"
"http://rdf-plantmetwiki.bioinformatics.nl/pathways/PC63","superpathway of pyrimidine ribonucleosides salvage","20"
"http://rdf-plantmetwiki.bioinformatics.nl/pathways/PC907","furaneol and mesifurane biosynthesis","20"
"http://rdf-plantmetwiki.bioinformatics.nl/pathways/PC952","lupulone and humulone biosynthesis","20"
"http://rdf-plantmetwiki.bioinformatics.nl/pathways/PC971","phosphatidate metabolism, as a signaling molecule","20"
"http://rdf-plantmetwiki.bioinformatics.nl/pathways/PC262","poly-hydroxy fatty acids biosynthesis","20"
"http://rdf-plantmetwiki.bioinformatics.nl/pathways/PC171","ureide biosynthesis","20"
"http://rdf-plantmetwiki.bioinformatics.nl/pathways/PC81","trans-zeatin biosynthesis","20"
"http://rdf-plantmetwiki.bioinformatics.nl/pathways/PC84","proanthocyanidins biosynthesis from flavanols","20"
"http://rdf-plantmetwiki.bioinformatics.nl/pathways/PC423","GDP-mannose biosynthesis","20"
"http://rdf-plantmetwiki.bioinformatics.nl/pathways/PC716","colupulone and cohumulone biosynthesis","20"
"http://rdf-plantmetwiki.bioinformatics.nl/pathways/PC390","superpathway of plastoquinol biosynthesis","20"
"http://rdf-plantmetwiki.bioinformatics.nl/pathways/PC917","kaempferol triglucoside biosynthesis","20"
"http://rdf-plantmetwiki.bioinformatics.nl/pathways/PC231","arachidonate biosynthesis I (6-desaturase, lower eukaryotes)","20"
"http://rdf-plantmetwiki.bioinformatics.nl/pathways/PC330","leucopelargonidin and leucocyanidin biosynthesis","20"
"http://rdf-plantmetwiki.bioinformatics.nl/pathways/PC312","L-leucine degradation I","20"
"http://rdf-plantmetwiki.bioinformatics.nl/pathways/PC320","γ-coniciene and coniine biosynthesis","20"
"http://rdf-plantmetwiki.bioinformatics.nl/pathways/PC189","UMP biosynthesis I","20"
"http://rdf-plantmetwiki.bioinformatics.nl/pathways/PC474","volatile esters biosynthesis (during fruit ripening)","20"
"http://rdf-plantmetwiki.bioinformatics.nl/pathways/PC119","emetine biosynthesis","20"
"http://rdf-plantmetwiki.bioinformatics.nl/pathways/PC306","phosphatidate metabolism, as a signaling molecule (Chlamydomonas)","20"
"http://rdf-plantmetwiki.bioinformatics.nl/pathways/PC763","L-valine degradation I","20"
"http://rdf-plantmetwiki.bioinformatics.nl/pathways/PC1115","volatile benzenoid biosynthesis I (ester formation)","19"
"http://rdf-plantmetwiki.bioinformatics.nl/pathways/PC1116","justicidin B biosynthesis","19"
"http://rdf-plantmetwiki.bioinformatics.nl/pathways/PC551","tetrapyrrole biosynthesis I (from glutamate)","19"
"http://rdf-plantmetwiki.bioinformatics.nl/pathways/PC340","UTP and CTP dephosphorylation I","19"
"http://rdf-plantmetwiki.bioinformatics.nl/pathways/PC749","matairesinol biosynthesis","19"
"http://rdf-plantmetwiki.bioinformatics.nl/pathways/PC622","aerobic respiration I (cytochrome c)","19"
"http://rdf-plantmetwiki.bioinformatics.nl/pathways/PC643","digitoxigenin biosynthesis","19"
"http://rdf-plantmetwiki.bioinformatics.nl/pathways/PC397","methyl ketone biosynthesis (engineered)","19"
"http://rdf-plantmetwiki.bioinformatics.nl/pathways/PC1015","pyridoxal 5'-phosphate salvage II (plants)","19"
"http://rdf-plantmetwiki.bioinformatics.nl/pathways/PC139","isoprene biosynthesis II (engineered)","19"
"http://rdf-plantmetwiki.bioinformatics.nl/pathways/PC688","sorgoleone biosynthesis","19"
"http://rdf-plantmetwiki.bioinformatics.nl/pathways/PC2","quercetin gentiotetraside biosynthesis","19"
"http://rdf-plantmetwiki.bioinformatics.nl/pathways/PC1092","phosphatidylglycerol biosynthesis II","19"
"http://rdf-plantmetwiki.bioinformatics.nl/pathways/PC357","phosphatidylethanolamine biosynthesis II","19"
"http://rdf-plantmetwiki.bioinformatics.nl/pathways/PC3","superpathway of pyrimidine deoxyribonucleoside salvage","19"
"http://rdf-plantmetwiki.bioinformatics.nl/pathways/PC1112","glucosinolate activation","19"
"http://rdf-plantmetwiki.bioinformatics.nl/pathways/PC772","syringetin biosynthesis","19"
"http://rdf-plantmetwiki.bioinformatics.nl/pathways/PC877","indole-3-acetate inactivation IX","19"
"http://rdf-plantmetwiki.bioinformatics.nl/pathways/PC319","docosahexaenoate biosynthesis I (lower eukaryotes)","19"
"http://rdf-plantmetwiki.bioinformatics.nl/pathways/PC1008","pyrethrin I biosynthesis","19"
"http://rdf-plantmetwiki.bioinformatics.nl/pathways/PC1009","indole-3-acetate inactivation VIII","19"
"http://rdf-plantmetwiki.bioinformatics.nl/pathways/PC250","polymethylated quercetin biosynthesis","19"
"http://rdf-plantmetwiki.bioinformatics.nl/pathways/PC515","sucrose degradation III (sucrose invertase)","19"
"http://rdf-plantmetwiki.bioinformatics.nl/pathways/PC750","flavonol glucosylation I","19"
"http://rdf-plantmetwiki.bioinformatics.nl/pathways/PC531","tetrahydroxyxanthone biosynthesis (from 3-hydroxybenzoate)","19"
"http://rdf-plantmetwiki.bioinformatics.nl/pathways/PC757","aerobic respiration III (alternative oxidase pathway)","19"
"http://rdf-plantmetwiki.bioinformatics.nl/pathways/PC157","benzoate biosynthesis III (CoA-dependent, non-β-oxidative)","19"
"http://rdf-plantmetwiki.bioinformatics.nl/pathways/PC537","robustaquinone biosynthesis","19"
"http://rdf-plantmetwiki.bioinformatics.nl/pathways/PC1067","betacyanin biosynthesis","19"
"http://rdf-plantmetwiki.bioinformatics.nl/pathways/PC1077","adlupulone and adhumulone biosynthesis","19"
"http://rdf-plantmetwiki.bioinformatics.nl/pathways/PC55","lupanine biosynthesis","19"
"http://rdf-plantmetwiki.bioinformatics.nl/pathways/PC136","hydroxycinnamic acid serotonin amides biosynthesis","19"
"http://rdf-plantmetwiki.bioinformatics.nl/pathways/PC937","stellariose and mediose biosynthesis","18"
"http://rdf-plantmetwiki.bioinformatics.nl/pathways/PC1141","artemisinin and arteannuin B biosynthesis","18"
"http://rdf-plantmetwiki.bioinformatics.nl/pathways/PC370","pyridoxal 5'-phosphate salvage I","18"
"http://rdf-plantmetwiki.bioinformatics.nl/pathways/PC765","superpathway of L-threonine biosynthesis","18"
"http://rdf-plantmetwiki.bioinformatics.nl/pathways/PC547","hyperforin and adhyperforin biosynthesis","18"
"http://rdf-plantmetwiki.bioinformatics.nl/pathways/PC343","glycerolipid acyl chain desaturation (Chlamydomonas)","18"
"http://rdf-plantmetwiki.bioinformatics.nl/pathways/PC522","epiberberine biosynthesis","18"
"http://rdf-plantmetwiki.bioinformatics.nl/pathways/PC813","L-serine biosynthesis II","18"
"http://rdf-plantmetwiki.bioinformatics.nl/pathways/PC1101","L-methionine biosynthesis II","18"
"http://rdf-plantmetwiki.bioinformatics.nl/pathways/PC690","colchicine biosynthesis","18"
"http://rdf-plantmetwiki.bioinformatics.nl/pathways/PC943","seleno-amino acid biosynthesis (plants)","18"
"http://rdf-plantmetwiki.bioinformatics.nl/pathways/PC767","isovitexin glycosides biosynthesis","18"
"http://rdf-plantmetwiki.bioinformatics.nl/pathways/PC433","pyrimidine deoxyribonucleotides de novo biosynthesis II","18"
"http://rdf-plantmetwiki.bioinformatics.nl/pathways/PC67","zymosterol biosynthesis","18"
"http://rdf-plantmetwiki.bioinformatics.nl/pathways/PC656","scopoletin biosynthesis","18"
"http://rdf-plantmetwiki.bioinformatics.nl/pathways/PC816","arabidopyrone biosynthesis","18"
"http://rdf-plantmetwiki.bioinformatics.nl/pathways/PC1055","coumarin biosynthesis (via 2-coumarate)","18"
"http://rdf-plantmetwiki.bioinformatics.nl/pathways/PC507","kaempferide triglycoside biosynthesis","18"
"http://rdf-plantmetwiki.bioinformatics.nl/pathways/PC541","superpathway of fermentation (Chlamydomonas reinhardtii)","18"
"http://rdf-plantmetwiki.bioinformatics.nl/pathways/PC1090","kaempferol gentiobioside biosynthesis","17"
"http://rdf-plantmetwiki.bioinformatics.nl/pathways/PC734","UDP-galactose biosynthesis (salvage pathway from galactose using UDP-glucose)","17"
"http://rdf-plantmetwiki.bioinformatics.nl/pathways/PC460","luteolinidin 5-O-glucoside biosynthesis","17"
"http://rdf-plantmetwiki.bioinformatics.nl/pathways/PC282","L-tryptophan biosynthesis","17"
"http://rdf-plantmetwiki.bioinformatics.nl/pathways/PC140","violdelphin biosynthesis","17"
"http://rdf-plantmetwiki.bioinformatics.nl/pathways/PC276","lychnose and isolychnose biosynthesis","17"
"http://rdf-plantmetwiki.bioinformatics.nl/pathways/PC401","trans-lycopene biosynthesis II (oxygenic phototrophs and green sulfur bacteria)","17"
"http://rdf-plantmetwiki.bioinformatics.nl/pathways/PC316","daidzein conjugates interconversion","17"
"http://rdf-plantmetwiki.bioinformatics.nl/pathways/PC714","pyrimidine ribonucleotides interconversion","17"
"http://rdf-plantmetwiki.bioinformatics.nl/pathways/PC12","5-aminoimidazole ribonucleotide biosynthesis I","17"
"http://rdf-plantmetwiki.bioinformatics.nl/pathways/PC1113","L-isoleucine biosynthesis I (from threonine)","17"
"http://rdf-plantmetwiki.bioinformatics.nl/pathways/PC1023","Inorganic Nitrogen Assimilation","17"
"http://rdf-plantmetwiki.bioinformatics.nl/pathways/PC283","tetrahydrofolate biosynthesis I","17"
"http://rdf-plantmetwiki.bioinformatics.nl/pathways/PC1066","L-homomethionine biosynthesis","17"
"http://rdf-plantmetwiki.bioinformatics.nl/pathways/PC466","mevalonate pathway I (eukaryotes and bacteria)","17"
"http://rdf-plantmetwiki.bioinformatics.nl/pathways/PC607","saponin biosynthesis II","17"
"http://rdf-plantmetwiki.bioinformatics.nl/pathways/PC33","4-hydroxybenzoate biosynthesis III (plants)","17"
"http://rdf-plantmetwiki.bioinformatics.nl/pathways/PC870","myricetin gentiobioside biosynthesis","17"
"http://rdf-plantmetwiki.bioinformatics.nl/pathways/PC323","methiin metabolism","17"
"http://rdf-plantmetwiki.bioinformatics.nl/pathways/PC408","purine nucleosides salvage II (plant)","17"
"http://rdf-plantmetwiki.bioinformatics.nl/pathways/PC529","anthocyanidin sambubioside biosynthesis","17"
"http://rdf-plantmetwiki.bioinformatics.nl/pathways/PC204","2-carboxy-1,4-naphthoquinol biosynthesis","17"
"http://rdf-plantmetwiki.bioinformatics.nl/pathways/PC251","papaverine biosynthesis","17"
"http://rdf-plantmetwiki.bioinformatics.nl/pathways/PC654","brassinosteroids inactivation","17"
"http://rdf-plantmetwiki.bioinformatics.nl/pathways/PC642","seleno-amino acid detoxification and volatilization II","17"
"http://rdf-plantmetwiki.bioinformatics.nl/pathways/PC630","biochanin A conjugates interconversion","17"
"http://rdf-plantmetwiki.bioinformatics.nl/pathways/PC470","xanthohumol biosynthesis","17"
"http://rdf-plantmetwiki.bioinformatics.nl/pathways/PC346","α-solanine/α-chaconine biosynthesis","17"
"http://rdf-plantmetwiki.bioinformatics.nl/pathways/PC632","superpathway of glandular trichomes produced diterpenoids (tobacco)","17"
"http://rdf-plantmetwiki.bioinformatics.nl/pathways/PC503","C4 photosynthetic carbon assimilation cycle, NADP-ME type","17"
"http://rdf-plantmetwiki.bioinformatics.nl/pathways/PC1147","quercetin triglucoside biosynthesis","17"
"http://rdf-plantmetwiki.bioinformatics.nl/pathways/PC657","superpathway of L-phenylalanine and L-tyrosine biosynthesis","17"
"http://rdf-plantmetwiki.bioinformatics.nl/pathways/PC39","podophyllotoxin glucosides metabolism","17"
"http://rdf-plantmetwiki.bioinformatics.nl/pathways/PC523","S-methyl-5'-thioadenosine degradation I","17"
"http://rdf-plantmetwiki.bioinformatics.nl/pathways/PC826","juvenile hormone III biosynthesis I","17"
"http://rdf-plantmetwiki.bioinformatics.nl/pathways/PC220","apigeninidin 5-O-glucoside biosynthesis","17"
"http://rdf-plantmetwiki.bioinformatics.nl/pathways/PC1156","(-)-maackiain biosynthesis","17"
"http://rdf-plantmetwiki.bioinformatics.nl/pathways/PC919","D-galactose degradation I (Leloir pathway)","17"
"http://rdf-plantmetwiki.bioinformatics.nl/pathways/PC613","genistein conjugates interconversion","17"
"http://rdf-plantmetwiki.bioinformatics.nl/pathways/PC138","phosphopantothenate biosynthesis I","17"
"http://rdf-plantmetwiki.bioinformatics.nl/pathways/PC419","alkane biosynthesis II","17"
"http://rdf-plantmetwiki.bioinformatics.nl/pathways/PC195","phosphatidylglycerol biosynthesis I","17"
"http://rdf-plantmetwiki.bioinformatics.nl/pathways/PC514","6-hydroxymethyl-dihydropterin pyrophosphate biosynthesis I","17"
"http://rdf-plantmetwiki.bioinformatics.nl/pathways/PC371","urea cycle","17"
"http://rdf-plantmetwiki.bioinformatics.nl/pathways/PC235","β-alanine biosynthesis II","17"
"http://rdf-plantmetwiki.bioinformatics.nl/pathways/PC1097","superpathway of methylsalicylate metabolism","17"
"http://rdf-plantmetwiki.bioinformatics.nl/pathways/PC68","epoxypseudoisoeugenol-2-methylbutanoate biosynthesis","17"
"http://rdf-plantmetwiki.bioinformatics.nl/pathways/PC891","homogalacturonan biosynthesis","17"
"http://rdf-plantmetwiki.bioinformatics.nl/pathways/PC1049","cytokinins 7-N-glucoside biosynthesis","17"
"http://rdf-plantmetwiki.bioinformatics.nl/pathways/PC1111","ascorbate glutathione cycle","17"
"http://rdf-plantmetwiki.bioinformatics.nl/pathways/PC209","superpathway of jasmonoyl-amino acid conjugates biosynthesis","17"
"http://rdf-plantmetwiki.bioinformatics.nl/pathways/PC808","maackiain conjugates interconversion","17"
"http://rdf-plantmetwiki.bioinformatics.nl/pathways/PC873","1,4-dihydroxy-2-naphthoate biosynthesis II (plants)","17"
"http://rdf-plantmetwiki.bioinformatics.nl/pathways/PC983","L-ornithine biosynthesis I","17"
"http://rdf-plantmetwiki.bioinformatics.nl/pathways/PC867","zealexin biosynthesis","17"
"http://rdf-plantmetwiki.bioinformatics.nl/pathways/PC241","phenylphenalenone biosynthesis","17"
"http://rdf-plantmetwiki.bioinformatics.nl/pathways/PC498","acridone alkaloid biosynthesis","17"
"http://rdf-plantmetwiki.bioinformatics.nl/pathways/PC825","superpathway of oleoresin turpentine biosynthesis","17"
"http://rdf-plantmetwiki.bioinformatics.nl/pathways/PC508","medicarpin conjugates interconversion","17"
"http://rdf-plantmetwiki.bioinformatics.nl/pathways/PC973","acylated cyanidin galactoside biosynthesis","17"
"http://rdf-plantmetwiki.bioinformatics.nl/pathways/PC1081","inosine-5'-phosphate biosynthesis II","16"
"http://rdf-plantmetwiki.bioinformatics.nl/pathways/PC658","sesamin biosynthesis","16"
"http://rdf-plantmetwiki.bioinformatics.nl/pathways/PC443","L-isoleucine degradation I","16"
"http://rdf-plantmetwiki.bioinformatics.nl/pathways/PC894","flavonol biosynthesis","16"
"http://rdf-plantmetwiki.bioinformatics.nl/pathways/PC635","D-myo-inositol (1,4,5)-trisphosphate biosynthesis","16"
"http://rdf-plantmetwiki.bioinformatics.nl/pathways/PC1016","molybdopterin biosynthesis","16"
"http://rdf-plantmetwiki.bioinformatics.nl/pathways/PC536","diterpene phytoalexins precursors biosynthesis","16"
"http://rdf-plantmetwiki.bioinformatics.nl/pathways/PC755","6-methoxypodophyllotoxin biosynthesis","16"
"http://rdf-plantmetwiki.bioinformatics.nl/pathways/PC451","formononetin conjugates interconversion","16"
"http://rdf-plantmetwiki.bioinformatics.nl/pathways/PC133","dehydroabietic acid biosynthesis","16"
"http://rdf-plantmetwiki.bioinformatics.nl/pathways/PC1134","UDP-α-D-glucuronate biosynthesis (from myo-inositol)","16"
"http://rdf-plantmetwiki.bioinformatics.nl/pathways/PC794","soybean saponin I biosynthesis","16"
"http://rdf-plantmetwiki.bioinformatics.nl/pathways/PC227","botryococcenes and methylated squalene biosynthesis","16"
"http://rdf-plantmetwiki.bioinformatics.nl/pathways/PC691","chorismate biosynthesis I","16"
"http://rdf-plantmetwiki.bioinformatics.nl/pathways/PC203","β-alanine biosynthesis I","16"
"http://rdf-plantmetwiki.bioinformatics.nl/pathways/PC639","coptisine biosynthesis","16"
"http://rdf-plantmetwiki.bioinformatics.nl/pathways/PC810","S-methyl-5-thio-α-D-ribose 1-phosphate degradation I","16"
"http://rdf-plantmetwiki.bioinformatics.nl/pathways/PC923","fatty acid β-oxidation II (plant peroxisome)","16"
"http://rdf-plantmetwiki.bioinformatics.nl/pathways/PC378","tea aroma glycosidic precursor bioactivation","16"
"http://rdf-plantmetwiki.bioinformatics.nl/pathways/PC1059","chlorogenic acid biosynthesis II","16"
"http://rdf-plantmetwiki.bioinformatics.nl/pathways/PC521","chlorophyll cycle","16"
"http://rdf-plantmetwiki.bioinformatics.nl/pathways/PC31","crocetin biosynthesis","16"
"http://rdf-plantmetwiki.bioinformatics.nl/pathways/PC249","calystegine biosynthesis","16"
"http://rdf-plantmetwiki.bioinformatics.nl/pathways/PC594","NAD biosynthesis from 2-amino-3-carboxymuconate semialdehyde","16"
"http://rdf-plantmetwiki.bioinformatics.nl/pathways/PC815","L-leucine biosynthesis","16"
"http://rdf-plantmetwiki.bioinformatics.nl/pathways/PC452","dimethylsulfoniopropanoate biosynthesis III (algae and phytoplankton)","16"
"http://rdf-plantmetwiki.bioinformatics.nl/pathways/PC1140","indole-3-acetate inactivation VII","16"
"http://rdf-plantmetwiki.bioinformatics.nl/pathways/PC956","spermine and spermidine degradation II","16"
"http://rdf-plantmetwiki.bioinformatics.nl/pathways/PC1110","gentiodelphin biosynthesis","16"
"http://rdf-plantmetwiki.bioinformatics.nl/pathways/PC215","6'-deoxychalcone metabolism","16"
"http://rdf-plantmetwiki.bioinformatics.nl/pathways/PC232","pinitol biosynthesis II","16"
"http://rdf-plantmetwiki.bioinformatics.nl/pathways/PC1019","phaselate biosynthesis","16"
"http://rdf-plantmetwiki.bioinformatics.nl/pathways/PC376","volatile cinnamoic ester biosynthesis","16"
"http://rdf-plantmetwiki.bioinformatics.nl/pathways/PC244","triacylsucrose biosynthesis (Solanum)","16"
"http://rdf-plantmetwiki.bioinformatics.nl/pathways/PC275","alkane oxidation","16"
"http://rdf-plantmetwiki.bioinformatics.nl/pathways/PC1030","phenylpropanoid volatiles glycoconjugation (tomato)","16"
"http://rdf-plantmetwiki.bioinformatics.nl/pathways/PC746","D-galactose detoxification","16"
"http://rdf-plantmetwiki.bioinformatics.nl/pathways/PC88","heliocides biosynthesis","16"
"http://rdf-plantmetwiki.bioinformatics.nl/pathways/PC842","hypusine biosynthesis","16"
"http://rdf-plantmetwiki.bioinformatics.nl/pathways/PC297","saponin biosynthesis IV","16"
"http://rdf-plantmetwiki.bioinformatics.nl/pathways/PC591","juniperonate biosynthesis","16"
"http://rdf-plantmetwiki.bioinformatics.nl/pathways/PC87","mannitol degradation II","16"
"http://rdf-plantmetwiki.bioinformatics.nl/pathways/PC273","canavanine biosynthesis","16"
"http://rdf-plantmetwiki.bioinformatics.nl/pathways/PC463","daphnetin modification","15"
"http://rdf-plantmetwiki.bioinformatics.nl/pathways/PC725","cytokinin-O-glucosides biosynthesis","15"
"http://rdf-plantmetwiki.bioinformatics.nl/pathways/PC455","palmitate biosynthesis II (type II fatty acid synthase)","15"
"http://rdf-plantmetwiki.bioinformatics.nl/pathways/PC364","vicianin bioactivation","15"
"http://rdf-plantmetwiki.bioinformatics.nl/pathways/PC533","ethiin metabolism","15"
"http://rdf-plantmetwiki.bioinformatics.nl/pathways/PC1007","costunolide biosynthesis","15"
"http://rdf-plantmetwiki.bioinformatics.nl/pathways/PC448","astaxanthin biosynthesis (bacteria, fungi, algae)","15"
"http://rdf-plantmetwiki.bioinformatics.nl/pathways/PC144","pentose phosphate pathway","15"
"http://rdf-plantmetwiki.bioinformatics.nl/pathways/PC706","rot-2'-enonate biosynthesis","15"
"http://rdf-plantmetwiki.bioinformatics.nl/pathways/PC281","L-glutamate degradation IV","15"
"http://rdf-plantmetwiki.bioinformatics.nl/pathways/PC58","selenate reduction","15"
"http://rdf-plantmetwiki.bioinformatics.nl/pathways/PC637","salvigenin biosynthesis","15"
"http://rdf-plantmetwiki.bioinformatics.nl/pathways/PC992","superpathway of acetyl-CoA biosynthesis","15"
"http://rdf-plantmetwiki.bioinformatics.nl/pathways/PC572","taxiphyllin biosynthesis","15"
"http://rdf-plantmetwiki.bioinformatics.nl/pathways/PC500","1D-myo-inositol hexakisphosphate biosynthesis III (Spirodela polyrrhiza)","15"
"http://rdf-plantmetwiki.bioinformatics.nl/pathways/PC700","dhurrin biosynthesis","15"
"http://rdf-plantmetwiki.bioinformatics.nl/pathways/PC829","jasmonoyl-L-isoleucine inactivation","15"
"http://rdf-plantmetwiki.bioinformatics.nl/pathways/PC484","spermidine hydroxycinnamic acid conjugates biosynthesis","15"
"http://rdf-plantmetwiki.bioinformatics.nl/pathways/PC692","γ-glutamyl cycle","15"
"http://rdf-plantmetwiki.bioinformatics.nl/pathways/PC1161","phylloquinol biosynthesis","15"
"http://rdf-plantmetwiki.bioinformatics.nl/pathways/PC487","jasmonoyl-amino acid conjugates biosynthesis I","15"
"http://rdf-plantmetwiki.bioinformatics.nl/pathways/PC848","vitexin and derivatives biosynthesis","15"
"http://rdf-plantmetwiki.bioinformatics.nl/pathways/PC170","indole-3-acetate inactivation VIII","15"
"http://rdf-plantmetwiki.bioinformatics.nl/pathways/PC990","phospholipases","15"
"http://rdf-plantmetwiki.bioinformatics.nl/pathways/PC680","sesquiterpenoid phytoalexins biosynthesis","15"
"http://rdf-plantmetwiki.bioinformatics.nl/pathways/PC908","vitamin E biosynthesis (tocopherols)","15"
"http://rdf-plantmetwiki.bioinformatics.nl/pathways/PC914","pinosylvin metabolism","15"
"http://rdf-plantmetwiki.bioinformatics.nl/pathways/PC1012","guanosine ribonucleotides de novo biosynthesis","15"
"http://rdf-plantmetwiki.bioinformatics.nl/pathways/PC130","prunasin and amygdalin biosynthesis","15"
"http://rdf-plantmetwiki.bioinformatics.nl/pathways/PC1108","umbelliferone biosynthesis","15"
"http://rdf-plantmetwiki.bioinformatics.nl/pathways/PC667","phosphatidylcholine biosynthesis II","15"
"http://rdf-plantmetwiki.bioinformatics.nl/pathways/PC222","linamarin biosynthesis","15"
"http://rdf-plantmetwiki.bioinformatics.nl/pathways/PC420","(+)-pisatin biosynthesis","15"
"http://rdf-plantmetwiki.bioinformatics.nl/pathways/PC989","superpathway of acylsucrose biosynthesis (wild tomato)","15"
"http://rdf-plantmetwiki.bioinformatics.nl/pathways/PC214","free phenylpropanoid acid biosynthesis","15"
"http://rdf-plantmetwiki.bioinformatics.nl/pathways/PC100","salidroside biosynthesis","15"
"http://rdf-plantmetwiki.bioinformatics.nl/pathways/PC339","luteolin biosynthesis","15"
"http://rdf-plantmetwiki.bioinformatics.nl/pathways/PC109","avenacin A-1 biosynthesis","15"
"http://rdf-plantmetwiki.bioinformatics.nl/pathways/PC295","dimethylsulfoniopropanoate biosynthesis I (Wollastonia)","15"
"http://rdf-plantmetwiki.bioinformatics.nl/pathways/PC738","pyrimidine deoxyribonucleosides salvage","15"
"http://rdf-plantmetwiki.bioinformatics.nl/pathways/PC380","chlorophyll a degradation II","15"
"http://rdf-plantmetwiki.bioinformatics.nl/pathways/PC354","indole-3-acetate inactivation IV","15"
"http://rdf-plantmetwiki.bioinformatics.nl/pathways/PC906","naringenin biosynthesis (engineered)","15"
"http://rdf-plantmetwiki.bioinformatics.nl/pathways/PC300","astaxanthin biosynthesis (flowering plants)","15"
"http://rdf-plantmetwiki.bioinformatics.nl/pathways/PC413","starch degradation II","15"
"http://rdf-plantmetwiki.bioinformatics.nl/pathways/PC978","superpathway of polyamine biosynthesis II","15"
"http://rdf-plantmetwiki.bioinformatics.nl/pathways/PC418","diacylglycerol and triacylglycerol biosynthesis","15"
"http://rdf-plantmetwiki.bioinformatics.nl/pathways/PC677","hydroxycinnamate sugar acid ester biosynthesis","15"
"http://rdf-plantmetwiki.bioinformatics.nl/pathways/PC74","NAD(P)/NADPH interconversion","15"
"http://rdf-plantmetwiki.bioinformatics.nl/pathways/PC472","heme degradation I","15"
"http://rdf-plantmetwiki.bioinformatics.nl/pathways/PC863","cytokinins 9-N-glucoside biosynthesis","15"
"http://rdf-plantmetwiki.bioinformatics.nl/pathways/PC359","leucodelphinidin biosynthesis","15"
"http://rdf-plantmetwiki.bioinformatics.nl/pathways/PC11","L-phenylalanine biosynthesis II","15"
"http://rdf-plantmetwiki.bioinformatics.nl/pathways/PC147","cuticular wax biosynthesis","14"
"http://rdf-plantmetwiki.bioinformatics.nl/pathways/PC796","nitric oxide biosynthesis II (mammals)","14"
"http://rdf-plantmetwiki.bioinformatics.nl/pathways/PC1002","nevadensin biosynthesis","14"
"http://rdf-plantmetwiki.bioinformatics.nl/pathways/PC333","lycopadiene biosynthesis","14"
"http://rdf-plantmetwiki.bioinformatics.nl/pathways/PC384","solasodine glycosylation","14"
"http://rdf-plantmetwiki.bioinformatics.nl/pathways/PC1051","beta-carboline biosynthesis","14"
"http://rdf-plantmetwiki.bioinformatics.nl/pathways/PC155","superpathway of lipid-dependent phytate biosynthesis","14"
"http://rdf-plantmetwiki.bioinformatics.nl/pathways/PC425","pinobanksin biosynthesis","14"
"http://rdf-plantmetwiki.bioinformatics.nl/pathways/PC1047","farnesylcysteine salvage pathway","14"
"http://rdf-plantmetwiki.bioinformatics.nl/pathways/PC40","superpathway of adenosine nucleotides de novo biosynthesis I","14"
"http://rdf-plantmetwiki.bioinformatics.nl/pathways/PC653","cornusiin E biosynthesis","14"
"http://rdf-plantmetwiki.bioinformatics.nl/pathways/PC179","S-methyl-5-thio-α-D-ribose 1-phosphate degradation I","14"
"http://rdf-plantmetwiki.bioinformatics.nl/pathways/PC851","gibberellin biosynthesis III (early C-13 hydroxylation)","14"
"http://rdf-plantmetwiki.bioinformatics.nl/pathways/PC940","momilactone A biosynthesis","14"
"http://rdf-plantmetwiki.bioinformatics.nl/pathways/PC735","shikonin biosynthesis","14"
"http://rdf-plantmetwiki.bioinformatics.nl/pathways/PC638","1,3,6,7-tetrahydroxyxanthone biosynthesis (from benzoyl-CoA)","14"
"http://rdf-plantmetwiki.bioinformatics.nl/pathways/PC939","triacylglycerol biosynthesis (Chlamydomonas)","14"
"http://rdf-plantmetwiki.bioinformatics.nl/pathways/PC79","aloin biosynthesis","14"
"http://rdf-plantmetwiki.bioinformatics.nl/pathways/PC480","baicalein metabolism","14"
"http://rdf-plantmetwiki.bioinformatics.nl/pathways/PC177","cyanidin diglucoside biosynthesis (acyl-glucose dependent)","14"
"http://rdf-plantmetwiki.bioinformatics.nl/pathways/PC57","hordatine biosynthesis","14"
"http://rdf-plantmetwiki.bioinformatics.nl/pathways/PC615","β-pyrazole-1-ylalanine biosynthesis","14"
"http://rdf-plantmetwiki.bioinformatics.nl/pathways/PC585","4-hydroxyindole-3-carbonyl nitrile biosynthesis","14"
"http://rdf-plantmetwiki.bioinformatics.nl/pathways/PC43","trichloroethene degradation","14"
"http://rdf-plantmetwiki.bioinformatics.nl/pathways/PC436","chlorophyll a degradation I","14"
"http://rdf-plantmetwiki.bioinformatics.nl/pathways/PC803","superpathway of allantoin degradation in plants","14"
"http://rdf-plantmetwiki.bioinformatics.nl/pathways/PC1025","isoflavonoid biosynthesis I","14"
"http://rdf-plantmetwiki.bioinformatics.nl/pathways/PC1006","linustatin bioactivation","14"
"http://rdf-plantmetwiki.bioinformatics.nl/pathways/PC191","gibberellin biosynthesis II (early C-3 hydroxylation)","14"
"http://rdf-plantmetwiki.bioinformatics.nl/pathways/PC845","L-valine biosynthesis","14"
"http://rdf-plantmetwiki.bioinformatics.nl/pathways/PC670","cytokinins degradation","14"
"http://rdf-plantmetwiki.bioinformatics.nl/pathways/PC298","sciadonate biosynthesis","14"
"http://rdf-plantmetwiki.bioinformatics.nl/pathways/PC915","stigma estolide biosynthesis","14"
"http://rdf-plantmetwiki.bioinformatics.nl/pathways/PC904","glycyrrhetinate biosynthesis","14"
"http://rdf-plantmetwiki.bioinformatics.nl/pathways/PC942","superpathway of pyrimidine nucleobases salvage","14"
"http://rdf-plantmetwiki.bioinformatics.nl/pathways/PC286","lotaustralin biosynthesis","14"
"http://rdf-plantmetwiki.bioinformatics.nl/pathways/PC324","ferulate and sinapate biosynthesis","14"
"http://rdf-plantmetwiki.bioinformatics.nl/pathways/PC77","N-hydroxy-L-pipecolate biosynthesis","14"
"http://rdf-plantmetwiki.bioinformatics.nl/pathways/PC146","serotonin and melatonin biosynthesis I","14"
"http://rdf-plantmetwiki.bioinformatics.nl/pathways/PC751","7-dehydroporiferasterol biosynthesis","14"
"http://rdf-plantmetwiki.bioinformatics.nl/pathways/PC603","salicin biosynthesis","14"
"http://rdf-plantmetwiki.bioinformatics.nl/pathways/PC811","apigenin glycosides biosynthesis","14"
"http://rdf-plantmetwiki.bioinformatics.nl/pathways/PC513","lipid IVA biosynthesis (E. coli)","14"
"http://rdf-plantmetwiki.bioinformatics.nl/pathways/PC361","kauralexin biosynthesis","14"
"http://rdf-plantmetwiki.bioinformatics.nl/pathways/PC1100","phenylethanol biosynthesis","14"
"http://rdf-plantmetwiki.bioinformatics.nl/pathways/PC363","(4S)-carvone biosynthesis","14"
"http://rdf-plantmetwiki.bioinformatics.nl/pathways/PC450","sesaminol glucoside biosynthesis","14"
"http://rdf-plantmetwiki.bioinformatics.nl/pathways/PC941","betalamic acid biosynthesis","14"
"http://rdf-plantmetwiki.bioinformatics.nl/pathways/PC1017","biotin biosynthesis from 8-amino-7-oxononanoate I","14"
"http://rdf-plantmetwiki.bioinformatics.nl/pathways/PC1123","chorismate biosynthesis from 3-dehydroquinate","14"
"http://rdf-plantmetwiki.bioinformatics.nl/pathways/PC291","inosine 5'-phosphate degradation","14"
"http://rdf-plantmetwiki.bioinformatics.nl/pathways/PC932","cis-zeatin biosynthesis","14"
"http://rdf-plantmetwiki.bioinformatics.nl/pathways/PC388","bisabolene biosynthesis (engineered)","14"
"http://rdf-plantmetwiki.bioinformatics.nl/pathways/PC880","gibberellin biosynthesis I (non C-3, non C-13 hydroxylation)","14"
"http://rdf-plantmetwiki.bioinformatics.nl/pathways/PC520","dehydroscoulerine biosynthesis","13"
"http://rdf-plantmetwiki.bioinformatics.nl/pathways/PC959","abietic acid biosynthesis","13"
"http://rdf-plantmetwiki.bioinformatics.nl/pathways/PC225","L-tryptophan degradation to 2-amino-3-carboxymuconate semialdehyde","13"
"http://rdf-plantmetwiki.bioinformatics.nl/pathways/PC458","palustric acid biosynthesis","13"
"http://rdf-plantmetwiki.bioinformatics.nl/pathways/PC911","flavonol acylglucoside biosynthesis II-isorhamnetin derivatives","13"
"http://rdf-plantmetwiki.bioinformatics.nl/pathways/PC1011","mannitol biosynthesis","13"
"http://rdf-plantmetwiki.bioinformatics.nl/pathways/PC216","phenolic malonylglucosides biosynthesis","13"
"http://rdf-plantmetwiki.bioinformatics.nl/pathways/PC194","glyoxylate cycle","13"
"http://rdf-plantmetwiki.bioinformatics.nl/pathways/PC424","luteolin triglucuronide degradation","13"
"http://rdf-plantmetwiki.bioinformatics.nl/pathways/PC678","formate assimilation into 5,10-methylenetetrahydrofolate","13"
"http://rdf-plantmetwiki.bioinformatics.nl/pathways/PC86","L-ascorbate degradation IV","13"
"http://rdf-plantmetwiki.bioinformatics.nl/pathways/PC892","cichoriin interconversion","13"
"http://rdf-plantmetwiki.bioinformatics.nl/pathways/PC314","superpathway of gibberellin GA₁₂ biosynthesis","13"
"http://rdf-plantmetwiki.bioinformatics.nl/pathways/PC182","superpathway of linalool biosynthesis","13"
"http://rdf-plantmetwiki.bioinformatics.nl/pathways/PC593","phosphatidylcholine biosynthesis I","13"
"http://rdf-plantmetwiki.bioinformatics.nl/pathways/PC62","choline biosynthesis III","13"
"http://rdf-plantmetwiki.bioinformatics.nl/pathways/PC982","allantoin degradation to glyoxylate III","13"
"http://rdf-plantmetwiki.bioinformatics.nl/pathways/PC1135","amaranthin biosynthesis","13"
"http://rdf-plantmetwiki.bioinformatics.nl/pathways/PC517","carnosate bioynthesis","13"
"http://rdf-plantmetwiki.bioinformatics.nl/pathways/PC1152","neoabietic acid biosynthesis","13"
"http://rdf-plantmetwiki.bioinformatics.nl/pathways/PC1158","ethanol degradation IV","13"
"http://rdf-plantmetwiki.bioinformatics.nl/pathways/PC567","levopimaric acid biosynthesis","13"
"http://rdf-plantmetwiki.bioinformatics.nl/pathways/PC461","jasmonoyl-amino acid conjugates biosynthesis II","13"
"http://rdf-plantmetwiki.bioinformatics.nl/pathways/PC308","galloylated catechin biosynthesis","13"
"http://rdf-plantmetwiki.bioinformatics.nl/pathways/PC993","phosphatidylcholine biosynthesis III","13"
"http://rdf-plantmetwiki.bioinformatics.nl/pathways/PC578","ethanol degradation II","13"
"http://rdf-plantmetwiki.bioinformatics.nl/pathways/PC415","coenzyme A biosynthesis I (bacteria)","13"
"http://rdf-plantmetwiki.bioinformatics.nl/pathways/PC519","stearate biosynthesis II (bacteria and plants)","13"
"http://rdf-plantmetwiki.bioinformatics.nl/pathways/PC96","phosphatidylcholine acyl editing","13"
"http://rdf-plantmetwiki.bioinformatics.nl/pathways/PC528","pyruvate fermentation to (S)-lactate","13"
"http://rdf-plantmetwiki.bioinformatics.nl/pathways/PC328","aucuparin biosynthesis","13"
"http://rdf-plantmetwiki.bioinformatics.nl/pathways/PC926","monoterpene biosynthesis","13"
"http://rdf-plantmetwiki.bioinformatics.nl/pathways/PC568","D-myo-inositol-5-phosphate metabolism","13"
"http://rdf-plantmetwiki.bioinformatics.nl/pathways/PC697","curcumin glucoside biosynthesis","13"
"http://rdf-plantmetwiki.bioinformatics.nl/pathways/PC793","tricin biosynthesis","13"
"http://rdf-plantmetwiki.bioinformatics.nl/pathways/PC846","phosphatidylcholine biosynthesis IV","13"
"http://rdf-plantmetwiki.bioinformatics.nl/pathways/PC872","ammonia assimilation cycle I","13"
"http://rdf-plantmetwiki.bioinformatics.nl/pathways/PC174","naringenin C-glucosylation","13"
"http://rdf-plantmetwiki.bioinformatics.nl/pathways/PC107","L-ascorbate biosynthesis II (plants, L-gulose pathway)","13"
"http://rdf-plantmetwiki.bioinformatics.nl/pathways/PC1056","superpathway of ammonia assimilation (plants)","13"
"http://rdf-plantmetwiki.bioinformatics.nl/pathways/PC52","methylquercetin biosynthesis","13"
"http://rdf-plantmetwiki.bioinformatics.nl/pathways/PC931","all-trans-farnesol biosynthesis","13"
"http://rdf-plantmetwiki.bioinformatics.nl/pathways/PC53","DIBOA-glucoside biosynthesis","13"
"http://rdf-plantmetwiki.bioinformatics.nl/pathways/PC833","oxalate degradation VI","13"
"http://rdf-plantmetwiki.bioinformatics.nl/pathways/PC553","cinchona alkaloids biosynthesis","13"
"http://rdf-plantmetwiki.bioinformatics.nl/pathways/PC574","isopimaric acid biosynthesis","13"
"http://rdf-plantmetwiki.bioinformatics.nl/pathways/PC512","vitamin E biosynthesis (tocotrienols)","13"
"http://rdf-plantmetwiki.bioinformatics.nl/pathways/PC175","bixin biosynthesis","13"
"http://rdf-plantmetwiki.bioinformatics.nl/pathways/PC916","xyloglucan biosynthesis","13"
"http://rdf-plantmetwiki.bioinformatics.nl/pathways/PC223","S-adenosyl-L-methionine biosynthesis","13"
"http://rdf-plantmetwiki.bioinformatics.nl/pathways/PC129","linamarin degradation","12"
"http://rdf-plantmetwiki.bioinformatics.nl/pathways/PC827","homocysteine and cysteine interconversion","12"
"http://rdf-plantmetwiki.bioinformatics.nl/pathways/PC557","yatein biosynthesis II","12"
"http://rdf-plantmetwiki.bioinformatics.nl/pathways/PC696","L-asparagine degradation II","12"
"http://rdf-plantmetwiki.bioinformatics.nl/pathways/PC968","UDP-glucose biosynthesis (from sucrose)","12"
"http://rdf-plantmetwiki.bioinformatics.nl/pathways/PC905","t-anethole biosynthesis","12"
"http://rdf-plantmetwiki.bioinformatics.nl/pathways/PC1083","anthocyanin biosynthesis (pelargonidin 3-O-glucoside)","12"
"http://rdf-plantmetwiki.bioinformatics.nl/pathways/PC270","allantoin degradation to glyoxylate II","12"
"http://rdf-plantmetwiki.bioinformatics.nl/pathways/PC945","L-arginine degradation V (arginine deiminase pathway)","12"
"http://rdf-plantmetwiki.bioinformatics.nl/pathways/PC243","piperine biosynthesis","12"
"http://rdf-plantmetwiki.bioinformatics.nl/pathways/PC676","heme b biosynthesis I (aerobic)","12"
"http://rdf-plantmetwiki.bioinformatics.nl/pathways/PC497","diacylsucrose biosynthesis (Solanum)","12"
"http://rdf-plantmetwiki.bioinformatics.nl/pathways/PC263","L-arginine degradation VI (arginase 2 pathway)","12"
"http://rdf-plantmetwiki.bioinformatics.nl/pathways/PC492","L-homoserine biosynthesis","12"
"http://rdf-plantmetwiki.bioinformatics.nl/pathways/PC625","phosphopantothenate biosynthesis II","12"
"http://rdf-plantmetwiki.bioinformatics.nl/pathways/PC612","(3S)-linalool biosynthesis","12"
"http://rdf-plantmetwiki.bioinformatics.nl/pathways/PC124","pentagalloylglucose biosynthesis","12"
"http://rdf-plantmetwiki.bioinformatics.nl/pathways/PC778","sakuranetin biosynthesis","12"
"http://rdf-plantmetwiki.bioinformatics.nl/pathways/PC809","β-carotene biosynthesis (engineered)","12"
"http://rdf-plantmetwiki.bioinformatics.nl/pathways/PC1013","5-deoxystrigol biosynthesis","12"
"http://rdf-plantmetwiki.bioinformatics.nl/pathways/PC543","monoacylsucrose biosynthesis (Solanum)","12"
"http://rdf-plantmetwiki.bioinformatics.nl/pathways/PC712","coenzyme A biosynthesis II (eukaryotic)","12"
"http://rdf-plantmetwiki.bioinformatics.nl/pathways/PC860","phytocassanes biosynthesis, shared reactions","12"
"http://rdf-plantmetwiki.bioinformatics.nl/pathways/PC1144","dTDP-β-L-rhamnose biosynthesis","12"
"http://rdf-plantmetwiki.bioinformatics.nl/pathways/PC640","indole-3-acetate inactivation II","12"
"http://rdf-plantmetwiki.bioinformatics.nl/pathways/PC944","cyanide detoxification I","12"
"http://rdf-plantmetwiki.bioinformatics.nl/pathways/PC36","CDP-diacylglycerol biosynthesis I","12"
"http://rdf-plantmetwiki.bioinformatics.nl/pathways/PC464","UDP-α-D-xylose biosynthesis","12"
"http://rdf-plantmetwiki.bioinformatics.nl/pathways/PC660","echinatin biosynthesis","12"
"http://rdf-plantmetwiki.bioinformatics.nl/pathways/PC1046","L-ornithine biosynthesis II","12"
"http://rdf-plantmetwiki.bioinformatics.nl/pathways/PC577","phloridzin biosynthesis","12"
"http://rdf-plantmetwiki.bioinformatics.nl/pathways/PC234","brassinosteroid biosynthesis III","12"
"http://rdf-plantmetwiki.bioinformatics.nl/pathways/PC686","superpathway of 1D-myo-inositol hexakisphosphate biosynthesis (plants)","12"
"http://rdf-plantmetwiki.bioinformatics.nl/pathways/PC219","L-phenylalanine degradation III","12"
"http://rdf-plantmetwiki.bioinformatics.nl/pathways/PC650","4-aminobutanoate degradation IV","12"
"http://rdf-plantmetwiki.bioinformatics.nl/pathways/PC465","L-ascorbate biosynthesis I (plants, L-galactose pathway)","12"
"http://rdf-plantmetwiki.bioinformatics.nl/pathways/PC211","L-tryptophan degradation VI (via tryptamine)","12"
"http://rdf-plantmetwiki.bioinformatics.nl/pathways/PC120","indole-3-acetate inactivation III","12"
"http://rdf-plantmetwiki.bioinformatics.nl/pathways/PC8","L-canavanine degradation I","12"
"http://rdf-plantmetwiki.bioinformatics.nl/pathways/PC1026","raspberry ketone biosynthesis","12"
"http://rdf-plantmetwiki.bioinformatics.nl/pathways/PC387","saponin biosynthesis III","12"
"http://rdf-plantmetwiki.bioinformatics.nl/pathways/PC447","D-sorbitol degradation I","12"
"http://rdf-plantmetwiki.bioinformatics.nl/pathways/PC218","vanillin biosynthesis I","12"
"http://rdf-plantmetwiki.bioinformatics.nl/pathways/PC830","L-ascorbate degradation III","12"
"http://rdf-plantmetwiki.bioinformatics.nl/pathways/PC471","(3R)-linalool biosynthesis","12"
"http://rdf-plantmetwiki.bioinformatics.nl/pathways/PC1130","betaxanthin biosynthesis (via dopaxanthin)","12"
"http://rdf-plantmetwiki.bioinformatics.nl/pathways/PC1080","seleno-amino acid detoxification and volatilization III","12"
"http://rdf-plantmetwiki.bioinformatics.nl/pathways/PC679","phospholipases (Chlamydomonas)","12"
"http://rdf-plantmetwiki.bioinformatics.nl/pathways/PC526","putrescine degradation IV","12"
"http://rdf-plantmetwiki.bioinformatics.nl/pathways/PC758","pinocembrin C-glucosylation","12"
"http://rdf-plantmetwiki.bioinformatics.nl/pathways/PC501","superpathway of polyamine biosynthesis","12"
"http://rdf-plantmetwiki.bioinformatics.nl/pathways/PC108","indole-3-acetate inactivation VI","12"
"http://rdf-plantmetwiki.bioinformatics.nl/pathways/PC47","ornithine-citrulline shuttle","12"
"http://rdf-plantmetwiki.bioinformatics.nl/pathways/PC1121","γ-glutamyl cycle (plant pathway)","12"
"http://rdf-plantmetwiki.bioinformatics.nl/pathways/PC994","linalool biosynthesis I","12"
"http://rdf-plantmetwiki.bioinformatics.nl/pathways/PC496","methyl indole-3-acetate interconversion","12"
"http://rdf-plantmetwiki.bioinformatics.nl/pathways/PC362","aloenin biosynthesis","12"
"http://rdf-plantmetwiki.bioinformatics.nl/pathways/PC1073","acylsucrose biosynthesis (Solanum habrochaites)","12"
"http://rdf-plantmetwiki.bioinformatics.nl/pathways/PC967","8-O-methylated benzoxazinoid glucoside biosynthesis","11"
"http://rdf-plantmetwiki.bioinformatics.nl/pathways/PC674","cinnamoyl-CoA biosynthesis","11"
"http://rdf-plantmetwiki.bioinformatics.nl/pathways/PC103","thiazole component of thiamine pyrophosphate biosynthesis III","11"
"http://rdf-plantmetwiki.bioinformatics.nl/pathways/PC1126","L-tyrosine biosynthesis II","11"
"http://rdf-plantmetwiki.bioinformatics.nl/pathways/PC347","glyceollin biosynthesis","11"
"http://rdf-plantmetwiki.bioinformatics.nl/pathways/PC426","methyl indole-3-acetate interconversion","11"
"http://rdf-plantmetwiki.bioinformatics.nl/pathways/RC608","PHOSPHOENOLPYRUVATE-PHOSPHATASE-RXN","11"
"http://rdf-plantmetwiki.bioinformatics.nl/pathways/PC821","CMP-3-deoxy-D-manno-octulosonate biosynthesis","11"
"http://rdf-plantmetwiki.bioinformatics.nl/pathways/PC168","anthocyanin biosynthesis","11"
"http://rdf-plantmetwiki.bioinformatics.nl/pathways/PC832","indole degradation to anthranil and anthranilate","11"
"http://rdf-plantmetwiki.bioinformatics.nl/pathways/PC1125","geraniol and geranial biosynthesis","11"
"http://rdf-plantmetwiki.bioinformatics.nl/pathways/PC954","chrysin biosynthesis","11"
"http://rdf-plantmetwiki.bioinformatics.nl/pathways/PC154","indole-3-acetate inactivation V","11"
"http://rdf-plantmetwiki.bioinformatics.nl/pathways/PC664","L-phenylalanine degradation V","11"
"http://rdf-plantmetwiki.bioinformatics.nl/pathways/PC442","(3E)-4,8-dimethylnona-1,3,7-triene biosynthesis I","11"
"http://rdf-plantmetwiki.bioinformatics.nl/pathways/PC836","caffeine biosynthesis I","11"
"http://rdf-plantmetwiki.bioinformatics.nl/pathways/PC858","siroheme biosynthesis","11"
"http://rdf-plantmetwiki.bioinformatics.nl/pathways/PC303","fatty acid β-oxidation V (unsaturated, odd number, di-isomerase-dependent)","11"
"http://rdf-plantmetwiki.bioinformatics.nl/pathways/PC228","wax esters biosynthesis II","11"
"http://rdf-plantmetwiki.bioinformatics.nl/pathways/PC972","phytate degradation II","11"
"http://rdf-plantmetwiki.bioinformatics.nl/pathways/PC491","choline biosynthesis II","11"
"http://rdf-plantmetwiki.bioinformatics.nl/pathways/PC831","abscisic acid biosynthesis shunt","11"
"http://rdf-plantmetwiki.bioinformatics.nl/pathways/PC1103","thiamine pyrophosphate biosynthesis IV (eukaryotes)","11"
"http://rdf-plantmetwiki.bioinformatics.nl/pathways/PC647","gibberellin biosynthesis V","11"
"http://rdf-plantmetwiki.bioinformatics.nl/pathways/PC407","superpathway of photosynthetic hydrogen production","11"
"http://rdf-plantmetwiki.bioinformatics.nl/pathways/PC355","formononetin biosynthesis","11"
"http://rdf-plantmetwiki.bioinformatics.nl/pathways/PC99","(-)-glycinol biosynthesis","11"
"http://rdf-plantmetwiki.bioinformatics.nl/pathways/PC847","folate polyglutamylation","11"
"http://rdf-plantmetwiki.bioinformatics.nl/pathways/PC792","(Z)-phenylmethanethial S-oxide biosynthesis","11"
"http://rdf-plantmetwiki.bioinformatics.nl/pathways/PC801","purine deoxyribonucleosides salvage","11"
"http://rdf-plantmetwiki.bioinformatics.nl/pathways/PC226","pinitol biosynthesis I","11"
"http://rdf-plantmetwiki.bioinformatics.nl/pathways/PC488","L-tyrosine biosynthesis III","11"
"http://rdf-plantmetwiki.bioinformatics.nl/pathways/PC565","L-asparagine biosynthesis III (tRNA-dependent)","11"
"http://rdf-plantmetwiki.bioinformatics.nl/pathways/PC535","(+)-camphor biosynthesis","11"
"http://rdf-plantmetwiki.bioinformatics.nl/pathways/PC332","anthocyanin biosynthesis (delphinidin 3-O-glucoside)","11"
"http://rdf-plantmetwiki.bioinformatics.nl/pathways/PC293","indole-3-acetate biosynthesis I","11"
"http://rdf-plantmetwiki.bioinformatics.nl/pathways/PC1001","fatty acid α-oxidation I (plants)","11"
"http://rdf-plantmetwiki.bioinformatics.nl/pathways/PC1093","coumestrol biosynthesis","11"
"http://rdf-plantmetwiki.bioinformatics.nl/pathways/PC576","trans, trans-farnesyl pyrophosphate biosynthesis","11"
"http://rdf-plantmetwiki.bioinformatics.nl/pathways/PC737","UTP and CTP dephosphorylation II","11"
"http://rdf-plantmetwiki.bioinformatics.nl/pathways/PC349","UDP-β-L-arabinose biosynthesis II (from β-L-arabinose)","11"
"http://rdf-plantmetwiki.bioinformatics.nl/pathways/PC456","plastoquinol-9 biosynthesis I","11"
"http://rdf-plantmetwiki.bioinformatics.nl/pathways/PC648","resveratrol biosynthesis","11"
"http://rdf-plantmetwiki.bioinformatics.nl/pathways/PC1010","glycine cleavage","11"
"http://rdf-plantmetwiki.bioinformatics.nl/pathways/PC342","lipid-dependent phytate biosynthesis II (via Ins(1,3,4)P₃)","11"
"http://rdf-plantmetwiki.bioinformatics.nl/pathways/PC494","L-serine biosynthesis I","11"
"http://rdf-plantmetwiki.bioinformatics.nl/pathways/PC176","wighteone and luteone biosynthesis","11"
"http://rdf-plantmetwiki.bioinformatics.nl/pathways/PC855","felinine and 3-methyl-3-sulfanylbutan-1-ol biosynthesis","11"
"http://rdf-plantmetwiki.bioinformatics.nl/pathways/PC675","steviol glucoside biosynthesis (rebaudioside A biosynthesis)","11"
"http://rdf-plantmetwiki.bioinformatics.nl/pathways/PC1082","adenosine ribonucleotides de novo biosynthesis","11"
"http://rdf-plantmetwiki.bioinformatics.nl/pathways/PC398","assimilatory sulfate reduction II","11"
"http://rdf-plantmetwiki.bioinformatics.nl/pathways/PC824","chlorophyll a biosynthesis II","11"
"http://rdf-plantmetwiki.bioinformatics.nl/pathways/PC631","plaunotol biosynthesis","11"
"http://rdf-plantmetwiki.bioinformatics.nl/pathways/PC315","cembratrienediol biosynthesis","11"
"http://rdf-plantmetwiki.bioinformatics.nl/pathways/PC865","plumbagin biosynthesis","11"
"http://rdf-plantmetwiki.bioinformatics.nl/pathways/PC744","ophthalmate biosynthesis","11"
"http://rdf-plantmetwiki.bioinformatics.nl/pathways/PC431","CO₂ fixation into oxaloacetate (anaplerotic)","11"
"http://rdf-plantmetwiki.bioinformatics.nl/pathways/PC516","capsiconiate biosynthesis","11"
"http://rdf-plantmetwiki.bioinformatics.nl/pathways/PC1127","4-amino-2-methyl-5-diphosphomethylpyrimidine biosynthesis I","11"
"http://rdf-plantmetwiki.bioinformatics.nl/pathways/PC197","abscisic acid biosynthesis","11"
"http://rdf-plantmetwiki.bioinformatics.nl/pathways/PC310","monolignol glucosides biosynthesis","11"
"http://rdf-plantmetwiki.bioinformatics.nl/pathways/PC636","cardiolipin biosynthesis II","11"
"http://rdf-plantmetwiki.bioinformatics.nl/pathways/PC853","gibberellin inactivation III (epoxidation)","11"
"http://rdf-plantmetwiki.bioinformatics.nl/pathways/PC1022","orientin and isoorientin biosynthesis I","11"
"http://rdf-plantmetwiki.bioinformatics.nl/pathways/PC48","indican biosynthesis","11"
"http://rdf-plantmetwiki.bioinformatics.nl/pathways/PC290","glycine biosynthesis","11"
"http://rdf-plantmetwiki.bioinformatics.nl/pathways/PC427","hesperitin glycoside biosynthesis","11"
"http://rdf-plantmetwiki.bioinformatics.nl/pathways/PC957","pyrimidine salvage pathway","11"
"http://rdf-plantmetwiki.bioinformatics.nl/pathways/PC1070","caffeine biosynthesis II (via paraxanthine)","11"
"http://rdf-plantmetwiki.bioinformatics.nl/pathways/PC928","ppGpp metabolism","11"
"http://rdf-plantmetwiki.bioinformatics.nl/pathways/PC406","hydroxyjasmonate sulfate biosynthesis","11"
"http://rdf-plantmetwiki.bioinformatics.nl/pathways/PC694","dimorphecolate biosynthesis","11"
"http://rdf-plantmetwiki.bioinformatics.nl/pathways/PC730","very long chain fatty acid biosynthesis I","11"
"http://rdf-plantmetwiki.bioinformatics.nl/pathways/PC702","indole-3-acetate activation II","11"
"http://rdf-plantmetwiki.bioinformatics.nl/pathways/PC1065","UTP and CTP de novo biosynthesis","11"
"http://rdf-plantmetwiki.bioinformatics.nl/pathways/PC566","urea degradation I","10"
"http://rdf-plantmetwiki.bioinformatics.nl/pathways/PC1031","urate conversion to allantoin I","10"
"http://rdf-plantmetwiki.bioinformatics.nl/pathways/PC102","lipid-dependent phytate biosynthesis I (via Ins(1,4,5)P₃)","10"
"http://rdf-plantmetwiki.bioinformatics.nl/pathways/PC705","salicylate glucosides biosynthesis II","10"
"http://rdf-plantmetwiki.bioinformatics.nl/pathways/PC1132","willardiine and isowillardiine biosynthesis","10"
"http://rdf-plantmetwiki.bioinformatics.nl/pathways/PC969","zerumbone biosynthesis","10"
"http://rdf-plantmetwiki.bioinformatics.nl/pathways/PC20","epoxysqualene biosynthesis","10"
"http://rdf-plantmetwiki.bioinformatics.nl/pathways/PC1151","2-oxoisovalerate decarboxylation to isobutanoyl-CoA","10"
"http://rdf-plantmetwiki.bioinformatics.nl/pathways/PC331","yatein biosynthesis I","10"
"http://rdf-plantmetwiki.bioinformatics.nl/pathways/PC268","oryzalide A biosynthesis","10"
"http://rdf-plantmetwiki.bioinformatics.nl/pathways/PC1086","1D-myo-inositol hexakisphosphate biosynthesis I (from Ins(1,4,5)P3)","10"
"http://rdf-plantmetwiki.bioinformatics.nl/pathways/PC440","2-oxoglutarate decarboxylation to succinyl-CoA","10"
"http://rdf-plantmetwiki.bioinformatics.nl/pathways/PC261","benzoyl-CoA biosynthesis","10"
"http://rdf-plantmetwiki.bioinformatics.nl/pathways/PC879","coumarin metabolism (to melilotic acid)","10"
"http://rdf-plantmetwiki.bioinformatics.nl/pathways/PC161","dTDP-L-rhamnose biosynthesis II","10"
"http://rdf-plantmetwiki.bioinformatics.nl/pathways/PC946","pyruvate fermentation to ethanol I","10"
"http://rdf-plantmetwiki.bioinformatics.nl/pathways/PC965","betacyanin biosynthesis (via dopamine)","10"
"http://rdf-plantmetwiki.bioinformatics.nl/pathways/PC344","(-)-medicarpin biosynthesis","10"
"http://rdf-plantmetwiki.bioinformatics.nl/pathways/PC961","tetraacylsucrose biosynthesis (Solanum)","10"
"http://rdf-plantmetwiki.bioinformatics.nl/pathways/PC852","benzoate biosynthesis II (CoA-independent, non-β-oxidative)","10"
"http://rdf-plantmetwiki.bioinformatics.nl/pathways/PC1039","phaseollin biosynthesis","10"
"http://rdf-plantmetwiki.bioinformatics.nl/pathways/PC1129","vernolate biosynthesis III","10"
"http://rdf-plantmetwiki.bioinformatics.nl/pathways/PC739","rose anthocyanin biosynthesis II (via cyanidin 3-O-β-D-glucoside)","10"
"http://rdf-plantmetwiki.bioinformatics.nl/pathways/PC1075","gibberellin inactivation II (methylation)","10"
"http://rdf-plantmetwiki.bioinformatics.nl/pathways/PC21","olivetol biosynthesis","10"
"http://rdf-plantmetwiki.bioinformatics.nl/pathways/PC335","gibberellin A₁₂ biosynthesis","10"
"http://rdf-plantmetwiki.bioinformatics.nl/pathways/PC748","1D-myo-inositol hexakisphosphate biosynthesis V (from Ins(1,3,4)P3)","10"
"http://rdf-plantmetwiki.bioinformatics.nl/pathways/PC753","glutaminyl-tRNAglⁿ biosynthesis via transamidation","10"
"http://rdf-plantmetwiki.bioinformatics.nl/pathways/PC421","ceramide degradation (generic)","10"
"http://rdf-plantmetwiki.bioinformatics.nl/pathways/PC1062","(4R)-carvone biosynthesis","10"
"http://rdf-plantmetwiki.bioinformatics.nl/pathways/PC164","uracil degradation I (reductive)","10"
"http://rdf-plantmetwiki.bioinformatics.nl/pathways/PC199","(-)-4'-demethyl-epipodophyllotoxin biosynthesis","10"
"http://rdf-plantmetwiki.bioinformatics.nl/pathways/PC1138","CDP-diacylglycerol biosynthesis II","10"
"http://rdf-plantmetwiki.bioinformatics.nl/pathways/PC1004","caffeine degradation I (main, plants)","10"
"http://rdf-plantmetwiki.bioinformatics.nl/pathways/PC54","L-proline biosynthesis III (from L-ornithine)","10"
"http://rdf-plantmetwiki.bioinformatics.nl/pathways/PC882","4-hydroxybenzoate biosynthesis IV (plants)","10"
"http://rdf-plantmetwiki.bioinformatics.nl/pathways/PC743","allantoin degradation to ureidoglycolate II (ammonia producing)","10"
"http://rdf-plantmetwiki.bioinformatics.nl/pathways/PC933","tuberonate glucoside biosynthesis","10"
"http://rdf-plantmetwiki.bioinformatics.nl/pathways/PC188","rotenoid biosynthesis I","10"
"http://rdf-plantmetwiki.bioinformatics.nl/pathways/PC1018","2-O-acetyl-3-O-trans-coutarate biosynthesis","10"
"http://rdf-plantmetwiki.bioinformatics.nl/pathways/PC589","daphnin interconversion","10"
"http://rdf-plantmetwiki.bioinformatics.nl/pathways/PC105","kaempferol diglycoside biosynthesis (pollen-specific)","10"
"http://rdf-plantmetwiki.bioinformatics.nl/pathways/RC306","RXN-10794","10"
"http://rdf-plantmetwiki.bioinformatics.nl/pathways/PC669","L-proline degradation I","10"
"http://rdf-plantmetwiki.bioinformatics.nl/pathways/PC485","DIMBOA-glucoside biosynthesis","10"
"http://rdf-plantmetwiki.bioinformatics.nl/pathways/PC661","trans-lycopene biosynthesis I","10"
"http://rdf-plantmetwiki.bioinformatics.nl/pathways/PC581","olivetol biosynthesis","10"
"http://rdf-plantmetwiki.bioinformatics.nl/pathways/PC1078","labdane-type diterpenes biosynthesis","10"
"http://rdf-plantmetwiki.bioinformatics.nl/pathways/PC287","oleoresin monoterpene volatiles biosynthesis","10"
"http://rdf-plantmetwiki.bioinformatics.nl/pathways/PC614","trichome monoterpenes biosynthesis","10"
"http://rdf-plantmetwiki.bioinformatics.nl/pathways/PC548","ω-hydroxylation of caprate and laurate","10"
"http://rdf-plantmetwiki.bioinformatics.nl/pathways/PC646","2,3-trans-flavanols biosynthesis","10"
"http://rdf-plantmetwiki.bioinformatics.nl/pathways/PC822","L-citrulline degradation","10"
"http://rdf-plantmetwiki.bioinformatics.nl/pathways/PC1003","caffeoylglucarate biosynthesis","10"
"http://rdf-plantmetwiki.bioinformatics.nl/pathways/PC556","hypericin biosynthesis","10"
"http://rdf-plantmetwiki.bioinformatics.nl/pathways/PC277","thymine degradation","10"
"http://rdf-plantmetwiki.bioinformatics.nl/pathways/PC788","fenchol biosynthesis I","10"
"http://rdf-plantmetwiki.bioinformatics.nl/pathways/PC444","8-oxo-(d)GTP detoxification I","10"
"http://rdf-plantmetwiki.bioinformatics.nl/pathways/PC1061","aromatic glucosinolate activation","10"
"http://rdf-plantmetwiki.bioinformatics.nl/pathways/RC358","luteolin 8-hydroxylase","10"
"http://rdf-plantmetwiki.bioinformatics.nl/pathways/PC260","L-alanine degradation II (to D-lactate)","10"
"http://rdf-plantmetwiki.bioinformatics.nl/pathways/PC128","L-arginine degradation I (arginase pathway)","10"
"http://rdf-plantmetwiki.bioinformatics.nl/pathways/PC478","chitin degradation II (Vibrio)","10"
"http://rdf-plantmetwiki.bioinformatics.nl/pathways/PC117","L-selenocysteine biosynthesis II (archaea and eukaryotes)","10"
"http://rdf-plantmetwiki.bioinformatics.nl/pathways/PC454","camptothecin biosynthesis","10"
"http://rdf-plantmetwiki.bioinformatics.nl/pathways/RC1092","RXN-8247","10"
"http://rdf-plantmetwiki.bioinformatics.nl/pathways/PC255","geranyl pyrophosphate biosynthesis","10"
"http://rdf-plantmetwiki.bioinformatics.nl/pathways/PC596","polymethylated kaempferol biosynthesis","10"
"http://rdf-plantmetwiki.bioinformatics.nl/pathways/PC414","pyruvate fermentation to acetate VII","10"
"http://rdf-plantmetwiki.bioinformatics.nl/pathways/PC685","malonly-CoA biosynthesis via biotin-carboxyl carrier protein","10"
"http://rdf-plantmetwiki.bioinformatics.nl/pathways/PC995","quercetin diglycoside biosynthesis (pollen-specific)","10"
"http://rdf-plantmetwiki.bioinformatics.nl/pathways/PC123","theobromine biosynthesis I","10"
"http://rdf-plantmetwiki.bioinformatics.nl/pathways/PC731","betaxanthin biosynthesis","10"
"http://rdf-plantmetwiki.bioinformatics.nl/pathways/PC483","UDP-D-apiose biosynthesis (from UDP-D-glucuronate)","10"
"http://rdf-plantmetwiki.bioinformatics.nl/pathways/PC61","amygdalin and prunasin degradation","10"
"http://rdf-plantmetwiki.bioinformatics.nl/pathways/PC1024","pyruvate decarboxylation to acetyl CoA I","10"
"http://rdf-plantmetwiki.bioinformatics.nl/pathways/PC563","CMP-KDO biosynthesis II (from D-arabinose 5-phosphate)","9"
"http://rdf-plantmetwiki.bioinformatics.nl/pathways/PC1142","2-methylketone biosynthesis","9"
"http://rdf-plantmetwiki.bioinformatics.nl/pathways/PC701","UDP-β-L-rhamnose biosynthesis","9"
"http://rdf-plantmetwiki.bioinformatics.nl/pathways/PC5","gallotannin biosynthesis","9"
"http://rdf-plantmetwiki.bioinformatics.nl/pathways/PC1052","crocetin esters biosynthesis","9"
"http://rdf-plantmetwiki.bioinformatics.nl/pathways/PC641","hydroxylated mugineic acid phytosiderophore biosynthesis","9"
"http://rdf-plantmetwiki.bioinformatics.nl/pathways/PC1044","pentose phosphate pathway (oxidative branch) I","9"
"http://rdf-plantmetwiki.bioinformatics.nl/pathways/PC732","rotenoid biosynthesis II","9"
"http://rdf-plantmetwiki.bioinformatics.nl/pathways/PC996","2,3-cis-flavanols biosynthesis","9"
"http://rdf-plantmetwiki.bioinformatics.nl/pathways/PC1149","seleno-amino acid detoxification and volatilization I","9"
"http://rdf-plantmetwiki.bioinformatics.nl/pathways/PC783","4-hydroxycoumarin and dicoumarol biosynthesis","9"
"http://rdf-plantmetwiki.bioinformatics.nl/pathways/PC274","eugenol and isoeugenol biosynthesis","9"
"http://rdf-plantmetwiki.bioinformatics.nl/pathways/PC285","fatty acid β-oxidation IV (unsaturated, even number)","9"
"http://rdf-plantmetwiki.bioinformatics.nl/pathways/PC385","9-lipoxygenase and 9-allene oxide synthase pathway","9"
"http://rdf-plantmetwiki.bioinformatics.nl/pathways/PC955","nucleobase ascorbate transport I","9"
"http://rdf-plantmetwiki.bioinformatics.nl/pathways/RC374","ICOSANOYL-COA-SYNTHASE-RXN","9"
"http://rdf-plantmetwiki.bioinformatics.nl/pathways/RC1052","RXN-11675","9"
"http://rdf-plantmetwiki.bioinformatics.nl/pathways/RC415","RXN-11676","9"
"http://rdf-plantmetwiki.bioinformatics.nl/pathways/PC1048","lipoate biosynthesis and incorporation I","9"
"http://rdf-plantmetwiki.bioinformatics.nl/pathways/PC1064","galactosylcyclitol biosynthesis","9"
"http://rdf-plantmetwiki.bioinformatics.nl/pathways/PC564","dolabralexins biosynthesis","9"
"http://rdf-plantmetwiki.bioinformatics.nl/pathways/PC721","glutathione biosynthesis","9"
"http://rdf-plantmetwiki.bioinformatics.nl/pathways/PC506","sterculate biosynthesis","9"
"http://rdf-plantmetwiki.bioinformatics.nl/pathways/PC909","trehalose degradation II (cytosolic)","9"
"http://rdf-plantmetwiki.bioinformatics.nl/pathways/PC620","L-asparagine biosynthesis I","9"
"http://rdf-plantmetwiki.bioinformatics.nl/pathways/PC963","kievitone biosynthesis","9"
"http://rdf-plantmetwiki.bioinformatics.nl/pathways/PC46","GDP-α-D-glucose biosynthesis","9"
"http://rdf-plantmetwiki.bioinformatics.nl/pathways/PC13","choline degradation I","9"
"http://rdf-plantmetwiki.bioinformatics.nl/pathways/PC101","glutathione-peroxide redox reactions","9"
"http://rdf-plantmetwiki.bioinformatics.nl/pathways/RC947","PROLINE-MULTI","9"
"http://rdf-plantmetwiki.bioinformatics.nl/pathways/PC73","B series fagopyritols biosynthesis","9"
"http://rdf-plantmetwiki.bioinformatics.nl/pathways/PC1160","ricinoleate biosynthesis","9"
"http://rdf-plantmetwiki.bioinformatics.nl/pathways/PC1131","linoleate biosynthesis I (plants)","9"
"http://rdf-plantmetwiki.bioinformatics.nl/pathways/PC32","juglone biosynthesis","9"
"http://rdf-plantmetwiki.bioinformatics.nl/pathways/PC761","L-glutamate biosynthesis IV","9"
"http://rdf-plantmetwiki.bioinformatics.nl/pathways/PC446","sophoraflavanone G biosynthesis","9"
"http://rdf-plantmetwiki.bioinformatics.nl/pathways/PC404","pyruvate fermentation to acetate IV","9"
"http://rdf-plantmetwiki.bioinformatics.nl/pathways/PC924","4-aminobutanoate degradation I","9"
"http://rdf-plantmetwiki.bioinformatics.nl/pathways/PC769","wogonin metabolism","9"
"http://rdf-plantmetwiki.bioinformatics.nl/pathways/PC449","neurosporene biosynthesis","9"
"http://rdf-plantmetwiki.bioinformatics.nl/pathways/PC1084","A series fagopyritols biosynthesis","9"
"http://rdf-plantmetwiki.bioinformatics.nl/pathways/PC633","indigo biosynthesis","9"
"http://rdf-plantmetwiki.bioinformatics.nl/pathways/PC856","violaxanthin, antheraxanthin and zeaxanthin interconversion","9"
"http://rdf-plantmetwiki.bioinformatics.nl/pathways/PC1143","luteolin glycosides biosynthesis","9"
"http://rdf-plantmetwiki.bioinformatics.nl/pathways/PC1076","nitric oxide biosynthesis I (plants)","9"
"http://rdf-plantmetwiki.bioinformatics.nl/pathways/PC775","anthocyanidin sophoroside metabolism","9"
"http://rdf-plantmetwiki.bioinformatics.nl/pathways/PC374","oleate biosynthesis I (plants)","9"
"http://rdf-plantmetwiki.bioinformatics.nl/pathways/PC727","coniferyl alcohol 9-methyl ether biosynthesis","9"
"http://rdf-plantmetwiki.bioinformatics.nl/pathways/PC208","fructan biosynthesis","9"
"http://rdf-plantmetwiki.bioinformatics.nl/pathways/PC583","ternatin C5 biosynthesis","9"
"http://rdf-plantmetwiki.bioinformatics.nl/pathways/PC327","rutin degradation (plants)","9"
"http://rdf-plantmetwiki.bioinformatics.nl/pathways/PC539","UDP-α-D-galacturonate biosynthesis II (from D-galacturonate)","9"
"http://rdf-plantmetwiki.bioinformatics.nl/pathways/RC943","INOSINEKIN-RXN","9"
"http://rdf-plantmetwiki.bioinformatics.nl/pathways/PC597","afrormosin conjugates interconversion","9"
"http://rdf-plantmetwiki.bioinformatics.nl/pathways/PC1005","galactolipid biosynthesis I","9"
"http://rdf-plantmetwiki.bioinformatics.nl/pathways/PC56","glycine betaine biosynthesis III (plants)","9"
"http://rdf-plantmetwiki.bioinformatics.nl/pathways/PC1014","D-mannose degradation I","9"
"http://rdf-plantmetwiki.bioinformatics.nl/pathways/PC1058","aloesone and aloesin biosynthesis","9"
"http://rdf-plantmetwiki.bioinformatics.nl/pathways/PC779","pyrimidine ribonucleosides salvage I","9"
"http://rdf-plantmetwiki.bioinformatics.nl/pathways/PC527","formaldehyde oxidation II (glutathione-dependent)","9"
"http://rdf-plantmetwiki.bioinformatics.nl/pathways/PC6","dicranin biosynthesis","9"
"http://rdf-plantmetwiki.bioinformatics.nl/pathways/PC28","luteolin triglucuronide biosynthesis","9"
"http://rdf-plantmetwiki.bioinformatics.nl/pathways/PC325","homoglutathione biosynthesis","9"
"http://rdf-plantmetwiki.bioinformatics.nl/pathways/PC245","(-)-camphor biosynthesis","9"
"http://rdf-plantmetwiki.bioinformatics.nl/pathways/PC10","lutein biosynthesis","9"
"http://rdf-plantmetwiki.bioinformatics.nl/pathways/PC1137","glycolate and glyoxylate degradation II","9"
"http://rdf-plantmetwiki.bioinformatics.nl/pathways/PC135","phytochromobilin biosynthesis","9"
"http://rdf-plantmetwiki.bioinformatics.nl/pathways/PC764","indole-3-acetate inactivation I","9"
"http://rdf-plantmetwiki.bioinformatics.nl/pathways/RC353","RXN-15355","9"
"http://rdf-plantmetwiki.bioinformatics.nl/pathways/PC213","methylglyoxal degradation I","9"
"http://rdf-plantmetwiki.bioinformatics.nl/pathways/PC467","sulfoquinovosyl diacylglycerol biosynthesis","8"
"http://rdf-plantmetwiki.bioinformatics.nl/pathways/PC336","L-cysteine biosynthesis I","8"
"http://rdf-plantmetwiki.bioinformatics.nl/pathways/PC16","UDP-α-D-glucuronate biosynthesis (from UDP-glucose)","8"
"http://rdf-plantmetwiki.bioinformatics.nl/pathways/RC126","RXNQT-4314","8"
"http://rdf-plantmetwiki.bioinformatics.nl/pathways/PC684","superpathway of putrescine biosynthesis","8"
"http://rdf-plantmetwiki.bioinformatics.nl/pathways/RC1205","RXNQT-4318","8"
"http://rdf-plantmetwiki.bioinformatics.nl/pathways/PC644","GDP-L-fucose biosynthesis II (from L-fucose)","8"
"http://rdf-plantmetwiki.bioinformatics.nl/pathways/PC683","UDP-α-D-glucose biosynthesis","8"
"http://rdf-plantmetwiki.bioinformatics.nl/pathways/RC800","1.2.1.27-RXN","8"
"http://rdf-plantmetwiki.bioinformatics.nl/pathways/PC770","cyanidin dimalonylglucoside biosynthesis","8"
"http://rdf-plantmetwiki.bioinformatics.nl/pathways/PC841","IAA biosynthesis VII","8"
"http://rdf-plantmetwiki.bioinformatics.nl/pathways/RC471","FATTY-ACYL-COA-SYNTHASE-RXN","8"
"http://rdf-plantmetwiki.bioinformatics.nl/pathways/PC754","cis-vaccenate biosynthesis","8"
"http://rdf-plantmetwiki.bioinformatics.nl/pathways/PC766","fatty acid biosynthesis initiation (plant mitochondria)","8"
"http://rdf-plantmetwiki.bioinformatics.nl/pathways/PC94","allantoin degradation to glyoxylate I","8"
"http://rdf-plantmetwiki.bioinformatics.nl/pathways/PC791","D-myo-inositol (1,3,4)-trisphosphate biosynthesis","8"
"http://rdf-plantmetwiki.bioinformatics.nl/pathways/PC817","anthocyanidin 3-malylglucoside biosynthesis (acyl-glucose dependent)","8"
"http://rdf-plantmetwiki.bioinformatics.nl/pathways/PC37","cyanide degradation","8"
"http://rdf-plantmetwiki.bioinformatics.nl/pathways/PC970","capsidiol biosynthesis","8"
"http://rdf-plantmetwiki.bioinformatics.nl/pathways/PC459","9-lipoxygenase and 9-hydroperoxide lyase pathway","8"
"http://rdf-plantmetwiki.bioinformatics.nl/pathways/RC852","RXN-15525","8"
"http://rdf-plantmetwiki.bioinformatics.nl/pathways/PC724","canthaxanthin biosynthesis","8"
"http://rdf-plantmetwiki.bioinformatics.nl/pathways/PC504","3-(4-hydroxyphenyl)pyruvate biosynthesis","8"
"http://rdf-plantmetwiki.bioinformatics.nl/pathways/PC383","pyridoxal 5'-phosphate biosynthesis II","8"
"http://rdf-plantmetwiki.bioinformatics.nl/pathways/PC649","trehalose biosynthesis I","8"
"http://rdf-plantmetwiki.bioinformatics.nl/pathways/PC367","coniferin metabolism","8"
"http://rdf-plantmetwiki.bioinformatics.nl/pathways/PC844","L-threonine biosynthesis","8"
"http://rdf-plantmetwiki.bioinformatics.nl/pathways/PC560","chlorophyll a biosynthesis I","8"
"http://rdf-plantmetwiki.bioinformatics.nl/pathways/PC550","costunolide biosynthesis I","8"
"http://rdf-plantmetwiki.bioinformatics.nl/pathways/RC783","RXN-7645","8"
"http://rdf-plantmetwiki.bioinformatics.nl/pathways/PC812","glutamate-glutamine shuttle","8"
"http://rdf-plantmetwiki.bioinformatics.nl/pathways/PC248","gallate biosynthesis","8"
"http://rdf-plantmetwiki.bioinformatics.nl/pathways/PC741","patchoulol biosynthesis","8"
"http://rdf-plantmetwiki.bioinformatics.nl/pathways/PC1119","β-alanine betaine biosynthesis","8"
"http://rdf-plantmetwiki.bioinformatics.nl/pathways/PC720","naringenin glycoside biosynthesis","8"
"http://rdf-plantmetwiki.bioinformatics.nl/pathways/RC791","RXN-8332","8"
"http://rdf-plantmetwiki.bioinformatics.nl/pathways/PC742","ethanol degradation I","8"
"http://rdf-plantmetwiki.bioinformatics.nl/pathways/PC417","cyanidin 3,7-diglucoside polyacylation biosynthesis","8"
"http://rdf-plantmetwiki.bioinformatics.nl/pathways/PC588","phytol salvage pathway","8"
"http://rdf-plantmetwiki.bioinformatics.nl/pathways/PC126","furcatin degradation","8"
"http://rdf-plantmetwiki.bioinformatics.nl/pathways/RC1133","AMP-DEPHOSPHORYLATION-RXN","8"
"http://rdf-plantmetwiki.bioinformatics.nl/pathways/PC1057","magnoflorine biosynthesis","8"
"http://rdf-plantmetwiki.bioinformatics.nl/pathways/PC1037","steviol biosynthesis","8"
"http://rdf-plantmetwiki.bioinformatics.nl/pathways/PC299","N-methylanthraniloyl-β-D-glucopyranose biosynthesis","8"
"http://rdf-plantmetwiki.bioinformatics.nl/pathways/PC542","chlorophyll a degradation III","8"
"http://rdf-plantmetwiki.bioinformatics.nl/pathways/PC1091","lathyrine biosynthesis","8"
"http://rdf-plantmetwiki.bioinformatics.nl/pathways/PC1117","pyrimidine deoxyribonucleotide phosphorylation","8"
"http://rdf-plantmetwiki.bioinformatics.nl/pathways/PC1133","esculetin biosynthesis","8"
"http://rdf-plantmetwiki.bioinformatics.nl/pathways/PC198","GDP-L-fucose biosynthesis I (from GDP-D-mannose)","8"
"http://rdf-plantmetwiki.bioinformatics.nl/pathways/PC590","L-phenylalanine biosynthesis III (cytosolic, plants)","8"
"http://rdf-plantmetwiki.bioinformatics.nl/pathways/RC597","RXN-2207","8"
"http://rdf-plantmetwiki.bioinformatics.nl/pathways/PC1041","homophytochelatin biosynthesis","8"
"http://rdf-plantmetwiki.bioinformatics.nl/pathways/PC1153","oleanolate biosynthesis","8"
"http://rdf-plantmetwiki.bioinformatics.nl/pathways/PC435","photosynthesis light reactions I (plastocyanin)","8"
"http://rdf-plantmetwiki.bioinformatics.nl/pathways/PC976","lactucaxanthin biosynthesis","8"
"http://rdf-plantmetwiki.bioinformatics.nl/pathways/PC782","methylhalides biosynthesis (plants)","8"
"http://rdf-plantmetwiki.bioinformatics.nl/pathways/PC239","mimosine biosynthesis","8"
"http://rdf-plantmetwiki.bioinformatics.nl/pathways/PC595","divinyl ether biosynthesis I","8"
"http://rdf-plantmetwiki.bioinformatics.nl/pathways/RC183","RXN-4603","8"
"http://rdf-plantmetwiki.bioinformatics.nl/pathways/PC1033","adenine and adenosine salvage II","8"
"http://rdf-plantmetwiki.bioinformatics.nl/pathways/PC334","methylsalicylate degradation","8"
"http://rdf-plantmetwiki.bioinformatics.nl/pathways/PC759","abscisic acid degradation to phaseic acid","8"
"http://rdf-plantmetwiki.bioinformatics.nl/pathways/PC814","vestitol and sativan biosynthesis","8"
"http://rdf-plantmetwiki.bioinformatics.nl/pathways/PC843","hinokiresinol biosynthesis","8"
"http://rdf-plantmetwiki.bioinformatics.nl/pathways/RC122","RXN-17677","8"
"http://rdf-plantmetwiki.bioinformatics.nl/pathways/PC495","gallate biosynthesis","8"
"http://rdf-plantmetwiki.bioinformatics.nl/pathways/PC626","neolinustatin bioactivation","8"
"http://rdf-plantmetwiki.bioinformatics.nl/pathways/PC899","oleoresin sesquiterpene volatiles biosynthesis","8"
"http://rdf-plantmetwiki.bioinformatics.nl/pathways/RC1037","RXNQT-4317","8"
"http://rdf-plantmetwiki.bioinformatics.nl/pathways/PC1118","usnate biosynthesis","8"
"http://rdf-plantmetwiki.bioinformatics.nl/pathways/PC752","ammonia assimilation cycle II","8"
"http://rdf-plantmetwiki.bioinformatics.nl/pathways/PC95","putrescine biosynthesis II","8"
"http://rdf-plantmetwiki.bioinformatics.nl/pathways/PC823","pyruvate fermentation to ethanol II","8"
"http://rdf-plantmetwiki.bioinformatics.nl/pathways/PC1095","CDP-diacylglycerol biosynthesis IV","8"
"http://rdf-plantmetwiki.bioinformatics.nl/pathways/PC207","petroselinate biosynthesis","8"
"http://rdf-plantmetwiki.bioinformatics.nl/pathways/PC9","26,27-dehydrozymosterol metabolism","8"
"http://rdf-plantmetwiki.bioinformatics.nl/pathways/PC771","pelargonidin diglucoside biosynthesis (acyl-glucose dependent)","8"
"http://rdf-plantmetwiki.bioinformatics.nl/pathways/PC329","glycerol degradation I","8"
"http://rdf-plantmetwiki.bioinformatics.nl/pathways/PC434","guanine and guanosine salvage III","8"
"http://rdf-plantmetwiki.bioinformatics.nl/pathways/PC703","oryzalexin D and E biosynthesis","8"
"http://rdf-plantmetwiki.bioinformatics.nl/pathways/RC705","RXNQT-4316","8"
"http://rdf-plantmetwiki.bioinformatics.nl/pathways/RC433","RXNQT-4315","8"
"http://rdf-plantmetwiki.bioinformatics.nl/pathways/PC929","fenchone biosynthesis","8"
"http://rdf-plantmetwiki.bioinformatics.nl/pathways/PC979","delphinidin diglucoside biosynthesis (acyl-glucose dependent)","7"
"http://rdf-plantmetwiki.bioinformatics.nl/pathways/PC777","putrescine biosynthesis I","7"
"http://rdf-plantmetwiki.bioinformatics.nl/pathways/PC42","L-proline biosynthesis IV","7"
"http://rdf-plantmetwiki.bioinformatics.nl/pathways/RC169","GMP-SYN-NH3-RXN","7"
"http://rdf-plantmetwiki.bioinformatics.nl/pathways/PC804","sulfate activation for sulfonation","7"
"http://rdf-plantmetwiki.bioinformatics.nl/pathways/PC570","L-methionine degradation II","7"
"http://rdf-plantmetwiki.bioinformatics.nl/pathways/RC564","1.14.11.19-RXN","7"
"http://rdf-plantmetwiki.bioinformatics.nl/pathways/RC387","RXN-10429","7"
"http://rdf-plantmetwiki.bioinformatics.nl/pathways/RC1174","RXN-1441","7"
"http://rdf-plantmetwiki.bioinformatics.nl/pathways/RC468","RXN-10884","7"
"http://rdf-plantmetwiki.bioinformatics.nl/pathways/PC890","malate-oxaloacetate shuttle II","7"
"http://rdf-plantmetwiki.bioinformatics.nl/pathways/PC134","caffeine degradation II","7"
"http://rdf-plantmetwiki.bioinformatics.nl/pathways/PC726","NAD biosynthesis from nicotinamide","7"
"http://rdf-plantmetwiki.bioinformatics.nl/pathways/PC266","L-glutamine biosynthesis I","7"
"http://rdf-plantmetwiki.bioinformatics.nl/pathways/PC141","spermine and spermidine degradation III","7"
"http://rdf-plantmetwiki.bioinformatics.nl/pathways/PC149","phosphatidylserine and phosphatidylethanolamine biosynthesis I","7"
"http://rdf-plantmetwiki.bioinformatics.nl/pathways/RC304","RXN-22735","7"
"http://rdf-plantmetwiki.bioinformatics.nl/pathways/PC611","cyanate degradation","7"
"http://rdf-plantmetwiki.bioinformatics.nl/pathways/RC617","RXN-7797","7"
"http://rdf-plantmetwiki.bioinformatics.nl/pathways/PC338","L-glutamate biosynthesis II","7"
"http://rdf-plantmetwiki.bioinformatics.nl/pathways/PC797","acetate and ATP formation from acetyl-CoA I","7"
"http://rdf-plantmetwiki.bioinformatics.nl/pathways/PC953","lotaustralin degradation","7"
"http://rdf-plantmetwiki.bioinformatics.nl/pathways/RC569","RXN-8349","7"
"http://rdf-plantmetwiki.bioinformatics.nl/pathways/PC457","guanine and guanosine salvage II","7"
"http://rdf-plantmetwiki.bioinformatics.nl/pathways/PC799","nitrate reduction II (assimilatory)","7"
"http://rdf-plantmetwiki.bioinformatics.nl/pathways/RC641","RXN-602","7"
"http://rdf-plantmetwiki.bioinformatics.nl/pathways/PC85","D-serine metabolism","7"
"http://rdf-plantmetwiki.bioinformatics.nl/pathways/PC351","glycerol-3-phosphate shuttle","7"
"http://rdf-plantmetwiki.bioinformatics.nl/pathways/PC986","4-aminobenzoate biosynthesis I","7"
"http://rdf-plantmetwiki.bioinformatics.nl/pathways/PC162","betulinate biosynthesis","7"
"http://rdf-plantmetwiki.bioinformatics.nl/pathways/PC974","labdenediol and sclareol biosynthesis","7"
"http://rdf-plantmetwiki.bioinformatics.nl/pathways/RC355","RXN-10435","7"
"http://rdf-plantmetwiki.bioinformatics.nl/pathways/PC89","triacylglycerol degradation","7"
"http://rdf-plantmetwiki.bioinformatics.nl/pathways/PC481","(+)-secoisolariciresinol diglucoside biosynthesis","7"
"http://rdf-plantmetwiki.bioinformatics.nl/pathways/PC93","phytyl pyrophosphate biosynthesis","7"
"http://rdf-plantmetwiki.bioinformatics.nl/pathways/RC1","RXN-10437","7"
"http://rdf-plantmetwiki.bioinformatics.nl/pathways/PC534","lampranthin biosynthesis","7"
"http://rdf-plantmetwiki.bioinformatics.nl/pathways/PC432","L-glutamate degradation I","7"
"http://rdf-plantmetwiki.bioinformatics.nl/pathways/PC1106","1,3,5-trimethoxybenzene biosynthesis","7"
"http://rdf-plantmetwiki.bioinformatics.nl/pathways/RC1117","RXN-10886","7"
"http://rdf-plantmetwiki.bioinformatics.nl/pathways/RC193","RXN-10433","7"
"http://rdf-plantmetwiki.bioinformatics.nl/pathways/PC80","acylsucrose biosynthesis (Solanum pennellii)","7"
"http://rdf-plantmetwiki.bioinformatics.nl/pathways/RC59","RXN-12202","7"
"http://rdf-plantmetwiki.bioinformatics.nl/pathways/RC343","RXN-13398","7"
"http://rdf-plantmetwiki.bioinformatics.nl/pathways/PC202","xylan biosynthesis","7"
"http://rdf-plantmetwiki.bioinformatics.nl/pathways/RC1143","RXN-11230","7"
"http://rdf-plantmetwiki.bioinformatics.nl/pathways/PC1155","fructose 2,6-bisphosphate biosynthesis","7"
"http://rdf-plantmetwiki.bioinformatics.nl/pathways/PC776","myo-inositol biosynthesis","7"
"http://rdf-plantmetwiki.bioinformatics.nl/pathways/RC540","RXN-10432","7"
"http://rdf-plantmetwiki.bioinformatics.nl/pathways/RC695","ACETYL-COA-CARBOXYLTRANSFER-RXN","7"
"http://rdf-plantmetwiki.bioinformatics.nl/pathways/PC311","(E,E)-4,8,12-trimethyltrideca-1,3,7,11-tetraene biosynthesis","7"
"http://rdf-plantmetwiki.bioinformatics.nl/pathways/PC886","iron reduction and absorption","7"
"http://rdf-plantmetwiki.bioinformatics.nl/pathways/RC479","RXN-10436","7"
"http://rdf-plantmetwiki.bioinformatics.nl/pathways/RC476","RXN-7651","7"
"http://rdf-plantmetwiki.bioinformatics.nl/pathways/RC656","RXN-12201","7"
"http://rdf-plantmetwiki.bioinformatics.nl/pathways/PC997","betaxanthin biosynthesis (via dopamine)","7"
"http://rdf-plantmetwiki.bioinformatics.nl/pathways/PC1145","baicalein degradation (hydrogen peroxide detoxification)","7"
"http://rdf-plantmetwiki.bioinformatics.nl/pathways/PC859","fatty acid elongation--saturated","7"
"http://rdf-plantmetwiki.bioinformatics.nl/pathways/PC1042","acacetin biosynthesis","7"
"http://rdf-plantmetwiki.bioinformatics.nl/pathways/RC391","RXN-14325","7"
"http://rdf-plantmetwiki.bioinformatics.nl/pathways/PC476","spermine biosynthesis","7"
"http://rdf-plantmetwiki.bioinformatics.nl/pathways/PC802","salicylate biosynthesis III","7"
"http://rdf-plantmetwiki.bioinformatics.nl/pathways/PC897","mangrove triterpenoid biosynthesis","7"
"http://rdf-plantmetwiki.bioinformatics.nl/pathways/RC371","2.7.9.5-RXN","7"
"http://rdf-plantmetwiki.bioinformatics.nl/pathways/RC302","RXN-10434","7"
"http://rdf-plantmetwiki.bioinformatics.nl/pathways/RC1027","RXN-21434","7"
"http://rdf-plantmetwiki.bioinformatics.nl/pathways/RC1187","RXN-1061","7"
"http://rdf-plantmetwiki.bioinformatics.nl/pathways/PC206","capsanthin and capsorubin biosynthesis","7"
"http://rdf-plantmetwiki.bioinformatics.nl/pathways/PC238","laudanine biosynthesis","7"
"http://rdf-plantmetwiki.bioinformatics.nl/pathways/PC710","sulfur volatiles biosynthesis","7"
"http://rdf-plantmetwiki.bioinformatics.nl/pathways/PC1128","oligomeric urushiol biosynthesis","7"
"http://rdf-plantmetwiki.bioinformatics.nl/pathways/PC875","(7Z,10Z,13Z)-hexadecatrienoate biosynthesis","7"
"http://rdf-plantmetwiki.bioinformatics.nl/pathways/RC1291","RXN-10885","7"
"http://rdf-plantmetwiki.bioinformatics.nl/pathways/RC449","6.3.5.6-RXN","7"
"http://rdf-plantmetwiki.bioinformatics.nl/pathways/PC913","ricinoleate biosynthesis","7"
"http://rdf-plantmetwiki.bioinformatics.nl/pathways/RC991","RXN-10887","7"
"http://rdf-plantmetwiki.bioinformatics.nl/pathways/PC441","3-amino-3-phenylpropanoyl-CoA biosynthesis","7"
"http://rdf-plantmetwiki.bioinformatics.nl/pathways/PC212","pentose phosphate pathway (non-oxidative branch) I","7"
"http://rdf-plantmetwiki.bioinformatics.nl/pathways/PC368","phenylethanol glycoconjugate biosynthesis","7"
"http://rdf-plantmetwiki.bioinformatics.nl/pathways/RC760","ricinoleyl-CoA desaturase","7"
"http://rdf-plantmetwiki.bioinformatics.nl/pathways/PC1124","aromatic polyketides biosynthesis","7"
"http://rdf-plantmetwiki.bioinformatics.nl/pathways/RC1093","ASNSYNA-RXN","7"
"http://rdf-plantmetwiki.bioinformatics.nl/pathways/RC1102","RXN-10438","7"
"http://rdf-plantmetwiki.bioinformatics.nl/pathways/PC573","zeaxanthin biosynthesis","7"
"http://rdf-plantmetwiki.bioinformatics.nl/pathways/PC469","molybdenum cofactor sulfulylation (eukaryotes)","7"
"http://rdf-plantmetwiki.bioinformatics.nl/pathways/PC610","spermidine biosynthesis I","7"
"http://rdf-plantmetwiki.bioinformatics.nl/pathways/PC861","maysin biosynthesis","7"
"http://rdf-plantmetwiki.bioinformatics.nl/pathways/PC356","pyrimidine ribonucleosides salvage II","7"
"http://rdf-plantmetwiki.bioinformatics.nl/pathways/RC82","RXN-13191","7"
"http://rdf-plantmetwiki.bioinformatics.nl/pathways/RC880","GLUTDEHYD-RXN","7"
"http://rdf-plantmetwiki.bioinformatics.nl/pathways/RC601","RXN-7863","7"
"http://rdf-plantmetwiki.bioinformatics.nl/pathways/RC103","RXN-10431","7"
"http://rdf-plantmetwiki.bioinformatics.nl/pathways/PC382","des-methyl avenacin A-1 biosynthesis","7"
"http://rdf-plantmetwiki.bioinformatics.nl/pathways/PC131","serinol biosynthesis","7"
"http://rdf-plantmetwiki.bioinformatics.nl/pathways/PC253","fructan degradation","7"
"http://rdf-plantmetwiki.bioinformatics.nl/pathways/RC40","RXN-12259","7"
"http://rdf-plantmetwiki.bioinformatics.nl/pathways/RC140","RXN-13334","7"
"http://rdf-plantmetwiki.bioinformatics.nl/pathways/RC340","6.3.5.7-RXN","7"
"http://rdf-plantmetwiki.bioinformatics.nl/pathways/PC394","gramine biosynthesis","7"
"http://rdf-plantmetwiki.bioinformatics.nl/pathways/PC489","perillyl aldehyde biosynthesis","7"
"http://rdf-plantmetwiki.bioinformatics.nl/pathways/PC490","polyisoprenoid biosynthesis","7"
"http://rdf-plantmetwiki.bioinformatics.nl/pathways/PC127","pinolenate and coniferonate biosynthesis","7"
"http://rdf-plantmetwiki.bioinformatics.nl/pathways/RC154","1.5.1.7-RXN","7"
"http://rdf-plantmetwiki.bioinformatics.nl/pathways/PC532","abscisic acid degradation by glucosylation","7"
"http://rdf-plantmetwiki.bioinformatics.nl/pathways/PC38","geranyl β-primeveroside biosynthesis","7"
"http://rdf-plantmetwiki.bioinformatics.nl/pathways/RC310","RXN-20084","7"
"http://rdf-plantmetwiki.bioinformatics.nl/pathways/RC1081","GARTRANSFORMYL2-RXN","7"
"http://rdf-plantmetwiki.bioinformatics.nl/pathways/PC307","geranyl acetate biosynthesis","7"
"http://rdf-plantmetwiki.bioinformatics.nl/pathways/PC196","terminal olefins biosynthesis II","7"
"http://rdf-plantmetwiki.bioinformatics.nl/pathways/PC900","acetyl-CoA biosynthesis from citrate","7"
"http://rdf-plantmetwiki.bioinformatics.nl/pathways/PC360","ursolate biosynthesis","7"
"http://rdf-plantmetwiki.bioinformatics.nl/pathways/RC84","1-pyrroline-5-carboxylate dehydrogenase","7"
"http://rdf-plantmetwiki.bioinformatics.nl/pathways/RC44","RXN-9221","7"
"http://rdf-plantmetwiki.bioinformatics.nl/pathways/PC377","putrescine biosynthesis III","7"
"http://rdf-plantmetwiki.bioinformatics.nl/pathways/RC454","RXN-10430","7"
"http://rdf-plantmetwiki.bioinformatics.nl/pathways/PC1038","folate polyglutamylation II","7"
"http://rdf-plantmetwiki.bioinformatics.nl/pathways/RC680","2.7.9.4-RXN","7"
"http://rdf-plantmetwiki.bioinformatics.nl/pathways/PC1087","diacylglyceryl-N,N,N-trimethylhomoserine biosynthesis","7"
"http://rdf-plantmetwiki.bioinformatics.nl/pathways/PC616","oryzalexin A, B, and C biosynthesis","7"
"http://rdf-plantmetwiki.bioinformatics.nl/pathways/PC652","germacrene biosynthesis","7"
"http://rdf-plantmetwiki.bioinformatics.nl/pathways/RC1247","RXN-18964","6"
"http://rdf-plantmetwiki.bioinformatics.nl/pathways/PC864","dhurrin degradation","6"
"http://rdf-plantmetwiki.bioinformatics.nl/pathways/RC1246","RXN-6542","6"
"http://rdf-plantmetwiki.bioinformatics.nl/pathways/RC488","2.4.2.38-RXN","6"
"http://rdf-plantmetwiki.bioinformatics.nl/pathways/PC246","theobromine biosynthesis II (via xanthine)","6"
"http://rdf-plantmetwiki.bioinformatics.nl/pathways/RC537","TDCEACT-RXN","6"
"http://rdf-plantmetwiki.bioinformatics.nl/pathways/PC977","bisbenzylisoquinoline alkaloid biosynthesis","6"
"http://rdf-plantmetwiki.bioinformatics.nl/pathways/RC1068","RXN-18970","6"
"http://rdf-plantmetwiki.bioinformatics.nl/pathways/RC225","RXN-6081","6"
"http://rdf-plantmetwiki.bioinformatics.nl/pathways/RC699","RXN-23868","6"
"http://rdf-plantmetwiki.bioinformatics.nl/pathways/RC1078","SPERMIDINE-DEHYDROGENASE-RXN","6"
"http://rdf-plantmetwiki.bioinformatics.nl/pathways/RC570","RXN-18971","6"
"http://rdf-plantmetwiki.bioinformatics.nl/pathways/PC15","N-glucosylnicotinate metabolism","6"
"http://rdf-plantmetwiki.bioinformatics.nl/pathways/PC885","fenchol biosynthesis II","6"
"http://rdf-plantmetwiki.bioinformatics.nl/pathways/PC18","genistin gentiobioside biosynthesis","6"
"http://rdf-plantmetwiki.bioinformatics.nl/pathways/PC1068","hydroxymethylpyrimidine salvage","6"
"http://rdf-plantmetwiki.bioinformatics.nl/pathways/RC1210","RXN-7002","6"
"http://rdf-plantmetwiki.bioinformatics.nl/pathways/PC145","cis-abienol biosynthesis","6"
"http://rdf-plantmetwiki.bioinformatics.nl/pathways/PC887","3β-hydroxysesquiterpene lactone biosynthesis","6"
"http://rdf-plantmetwiki.bioinformatics.nl/pathways/RC1121","RXN-8094","6"
"http://rdf-plantmetwiki.bioinformatics.nl/pathways/PC662","trigonelline biosynthesis","6"
"http://rdf-plantmetwiki.bioinformatics.nl/pathways/PC798","D-myo-inositol (1,4,5)-trisphosphate degradation","6"
"http://rdf-plantmetwiki.bioinformatics.nl/pathways/RC137","RXN-18957","6"
"http://rdf-plantmetwiki.bioinformatics.nl/pathways/RC1123","RXN-8092","6"
"http://rdf-plantmetwiki.bioinformatics.nl/pathways/PC857","3-methylthiopropanoate biosynthesis","6"
"http://rdf-plantmetwiki.bioinformatics.nl/pathways/RC1152","RXN-7852","6"
"http://rdf-plantmetwiki.bioinformatics.nl/pathways/PC571","indole-3-acetate activation I","6"
"http://rdf-plantmetwiki.bioinformatics.nl/pathways/PC546","6,7,4'-trihydroxyisoflavone biosynthesis","6"
"http://rdf-plantmetwiki.bioinformatics.nl/pathways/RC1243","RXN-7617","6"
"http://rdf-plantmetwiki.bioinformatics.nl/pathways/RC1011","RXN1F-10","6"
"http://rdf-plantmetwiki.bioinformatics.nl/pathways/RC226","RXN-6543","6"
"http://rdf-plantmetwiki.bioinformatics.nl/pathways/RC588","RXN-2122","6"
"http://rdf-plantmetwiki.bioinformatics.nl/pathways/RC107","RXN-9332","6"
"http://rdf-plantmetwiki.bioinformatics.nl/pathways/PC687","thalianol and derivatives biosynthesis","6"
"http://rdf-plantmetwiki.bioinformatics.nl/pathways/RC131","Polyamine oxidase","6"
"http://rdf-plantmetwiki.bioinformatics.nl/pathways/RC611","RXN-10734","6"
"http://rdf-plantmetwiki.bioinformatics.nl/pathways/RC133","RXN1ZN3-10","6"
"http://rdf-plantmetwiki.bioinformatics.nl/pathways/RC1022","RXN-11225","6"
"http://rdf-plantmetwiki.bioinformatics.nl/pathways/RC485","RXN-8162","6"
"http://rdf-plantmetwiki.bioinformatics.nl/pathways/RC1150","14-oxolanosterol deformylase","6"
"http://rdf-plantmetwiki.bioinformatics.nl/pathways/PC156","acetate and ATP formation from acetyl-CoA II","6"
"http://rdf-plantmetwiki.bioinformatics.nl/pathways/RC1071","RXN-22734","6"
"http://rdf-plantmetwiki.bioinformatics.nl/pathways/RC77","RXN-19128","6"
"http://rdf-plantmetwiki.bioinformatics.nl/pathways/RC152","SARCOX-RXN","6"
"http://rdf-plantmetwiki.bioinformatics.nl/pathways/RC349","RXNQT-4140","6"
"http://rdf-plantmetwiki.bioinformatics.nl/pathways/RC162","RXN-18342","6"
"http://rdf-plantmetwiki.bioinformatics.nl/pathways/PC1071","quercetin glucoside degradation (Allium)","6"
"http://rdf-plantmetwiki.bioinformatics.nl/pathways/PC922","(3E)-4,8-dimethylnona-1,3,7-triene biosynthesis II","6"
"http://rdf-plantmetwiki.bioinformatics.nl/pathways/RC637","RXN-9911","6"
"http://rdf-plantmetwiki.bioinformatics.nl/pathways/RC552","RXN-8001","6"
"http://rdf-plantmetwiki.bioinformatics.nl/pathways/RC163","RXN-13162","6"
"http://rdf-plantmetwiki.bioinformatics.nl/pathways/PC530","pterostilbene biosynthesis","6"
"http://rdf-plantmetwiki.bioinformatics.nl/pathways/RC157","ALDHDEHYDROG-RXN","6"
"http://rdf-plantmetwiki.bioinformatics.nl/pathways/PC92","copper transport I","6"
"http://rdf-plantmetwiki.bioinformatics.nl/pathways/RC741","RXN-12251","6"
"http://rdf-plantmetwiki.bioinformatics.nl/pathways/RC718","RXN-7680","6"
"http://rdf-plantmetwiki.bioinformatics.nl/pathways/RC252","1.14.15.6-RXN","6"
"http://rdf-plantmetwiki.bioinformatics.nl/pathways/RC32","SELENOCYSTEINE-LYASE-RXN","6"
"http://rdf-plantmetwiki.bioinformatics.nl/pathways/RC884","RXN-11224","6"
"http://rdf-plantmetwiki.bioinformatics.nl/pathways/PC605","copper transport II","6"
"http://rdf-plantmetwiki.bioinformatics.nl/pathways/PC132","S-methyl-L-methionine cycle","6"
"http://rdf-plantmetwiki.bioinformatics.nl/pathways/RC1254","RXN-8406","6"
"http://rdf-plantmetwiki.bioinformatics.nl/pathways/RC931","RXN-1883","6"
"http://rdf-plantmetwiki.bioinformatics.nl/pathways/RC215","7KAPSYN-RXN","6"
"http://rdf-plantmetwiki.bioinformatics.nl/pathways/RC134","RXN-5482","6"
"http://rdf-plantmetwiki.bioinformatics.nl/pathways/RC253","RXN-19833","6"
"http://rdf-plantmetwiki.bioinformatics.nl/pathways/RC1289","RXN-18356","6"
"http://rdf-plantmetwiki.bioinformatics.nl/pathways/RC721","RXN-11223","6"
"http://rdf-plantmetwiki.bioinformatics.nl/pathways/RC254","RXN-21167","6"
"http://rdf-plantmetwiki.bioinformatics.nl/pathways/PC462","cadmium transport I","6"
"http://rdf-plantmetwiki.bioinformatics.nl/pathways/PC888","3-dehydroquinate biosynthesis I","6"
"http://rdf-plantmetwiki.bioinformatics.nl/pathways/RC797","RXN-12449","6"
"http://rdf-plantmetwiki.bioinformatics.nl/pathways/RC556","RXN-10733","6"
"http://rdf-plantmetwiki.bioinformatics.nl/pathways/PC950","allantoin degradation to ureidoglycolate I (urea producing)","6"
"http://rdf-plantmetwiki.bioinformatics.nl/pathways/RC400","RXN66-339","6"
"http://rdf-plantmetwiki.bioinformatics.nl/pathways/PC717","eudesmol biosynthesis","6"
"http://rdf-plantmetwiki.bioinformatics.nl/pathways/RC428","RXN-14981","6"
"http://rdf-plantmetwiki.bioinformatics.nl/pathways/RC1285","RXN-21170","6"
"http://rdf-plantmetwiki.bioinformatics.nl/pathways/PC618","nitrite reduction (hemoglobin)","6"
"http://rdf-plantmetwiki.bioinformatics.nl/pathways/RC897","RXN-14660","6"
"http://rdf-plantmetwiki.bioinformatics.nl/pathways/PC1054","wax esters biosynthesis I","6"
"http://rdf-plantmetwiki.bioinformatics.nl/pathways/PC230","farnesene biosynthesis","6"
"http://rdf-plantmetwiki.bioinformatics.nl/pathways/RC838","Formaldehyde dehydrogenase (glutathione)","6"
"http://rdf-plantmetwiki.bioinformatics.nl/pathways/RC997","phenylacetaldoxime hydrolase","6"
"http://rdf-plantmetwiki.bioinformatics.nl/pathways/RC5","ALDEHYDE-OXIDASE-RXN","6"
"http://rdf-plantmetwiki.bioinformatics.nl/pathways/RC509","GAPDHSYNEC-RXN","6"
"http://rdf-plantmetwiki.bioinformatics.nl/pathways/RC1106","RXN-7825","6"
"http://rdf-plantmetwiki.bioinformatics.nl/pathways/PC733","ajugose biosynthesis II (galactinol-independent)","6"
"http://rdf-plantmetwiki.bioinformatics.nl/pathways/RC42","RXNQT-4365","6"
"http://rdf-plantmetwiki.bioinformatics.nl/pathways/RC558","RXN-14857","6"
"http://rdf-plantmetwiki.bioinformatics.nl/pathways/RC27","RXN-6546","6"
"http://rdf-plantmetwiki.bioinformatics.nl/pathways/RC1073","RXN-9673","6"
"http://rdf-plantmetwiki.bioinformatics.nl/pathways/RC284","3.6.3.35-RXN","6"
"http://rdf-plantmetwiki.bioinformatics.nl/pathways/RC849","RXN-12257","6"
"http://rdf-plantmetwiki.bioinformatics.nl/pathways/RC1090","RXN-7826","6"
"http://rdf-plantmetwiki.bioinformatics.nl/pathways/PC910","dihydroconiferyl alcohol biosynthesis","6"
"http://rdf-plantmetwiki.bioinformatics.nl/pathways/RC1089","RXN-8089","6"
"http://rdf-plantmetwiki.bioinformatics.nl/pathways/PC559","pentaketide chromone biosynthesis","6"
"http://rdf-plantmetwiki.bioinformatics.nl/pathways/RC937","RXN-14332","6"
"http://rdf-plantmetwiki.bioinformatics.nl/pathways/RC398","RXN-11226","6"
"http://rdf-plantmetwiki.bioinformatics.nl/pathways/PC221","adenosylcobalamin salvage from cobalamin","6"
"http://rdf-plantmetwiki.bioinformatics.nl/pathways/PC713","long-chain fatty acid activation","6"
"http://rdf-plantmetwiki.bioinformatics.nl/pathways/PC50","methylsalicylate biosynthesis","6"
"http://rdf-plantmetwiki.bioinformatics.nl/pathways/RC671","RXN-6547","6"
"http://rdf-plantmetwiki.bioinformatics.nl/pathways/RC100","UBIQUITIN--PROTEIN-LIGASE-RXN","6"
"http://rdf-plantmetwiki.bioinformatics.nl/pathways/PC302","calendate biosynthesis","6"
"http://rdf-plantmetwiki.bioinformatics.nl/pathways/RC300","RXN-8090","6"
"http://rdf-plantmetwiki.bioinformatics.nl/pathways/RC756","RXN-12978","6"
"http://rdf-plantmetwiki.bioinformatics.nl/pathways/RC811","1.5.99.12-RXN","6"
"http://rdf-plantmetwiki.bioinformatics.nl/pathways/PC288","3,5-dimethoxytoluene biosynthesis","6"
"http://rdf-plantmetwiki.bioinformatics.nl/pathways/RC737","RXN-12185","6"
"http://rdf-plantmetwiki.bioinformatics.nl/pathways/RC232","carotene 7,8-desaturase","6"
"http://rdf-plantmetwiki.bioinformatics.nl/pathways/RC973","RXN-8348","6"
"http://rdf-plantmetwiki.bioinformatics.nl/pathways/RC1293","RXN-18212","6"
"http://rdf-plantmetwiki.bioinformatics.nl/pathways/RC301","RXN-12332","6"
"http://rdf-plantmetwiki.bioinformatics.nl/pathways/RC1257","RXN-8071","6"
"http://rdf-plantmetwiki.bioinformatics.nl/pathways/PC866","rose anthocyanin biosynthesis I (via cyanidin 5-O-β-D-glucoside)","6"
"http://rdf-plantmetwiki.bioinformatics.nl/pathways/PC736","starch degradation I","6"
"http://rdf-plantmetwiki.bioinformatics.nl/pathways/RC483","RXN-18967","6"
"http://rdf-plantmetwiki.bioinformatics.nl/pathways/PC337","chlorophyll a biosynthesis III","6"
"http://rdf-plantmetwiki.bioinformatics.nl/pathways/RC375","RXN-13681","6"
"http://rdf-plantmetwiki.bioinformatics.nl/pathways/PC272","bergamotene biosynthesis II","6"
"http://rdf-plantmetwiki.bioinformatics.nl/pathways/RC965","RXN-12883","6"
"http://rdf-plantmetwiki.bioinformatics.nl/pathways/RC143","RXN-11289","6"
"http://rdf-plantmetwiki.bioinformatics.nl/pathways/RC120","thiamin phosphate synthase","6"
"http://rdf-plantmetwiki.bioinformatics.nl/pathways/RC1113","RXN-7183","6"
"http://rdf-plantmetwiki.bioinformatics.nl/pathways/RC255","RXN-20768","6"
"http://rdf-plantmetwiki.bioinformatics.nl/pathways/RC541","RXN-11401","6"
"http://rdf-plantmetwiki.bioinformatics.nl/pathways/PC874","gentisate 5-O-β-D-xylopyranoside biosynthesis","6"
"http://rdf-plantmetwiki.bioinformatics.nl/pathways/PC477","santalene biosynthesis II","6"
"http://rdf-plantmetwiki.bioinformatics.nl/pathways/RC1134","RXN-12610","6"
"http://rdf-plantmetwiki.bioinformatics.nl/pathways/RC875","RXN-19646","6"
"http://rdf-plantmetwiki.bioinformatics.nl/pathways/RC331","RXN-18199","6"
"http://rdf-plantmetwiki.bioinformatics.nl/pathways/PC682","calmodulin regulated calcium transport","6"
"http://rdf-plantmetwiki.bioinformatics.nl/pathways/RC1275","RXN-23866","6"
"http://rdf-plantmetwiki.bioinformatics.nl/pathways/RC73","RXN-8088","6"
"http://rdf-plantmetwiki.bioinformatics.nl/pathways/RC505","RXN-18962","6"
"http://rdf-plantmetwiki.bioinformatics.nl/pathways/PC111","dalpatein and dalnigrein biosynthesis","6"
"http://rdf-plantmetwiki.bioinformatics.nl/pathways/PC948","terminal olefins biosynthesis I","6"
"http://rdf-plantmetwiki.bioinformatics.nl/pathways/PC392","phenylpropanoid biosynthesis, initial reactions","6"
"http://rdf-plantmetwiki.bioinformatics.nl/pathways/RC585","3.2.1.114-RXN","6"
"http://rdf-plantmetwiki.bioinformatics.nl/pathways/RC546","RXN-18960","6"
"http://rdf-plantmetwiki.bioinformatics.nl/pathways/PC964","glutathione degradation","6"
"http://rdf-plantmetwiki.bioinformatics.nl/pathways/RC823","RXN-16415","6"
"http://rdf-plantmetwiki.bioinformatics.nl/pathways/RC360","GLUTAMATESYN-RXN","6"
"http://rdf-plantmetwiki.bioinformatics.nl/pathways/PC569","(R)-canadine biosynthesis","6"
"http://rdf-plantmetwiki.bioinformatics.nl/pathways/PC296","2α,7β-dihydroxylation of taxusin","6"
"http://rdf-plantmetwiki.bioinformatics.nl/pathways/PC289","acetaldehyde biosynthesis I","6"
"http://rdf-plantmetwiki.bioinformatics.nl/pathways/PC23","arctigenin and isoarctigenin biosynthesis","6"
"http://rdf-plantmetwiki.bioinformatics.nl/pathways/RC437","CINNAMOYL-COA-REDUCTASE-RXN","6"
"http://rdf-plantmetwiki.bioinformatics.nl/pathways/RC674","RXN-12670","6"
"http://rdf-plantmetwiki.bioinformatics.nl/pathways/PC1036","diacylglycerol biosynthesis (PUFA enrichment in oilseed)","6"
"http://rdf-plantmetwiki.bioinformatics.nl/pathways/RC207","RXN-18965","6"
"http://rdf-plantmetwiki.bioinformatics.nl/pathways/RC23","RXN-18968","6"
"http://rdf-plantmetwiki.bioinformatics.nl/pathways/RC531","pyridoxal 5&prime;-phosphate synthase (glutamine hydrolyzing)","6"
"http://rdf-plantmetwiki.bioinformatics.nl/pathways/RC329","1.14.11.2-RXN","6"
"http://rdf-plantmetwiki.bioinformatics.nl/pathways/PC729","D-serine degradation","6"
"http://rdf-plantmetwiki.bioinformatics.nl/pathways/RC1270","MONOPHENOL-MONOOXYGENASE-RXN","6"
"http://rdf-plantmetwiki.bioinformatics.nl/pathways/PC760","tricetin methylation","6"
"http://rdf-plantmetwiki.bioinformatics.nl/pathways/PC49","guanosine deoxyribonucleotides de novo biosynthesis I","6"
"http://rdf-plantmetwiki.bioinformatics.nl/pathways/RC984","1.1.1.170-RXN","5"
"http://rdf-plantmetwiki.bioinformatics.nl/pathways/RC1237","ENTF-RXN","5"
"http://rdf-plantmetwiki.bioinformatics.nl/pathways/RC924","RXN-12086","5"
"http://rdf-plantmetwiki.bioinformatics.nl/pathways/RC1217","RXN-12307","5"
"http://rdf-plantmetwiki.bioinformatics.nl/pathways/RC504","RXN-13023","5"
"http://rdf-plantmetwiki.bioinformatics.nl/pathways/PC1085","oxalate degradation IV","5"
"http://rdf-plantmetwiki.bioinformatics.nl/pathways/RC929","RXN-13190","5"
"http://rdf-plantmetwiki.bioinformatics.nl/pathways/RC519","RXN-9564","5"
"http://rdf-plantmetwiki.bioinformatics.nl/pathways/PC24","superoxide radicals degradation","5"
"http://rdf-plantmetwiki.bioinformatics.nl/pathways/RC1021","RXN-5481","5"
"http://rdf-plantmetwiki.bioinformatics.nl/pathways/RC352","3-methyl-2-oxobutanoate dehydrogenase [(S)-2-methylbutanoyl-transferring)","5"
"http://rdf-plantmetwiki.bioinformatics.nl/pathways/RC160","ALCOHOL-DEHYDROGENASE-NADPORNOP+-RXN","5"
"http://rdf-plantmetwiki.bioinformatics.nl/pathways/RC116","2.4.1.198-RXN","5"
"http://rdf-plantmetwiki.bioinformatics.nl/pathways/PC83","rubber biosynthesis","5"
"http://rdf-plantmetwiki.bioinformatics.nl/pathways/PC719","guaiacol biosynthesis","5"
"http://rdf-plantmetwiki.bioinformatics.nl/pathways/PC439","malate-oxaloacetate shuttle I","5"
"http://rdf-plantmetwiki.bioinformatics.nl/pathways/RC118","RXN-14003","5"
"http://rdf-plantmetwiki.bioinformatics.nl/pathways/RC303","2.7.7.11-RXN","5"
"http://rdf-plantmetwiki.bioinformatics.nl/pathways/PC545","vernolate biosynthesis I","5"
"http://rdf-plantmetwiki.bioinformatics.nl/pathways/RC840","TRYPSYN-RXN","5"
"http://rdf-plantmetwiki.bioinformatics.nl/pathways/PC468","ajugose biosynthesis I (galactinol-dependent)","5"
"http://rdf-plantmetwiki.bioinformatics.nl/pathways/RC35","RXN-20373","5"
"http://rdf-plantmetwiki.bioinformatics.nl/pathways/RC462","RXN-13938","5"
"http://rdf-plantmetwiki.bioinformatics.nl/pathways/RC376","RXN-9136","5"
"http://rdf-plantmetwiki.bioinformatics.nl/pathways/RC187","2.5.1.46-RXN","5"
"http://rdf-plantmetwiki.bioinformatics.nl/pathways/RC744","RXN-9565","5"
"http://rdf-plantmetwiki.bioinformatics.nl/pathways/RC332","HOMOCYSTEINE-S-METHYLTRANSFERASE-RXN","5"
"http://rdf-plantmetwiki.bioinformatics.nl/pathways/RC1066","RXN-12417","5"
"http://rdf-plantmetwiki.bioinformatics.nl/pathways/RC285","RXN-22406","5"
"http://rdf-plantmetwiki.bioinformatics.nl/pathways/RC213","RXN-8344","5"
"http://rdf-plantmetwiki.bioinformatics.nl/pathways/RC544","RXN-4309","5"
"http://rdf-plantmetwiki.bioinformatics.nl/pathways/RC403","HYDROXYPRODEHYDROG-RXN","5"
"http://rdf-plantmetwiki.bioinformatics.nl/pathways/RC647","2.7.7.64-RXN","5"
"http://rdf-plantmetwiki.bioinformatics.nl/pathways/RC1056","RXN-22711","5"
"http://rdf-plantmetwiki.bioinformatics.nl/pathways/RC1001","NADNUCLEOSID-RXN","5"
"http://rdf-plantmetwiki.bioinformatics.nl/pathways/RC501","SULFATE-ADENYLYLTRANSFERASE-ADP-RXN","5"
"http://rdf-plantmetwiki.bioinformatics.nl/pathways/RC221","RXN-21159","5"
"http://rdf-plantmetwiki.bioinformatics.nl/pathways/RC1132","RXN-13020","5"
"http://rdf-plantmetwiki.bioinformatics.nl/pathways/RC697","RXN-20169","5"
"http://rdf-plantmetwiki.bioinformatics.nl/pathways/RC482","2.4.1.143-RXN","5"
"http://rdf-plantmetwiki.bioinformatics.nl/pathways/RC346","RXN-11473","5"
"http://rdf-plantmetwiki.bioinformatics.nl/pathways/RC70","ALCOHOL-DEHYDROG-GENERIC-RXN","5"
"http://rdf-plantmetwiki.bioinformatics.nl/pathways/RC305","RXN-708","5"
"http://rdf-plantmetwiki.bioinformatics.nl/pathways/RC178","fatty acid elongation","5"
"http://rdf-plantmetwiki.bioinformatics.nl/pathways/RC896","NADH-DEHYDROGENASE-RXN","5"
"http://rdf-plantmetwiki.bioinformatics.nl/pathways/RC4","Farnesyl-diphosphate farnesyltransferase","5"
"http://rdf-plantmetwiki.bioinformatics.nl/pathways/PC938","acyl carrier protein metabolism","5"
"http://rdf-plantmetwiki.bioinformatics.nl/pathways/RC1047","RXN-12304","5"
"http://rdf-plantmetwiki.bioinformatics.nl/pathways/RC649","RXN-12127","5"
"http://rdf-plantmetwiki.bioinformatics.nl/pathways/RC593","RXN0-1441","5"
"http://rdf-plantmetwiki.bioinformatics.nl/pathways/RC170","RXN-18343","5"
"http://rdf-plantmetwiki.bioinformatics.nl/pathways/RC256","RXN-12645","5"
"http://rdf-plantmetwiki.bioinformatics.nl/pathways/PC386","(5Z)-icosenoate biosynthesis","5"
"http://rdf-plantmetwiki.bioinformatics.nl/pathways/RC269","THIAZOLSYN3-RXN","5"
"http://rdf-plantmetwiki.bioinformatics.nl/pathways/RC855","RXN-17900","5"
"http://rdf-plantmetwiki.bioinformatics.nl/pathways/RC146","RXN-19639","5"
"http://rdf-plantmetwiki.bioinformatics.nl/pathways/RC619","ACETYL-COA-HYDROLASE-RXN","5"
"http://rdf-plantmetwiki.bioinformatics.nl/pathways/RC1003","RXN-11935","5"
"http://rdf-plantmetwiki.bioinformatics.nl/pathways/PC505","α-eleostearate biosynthesis","5"
"http://rdf-plantmetwiki.bioinformatics.nl/pathways/RC715","CARBON-MONOXIDE-DEHYDROGENASE-RXN","5"
"http://rdf-plantmetwiki.bioinformatics.nl/pathways/RC94","1.5.1.31-RXN","5"
"http://rdf-plantmetwiki.bioinformatics.nl/pathways/RC168","RXN-13435","5"
"http://rdf-plantmetwiki.bioinformatics.nl/pathways/RC218","RXN-8243","5"
"http://rdf-plantmetwiki.bioinformatics.nl/pathways/RC549","RXN-12125","5"
"http://rdf-plantmetwiki.bioinformatics.nl/pathways/RC580","RXN-9722","5"
"http://rdf-plantmetwiki.bioinformatics.nl/pathways/RC45","L-ASCORBATE-PEROXIDASE-RXN","5"
"http://rdf-plantmetwiki.bioinformatics.nl/pathways/RC644","GST-RXN","5"
"http://rdf-plantmetwiki.bioinformatics.nl/pathways/RC854","PHENOL-BETA-GLUCOSYLTRANSFERASE-RXN","5"
"http://rdf-plantmetwiki.bioinformatics.nl/pathways/RC665","RXN-13506","5"
"http://rdf-plantmetwiki.bioinformatics.nl/pathways/RC62","RXN-10767","5"
"http://rdf-plantmetwiki.bioinformatics.nl/pathways/RC1128","RXN-22736","5"
"http://rdf-plantmetwiki.bioinformatics.nl/pathways/RC1207","DIHYDROPICRED-RXN","5"
"http://rdf-plantmetwiki.bioinformatics.nl/pathways/RC1025","RXN-9567","5"
"http://rdf-plantmetwiki.bioinformatics.nl/pathways/RC1050","RXN-17428","5"
"http://rdf-plantmetwiki.bioinformatics.nl/pathways/RC1240","RXN-14205","5"
"http://rdf-plantmetwiki.bioinformatics.nl/pathways/RC58","RXN-18163","5"
"http://rdf-plantmetwiki.bioinformatics.nl/pathways/RC1230","RXN-12486","5"
"http://rdf-plantmetwiki.bioinformatics.nl/pathways/RC592","RXN-12878","5"
"http://rdf-plantmetwiki.bioinformatics.nl/pathways/RC51","RXN-13005","5"
"http://rdf-plantmetwiki.bioinformatics.nl/pathways/RC190","1.14.19.3-RXN","5"
"http://rdf-plantmetwiki.bioinformatics.nl/pathways/RC421","RXN-13003","5"
"http://rdf-plantmetwiki.bioinformatics.nl/pathways/RC405","LCYSDESULF-RXN","5"
"http://rdf-plantmetwiki.bioinformatics.nl/pathways/RC379","4&alpha;-hydroxymethyl-4&beta;-methyl-5&alpha;-cholesta-8,24-dien-3&beta;-ol dehydrogenase","5"
"http://rdf-plantmetwiki.bioinformatics.nl/pathways/PC445","6-gingerol biosynthesis","5"
"http://rdf-plantmetwiki.bioinformatics.nl/pathways/RC1241","TRANS-RXN4LZ-6845","5"
"http://rdf-plantmetwiki.bioinformatics.nl/pathways/RC581","RXN-15011","5"
"http://rdf-plantmetwiki.bioinformatics.nl/pathways/RC38","RXN-18804","5"
"http://rdf-plantmetwiki.bioinformatics.nl/pathways/RC91","isocitrate dehydrogenase (NADP+)","5"
"http://rdf-plantmetwiki.bioinformatics.nl/pathways/RC930","RXNQT-4165","5"
"http://rdf-plantmetwiki.bioinformatics.nl/pathways/RC1286","3.1.1.23-RXN","5"
"http://rdf-plantmetwiki.bioinformatics.nl/pathways/PC698","oxalate biosynthesis","5"
"http://rdf-plantmetwiki.bioinformatics.nl/pathways/RC39","RXN-12267","5"
"http://rdf-plantmetwiki.bioinformatics.nl/pathways/RC159","RXN-12641","5"
"http://rdf-plantmetwiki.bioinformatics.nl/pathways/RC813","RXN-22713","5"
"http://rdf-plantmetwiki.bioinformatics.nl/pathways/RC417","RXN-21007","5"
"http://rdf-plantmetwiki.bioinformatics.nl/pathways/RC1194","FUC4NACTRANS-RXN","5"
"http://rdf-plantmetwiki.bioinformatics.nl/pathways/RC258","1.14.13.87-RXN","5"
"http://rdf-plantmetwiki.bioinformatics.nl/pathways/RC339","RXN0-3543","5"
"http://rdf-plantmetwiki.bioinformatics.nl/pathways/RC1131","RXN-11925","5"
"http://rdf-plantmetwiki.bioinformatics.nl/pathways/RC281","RXN0-3542","5"
"http://rdf-plantmetwiki.bioinformatics.nl/pathways/RC1135","RXNQT-4174","5"
"http://rdf-plantmetwiki.bioinformatics.nl/pathways/RC923","RXN-12364","5"
"http://rdf-plantmetwiki.bioinformatics.nl/pathways/RC964","RXN-19583","5"
"http://rdf-plantmetwiki.bioinformatics.nl/pathways/RC579","hydroxypyruvate reductase (NADP+)","5"
"http://rdf-plantmetwiki.bioinformatics.nl/pathways/RC1005","MANNPGUANYLTRANGDP-RXN","5"
"http://rdf-plantmetwiki.bioinformatics.nl/pathways/PC558","ω-hydroxylation of laurate","5"
"http://rdf-plantmetwiki.bioinformatics.nl/pathways/RC219","RXN0-7192","5"
"http://rdf-plantmetwiki.bioinformatics.nl/pathways/RC1211","RXN-13158","5"
"http://rdf-plantmetwiki.bioinformatics.nl/pathways/RC408","RXN-3541","5"
"http://rdf-plantmetwiki.bioinformatics.nl/pathways/RC191","RXN-12126","5"
"http://rdf-plantmetwiki.bioinformatics.nl/pathways/RC689","THYMIDINE-TRIPHOSPHATASE-RXN","5"
"http://rdf-plantmetwiki.bioinformatics.nl/pathways/RC174","UDP-GLUCURONOSYLTRANSFERASE-RXN","5"
"http://rdf-plantmetwiki.bioinformatics.nl/pathways/RC1105","UDPSUGARHYDRO-RXN","5"
"http://rdf-plantmetwiki.bioinformatics.nl/pathways/RC456","4,4-dimethylzymosterol 4-hydroxylase","5"
"http://rdf-plantmetwiki.bioinformatics.nl/pathways/RC650","RXN-20095","5"
"http://rdf-plantmetwiki.bioinformatics.nl/pathways/RC1012","RXN-8980","5"
"http://rdf-plantmetwiki.bioinformatics.nl/pathways/RC1271","RXN-8039","5"
"http://rdf-plantmetwiki.bioinformatics.nl/pathways/RC15","RXN-7753","5"
"http://rdf-plantmetwiki.bioinformatics.nl/pathways/PC789","PRPP biosynthesis","5"
"http://rdf-plantmetwiki.bioinformatics.nl/pathways/RC595","ARYL-ALCOHOL-DEHYDROGENASE-NADP+-RXN","5"
"http://rdf-plantmetwiki.bioinformatics.nl/pathways/RC1177","RXN-4311","5"
"http://rdf-plantmetwiki.bioinformatics.nl/pathways/RC335","PSERPHOSPHA-RXN","5"
"http://rdf-plantmetwiki.bioinformatics.nl/pathways/RC10","RXN-18259","5"
"http://rdf-plantmetwiki.bioinformatics.nl/pathways/RC1176","RXN-14215","5"
"http://rdf-plantmetwiki.bioinformatics.nl/pathways/RC1208","RXN-982","5"
"http://rdf-plantmetwiki.bioinformatics.nl/pathways/RC603","pyruvate:thiamin diphosphate acetaldehydetransferase (decarboxylating)","5"
"http://rdf-plantmetwiki.bioinformatics.nl/pathways/RC227","RXN-14004","5"
"http://rdf-plantmetwiki.bioinformatics.nl/pathways/RC789","3',5'-O-dimethyltricetin 4&prime;-O-methyltransferase","5"
"http://rdf-plantmetwiki.bioinformatics.nl/pathways/PC1072","curcumene biosynthesis","5"
"http://rdf-plantmetwiki.bioinformatics.nl/pathways/RC672","FAD-PYROPHOSPHATASE-RXN","5"
"http://rdf-plantmetwiki.bioinformatics.nl/pathways/RC562","RXN-13025","5"
"http://rdf-plantmetwiki.bioinformatics.nl/pathways/PC786","crepenynate biosynthesis","5"
"http://rdf-plantmetwiki.bioinformatics.nl/pathways/RC873","RXN-13433","5"
"http://rdf-plantmetwiki.bioinformatics.nl/pathways/PC707","thiosulfate disproportionation IV (rhodanese)","5"
"http://rdf-plantmetwiki.bioinformatics.nl/pathways/RC1065","RXN-4602","5"
"http://rdf-plantmetwiki.bioinformatics.nl/pathways/RC105","RXN-14218","5"
"http://rdf-plantmetwiki.bioinformatics.nl/pathways/RC427","PREPHENATEDEHYDROG-RXN","5"
"http://rdf-plantmetwiki.bioinformatics.nl/pathways/RC535","RXN-10763","5"
"http://rdf-plantmetwiki.bioinformatics.nl/pathways/PC901","ponciretin biosynthesis","5"
"http://rdf-plantmetwiki.bioinformatics.nl/pathways/RC64","22-&beta;-hydroxycholesterol 20-&alpha;-hydroxylation","5"
"http://rdf-plantmetwiki.bioinformatics.nl/pathways/PC91","lacinilene C biosynthesis","5"
"http://rdf-plantmetwiki.bioinformatics.nl/pathways/RC356","RXN-18164","5"
"http://rdf-plantmetwiki.bioinformatics.nl/pathways/RC139","METHIONINE-GAMMA-LYASE-RXN","5"
"http://rdf-plantmetwiki.bioinformatics.nl/pathways/RC941","APYRASE-RXN","5"
"http://rdf-plantmetwiki.bioinformatics.nl/pathways/RC512","RXN-12961","5"
"http://rdf-plantmetwiki.bioinformatics.nl/pathways/RC1120","4&alpha;-methyl-zymosterol 4-hydroxylase","5"
"http://rdf-plantmetwiki.bioinformatics.nl/pathways/PC65","adenosine deoxyribonucleotides de novo biosynthesis I","5"
"http://rdf-plantmetwiki.bioinformatics.nl/pathways/RC264","RXN-12893","5"
"http://rdf-plantmetwiki.bioinformatics.nl/pathways/PC592","salicylate glucosides biosynthesis IV","5"
"http://rdf-plantmetwiki.bioinformatics.nl/pathways/RC1006","2.4.1.194-RXN","5"
"http://rdf-plantmetwiki.bioinformatics.nl/pathways/RC525","RXN-13508","5"
"http://rdf-plantmetwiki.bioinformatics.nl/pathways/RC698","RXN-12128","5"
"http://rdf-plantmetwiki.bioinformatics.nl/pathways/RC220","ACYL-COA-HYDROLASE-RXN","5"
"http://rdf-plantmetwiki.bioinformatics.nl/pathways/PC962","fatty acid biosynthesis initiation (type II)","5"
"http://rdf-plantmetwiki.bioinformatics.nl/pathways/RC1281","GLUCONOKIN-RXN","5"
"http://rdf-plantmetwiki.bioinformatics.nl/pathways/RC704","RXN-12183","5"
"http://rdf-plantmetwiki.bioinformatics.nl/pathways/RC1189","RXNQT-4168","5"
"http://rdf-plantmetwiki.bioinformatics.nl/pathways/RC196","RXN-17697","5"
"http://rdf-plantmetwiki.bioinformatics.nl/pathways/RC271","4&alpha;-formyl-4&beta;-methyl-5&alpha;-cholesta-8,24-dien-3&beta;-ol 4-hydroxylase","5"
"http://rdf-plantmetwiki.bioinformatics.nl/pathways/RC296","ARGININE-2-MONOOXYGENASE-RXN","5"
"http://rdf-plantmetwiki.bioinformatics.nl/pathways/RC320","RXN-10981","5"
"http://rdf-plantmetwiki.bioinformatics.nl/pathways/RC1158","RXN-13017","5"
"http://rdf-plantmetwiki.bioinformatics.nl/pathways/RC354","RXN-19659","5"
"http://rdf-plantmetwiki.bioinformatics.nl/pathways/PC1094","thioredoxin pathway","5"
"http://rdf-plantmetwiki.bioinformatics.nl/pathways/RC233","RXN-12253","5"
"http://rdf-plantmetwiki.bioinformatics.nl/pathways/RC180","phosphogluconate dehydrogenase [NAD(P)+-dependent, decarboxylating]","5"
"http://rdf-plantmetwiki.bioinformatics.nl/pathways/RC948","RXN-19005","5"
"http://rdf-plantmetwiki.bioinformatics.nl/pathways/RC1127","RXNQT-4386","5"
"http://rdf-plantmetwiki.bioinformatics.nl/pathways/RC1002","RXN-14858","5"
"http://rdf-plantmetwiki.bioinformatics.nl/pathways/RC1096","ATPSYN-RXN","5"
"http://rdf-plantmetwiki.bioinformatics.nl/pathways/RC572","RXN-11668","5"
"http://rdf-plantmetwiki.bioinformatics.nl/pathways/RC106","THIAMINASE-RXN","5"
"http://rdf-plantmetwiki.bioinformatics.nl/pathways/RC911","RXN-12078","5"
"http://rdf-plantmetwiki.bioinformatics.nl/pathways/RC1282","RXN-14058","5"
"http://rdf-plantmetwiki.bioinformatics.nl/pathways/RC1263","2.4.1.101-RXN","5"
"http://rdf-plantmetwiki.bioinformatics.nl/pathways/RC902","RXN1F-444","5"
"http://rdf-plantmetwiki.bioinformatics.nl/pathways/RC842","CARBOXYLESTERASE-RXN","5"
"http://rdf-plantmetwiki.bioinformatics.nl/pathways/PC740","pyruvate fermentation to acetoin","5"
"http://rdf-plantmetwiki.bioinformatics.nl/pathways/RC722","RXN-13014","5"
"http://rdf-plantmetwiki.bioinformatics.nl/pathways/RC1014","RXN-14199","5"
"http://rdf-plantmetwiki.bioinformatics.nl/pathways/RC867","RXN-18159","5"
"http://rdf-plantmetwiki.bioinformatics.nl/pathways/RC539","DOLICHOL-KINASE-RXN","5"
"http://rdf-plantmetwiki.bioinformatics.nl/pathways/RC559","RXN-12325","5"
"http://rdf-plantmetwiki.bioinformatics.nl/pathways/RC962","RXN-14195","5"
"http://rdf-plantmetwiki.bioinformatics.nl/pathways/RC8","SHCHCSYNTH-RXN","5"
"http://rdf-plantmetwiki.bioinformatics.nl/pathways/RC872","RXN-14024","5"
"http://rdf-plantmetwiki.bioinformatics.nl/pathways/RC1046","RXN-20374","5"
"http://rdf-plantmetwiki.bioinformatics.nl/pathways/RC515","cis-abscisic alcohol monooxygenase","5"
"http://rdf-plantmetwiki.bioinformatics.nl/pathways/PC699","sapienate biosynthesis","5"
"http://rdf-plantmetwiki.bioinformatics.nl/pathways/RC279","RXN-21161","5"
"http://rdf-plantmetwiki.bioinformatics.nl/pathways/RC203","RXN-10774","5"
"http://rdf-plantmetwiki.bioinformatics.nl/pathways/RC65","RXN-11585","5"
"http://rdf-plantmetwiki.bioinformatics.nl/pathways/RC1140","RXN-11932","5"
"http://rdf-plantmetwiki.bioinformatics.nl/pathways/RC438","RXN-14214","5"
"http://rdf-plantmetwiki.bioinformatics.nl/pathways/RC351","RXN-18160","5"
"http://rdf-plantmetwiki.bioinformatics.nl/pathways/RC1016","arachidonate &Delta;17 desaturase","5"
"http://rdf-plantmetwiki.bioinformatics.nl/pathways/RC177","NUCLEOSIDE-DIPHOSPHATASE-RXN","5"
"http://rdf-plantmetwiki.bioinformatics.nl/pathways/RC767","2.4.1.214-RXN","5"
"http://rdf-plantmetwiki.bioinformatics.nl/pathways/RC336","4&alpha;-formyl-5&alpha;-cholesta-8,24-dien-3&beta;-ol 4-hydroxylase","5"
"http://rdf-plantmetwiki.bioinformatics.nl/pathways/RC762","RXN-5465","5"
"http://rdf-plantmetwiki.bioinformatics.nl/pathways/RC523","RXN-14200","5"
"http://rdf-plantmetwiki.bioinformatics.nl/pathways/RC435","RXN-10862","5"
"http://rdf-plantmetwiki.bioinformatics.nl/pathways/RC469","GKI-RXN","5"
"http://rdf-plantmetwiki.bioinformatics.nl/pathways/PC580","α-linolenate biosynthesis I (plants and red algae)","5"
"http://rdf-plantmetwiki.bioinformatics.nl/pathways/RC1236","RXN-11931","5"
"http://rdf-plantmetwiki.bioinformatics.nl/pathways/PC1032","urea degradation II","5"
"http://rdf-plantmetwiki.bioinformatics.nl/pathways/RC1015","NUCLEOSIDE-TRIPHOSPHATASE-RXN","5"
"http://rdf-plantmetwiki.bioinformatics.nl/pathways/RC1266","RXN-14219","5"
"http://rdf-plantmetwiki.bioinformatics.nl/pathways/RC46","RXN-18165","5"
"http://rdf-plantmetwiki.bioinformatics.nl/pathways/RC272","choline monooxygenase (NADP)","5"
"http://rdf-plantmetwiki.bioinformatics.nl/pathways/RC75","1.1.1.271-RXN","5"
"http://rdf-plantmetwiki.bioinformatics.nl/pathways/PC1150","abscisic acid degradation to neophaseic acid","5"
"http://rdf-plantmetwiki.bioinformatics.nl/pathways/RC347","RXN0-5462","5"
"http://rdf-plantmetwiki.bioinformatics.nl/pathways/RC860","RXN-8353","5"
"http://rdf-plantmetwiki.bioinformatics.nl/pathways/RC1183","STEROL-GLUCOSYLTRANSFERASE-RXN","5"
"http://rdf-plantmetwiki.bioinformatics.nl/pathways/RC976","RXN-13197","5"
"http://rdf-plantmetwiki.bioinformatics.nl/pathways/RC1067","RXN-21162","5"
"http://rdf-plantmetwiki.bioinformatics.nl/pathways/RC598","RXN-8407","5"
"http://rdf-plantmetwiki.bioinformatics.nl/pathways/PC837","acyl-CoA hydrolysis","5"
"http://rdf-plantmetwiki.bioinformatics.nl/pathways/RC155","RXN-19007","5"
"http://rdf-plantmetwiki.bioinformatics.nl/pathways/RC703","RXN-9771","5"
"http://rdf-plantmetwiki.bioinformatics.nl/pathways/RC956","CYSTAGLY-RXN","5"
"http://rdf-plantmetwiki.bioinformatics.nl/pathways/RC1126","2.4.1.126-RXN","5"
"http://rdf-plantmetwiki.bioinformatics.nl/pathways/RC1167","RXN-18782","5"
"http://rdf-plantmetwiki.bioinformatics.nl/pathways/RC1114","RXN-12085","5"
"http://rdf-plantmetwiki.bioinformatics.nl/pathways/PC927","γ-linolenate biosynthesis I (plants)","5"
"http://rdf-plantmetwiki.bioinformatics.nl/pathways/RC56","3.6.3.6-RXN","5"
"http://rdf-plantmetwiki.bioinformatics.nl/pathways/RC241","phenylethyl acetate esterase","5"
"http://rdf-plantmetwiki.bioinformatics.nl/pathways/RC43","RXN-14814","5"
"http://rdf-plantmetwiki.bioinformatics.nl/pathways/RC719","RXN-10869","5"
"http://rdf-plantmetwiki.bioinformatics.nl/pathways/RC1170","RXN-22405","5"
"http://rdf-plantmetwiki.bioinformatics.nl/pathways/RC294","RXN-19151","5"
"http://rdf-plantmetwiki.bioinformatics.nl/pathways/RC1087","RXN-4224","5"
"http://rdf-plantmetwiki.bioinformatics.nl/pathways/RC753","4-NITROPHENYLPHOSPHATASE-RXN","5"
"http://rdf-plantmetwiki.bioinformatics.nl/pathways/RC1098","RXN-18783","5"
"http://rdf-plantmetwiki.bioinformatics.nl/pathways/RC506","RXN-13016","5"
"http://rdf-plantmetwiki.bioinformatics.nl/pathways/RC915","3-SULFINYL-PYRUVATE-SPON-RXN","5"
"http://rdf-plantmetwiki.bioinformatics.nl/pathways/RC659","4-methyl-2-oxopentanoate dehydrogenase (lipoamide)","5"
"http://rdf-plantmetwiki.bioinformatics.nl/pathways/RC606","RXN-11846","5"
"http://rdf-plantmetwiki.bioinformatics.nl/pathways/RC475","RXN-13507","5"
"http://rdf-plantmetwiki.bioinformatics.nl/pathways/RC259","NADPH-DEHYDROGENASE-RXN","5"
"http://rdf-plantmetwiki.bioinformatics.nl/pathways/RC223","RXN4FS-23","5"
"http://rdf-plantmetwiki.bioinformatics.nl/pathways/RC631","RXN-23869","5"
"http://rdf-plantmetwiki.bioinformatics.nl/pathways/RC260","RXN-14220","5"
"http://rdf-plantmetwiki.bioinformatics.nl/pathways/RC934","RXN-7381","5"
"http://rdf-plantmetwiki.bioinformatics.nl/pathways/RC958","1.14.19.1-RXN","5"
"http://rdf-plantmetwiki.bioinformatics.nl/pathways/RC942","DCYSDESULF-RXN","5"
"http://rdf-plantmetwiki.bioinformatics.nl/pathways/RC534","RXN-11927","5"
"http://rdf-plantmetwiki.bioinformatics.nl/pathways/RC1262","phenolic oxidative coupling protein","5"
"http://rdf-plantmetwiki.bioinformatics.nl/pathways/RC618","RXN0-4401","5"
"http://rdf-plantmetwiki.bioinformatics.nl/pathways/RC93","RXN-12989","5"
"http://rdf-plantmetwiki.bioinformatics.nl/pathways/RC123","ATPASE-RXN","5"
"http://rdf-plantmetwiki.bioinformatics.nl/pathways/RC1284","RXN-20666","5"
"http://rdf-plantmetwiki.bioinformatics.nl/pathways/RC109","RXN-7875","5"
"http://rdf-plantmetwiki.bioinformatics.nl/pathways/RC550","RXN-14208","5"
"http://rdf-plantmetwiki.bioinformatics.nl/pathways/RC1059","3.6.3.44-RXN","5"
"http://rdf-plantmetwiki.bioinformatics.nl/pathways/PC655","3,4-dihydroxymandelonitrile β-D-glucose biosynthesis","5"
"http://rdf-plantmetwiki.bioinformatics.nl/pathways/PC27","xylogalacturonan biosynthesis","5"
"http://rdf-plantmetwiki.bioinformatics.nl/pathways/RC34","RXN-8408","5"
"http://rdf-plantmetwiki.bioinformatics.nl/pathways/RC318","RXN-14198","5"
"http://rdf-plantmetwiki.bioinformatics.nl/pathways/RC268","RXN-21163","5"
"http://rdf-plantmetwiki.bioinformatics.nl/pathways/RC918","2.8.1.6-RXN","5"
"http://rdf-plantmetwiki.bioinformatics.nl/pathways/RC815","Isovaleryl-CoA dehydrogenase","5"
"http://rdf-plantmetwiki.bioinformatics.nl/pathways/RC1060","RXN1F-72","5"
"http://rdf-plantmetwiki.bioinformatics.nl/pathways/RC526","RXN-22914","5"
"http://rdf-plantmetwiki.bioinformatics.nl/pathways/RC885","RXN-8354","5"
"http://rdf-plantmetwiki.bioinformatics.nl/pathways/RC1288","RXN-14217","5"
"http://rdf-plantmetwiki.bioinformatics.nl/pathways/PC871","adenine and adenosine salvage VI","5"
"http://rdf-plantmetwiki.bioinformatics.nl/pathways/RC289","RXN-11662","5"
"http://rdf-plantmetwiki.bioinformatics.nl/pathways/RC530","RXN-21160","5"
"http://rdf-plantmetwiki.bioinformatics.nl/pathways/RC729","3.5.1.52-RXN","5"
"http://rdf-plantmetwiki.bioinformatics.nl/pathways/RC907","1.14.13.117-RXN","5"
"http://rdf-plantmetwiki.bioinformatics.nl/pathways/RC132","RXN-13021","5"
"http://rdf-plantmetwiki.bioinformatics.nl/pathways/PC509","divinyl ether biosynthesis II","5"
"http://rdf-plantmetwiki.bioinformatics.nl/pathways/RC344","1.6.5.4-RXN","5"
"http://rdf-plantmetwiki.bioinformatics.nl/pathways/PC598","phosphatidylinositol biosynthesis II (eukaryotes)","5"
"http://rdf-plantmetwiki.bioinformatics.nl/pathways/RC583","L-aspartate : fumarate oxidoreductase (deaminating)","5"
"http://rdf-plantmetwiki.bioinformatics.nl/pathways/RC79","2.4.1.52-RXN","5"
"http://rdf-plantmetwiki.bioinformatics.nl/pathways/PC82","punicate biosynthesis","5"
"http://rdf-plantmetwiki.bioinformatics.nl/pathways/RC664","RXN-16910","5"
"http://rdf-plantmetwiki.bioinformatics.nl/pathways/PC525","extended VTC2 cycle","5"
"http://rdf-plantmetwiki.bioinformatics.nl/pathways/PC601","peonidin and derivatives biosynthesis","5"
"http://rdf-plantmetwiki.bioinformatics.nl/pathways/PC984","taxiphyllin bioactivation","5"
"http://rdf-plantmetwiki.bioinformatics.nl/pathways/RC147","PERILLYL-ALCOHOL-DEHYDROGENASE-RXN","5"
"http://rdf-plantmetwiki.bioinformatics.nl/pathways/RC522","GALACTOLIPASE-RXN","5"
"http://rdf-plantmetwiki.bioinformatics.nl/pathways/PC998","sulfite oxidation IV (sulfite oxidase)","5"
"http://rdf-plantmetwiki.bioinformatics.nl/pathways/RC76","RXN-13403","5"
"http://rdf-plantmetwiki.bioinformatics.nl/pathways/RC316","RXN-7968","5"
"http://rdf-plantmetwiki.bioinformatics.nl/pathways/RC685","RXN-22915","5"
"http://rdf-plantmetwiki.bioinformatics.nl/pathways/PC936","scopolin biosynthesis","5"
"http://rdf-plantmetwiki.bioinformatics.nl/pathways/RC773","RXNQT-4178","5"
"http://rdf-plantmetwiki.bioinformatics.nl/pathways/RC1008","RXN-21389","5"
"http://rdf-plantmetwiki.bioinformatics.nl/pathways/RC348","RXN-10625","5"
"http://rdf-plantmetwiki.bioinformatics.nl/pathways/RC441","RXN-12816","5"
"http://rdf-plantmetwiki.bioinformatics.nl/pathways/PC645","hinokinin biosynthesis","5"
"http://rdf-plantmetwiki.bioinformatics.nl/pathways/RC816","RXN-14213","5"
"http://rdf-plantmetwiki.bioinformatics.nl/pathways/RC1214","RXN-14187","5"
"http://rdf-plantmetwiki.bioinformatics.nl/pathways/RC771","RXN-18158","5"
"http://rdf-plantmetwiki.bioinformatics.nl/pathways/RC889","2.7.7.35-RXN","5"
"http://rdf-plantmetwiki.bioinformatics.nl/pathways/PC988","β-caryophyllene biosynthesis","5"
"http://rdf-plantmetwiki.bioinformatics.nl/pathways/RC273","ACYLPHOSPHATASE-RXN","5"
"http://rdf-plantmetwiki.bioinformatics.nl/pathways/RC1199","CINNAMYL-ALCOHOL-DEHYDROGENASE-RXN","5"
"http://rdf-plantmetwiki.bioinformatics.nl/pathways/RC1108","RXN-12991","5"
"http://rdf-plantmetwiki.bioinformatics.nl/pathways/PC403","lupinate biosynthesis","5"
"http://rdf-plantmetwiki.bioinformatics.nl/pathways/RC406","RXN-10811","5"
"http://rdf-plantmetwiki.bioinformatics.nl/pathways/RC878","RXN-19785","5"
"http://rdf-plantmetwiki.bioinformatics.nl/pathways/RC235","3.1.3.77-RXN","5"
"http://rdf-plantmetwiki.bioinformatics.nl/pathways/RC670","ADPSUGPPHOSPHAT-RXN","5"
"http://rdf-plantmetwiki.bioinformatics.nl/pathways/RC478","RXN-1302","5"
"http://rdf-plantmetwiki.bioinformatics.nl/pathways/RC803","oleoyl-CoA 12-hydroxylase","5"
"http://rdf-plantmetwiki.bioinformatics.nl/pathways/PC925","chrysoeriol biosynthesis","5"
"http://rdf-plantmetwiki.bioinformatics.nl/pathways/RC605","2-HEXADECENAL-REDUCTASE-RXN","5"
"http://rdf-plantmetwiki.bioinformatics.nl/pathways/RC1260","RXN-18161","5"
"http://rdf-plantmetwiki.bioinformatics.nl/pathways/RC782","RXN-12805","5"
"http://rdf-plantmetwiki.bioinformatics.nl/pathways/RC1222","ADENYLYLSULFATASE-RXN","5"
"http://rdf-plantmetwiki.bioinformatics.nl/pathways/RC194","RXN-19656","5"
"http://rdf-plantmetwiki.bioinformatics.nl/pathways/RC817","RXN-14216","5"
"http://rdf-plantmetwiki.bioinformatics.nl/pathways/RC841","RXN-1348","5"
"http://rdf-plantmetwiki.bioinformatics.nl/pathways/RC1298","HEXOKINASE-RXN","5"
"http://rdf-plantmetwiki.bioinformatics.nl/pathways/RC830","RXN-10453","5"
"http://rdf-plantmetwiki.bioinformatics.nl/pathways/RC402","RXN-11271","5"
"http://rdf-plantmetwiki.bioinformatics.nl/pathways/RC938","RXN-13446","5"
"http://rdf-plantmetwiki.bioinformatics.nl/pathways/RC1054","RXN-19749","5"
"http://rdf-plantmetwiki.bioinformatics.nl/pathways/RC1181","GUANOSINE-DIPHOSPHATASE-RXN","5"
"http://rdf-plantmetwiki.bioinformatics.nl/pathways/RC114","RXN-13187","5"
"http://rdf-plantmetwiki.bioinformatics.nl/pathways/RC1209","GLYOXYLATE-REDUCTASE-NADP+-RXN","5"
"http://rdf-plantmetwiki.bioinformatics.nl/pathways/RC655","hexaprenyldihydroxybenzoate methyltransferase","5"
"http://rdf-plantmetwiki.bioinformatics.nl/pathways/RC1171","RXN-22404","5"
"http://rdf-plantmetwiki.bioinformatics.nl/pathways/RC404","RXN1F-152","5"
"http://rdf-plantmetwiki.bioinformatics.nl/pathways/RC993","UMPKI-RXN","5"
"http://rdf-plantmetwiki.bioinformatics.nl/pathways/RC751","RXN-10880","5"
"http://rdf-plantmetwiki.bioinformatics.nl/pathways/RC620","RXN-12539","5"
"http://rdf-plantmetwiki.bioinformatics.nl/pathways/RC130","RXN-12799","5"
"http://rdf-plantmetwiki.bioinformatics.nl/pathways/RC55","RXN-11937","5"
"http://rdf-plantmetwiki.bioinformatics.nl/pathways/RC1274","RXN-11930","5"
"http://rdf-plantmetwiki.bioinformatics.nl/pathways/RC135","6.3.4.11-RXN","5"
"http://rdf-plantmetwiki.bioinformatics.nl/pathways/PC608","CMP phosphorylation","5"
"http://rdf-plantmetwiki.bioinformatics.nl/pathways/RC706","RXN-19657","5"
"http://rdf-plantmetwiki.bioinformatics.nl/pathways/RC136","RXN-2121","5"
"http://rdf-plantmetwiki.bioinformatics.nl/pathways/RC639","RXN-21164","5"
"http://rdf-plantmetwiki.bioinformatics.nl/pathways/RC292","1.14.13.118-RXN","5"
"http://rdf-plantmetwiki.bioinformatics.nl/pathways/PC747","marneral biosynthesis","5"
"http://rdf-plantmetwiki.bioinformatics.nl/pathways/RC189","RXN-23867","5"
"http://rdf-plantmetwiki.bioinformatics.nl/pathways/RC1244","RXN-10770","5"
"http://rdf-plantmetwiki.bioinformatics.nl/pathways/RC769","RXN-13027","5"
"http://rdf-plantmetwiki.bioinformatics.nl/pathways/RC439","4&alpha;-hydroxymethyl-5&alpha;-cholesta-8,24-dien-3&beta;-ol dehydrogenase","5"
"http://rdf-plantmetwiki.bioinformatics.nl/pathways/RC591","RXN-14658","5"
"http://rdf-plantmetwiki.bioinformatics.nl/pathways/RC933","RXN0-5330","5"
"http://rdf-plantmetwiki.bioinformatics.nl/pathways/PC200","CA1P biosynthesis","5"
"http://rdf-plantmetwiki.bioinformatics.nl/pathways/RC645","Fenton reaction","5"
"http://rdf-plantmetwiki.bioinformatics.nl/pathways/RC1053","1.5.1.20-RXN","5"
"http://rdf-plantmetwiki.bioinformatics.nl/pathways/RC490","RXN-9081","5"
"http://rdf-plantmetwiki.bioinformatics.nl/pathways/RC1076","RXN-7657","5"
"http://rdf-plantmetwiki.bioinformatics.nl/pathways/RC975","RXN-1402","5"
"http://rdf-plantmetwiki.bioinformatics.nl/pathways/RC652","RXN-10851","5"
"http://rdf-plantmetwiki.bioinformatics.nl/pathways/PC165","calycosin 7-O-glucoside biosynthesis","5"
"http://rdf-plantmetwiki.bioinformatics.nl/pathways/PC1154","adenosine 5'-phosphoramidate biosynthesis","5"
"http://rdf-plantmetwiki.bioinformatics.nl/pathways/RC818","RXN-3103","5"
"http://rdf-plantmetwiki.bioinformatics.nl/pathways/RC533","RXN-10874","5"
"http://rdf-plantmetwiki.bioinformatics.nl/pathways/RC925","RXNQT-4171","5"
"http://rdf-plantmetwiki.bioinformatics.nl/pathways/PC1050","chalcone 2'-O-glucoside biosynthesis","5"
"http://rdf-plantmetwiki.bioinformatics.nl/pathways/RC750","RXN-7673","5"
"http://rdf-plantmetwiki.bioinformatics.nl/pathways/RC1069","GALACTOSIDE-2-L-FUCOSYLTRANSFERASE-RXN","5"
"http://rdf-plantmetwiki.bioinformatics.nl/pathways/RC1077","RXN-18224","5"
"http://rdf-plantmetwiki.bioinformatics.nl/pathways/RC1179","RXN-12863","5"
"http://rdf-plantmetwiki.bioinformatics.nl/pathways/RC1225","Amine oxidase (flavin-containing)","5"
"http://rdf-plantmetwiki.bioinformatics.nl/pathways/RC502","NQOR-RXN","5"
"http://rdf-plantmetwiki.bioinformatics.nl/pathways/RC67","TEICHOICSYN5-RXN","5"
"http://rdf-plantmetwiki.bioinformatics.nl/pathways/RC726","RXN-12642","5"
"http://rdf-plantmetwiki.bioinformatics.nl/pathways/PC966","DIMBOA-glucoside activation","5"
"http://rdf-plantmetwiki.bioinformatics.nl/pathways/RC407","RXN-13189","5"
"http://rdf-plantmetwiki.bioinformatics.nl/pathways/RC22","RXN-19786","5"
"http://rdf-plantmetwiki.bioinformatics.nl/pathways/PC1029","glycine biosynthesis I","5"
"http://rdf-plantmetwiki.bioinformatics.nl/pathways/RC148","RXN-10879","5"
"http://rdf-plantmetwiki.bioinformatics.nl/pathways/RC338","RXN-12570","5"
"http://rdf-plantmetwiki.bioinformatics.nl/pathways/PC896","ent-kaurene biosynthesis II","5"
"http://rdf-plantmetwiki.bioinformatics.nl/pathways/RC759","RXN-8355","5"
"http://rdf-plantmetwiki.bioinformatics.nl/pathways/RC1185","RXN-13185","5"
"http://rdf-plantmetwiki.bioinformatics.nl/pathways/RC212","RXN-11926","5"
"http://rdf-plantmetwiki.bioinformatics.nl/pathways/RC287","RXN-13196","5"
"http://rdf-plantmetwiki.bioinformatics.nl/pathways/RC18","FORMYLTHFDEFORMYL-RXN","5"
"http://rdf-plantmetwiki.bioinformatics.nl/pathways/RC369","TRIPHOSPHATASE-RXN","5"
"http://rdf-plantmetwiki.bioinformatics.nl/pathways/RC831","RXN-11936","5"
"http://rdf-plantmetwiki.bioinformatics.nl/pathways/RC1188","ESTRADIOL-17-BETA-DEHYDROGENASE-RXN","5"
"http://rdf-plantmetwiki.bioinformatics.nl/pathways/RC826","RXN-18162","5"
"http://rdf-plantmetwiki.bioinformatics.nl/pathways/RC158","RXN-14201","5"
"http://rdf-plantmetwiki.bioinformatics.nl/pathways/RC89","RXN-13193","5"
"http://rdf-plantmetwiki.bioinformatics.nl/pathways/RC492","heme o biosynthesis","5"
"http://rdf-plantmetwiki.bioinformatics.nl/pathways/RC108","RXNQT-4393","5"
"http://rdf-plantmetwiki.bioinformatics.nl/pathways/RC210","RXN-7693","5"
"http://rdf-plantmetwiki.bioinformatics.nl/pathways/RC393","RXN-10954","4"
"http://rdf-plantmetwiki.bioinformatics.nl/pathways/RC1206","RXN-9373","4"
"http://rdf-plantmetwiki.bioinformatics.nl/pathways/RC150","dihydroorotate dehydrogenase","4"
"http://rdf-plantmetwiki.bioinformatics.nl/pathways/RC648","RXN-12516","4"
"http://rdf-plantmetwiki.bioinformatics.nl/pathways/RC568","RXN-14505","4"
"http://rdf-plantmetwiki.bioinformatics.nl/pathways/RC972","3.2.1.141-RXN","4"
"http://rdf-plantmetwiki.bioinformatics.nl/pathways/RC500","RXN-7948","4"
"http://rdf-plantmetwiki.bioinformatics.nl/pathways/PC158","glutamate removal from folates","4"
"http://rdf-plantmetwiki.bioinformatics.nl/pathways/RC629","RXN-10768","4"
"http://rdf-plantmetwiki.bioinformatics.nl/pathways/RC977","RXN-11369","4"
"http://rdf-plantmetwiki.bioinformatics.nl/pathways/RC1212","RXN-23292","4"
"http://rdf-plantmetwiki.bioinformatics.nl/pathways/PC1020","L-alanine degradation III","4"
"http://rdf-plantmetwiki.bioinformatics.nl/pathways/RC1154","RXNQT-4387","4"
"http://rdf-plantmetwiki.bioinformatics.nl/pathways/RC1215","RXN-11908","4"
"http://rdf-plantmetwiki.bioinformatics.nl/pathways/RC508","RXN0-1021","4"
"http://rdf-plantmetwiki.bioinformatics.nl/pathways/RC602","RXN-18894","4"
"http://rdf-plantmetwiki.bioinformatics.nl/pathways/RC1063","RXN-12250","4"
"http://rdf-plantmetwiki.bioinformatics.nl/pathways/RC80","RXN-15511","4"
"http://rdf-plantmetwiki.bioinformatics.nl/pathways/RC313","1-dodecanol-O-arachinoyltransferase","4"
"http://rdf-plantmetwiki.bioinformatics.nl/pathways/RC384","RXN-11737","4"
"http://rdf-plantmetwiki.bioinformatics.nl/pathways/RC966","RXN-10945","4"
"http://rdf-plantmetwiki.bioinformatics.nl/pathways/RC111","RXN-12871","4"
"http://rdf-plantmetwiki.bioinformatics.nl/pathways/PC987","protein NEDDylation","4"
"http://rdf-plantmetwiki.bioinformatics.nl/pathways/RC419","RAUCAFFRICINE-BETA-GLUCOSIDASE-RXN","4"
"http://rdf-plantmetwiki.bioinformatics.nl/pathways/RC1218","RXN-12242","4"
"http://rdf-plantmetwiki.bioinformatics.nl/pathways/RC673","RXN-11403","4"
"http://rdf-plantmetwiki.bioinformatics.nl/pathways/RC643","RXN-13022","4"
"http://rdf-plantmetwiki.bioinformatics.nl/pathways/RC532","RXN-14124","4"
"http://rdf-plantmetwiki.bioinformatics.nl/pathways/RC691","RXN-13955","4"
"http://rdf-plantmetwiki.bioinformatics.nl/pathways/RC865","1.14.13.68-RXN","4"
"http://rdf-plantmetwiki.bioinformatics.nl/pathways/RC1153","RXN-10769","4"
"http://rdf-plantmetwiki.bioinformatics.nl/pathways/RC627","3.1.3.67-RXN","4"
"http://rdf-plantmetwiki.bioinformatics.nl/pathways/PC930","dalcochinin biosynthesis","4"
"http://rdf-plantmetwiki.bioinformatics.nl/pathways/RC197","3.1.3.72-RXN","4"
"http://rdf-plantmetwiki.bioinformatics.nl/pathways/PC518","vernolate biosynthesis II","4"
"http://rdf-plantmetwiki.bioinformatics.nl/pathways/RC481","RXN-22829","4"
"http://rdf-plantmetwiki.bioinformatics.nl/pathways/RC682","AMIDASE-RXN","4"
"http://rdf-plantmetwiki.bioinformatics.nl/pathways/PC999","dimethylsulfoniopropanoate degradation I (cleavage)","4"
"http://rdf-plantmetwiki.bioinformatics.nl/pathways/RC7","RXN0-5187","4"
"http://rdf-plantmetwiki.bioinformatics.nl/pathways/RC1028","RXN-18781","4"
"http://rdf-plantmetwiki.bioinformatics.nl/pathways/RC742","RXN-23332","4"
"http://rdf-plantmetwiki.bioinformatics.nl/pathways/RC736","RXN-22729","4"
"http://rdf-plantmetwiki.bioinformatics.nl/pathways/PC365","ginsenoside degradation III","4"
"http://rdf-plantmetwiki.bioinformatics.nl/pathways/RC1030","RXN-14142","4"
"http://rdf-plantmetwiki.bioinformatics.nl/pathways/RC905","PSERTRANSAMPYR-RXN","4"
"http://rdf-plantmetwiki.bioinformatics.nl/pathways/RC397","RXN-974","4"
"http://rdf-plantmetwiki.bioinformatics.nl/pathways/PC256","bornyl pyrophosphate biosynthesis","4"
"http://rdf-plantmetwiki.bioinformatics.nl/pathways/RC1228","RXN-5101","4"
"http://rdf-plantmetwiki.bioinformatics.nl/pathways/RC696","RXN-14524","4"
"http://rdf-plantmetwiki.bioinformatics.nl/pathways/RC1280","RXN-8992","4"
"http://rdf-plantmetwiki.bioinformatics.nl/pathways/RC333","RXN-14511","4"
"http://rdf-plantmetwiki.bioinformatics.nl/pathways/PC1105","homospermidine biosynthesis I","4"
"http://rdf-plantmetwiki.bioinformatics.nl/pathways/PC805","diploterol biosynthesis","4"
"http://rdf-plantmetwiki.bioinformatics.nl/pathways/RC1190","RXN-14091","4"
"http://rdf-plantmetwiki.bioinformatics.nl/pathways/RC1125","RXN-22790","4"
"http://rdf-plantmetwiki.bioinformatics.nl/pathways/RC372","1.14.13.74-RXN","4"
"http://rdf-plantmetwiki.bioinformatics.nl/pathways/RC904","1.14.13.77-RXN","4"
"http://rdf-plantmetwiki.bioinformatics.nl/pathways/RC280","4.1.1.74-RXN","4"
"http://rdf-plantmetwiki.bioinformatics.nl/pathways/PC224","phenylethyl acetate biosynthesis","4"
"http://rdf-plantmetwiki.bioinformatics.nl/pathways/RC713","RXN-21433","4"
"http://rdf-plantmetwiki.bioinformatics.nl/pathways/RC1229","1.14.99.37-RXN","4"
"http://rdf-plantmetwiki.bioinformatics.nl/pathways/RC473","RXN-10731","4"
"http://rdf-plantmetwiki.bioinformatics.nl/pathways/RC507","RXN-10878","4"
"http://rdf-plantmetwiki.bioinformatics.nl/pathways/RC112","RXN-21166","4"
"http://rdf-plantmetwiki.bioinformatics.nl/pathways/RC298","RXN-13004","4"
"http://rdf-plantmetwiki.bioinformatics.nl/pathways/RC1155","RXN-12990","4"
"http://rdf-plantmetwiki.bioinformatics.nl/pathways/RC926","RXN-10787","4"
"http://rdf-plantmetwiki.bioinformatics.nl/pathways/RC979","RXN-15512","4"
"http://rdf-plantmetwiki.bioinformatics.nl/pathways/RC1245","RXN-11529","4"
"http://rdf-plantmetwiki.bioinformatics.nl/pathways/RC370","RXN-20898","4"
"http://rdf-plantmetwiki.bioinformatics.nl/pathways/RC188","sn-glycerol 3-phosphate:ubiquinone oxidoreductase","4"
"http://rdf-plantmetwiki.bioinformatics.nl/pathways/RC707","RXN0-7187","4"
"http://rdf-plantmetwiki.bioinformatics.nl/pathways/RC145","RXN0-5292","4"
"http://rdf-plantmetwiki.bioinformatics.nl/pathways/RC1100","RXN-13019","4"
"http://rdf-plantmetwiki.bioinformatics.nl/pathways/RC607","RXN-19022","4"
"http://rdf-plantmetwiki.bioinformatics.nl/pathways/RC206","NUCLEOSIDE-DIP-KIN-RXN","4"
"http://rdf-plantmetwiki.bioinformatics.nl/pathways/RC201","MALDEXPHOSPHORYL-RXN","4"
"http://rdf-plantmetwiki.bioinformatics.nl/pathways/RC175","RXN18C3-111","4"
"http://rdf-plantmetwiki.bioinformatics.nl/pathways/RC708","RXN-12087","4"
"http://rdf-plantmetwiki.bioinformatics.nl/pathways/PC416","(1,4)-β-D-xylan degradation","4"
"http://rdf-plantmetwiki.bioinformatics.nl/pathways/RC430","RXN-18079","4"
"http://rdf-plantmetwiki.bioinformatics.nl/pathways/RC388","RXN-17753","4"
"http://rdf-plantmetwiki.bioinformatics.nl/pathways/RC200","RXN-18453","4"
"http://rdf-plantmetwiki.bioinformatics.nl/pathways/RC86","GLYC3PDEHYDROG-RXN","4"
"http://rdf-plantmetwiki.bioinformatics.nl/pathways/RC832","ADENPHOSPHOR-RXN","4"
"http://rdf-plantmetwiki.bioinformatics.nl/pathways/PC818","avenacin A-2 biosynthesis","4"
"http://rdf-plantmetwiki.bioinformatics.nl/pathways/PC192","L-asparagine degradation I","4"
"http://rdf-plantmetwiki.bioinformatics.nl/pathways/PC834","δ-guaiene biosynthesis","4"
"http://rdf-plantmetwiki.bioinformatics.nl/pathways/RC547","PEROXID-RXN","4"
"http://rdf-plantmetwiki.bioinformatics.nl/pathways/RC110","RXN-14126","4"
"http://rdf-plantmetwiki.bioinformatics.nl/pathways/RC85","SUGAR-PHOSPHATASE-RXN","4"
"http://rdf-plantmetwiki.bioinformatics.nl/pathways/RC1219","RXNQT-4383","4"
"http://rdf-plantmetwiki.bioinformatics.nl/pathways/RC445","RXN-14064","4"
"http://rdf-plantmetwiki.bioinformatics.nl/pathways/RC242","D-ALANINE-AMINOTRANSFERASE-RXN","4"
"http://rdf-plantmetwiki.bioinformatics.nl/pathways/RC184","RXN-8427","4"
"http://rdf-plantmetwiki.bioinformatics.nl/pathways/RC283","RXN-1024","4"
"http://rdf-plantmetwiki.bioinformatics.nl/pathways/RC21","RXN-11670","4"
"http://rdf-plantmetwiki.bioinformatics.nl/pathways/RC367","ALKAPHOSPHA-RXN","4"
"http://rdf-plantmetwiki.bioinformatics.nl/pathways/RC319","RXN66-526","4"
"http://rdf-plantmetwiki.bioinformatics.nl/pathways/PC115","ent-kaurene biosynthesis I","4"
"http://rdf-plantmetwiki.bioinformatics.nl/pathways/PC883","pyrimidine nucleobases salvage I","4"
"http://rdf-plantmetwiki.bioinformatics.nl/pathways/RC1290","RXN-13397","4"
"http://rdf-plantmetwiki.bioinformatics.nl/pathways/PC309","acetaldehyde biosynthesis II","4"
"http://rdf-plantmetwiki.bioinformatics.nl/pathways/RC1232","RXN-19008","4"
"http://rdf-plantmetwiki.bioinformatics.nl/pathways/RC917","RXN-23370","4"
"http://rdf-plantmetwiki.bioinformatics.nl/pathways/RC423","RXN-11544","4"
"http://rdf-plantmetwiki.bioinformatics.nl/pathways/RC834","RXN-8333","4"
"http://rdf-plantmetwiki.bioinformatics.nl/pathways/PC345","L-glutamate biosynthesis V","4"
"http://rdf-plantmetwiki.bioinformatics.nl/pathways/RC809","RXN-4230","4"
"http://rdf-plantmetwiki.bioinformatics.nl/pathways/RC1142","RXN-4228","4"
"http://rdf-plantmetwiki.bioinformatics.nl/pathways/RC138","RXN-13640","4"
"http://rdf-plantmetwiki.bioinformatics.nl/pathways/RC711","RXN-7860","4"
"http://rdf-plantmetwiki.bioinformatics.nl/pathways/RC836","RXN1ZN3-9","4"
"http://rdf-plantmetwiki.bioinformatics.nl/pathways/RC117","GLUCOSE-1-PHOSPHAT-RXN","4"
"http://rdf-plantmetwiki.bioinformatics.nl/pathways/RC679","2.3.1.162-RXN","4"
"http://rdf-plantmetwiki.bioinformatics.nl/pathways/RC1300","RXNQT-4377","4"
"http://rdf-plantmetwiki.bioinformatics.nl/pathways/RC577","3-NUCLEOTID-RXN","4"
"http://rdf-plantmetwiki.bioinformatics.nl/pathways/RC185","Acrylamidase","4"
"http://rdf-plantmetwiki.bioinformatics.nl/pathways/RC90","RXN-14113","4"
"http://rdf-plantmetwiki.bioinformatics.nl/pathways/RC871","RXN-12207","4"
"http://rdf-plantmetwiki.bioinformatics.nl/pathways/RC887","RXN-14355","4"
"http://rdf-plantmetwiki.bioinformatics.nl/pathways/RC211","OXALATE-COA-TRANSFERASE-RXN","4"
"http://rdf-plantmetwiki.bioinformatics.nl/pathways/RC495","RXN-22761","4"
"http://rdf-plantmetwiki.bioinformatics.nl/pathways/RC2","RXN-8813","4"
"http://rdf-plantmetwiki.bioinformatics.nl/pathways/RC455","RXN-13015","4"
"http://rdf-plantmetwiki.bioinformatics.nl/pathways/RC31","3.2.1.52-RXN","4"
"http://rdf-plantmetwiki.bioinformatics.nl/pathways/RC311","MALTODEG-RXN","4"
"http://rdf-plantmetwiki.bioinformatics.nl/pathways/PC493","nonaprenyl pyrophosphate biosynthesis I","4"
"http://rdf-plantmetwiki.bioinformatics.nl/pathways/RC716","DEOXYNUCLEOTIDE-3-PHOSPHATASE-RXN","4"
"http://rdf-plantmetwiki.bioinformatics.nl/pathways/RC734","RXN-14523","4"
"http://rdf-plantmetwiki.bioinformatics.nl/pathways/RC1227","RXN-18483","4"
"http://rdf-plantmetwiki.bioinformatics.nl/pathways/RC1055","RXN-9208","4"
"http://rdf-plantmetwiki.bioinformatics.nl/pathways/RC747","RXN-13728","4"
"http://rdf-plantmetwiki.bioinformatics.nl/pathways/RC286","2.6.1.64-RXN","4"
"http://rdf-plantmetwiki.bioinformatics.nl/pathways/RC262","RXN-7571","4"
"http://rdf-plantmetwiki.bioinformatics.nl/pathways/RC61","RXN0-6721","4"
"http://rdf-plantmetwiki.bioinformatics.nl/pathways/RC983","2-(&alpha;-hydroxyethyl)-TPP:[dihydrolipoyllysine-residue acetyltransferase]-lipoyllysine acetyltransferase","4"
"http://rdf-plantmetwiki.bioinformatics.nl/pathways/RC642","RXN-11233","4"
"http://rdf-plantmetwiki.bioinformatics.nl/pathways/RC542","RXN-8748","4"
"http://rdf-plantmetwiki.bioinformatics.nl/pathways/RC793","1.8.4.8-RXN","4"
"http://rdf-plantmetwiki.bioinformatics.nl/pathways/RC125","RXN-7895","4"
"http://rdf-plantmetwiki.bioinformatics.nl/pathways/RC1202","2.4.1.207-RXN","4"
"http://rdf-plantmetwiki.bioinformatics.nl/pathways/RC401","RXN-10036","4"
"http://rdf-plantmetwiki.bioinformatics.nl/pathways/RC47","ALANINE--GLYOXYLATE-AMINOTRANSFERASE-RXN","4"
"http://rdf-plantmetwiki.bioinformatics.nl/pathways/RC551","RXN0-5216","4"
"http://rdf-plantmetwiki.bioinformatics.nl/pathways/RC96","2.6.1.28-RXN","4"
"http://rdf-plantmetwiki.bioinformatics.nl/pathways/PC524","cis-calamenene related sesquiterpenoids biosynthesis","4"
"http://rdf-plantmetwiki.bioinformatics.nl/pathways/RC536","RXN-14161","4"
"http://rdf-plantmetwiki.bioinformatics.nl/pathways/RC461","RXN-4821","4"
"http://rdf-plantmetwiki.bioinformatics.nl/pathways/RC825","RXN-11655","4"
"http://rdf-plantmetwiki.bioinformatics.nl/pathways/RC798","RXN-7181","4"
"http://rdf-plantmetwiki.bioinformatics.nl/pathways/RC1163","CYCPHOSDIESTER-RXN","4"
"http://rdf-plantmetwiki.bioinformatics.nl/pathways/RC231","RXN-14290","4"
"http://rdf-plantmetwiki.bioinformatics.nl/pathways/RC723","RXN-14534","4"
"http://rdf-plantmetwiki.bioinformatics.nl/pathways/RC658","2.6.1.7-RXN","4"
"http://rdf-plantmetwiki.bioinformatics.nl/pathways/RC862","RXN0-1382","4"
"http://rdf-plantmetwiki.bioinformatics.nl/pathways/RC366","RXN-9559","4"
"http://rdf-plantmetwiki.bioinformatics.nl/pathways/RC261","RXN-15312","4"
"http://rdf-plantmetwiki.bioinformatics.nl/pathways/RC927","flavonone 3&prime;-hydroxylase","4"
"http://rdf-plantmetwiki.bioinformatics.nl/pathways/RC690","RXN-23528","4"
"http://rdf-plantmetwiki.bioinformatics.nl/pathways/RC238","RXN18C3-110","4"
"http://rdf-plantmetwiki.bioinformatics.nl/pathways/RC1162","FLAVONOID-3-MONOOXYGENASE-RXN","4"
"http://rdf-plantmetwiki.bioinformatics.nl/pathways/RC6","RXN-18939","4"
"http://rdf-plantmetwiki.bioinformatics.nl/pathways/RC414","RXN-21539","4"
"http://rdf-plantmetwiki.bioinformatics.nl/pathways/RC450","RXN-8737","4"
"http://rdf-plantmetwiki.bioinformatics.nl/pathways/RC553","RXN-21165","4"
"http://rdf-plantmetwiki.bioinformatics.nl/pathways/RC30","RXN-1501","4"
"http://rdf-plantmetwiki.bioinformatics.nl/pathways/RC573","RXN-21168","4"
"http://rdf-plantmetwiki.bioinformatics.nl/pathways/RC686","3.1.4.37-RXN","4"
"http://rdf-plantmetwiki.bioinformatics.nl/pathways/RC805","RXNQT-4371","4"
"http://rdf-plantmetwiki.bioinformatics.nl/pathways/RC626","RXN-14513","4"
"http://rdf-plantmetwiki.bioinformatics.nl/pathways/RC429","RXN3O-4157","4"
"http://rdf-plantmetwiki.bioinformatics.nl/pathways/RC517","RXN-7878","4"
"http://rdf-plantmetwiki.bioinformatics.nl/pathways/RC677","RXN-5741","4"
"http://rdf-plantmetwiki.bioinformatics.nl/pathways/RC1267","RXN-20900","4"
"http://rdf-plantmetwiki.bioinformatics.nl/pathways/RC624","RXN-20026","4"
"http://rdf-plantmetwiki.bioinformatics.nl/pathways/RC999","RXN-12541","4"
"http://rdf-plantmetwiki.bioinformatics.nl/pathways/RC778","3.5.1.60-RXN","4"
"http://rdf-plantmetwiki.bioinformatics.nl/pathways/RC49","RXN-7897","4"
"http://rdf-plantmetwiki.bioinformatics.nl/pathways/RC939","GLUCONOLACT-RXN","4"
"http://rdf-plantmetwiki.bioinformatics.nl/pathways/RC684","RXN-22831","4"
"http://rdf-plantmetwiki.bioinformatics.nl/pathways/RC422","RXN-10720","4"
"http://rdf-plantmetwiki.bioinformatics.nl/pathways/RC757","RXN-7843","4"
"http://rdf-plantmetwiki.bioinformatics.nl/pathways/RC1044","RXN-9929","4"
"http://rdf-plantmetwiki.bioinformatics.nl/pathways/RC270","RXN-6545","4"
"http://rdf-plantmetwiki.bioinformatics.nl/pathways/RC1085","RXN-12124","4"
"http://rdf-plantmetwiki.bioinformatics.nl/pathways/RC775","RXN-14112","4"
"http://rdf-plantmetwiki.bioinformatics.nl/pathways/RC919","ALPHA-L-FUCOSIDASE-RXN","4"
"http://rdf-plantmetwiki.bioinformatics.nl/pathways/PC807","geranylgeranyl pyrophosphate biosynthesis","4"
"http://rdf-plantmetwiki.bioinformatics.nl/pathways/PC869","diphyllin biosynthesis","4"
"http://rdf-plantmetwiki.bioinformatics.nl/pathways/RC804","RXN-4315","4"
"http://rdf-plantmetwiki.bioinformatics.nl/pathways/RC732","DLACTDEHYDROGFAD-RXN","4"
"http://rdf-plantmetwiki.bioinformatics.nl/pathways/PC898","salicylate biosynthesis I","4"
"http://rdf-plantmetwiki.bioinformatics.nl/pathways/RC810","RXN-14514","4"
"http://rdf-plantmetwiki.bioinformatics.nl/pathways/RC794","RXN-11875","4"
"http://rdf-plantmetwiki.bioinformatics.nl/pathways/RC709","RXN-11545","4"
"http://rdf-plantmetwiki.bioinformatics.nl/pathways/RC843","RXN-8173","4"
"http://rdf-plantmetwiki.bioinformatics.nl/pathways/RC25","RXN-12879","4"
"http://rdf-plantmetwiki.bioinformatics.nl/pathways/RC3","MALATE-DEHYDROGENASE-ACCEPTOR-RXN","4"
"http://rdf-plantmetwiki.bioinformatics.nl/pathways/RC448","RXN-12862","4"
"http://rdf-plantmetwiki.bioinformatics.nl/pathways/PC587","L-alanine biosynthesis II","4"
"http://rdf-plantmetwiki.bioinformatics.nl/pathways/RC385","Thioglucosidase","4"
"http://rdf-plantmetwiki.bioinformatics.nl/pathways/PC412","esterified suberin biosynthesis","4"
"http://rdf-plantmetwiki.bioinformatics.nl/pathways/PC137","phosphate acquisition","4"
"http://rdf-plantmetwiki.bioinformatics.nl/pathways/PC186","VTC2 cycle","4"
"http://rdf-plantmetwiki.bioinformatics.nl/pathways/RC97","RXN-7866","4"
"http://rdf-plantmetwiki.bioinformatics.nl/pathways/RC1111","RXN-22775","4"
"http://rdf-plantmetwiki.bioinformatics.nl/pathways/PC201","betanidin degradation","4"
"http://rdf-plantmetwiki.bioinformatics.nl/pathways/RC442","RXN-12363","4"
"http://rdf-plantmetwiki.bioinformatics.nl/pathways/RC1148","RXN-4231","4"
"http://rdf-plantmetwiki.bioinformatics.nl/pathways/RC799","RXN-7893","4"
"http://rdf-plantmetwiki.bioinformatics.nl/pathways/RC341","RXN-14754","4"
"http://rdf-plantmetwiki.bioinformatics.nl/pathways/RC1031","RXN-11102","4"
"http://rdf-plantmetwiki.bioinformatics.nl/pathways/RC574","RXN-13956","4"
"http://rdf-plantmetwiki.bioinformatics.nl/pathways/RC1166","HYPOXANPRIBOSYLTRAN-RXN","4"
"http://rdf-plantmetwiki.bioinformatics.nl/pathways/PC617","purine uptake","4"
"http://rdf-plantmetwiki.bioinformatics.nl/pathways/RC625","RXN-8642","4"
"http://rdf-plantmetwiki.bioinformatics.nl/pathways/RC949","RXNQT-4375","4"
"http://rdf-plantmetwiki.bioinformatics.nl/pathways/RC1118","RXN-2881","4"
"http://rdf-plantmetwiki.bioinformatics.nl/pathways/RC932","RXN18C3-114","4"
"http://rdf-plantmetwiki.bioinformatics.nl/pathways/RC1193","RXN-22828","4"
"http://rdf-plantmetwiki.bioinformatics.nl/pathways/RC527","RXN-4318","4"
"http://rdf-plantmetwiki.bioinformatics.nl/pathways/RC1292","RXN-23333","4"
"http://rdf-plantmetwiki.bioinformatics.nl/pathways/RC822","RXN-14179","4"
"http://rdf-plantmetwiki.bioinformatics.nl/pathways/RC613","(9Z,11E,14Z)-(13S)-hydroperoxyoctadeca-9,11,14-trienoate 12,13-hydro-lyase","4"
"http://rdf-plantmetwiki.bioinformatics.nl/pathways/RC720","ACYLACPSYNTH-RXN","4"
"http://rdf-plantmetwiki.bioinformatics.nl/pathways/RC16","RXN0-3741","4"
"http://rdf-plantmetwiki.bioinformatics.nl/pathways/RC102","GLUCOSE-6-PHOSPHATASE-RXN","4"
"http://rdf-plantmetwiki.bioinformatics.nl/pathways/RC988","AMYLOMALT-RXN","4"
"http://rdf-plantmetwiki.bioinformatics.nl/pathways/RC808","RXN-4181","4"
"http://rdf-plantmetwiki.bioinformatics.nl/pathways/RC858","RXN-13873","4"
"http://rdf-plantmetwiki.bioinformatics.nl/pathways/RC1234","RXN0-5185","4"
"http://rdf-plantmetwiki.bioinformatics.nl/pathways/RC394","RXN-7022","4"
"http://rdf-plantmetwiki.bioinformatics.nl/pathways/RC802","RXN-8380","4"
"http://rdf-plantmetwiki.bioinformatics.nl/pathways/RC156","RXNQT-4382","4"
"http://rdf-plantmetwiki.bioinformatics.nl/pathways/RC1064","RXN0-5398","4"
"http://rdf-plantmetwiki.bioinformatics.nl/pathways/RC1023","RXN-13399","4"
"http://rdf-plantmetwiki.bioinformatics.nl/pathways/RC982","RXN-10721","4"
"http://rdf-plantmetwiki.bioinformatics.nl/pathways/RC731","RXN-11308","4"
"http://rdf-plantmetwiki.bioinformatics.nl/pathways/RC443","RXN-7920","4"
"http://rdf-plantmetwiki.bioinformatics.nl/pathways/RC950","RXN-3482","4"
"http://rdf-plantmetwiki.bioinformatics.nl/pathways/RC1186","RXN-7891","4"
"http://rdf-plantmetwiki.bioinformatics.nl/pathways/RC208","S-2-HYDROXY-ACID-OXIDASE-RXN","4"
"http://rdf-plantmetwiki.bioinformatics.nl/pathways/RC60","RXN-7877","4"
"http://rdf-plantmetwiki.bioinformatics.nl/pathways/RC1041","ACETOACETATE-DECARBOXYLASE-RXN","4"
"http://rdf-plantmetwiki.bioinformatics.nl/pathways/RC1033","RXN-10868","4"
"http://rdf-plantmetwiki.bioinformatics.nl/pathways/RC510","ADENYLYLSULFATE-REDUCTASE-RXN","4"
"http://rdf-plantmetwiki.bioinformatics.nl/pathways/RC222","RXN-7883","4"
"http://rdf-plantmetwiki.bioinformatics.nl/pathways/RC1122","RXNQT-4385","4"
"http://rdf-plantmetwiki.bioinformatics.nl/pathways/RC179","RXN-6841","4"
"http://rdf-plantmetwiki.bioinformatics.nl/pathways/RC845","RXN-16909","4"
"http://rdf-plantmetwiki.bioinformatics.nl/pathways/RC565","RXN-8335","4"
"http://rdf-plantmetwiki.bioinformatics.nl/pathways/RC237","RXN-22830","4"
"http://rdf-plantmetwiki.bioinformatics.nl/pathways/RC1091","CYSTEINE-AMINOTRANSFERASE-RXN","4"
"http://rdf-plantmetwiki.bioinformatics.nl/pathways/RC1172","RXN-2102","4"
"http://rdf-plantmetwiki.bioinformatics.nl/pathways/RC345","RXN-9562","4"
"http://rdf-plantmetwiki.bioinformatics.nl/pathways/RC953","RXN-19832","4"
"http://rdf-plantmetwiki.bioinformatics.nl/pathways/RC622","RXN-9560","4"
"http://rdf-plantmetwiki.bioinformatics.nl/pathways/RC266","RXN-18897","4"
"http://rdf-plantmetwiki.bioinformatics.nl/pathways/RC129","RXN-21538","4"
"http://rdf-plantmetwiki.bioinformatics.nl/pathways/RC916","25-DIAMINOVALERATE-AMINOTRANSFERASE-RXN","4"
"http://rdf-plantmetwiki.bioinformatics.nl/pathways/PC279","abscisic acid degradation to 7'-hydroxyabscisate","4"
"http://rdf-plantmetwiki.bioinformatics.nl/pathways/RC141","RXN-11234","4"
"http://rdf-plantmetwiki.bioinformatics.nl/pathways/RC599","PHOSPHOGLYCERATE-PHOSPHATASE-RXN","4"
"http://rdf-plantmetwiki.bioinformatics.nl/pathways/RC548","RXN-14510","4"
"http://rdf-plantmetwiki.bioinformatics.nl/pathways/RC857","RXN-15509","4"
"http://rdf-plantmetwiki.bioinformatics.nl/pathways/PC193","benzoylanthranilate biosynthesis","4"
"http://rdf-plantmetwiki.bioinformatics.nl/pathways/RC725","RXN-7876","4"
"http://rdf-plantmetwiki.bioinformatics.nl/pathways/RC614","RXN-13959","4"
"http://rdf-plantmetwiki.bioinformatics.nl/pathways/PC689","ortho-quinones biosynthesis","4"
"http://rdf-plantmetwiki.bioinformatics.nl/pathways/RC654","THYM-PHOSPH-RXN","4"
"http://rdf-plantmetwiki.bioinformatics.nl/pathways/RC594","RXN-12892","4"
"http://rdf-plantmetwiki.bioinformatics.nl/pathways/PC918","santalene biosynthesis I","4"
"http://rdf-plantmetwiki.bioinformatics.nl/pathways/RC974","RXN-18938","4"
"http://rdf-plantmetwiki.bioinformatics.nl/pathways/RC186","NADH dehydrogenase (ubiquinone)","4"
"http://rdf-plantmetwiki.bioinformatics.nl/pathways/PC708","L-nicotianamine biosynthesis","4"
"http://rdf-plantmetwiki.bioinformatics.nl/pathways/RC788","RXN-21169","4"
"http://rdf-plantmetwiki.bioinformatics.nl/pathways/RC1178","RXN-22774","4"
"http://rdf-plantmetwiki.bioinformatics.nl/pathways/RC1112","RXN-22776","4"
"http://rdf-plantmetwiki.bioinformatics.nl/pathways/RC54","5-NUCLEOTID-RXN","4"
"http://rdf-plantmetwiki.bioinformatics.nl/pathways/RC1074","CHLOROPHYLLASE-RXN","4"
"http://rdf-plantmetwiki.bioinformatics.nl/pathways/RC1156","RXN-10953","4"
"http://rdf-plantmetwiki.bioinformatics.nl/pathways/RC702","RXN-22407","4"
"http://rdf-plantmetwiki.bioinformatics.nl/pathways/RC1035","3.5.5.1-RXN","4"
"http://rdf-plantmetwiki.bioinformatics.nl/pathways/RC383","RXNQT-4372","4"
"http://rdf-plantmetwiki.bioinformatics.nl/pathways/RC381","RXN-12659","4"
"http://rdf-plantmetwiki.bioinformatics.nl/pathways/RC786","GLYCOLATEDEHYDRO-RXN","4"
"http://rdf-plantmetwiki.bioinformatics.nl/pathways/RC444","Protoporphyrinogen oxidase","4"
"http://rdf-plantmetwiki.bioinformatics.nl/pathways/PC66","ricinine degradation","4"
"http://rdf-plantmetwiki.bioinformatics.nl/pathways/RC323","RXN-11355","4"
"http://rdf-plantmetwiki.bioinformatics.nl/pathways/RC567","RXN-7692","4"
"http://rdf-plantmetwiki.bioinformatics.nl/pathways/RC83","RXN0-7188","4"
"http://rdf-plantmetwiki.bioinformatics.nl/pathways/RC1164","PHOSPHATIDYLINOSITOL-BISPHOSPHATASE-RXN","4"
"http://rdf-plantmetwiki.bioinformatics.nl/pathways/RC908","RXN0-5182","4"
"http://rdf-plantmetwiki.bioinformatics.nl/pathways/RC1216","RXN-12680","4"
"http://rdf-plantmetwiki.bioinformatics.nl/pathways/RC377","RXN-10946","4"
"http://rdf-plantmetwiki.bioinformatics.nl/pathways/PC78","alizarin biosynthesis","4"
"http://rdf-plantmetwiki.bioinformatics.nl/pathways/RC766","RXN-15556","4"
"http://rdf-plantmetwiki.bioinformatics.nl/pathways/PC1027","benzoyl-β-D-glucopyranose biosynthesis","4"
"http://rdf-plantmetwiki.bioinformatics.nl/pathways/RC694","RXN18C3-112","4"
"http://rdf-plantmetwiki.bioinformatics.nl/pathways/RC484","OXALODECARB-RXN","4"
"http://rdf-plantmetwiki.bioinformatics.nl/pathways/RC425","PHOSPHATIDYLINOSITOL-3-PHOSPHATASE-RXN","4"
"http://rdf-plantmetwiki.bioinformatics.nl/pathways/RC1269","RXN-13192","4"
"http://rdf-plantmetwiki.bioinformatics.nl/pathways/PC820","carbon concentration mechanism (Chlamydomonas)","4"
"http://rdf-plantmetwiki.bioinformatics.nl/pathways/RC829","RXN-10947","4"
"http://rdf-plantmetwiki.bioinformatics.nl/pathways/PC190","palmitoleate biosynthesis II (plants and bacteria)","4"
"http://rdf-plantmetwiki.bioinformatics.nl/pathways/RC1088","RXN0-7080","4"
"http://rdf-plantmetwiki.bioinformatics.nl/pathways/RC660","RXN-21019","4"
"http://rdf-plantmetwiki.bioinformatics.nl/pathways/PC1148","valencene and 7-epi-α-selinene biosynthesis","4"
"http://rdf-plantmetwiki.bioinformatics.nl/pathways/RC1287","4-HYDROXYGLUTAMATE-AMINOTRANSFERASE-RXN","4"
"http://rdf-plantmetwiki.bioinformatics.nl/pathways/RC928","RXN-18383","4"
"http://rdf-plantmetwiki.bioinformatics.nl/pathways/RC1276","LACCASE-RXN","4"
"http://rdf-plantmetwiki.bioinformatics.nl/pathways/RC1265","RXN-7643","4"
"http://rdf-plantmetwiki.bioinformatics.nl/pathways/RC432","RXN0-308","4"
"http://rdf-plantmetwiki.bioinformatics.nl/pathways/RC749","RXN-9561","4"
"http://rdf-plantmetwiki.bioinformatics.nl/pathways/RC662","RXN-7842","4"
"http://rdf-plantmetwiki.bioinformatics.nl/pathways/RC410","RXN-10944","4"
"http://rdf-plantmetwiki.bioinformatics.nl/pathways/RC63","phenolic oxidative coupling protein","4"
"http://rdf-plantmetwiki.bioinformatics.nl/pathways/RC1013","RXN-10873","4"
"http://rdf-plantmetwiki.bioinformatics.nl/pathways/PC1063","melibiose degradation","4"
"http://rdf-plantmetwiki.bioinformatics.nl/pathways/RC474","3-SULFINOALANINE-AMINOTRANSFERASE-RXN","4"
"http://rdf-plantmetwiki.bioinformatics.nl/pathways/RC846","3.2.1.23-RXN","4"
"http://rdf-plantmetwiki.bioinformatics.nl/pathways/RC128","1.14.13.76-RXN","4"
"http://rdf-plantmetwiki.bioinformatics.nl/pathways/RC166","TRANS-PENTAPRENYLTRANSFERASE-RXN","4"
"http://rdf-plantmetwiki.bioinformatics.nl/pathways/RC312","6-phospho-&beta;-fructofuranosidase","4"
"http://rdf-plantmetwiki.bioinformatics.nl/pathways/RC330","14-hydroxylanosterol 14-dehydrogenase","4"
"http://rdf-plantmetwiki.bioinformatics.nl/pathways/RC920","RXN-14473","4"
"http://rdf-plantmetwiki.bioinformatics.nl/pathways/RC763","RXN-8447","4"
"http://rdf-plantmetwiki.bioinformatics.nl/pathways/RC957","RXN-12613","4"
"http://rdf-plantmetwiki.bioinformatics.nl/pathways/RC480","RXN-15510","4"
"http://rdf-plantmetwiki.bioinformatics.nl/pathways/RC1137","RXN-14509","4"
"http://rdf-plantmetwiki.bioinformatics.nl/pathways/RC1124","RXN-8571","4"
"http://rdf-plantmetwiki.bioinformatics.nl/pathways/RC571","RXN-7740","4"
"http://rdf-plantmetwiki.bioinformatics.nl/pathways/RC240","RXN-9347","4"
"http://rdf-plantmetwiki.bioinformatics.nl/pathways/RC81","RXN-19835","4"
"http://rdf-plantmetwiki.bioinformatics.nl/pathways/RC251","RXNQT-4395","4"
"http://rdf-plantmetwiki.bioinformatics.nl/pathways/RC630","RXN-8855","4"
"http://rdf-plantmetwiki.bioinformatics.nl/pathways/RC452","RXN-14525","4"
"http://rdf-plantmetwiki.bioinformatics.nl/pathways/RC217","RXN-12410","4"
"http://rdf-plantmetwiki.bioinformatics.nl/pathways/RC50","RXN-14243","4"
"http://rdf-plantmetwiki.bioinformatics.nl/pathways/RC687","lanosterol 14-hydroxylase","4"
"http://rdf-plantmetwiki.bioinformatics.nl/pathways/RC780","GLYCEROL-1-PHOSPHATASE-RXN","4"
"http://rdf-plantmetwiki.bioinformatics.nl/pathways/RC1103","dihydrolipoyllysine-residue (3-methylbutanoyl)transferase","4"
"http://rdf-plantmetwiki.bioinformatics.nl/pathways/PC437","L-aspartate biosynthesis","4"
"http://rdf-plantmetwiki.bioinformatics.nl/pathways/RC209","TRANS-HEXAPRENYLTRANSTRANSFERASE-RXN","4"
"http://rdf-plantmetwiki.bioinformatics.nl/pathways/RC881","Glycerol-3-phosphate dehydrogenase","4"
"http://rdf-plantmetwiki.bioinformatics.nl/pathways/RC828","RXN-10949","4"
"http://rdf-plantmetwiki.bioinformatics.nl/pathways/RC1252","RXN-14115","4"
"http://rdf-plantmetwiki.bioinformatics.nl/pathways/RC960","RXN-10961","4"
"http://rdf-plantmetwiki.bioinformatics.nl/pathways/PC304","cinnamate esters biosynthesis","4"
"http://rdf-plantmetwiki.bioinformatics.nl/pathways/PC292","phosphatidylethanolamine biosynthesis III","4"
"http://rdf-plantmetwiki.bioinformatics.nl/pathways/RC291","3.2.1.21-RXN","4"
"http://rdf-plantmetwiki.bioinformatics.nl/pathways/RC230","dihydrolipoyllysine-residue (2-methylbutanoyl)transferase","4"
"http://rdf-plantmetwiki.bioinformatics.nl/pathways/RC1242","3' hydroxy flavanone 5&prime;-hydroxylase","4"
"http://rdf-plantmetwiki.bioinformatics.nl/pathways/RC1195","RXN-15348","4"
"http://rdf-plantmetwiki.bioinformatics.nl/pathways/RC236","2.6.1.57-RXN","4"
"http://rdf-plantmetwiki.bioinformatics.nl/pathways/RC1026","RXNQT-4180","4"
"http://rdf-plantmetwiki.bioinformatics.nl/pathways/RC487","RXN18C3-113","4"
"http://rdf-plantmetwiki.bioinformatics.nl/pathways/RC1272","RXN-18353","4"
"http://rdf-plantmetwiki.bioinformatics.nl/pathways/RC1084","RXN-14522","4"
"http://rdf-plantmetwiki.bioinformatics.nl/pathways/PC278","salicylate glucosides biosynthesis III","4"
"http://rdf-plantmetwiki.bioinformatics.nl/pathways/RC246","RXN-22777","4"
"http://rdf-plantmetwiki.bioinformatics.nl/pathways/RC245","RXN-14090","4"
"http://rdf-plantmetwiki.bioinformatics.nl/pathways/RC666","SUCC-FUM-OXRED-RXN","4"
"http://rdf-plantmetwiki.bioinformatics.nl/pathways/RC589","2-oxo-3-phenylpropanoate dioxygenase","4"
"http://rdf-plantmetwiki.bioinformatics.nl/pathways/RC1196","RXN-12565","4"
"http://rdf-plantmetwiki.bioinformatics.nl/pathways/RC275","RXN-19980","4"
"http://rdf-plantmetwiki.bioinformatics.nl/pathways/RC576","RXN-4208","4"
"http://rdf-plantmetwiki.bioinformatics.nl/pathways/RC342","RXN-18341","4"
"http://rdf-plantmetwiki.bioinformatics.nl/pathways/RC995","RXN-19831","4"
"http://rdf-plantmetwiki.bioinformatics.nl/pathways/RC895","RXN-13024","4"
"http://rdf-plantmetwiki.bioinformatics.nl/pathways/RC267","RXN-20884","4"
"http://rdf-plantmetwiki.bioinformatics.nl/pathways/RC315","RXN-14512","4"
"http://rdf-plantmetwiki.bioinformatics.nl/pathways/RC127","RXN-11265","4"
"http://rdf-plantmetwiki.bioinformatics.nl/pathways/RC1129","FORMATE-DEHYDROGENASE-NADP+-RXN","4"
"http://rdf-plantmetwiki.bioinformatics.nl/pathways/RC248","ORNITHINE--OXO-ACID-AMINOTRANSFERASE-RXN","4"
"http://rdf-plantmetwiki.bioinformatics.nl/pathways/PC254","selinene biosynthesis","4"
"http://rdf-plantmetwiki.bioinformatics.nl/pathways/RC457","RXN-11546","4"
"http://rdf-plantmetwiki.bioinformatics.nl/pathways/RC459","RXN-14143","4"
"http://rdf-plantmetwiki.bioinformatics.nl/pathways/RC171","RXN-7892","4"
"http://rdf-plantmetwiki.bioinformatics.nl/pathways/RC1032","RXN-18895","4"
"http://rdf-plantmetwiki.bioinformatics.nl/pathways/RC892","RXN18C3-109","4"
"http://rdf-plantmetwiki.bioinformatics.nl/pathways/RC1165","RXN-21004","4"
"http://rdf-plantmetwiki.bioinformatics.nl/pathways/PC840","nonaprenyl pyrophosphate biosynthesis II","4"
"http://rdf-plantmetwiki.bioinformatics.nl/pathways/RC739","GLYCEROL-2-PHOSPHATASE-RXN","4"
"http://rdf-plantmetwiki.bioinformatics.nl/pathways/RC199","RXN-9348","4"
"http://rdf-plantmetwiki.bioinformatics.nl/pathways/RC149","2-MEBUCOA-FAD-RXN","4"
"http://rdf-plantmetwiki.bioinformatics.nl/pathways/PC181","methylbutenol biosynthesis","4"
"http://rdf-plantmetwiki.bioinformatics.nl/pathways/RC161","RXN-7894","4"
"http://rdf-plantmetwiki.bioinformatics.nl/pathways/RC529","RXN-15139","4"
"http://rdf-plantmetwiki.bioinformatics.nl/pathways/RC1248","RXN-19006","4"
"http://rdf-plantmetwiki.bioinformatics.nl/pathways/RC621","12-ALPHA-L-FUCOSIDASE-RXN","4"
"http://rdf-plantmetwiki.bioinformatics.nl/pathways/RC635","RXN-10938","4"
"http://rdf-plantmetwiki.bioinformatics.nl/pathways/RC1169","INORGPYROPHOSPHAT-RXN","4"
"http://rdf-plantmetwiki.bioinformatics.nl/pathways/RC390","325-BISPHOSPHATE-NUCLEOTIDASE-RXN","4"
"http://rdf-plantmetwiki.bioinformatics.nl/pathways/PC167","ternatin C3 biosynthesis","4"
"http://rdf-plantmetwiki.bioinformatics.nl/pathways/RC257","RXN-18896","4"
"http://rdf-plantmetwiki.bioinformatics.nl/pathways/RC833","3.2.1.24-RXN","4"
"http://rdf-plantmetwiki.bioinformatics.nl/pathways/RC451","RXN-22402","4"
"http://rdf-plantmetwiki.bioinformatics.nl/pathways/RC74","RXN-19009","4"
"http://rdf-plantmetwiki.bioinformatics.nl/pathways/RC28","RXN-18484","4"
"http://rdf-plantmetwiki.bioinformatics.nl/pathways/RC992","RXN0-5040","4"
"http://rdf-plantmetwiki.bioinformatics.nl/pathways/RC683","XANPRIBOSYLTRAN-RXN","4"
"http://rdf-plantmetwiki.bioinformatics.nl/pathways/RC524","RXN-11533","4"
"http://rdf-plantmetwiki.bioinformatics.nl/pathways/RC745","methionine--phenylpyruvate transaminase","4"
"http://rdf-plantmetwiki.bioinformatics.nl/pathways/RC337","RXN-15140","4"
"http://rdf-plantmetwiki.bioinformatics.nl/pathways/PC41","(Z)-butanethial-S-oxide biosynthesis","4"
"http://rdf-plantmetwiki.bioinformatics.nl/pathways/RC1147","KETOLACTOSE-RXN","4"
"http://rdf-plantmetwiki.bioinformatics.nl/pathways/RC868","RXN-22762","4"
"http://rdf-plantmetwiki.bioinformatics.nl/pathways/RC990","RXN-22778","4"
"http://rdf-plantmetwiki.bioinformatics.nl/pathways/RC640","RXN-14471","4"
"http://rdf-plantmetwiki.bioinformatics.nl/pathways/RC615","RXN-8601","3"
"http://rdf-plantmetwiki.bioinformatics.nl/pathways/RC1036","RXN-8555","3"
"http://rdf-plantmetwiki.bioinformatics.nl/pathways/RC566","RXN-21400","3"
"http://rdf-plantmetwiki.bioinformatics.nl/pathways/RC955","3.2.1.39-RXN","3"
"http://rdf-plantmetwiki.bioinformatics.nl/pathways/RC768","RXN-6182","3"
"http://rdf-plantmetwiki.bioinformatics.nl/pathways/RC898","RXN-22286","3"
"http://rdf-plantmetwiki.bioinformatics.nl/pathways/RC1299","RXN-13939","3"
"http://rdf-plantmetwiki.bioinformatics.nl/pathways/RC24","RXN0-5259","3"
"http://rdf-plantmetwiki.bioinformatics.nl/pathways/RC653","RXN-8558","3"
"http://rdf-plantmetwiki.bioinformatics.nl/pathways/RC710","RXN-13872","3"
"http://rdf-plantmetwiki.bioinformatics.nl/pathways/RC1049","MALTODEXGLUCOSID-RXN","3"
"http://rdf-plantmetwiki.bioinformatics.nl/pathways/RC520","4.3.1.17-RXN","3"
"http://rdf-plantmetwiki.bioinformatics.nl/pathways/RC409","RXN-7710","3"
"http://rdf-plantmetwiki.bioinformatics.nl/pathways/RC328","RXN-10857","3"
"http://rdf-plantmetwiki.bioinformatics.nl/pathways/RC913","RXN-10773","3"
"http://rdf-plantmetwiki.bioinformatics.nl/pathways/RC164","RXN-8418","3"
"http://rdf-plantmetwiki.bioinformatics.nl/pathways/RC735","RXN-8546","3"
"http://rdf-plantmetwiki.bioinformatics.nl/pathways/RC1083","RXN-18732","3"
"http://rdf-plantmetwiki.bioinformatics.nl/pathways/RC1009","RXN-9955","3"
"http://rdf-plantmetwiki.bioinformatics.nl/pathways/RC963","RXN-18958","3"
"http://rdf-plantmetwiki.bioinformatics.nl/pathways/RC901","RXN-22605","3"
"http://rdf-plantmetwiki.bioinformatics.nl/pathways/RC464","FLAVONADPREDUCT-RXN","3"
"http://rdf-plantmetwiki.bioinformatics.nl/pathways/RC678","RXN-22388","3"
"http://rdf-plantmetwiki.bioinformatics.nl/pathways/RC274","RXN-21024","3"
"http://rdf-plantmetwiki.bioinformatics.nl/pathways/RC1017","RXN-8603","3"
"http://rdf-plantmetwiki.bioinformatics.nl/pathways/RC1238","RXN-18031","3"
"http://rdf-plantmetwiki.bioinformatics.nl/pathways/RC181","RXN-22317","3"
"http://rdf-plantmetwiki.bioinformatics.nl/pathways/RC228","RXN-22002","3"
"http://rdf-plantmetwiki.bioinformatics.nl/pathways/RC321","RXN0-5184","3"
"http://rdf-plantmetwiki.bioinformatics.nl/pathways/RC12","RXN-14185","3"
"http://rdf-plantmetwiki.bioinformatics.nl/pathways/RC827","3.2.1.153-RXN","3"
"http://rdf-plantmetwiki.bioinformatics.nl/pathways/RC692","RXN-19582","3"
"http://rdf-plantmetwiki.bioinformatics.nl/pathways/RC906","RXN-23912","3"
"http://rdf-plantmetwiki.bioinformatics.nl/pathways/RC436","RXN-11231","3"
"http://rdf-plantmetwiki.bioinformatics.nl/pathways/RC638","RXN-22287","3"
"http://rdf-plantmetwiki.bioinformatics.nl/pathways/RC48","RXN-23907","3"
"http://rdf-plantmetwiki.bioinformatics.nl/pathways/RC945","RXN-24257","3"
"http://rdf-plantmetwiki.bioinformatics.nl/pathways/RC494","RXN-13323","3"
"http://rdf-plantmetwiki.bioinformatics.nl/pathways/RC1239","RXN-16996","3"
"http://rdf-plantmetwiki.bioinformatics.nl/pathways/RC538","RXNQT-4394","3"
"http://rdf-plantmetwiki.bioinformatics.nl/pathways/RC663","RXN-24129","3"
"http://rdf-plantmetwiki.bioinformatics.nl/pathways/RC1184","(S)-3-hydroxybutanoyl-CoA dehydrogenase","3"
"http://rdf-plantmetwiki.bioinformatics.nl/pathways/RC1182","RXN-8334","3"
"http://rdf-plantmetwiki.bioinformatics.nl/pathways/PC1136","phytochelatins biosynthesis","3"
"http://rdf-plantmetwiki.bioinformatics.nl/pathways/RC940","RXN0-5261","3"
"http://rdf-plantmetwiki.bioinformatics.nl/pathways/RC359","RXN-14396","3"
"http://rdf-plantmetwiki.bioinformatics.nl/pathways/RC612","RXN-12876","3"
"http://rdf-plantmetwiki.bioinformatics.nl/pathways/RC1109","RXN-11269","3"
"http://rdf-plantmetwiki.bioinformatics.nl/pathways/RC616","RXN-924","3"
"http://rdf-plantmetwiki.bioinformatics.nl/pathways/RC513","RXN-8564","3"
"http://rdf-plantmetwiki.bioinformatics.nl/pathways/RC247","RXN-8594","3"
"http://rdf-plantmetwiki.bioinformatics.nl/pathways/RC669","RXN-14048","3"
"http://rdf-plantmetwiki.bioinformatics.nl/pathways/RC636","RXN0-6490","3"
"http://rdf-plantmetwiki.bioinformatics.nl/pathways/RC243","RXN-21031","3"
"http://rdf-plantmetwiki.bioinformatics.nl/pathways/RC1213","RXN-15137","3"
"http://rdf-plantmetwiki.bioinformatics.nl/pathways/RC1107","RXN-8984","3"
"http://rdf-plantmetwiki.bioinformatics.nl/pathways/RC182","RXN-5105","3"
"http://rdf-plantmetwiki.bioinformatics.nl/pathways/RC460","RXN-8421","3"
"http://rdf-plantmetwiki.bioinformatics.nl/pathways/RC781","RXN-8563","3"
"http://rdf-plantmetwiki.bioinformatics.nl/pathways/RC1261","RXN-8589","3"
"http://rdf-plantmetwiki.bioinformatics.nl/pathways/RC910","RXN-19010","3"
"http://rdf-plantmetwiki.bioinformatics.nl/pathways/RC1080","FMN-RED-RXN","3"
"http://rdf-plantmetwiki.bioinformatics.nl/pathways/RC561","RXN-18963","3"
"http://rdf-plantmetwiki.bioinformatics.nl/pathways/RC814","RXN-8417","3"
"http://rdf-plantmetwiki.bioinformatics.nl/pathways/RC733","RXN-8426","3"
"http://rdf-plantmetwiki.bioinformatics.nl/pathways/RC151","RXN-15451","3"
"http://rdf-plantmetwiki.bioinformatics.nl/pathways/RC752","RXN-12567","3"
"http://rdf-plantmetwiki.bioinformatics.nl/pathways/RC590","RXN-15447","3"
"http://rdf-plantmetwiki.bioinformatics.nl/pathways/RC9","RXN-9826","3"
"http://rdf-plantmetwiki.bioinformatics.nl/pathways/RC712","RXN-16995","3"
"http://rdf-plantmetwiki.bioinformatics.nl/pathways/PC98","3-carene biosynthesis","3"
"http://rdf-plantmetwiki.bioinformatics.nl/pathways/RC761","RXN4LZ-39","3"
"http://rdf-plantmetwiki.bioinformatics.nl/pathways/RC1296","RIBONUCLEOSIDE-DIP-REDUCTI-RXN","3"
"http://rdf-plantmetwiki.bioinformatics.nl/pathways/RC36","RXN-9090","3"
"http://rdf-plantmetwiki.bioinformatics.nl/pathways/RC467","RXN-8554","3"
"http://rdf-plantmetwiki.bioinformatics.nl/pathways/RC465","RXN-8556","3"
"http://rdf-plantmetwiki.bioinformatics.nl/pathways/RC121","RXN-8428","3"
"http://rdf-plantmetwiki.bioinformatics.nl/pathways/RC498","RXN-11811","3"
"http://rdf-plantmetwiki.bioinformatics.nl/pathways/RC447","1.3.7.2-RXN","3"
"http://rdf-plantmetwiki.bioinformatics.nl/pathways/RC1034","RXN-21551","3"
"http://rdf-plantmetwiki.bioinformatics.nl/pathways/RC104","RXN-18344","3"
"http://rdf-plantmetwiki.bioinformatics.nl/pathways/RC1099","RXN-8548","3"
"http://rdf-plantmetwiki.bioinformatics.nl/pathways/RC891","RXN-5985","3"
"http://rdf-plantmetwiki.bioinformatics.nl/pathways/RC1018","5-fluoro-5-deoxy-d-ribulose-1-phosphate aldolase","3"
"http://rdf-plantmetwiki.bioinformatics.nl/pathways/RC921","MERCAPYSTRANS-RXN","3"
"http://rdf-plantmetwiki.bioinformatics.nl/pathways/RC900","RXNQT-4158","3"
"http://rdf-plantmetwiki.bioinformatics.nl/pathways/RC893","pinene synthase","3"
"http://rdf-plantmetwiki.bioinformatics.nl/pathways/RC297","RXN-8573","3"
"http://rdf-plantmetwiki.bioinformatics.nl/pathways/RC746","RXN-1403","3"
"http://rdf-plantmetwiki.bioinformatics.nl/pathways/RC1019","RXN-15129","3"
"http://rdf-plantmetwiki.bioinformatics.nl/pathways/RC431","RXN-22285","3"
"http://rdf-plantmetwiki.bioinformatics.nl/pathways/RC11","RXN-18032","3"
"http://rdf-plantmetwiki.bioinformatics.nl/pathways/PC486","UDP-β-L-arabinose biosynthesis I (from UDP-α-D-xylose)","3"
"http://rdf-plantmetwiki.bioinformatics.nl/pathways/RC165","RXN-11270","3"
"http://rdf-plantmetwiki.bioinformatics.nl/pathways/RC92","RXN-10005","3"
"http://rdf-plantmetwiki.bioinformatics.nl/pathways/RC327","RXN-19584","3"
"http://rdf-plantmetwiki.bioinformatics.nl/pathways/PC790","chitin degradation III (carnivorous plants)","3"
"http://rdf-plantmetwiki.bioinformatics.nl/pathways/RC1231","RXN-11280","3"
"http://rdf-plantmetwiki.bioinformatics.nl/pathways/RC1062","RXN-2942","3"
"http://rdf-plantmetwiki.bioinformatics.nl/pathways/RC657","RXN-18969","3"
"http://rdf-plantmetwiki.bioinformatics.nl/pathways/RC914","RXN0-5244","3"
"http://rdf-plantmetwiki.bioinformatics.nl/pathways/RC288","RXN-18527","3"
"http://rdf-plantmetwiki.bioinformatics.nl/pathways/RC776","RXN-23914","3"
"http://rdf-plantmetwiki.bioinformatics.nl/pathways/PC106","α-carotene biosynthesis","3"
"http://rdf-plantmetwiki.bioinformatics.nl/pathways/RC205","CYTOCHROME-B5-REDUCTASE-RXN","3"
"http://rdf-plantmetwiki.bioinformatics.nl/pathways/RC981","(4S)-4-hydroxy-2,3,4,5-tetrahydro-(2S)-dipicolinate dehydratase","3"
"http://rdf-plantmetwiki.bioinformatics.nl/pathways/RC555","RXN-12182","3"
"http://rdf-plantmetwiki.bioinformatics.nl/pathways/PC422","avenacin biosynthesis, initial reactions","3"
"http://rdf-plantmetwiki.bioinformatics.nl/pathways/RC563","RXN-8423","3"
"http://rdf-plantmetwiki.bioinformatics.nl/pathways/RC1294","RXN-23918","3"
"http://rdf-plantmetwiki.bioinformatics.nl/pathways/RC1051","3.2.1.154-RXN","3"
"http://rdf-plantmetwiki.bioinformatics.nl/pathways/RC586","RXN-18899","3"
"http://rdf-plantmetwiki.bioinformatics.nl/pathways/PC4","UDP-α-D-galactose biosynthesis","3"
"http://rdf-plantmetwiki.bioinformatics.nl/pathways/RC472","RXN-11173","3"
"http://rdf-plantmetwiki.bioinformatics.nl/pathways/RC959","RXN-12754","3"
"http://rdf-plantmetwiki.bioinformatics.nl/pathways/RC466","RXN-12648","3"
"http://rdf-plantmetwiki.bioinformatics.nl/pathways/RC985","RXN-20456","3"
"http://rdf-plantmetwiki.bioinformatics.nl/pathways/RC952","RXN-8430","3"
"http://rdf-plantmetwiki.bioinformatics.nl/pathways/RC824","RXN-18780","3"
"http://rdf-plantmetwiki.bioinformatics.nl/pathways/RC518","RXN-13413","3"
"http://rdf-plantmetwiki.bioinformatics.nl/pathways/RC604","RXN-20154","3"
"http://rdf-plantmetwiki.bioinformatics.nl/pathways/RC453","RXN-19381","3"
"http://rdf-plantmetwiki.bioinformatics.nl/pathways/RC386","RXN-1827","3"
"http://rdf-plantmetwiki.bioinformatics.nl/pathways/RC324","RXN0-5254","3"
"http://rdf-plantmetwiki.bioinformatics.nl/pathways/PC113","casbene biosynthesis","3"
"http://rdf-plantmetwiki.bioinformatics.nl/pathways/RC1192","RXN-22316","3"
"http://rdf-plantmetwiki.bioinformatics.nl/pathways/RC124","RXN4FS-11","3"
"http://rdf-plantmetwiki.bioinformatics.nl/pathways/RC668","RXN-22758","3"
"http://rdf-plantmetwiki.bioinformatics.nl/pathways/RC14","RXN-18966","3"
"http://rdf-plantmetwiki.bioinformatics.nl/pathways/RC681","RXN-12753","3"
"http://rdf-plantmetwiki.bioinformatics.nl/pathways/RC1119","RXN-8557","3"
"http://rdf-plantmetwiki.bioinformatics.nl/pathways/RC1144","RXN-22315","3"
"http://rdf-plantmetwiki.bioinformatics.nl/pathways/RC847","RXN-22643","3"
"http://rdf-plantmetwiki.bioinformatics.nl/pathways/RC1045","RXN-8559","3"
"http://rdf-plantmetwiki.bioinformatics.nl/pathways/RC609","RXN-11281","3"
"http://rdf-plantmetwiki.bioinformatics.nl/pathways/RC844","RXN-1823","3"
"http://rdf-plantmetwiki.bioinformatics.nl/pathways/RC307","RXN-9091","3"
"http://rdf-plantmetwiki.bioinformatics.nl/pathways/PC774","β-cubebene biosynthesis","3"
"http://rdf-plantmetwiki.bioinformatics.nl/pathways/RC1042","RXN-23276","3"
"http://rdf-plantmetwiki.bioinformatics.nl/pathways/RC334","RXN-21025","3"
"http://rdf-plantmetwiki.bioinformatics.nl/pathways/RC578","RXN-19743","3"
"http://rdf-plantmetwiki.bioinformatics.nl/pathways/RC835","1.11.1.15-RXN","3"
"http://rdf-plantmetwiki.bioinformatics.nl/pathways/RC554","RXN-5122","3"
"http://rdf-plantmetwiki.bioinformatics.nl/pathways/RC909","RXN-1826","3"
"http://rdf-plantmetwiki.bioinformatics.nl/pathways/RC19","RXN-11656","3"
"http://rdf-plantmetwiki.bioinformatics.nl/pathways/RC765","RXN-10772","3"
"http://rdf-plantmetwiki.bioinformatics.nl/pathways/RC373","3.2.1.65-RXN","3"
"http://rdf-plantmetwiki.bioinformatics.nl/pathways/RC777","RXN-10722","3"
"http://rdf-plantmetwiki.bioinformatics.nl/pathways/RC295","RXN0-5265","3"
"http://rdf-plantmetwiki.bioinformatics.nl/pathways/RC511","LONG-CHAIN-ENOYL-COA-HYDRATASE-RXN","3"
"http://rdf-plantmetwiki.bioinformatics.nl/pathways/RC413","RXN-10632","3"
"http://rdf-plantmetwiki.bioinformatics.nl/pathways/RC234","RXN-18789","3"
"http://rdf-plantmetwiki.bioinformatics.nl/pathways/RC392","RXN-13409","3"
"http://rdf-plantmetwiki.bioinformatics.nl/pathways/RC37","RXN-8252","3"
"http://rdf-plantmetwiki.bioinformatics.nl/pathways/RC299","RXN-19987","3"
"http://rdf-plantmetwiki.bioinformatics.nl/pathways/RC812","RXN-8424","3"
"http://rdf-plantmetwiki.bioinformatics.nl/pathways/RC790","RXN-8542","3"
"http://rdf-plantmetwiki.bioinformatics.nl/pathways/PC258","1,3-β-D-glucan biosynthesis","3"
"http://rdf-plantmetwiki.bioinformatics.nl/pathways/RC420","RXN-8543","3"
"http://rdf-plantmetwiki.bioinformatics.nl/pathways/RC1082","RXNQT-4155","3"
"http://rdf-plantmetwiki.bioinformatics.nl/pathways/RC779","RXN-16333","3"
"http://rdf-plantmetwiki.bioinformatics.nl/pathways/RC688","RXN-15125","3"
"http://rdf-plantmetwiki.bioinformatics.nl/pathways/RC309","RXN-22604","3"
"http://rdf-plantmetwiki.bioinformatics.nl/pathways/RC486","RXN0-5245","3"
"http://rdf-plantmetwiki.bioinformatics.nl/pathways/RC470","RXN-13373","3"
"http://rdf-plantmetwiki.bioinformatics.nl/pathways/RC886","CARBODEHYDRAT-RXN","3"
"http://rdf-plantmetwiki.bioinformatics.nl/pathways/RC557","RXN-13183","3"
"http://rdf-plantmetwiki.bioinformatics.nl/pathways/RC263","RXN-17757","3"
"http://rdf-plantmetwiki.bioinformatics.nl/pathways/RC848","RXN-16329","3"
"http://rdf-plantmetwiki.bioinformatics.nl/pathways/RC839","Sulfur dioxygenase","3"
"http://rdf-plantmetwiki.bioinformatics.nl/pathways/RC176","RXN-24075","3"
"http://rdf-plantmetwiki.bioinformatics.nl/pathways/RC870","RXN-8544","3"
"http://rdf-plantmetwiki.bioinformatics.nl/pathways/RC244","RXN-12338","3"
"http://rdf-plantmetwiki.bioinformatics.nl/pathways/RC877","RXN0-5257","3"
"http://rdf-plantmetwiki.bioinformatics.nl/pathways/RC1224","3.2.1.58-RXN","3"
"http://rdf-plantmetwiki.bioinformatics.nl/pathways/RC1075","myristoyl-ACP hydrolase activity","3"
"http://rdf-plantmetwiki.bioinformatics.nl/pathways/RC33","RXN-8545","3"
"http://rdf-plantmetwiki.bioinformatics.nl/pathways/RC796","RXN-8547","3"
"http://rdf-plantmetwiki.bioinformatics.nl/pathways/RC714","RXN-21027","3"
"http://rdf-plantmetwiki.bioinformatics.nl/pathways/RC95","3.2.1.7-RXN","3"
"http://rdf-plantmetwiki.bioinformatics.nl/pathways/RC1070","RXN-19744","3"
"http://rdf-plantmetwiki.bioinformatics.nl/pathways/RC575","RXN-1825","3"
"http://rdf-plantmetwiki.bioinformatics.nl/pathways/RC411","RXN-8336","3"
"http://rdf-plantmetwiki.bioinformatics.nl/pathways/PC606","pectin degradation III","3"
"http://rdf-plantmetwiki.bioinformatics.nl/pathways/RC378","RXN-8419","3"
"http://rdf-plantmetwiki.bioinformatics.nl/pathways/RC101","RXN-7838","3"
"http://rdf-plantmetwiki.bioinformatics.nl/pathways/RC290","1.3.7.5-RXN","3"
"http://rdf-plantmetwiki.bioinformatics.nl/pathways/PC112","acyl-[acyl-carrier protein] thioesterase pathway","3"
"http://rdf-plantmetwiki.bioinformatics.nl/pathways/RC1072","RXN-8918","3"
"http://rdf-plantmetwiki.bioinformatics.nl/pathways/RC389","NADPH--FERRIHEMOPROTEIN-REDUCTASE-RXN","3"
"http://rdf-plantmetwiki.bioinformatics.nl/pathways/RC142","RXN0-7005","3"
"http://rdf-plantmetwiki.bioinformatics.nl/pathways/RC986","RXN-1824","3"
"http://rdf-plantmetwiki.bioinformatics.nl/pathways/RC229","L-asparaginyl-tRNAasn hydrolase","3"
"http://rdf-plantmetwiki.bioinformatics.nl/pathways/RC1029","RXN-8200","3"
"http://rdf-plantmetwiki.bioinformatics.nl/pathways/RC282","RXN0-5393","3"
"http://rdf-plantmetwiki.bioinformatics.nl/pathways/RC1191","RXN-20674","3"
"http://rdf-plantmetwiki.bioinformatics.nl/pathways/RC724","RXN-22319","3"
"http://rdf-plantmetwiki.bioinformatics.nl/pathways/RC293","FAD-RED-RXN","3"
"http://rdf-plantmetwiki.bioinformatics.nl/pathways/RC1180","DSERDEAM-RXN","3"
"http://rdf-plantmetwiki.bioinformatics.nl/pathways/RC167","RXN-8315","3"
"http://rdf-plantmetwiki.bioinformatics.nl/pathways/RC172","RXN-8002","3"
"http://rdf-plantmetwiki.bioinformatics.nl/pathways/PC369","β-carotene biosynthesis","3"
"http://rdf-plantmetwiki.bioinformatics.nl/pathways/RC278","RXN-4301","3"
"http://rdf-plantmetwiki.bioinformatics.nl/pathways/RC88","CARDIOLIPSYN-RXN","3"
"http://rdf-plantmetwiki.bioinformatics.nl/pathways/RC740","RXN-19011","3"
"http://rdf-plantmetwiki.bioinformatics.nl/pathways/PC1162","bergamotene biosynthesis I","3"
"http://rdf-plantmetwiki.bioinformatics.nl/pathways/RC72","RXN-10783","3"
"http://rdf-plantmetwiki.bioinformatics.nl/pathways/RC325","3.2.1.55-RXN","3"
"http://rdf-plantmetwiki.bioinformatics.nl/pathways/RC584","RXN-8431","3"
"http://rdf-plantmetwiki.bioinformatics.nl/pathways/RC1058","RXN-8425","3"
"http://rdf-plantmetwiki.bioinformatics.nl/pathways/RC801","dehydroascorbate hydrolase","3"
"http://rdf-plantmetwiki.bioinformatics.nl/pathways/PC819","neoxanthin biosynthesis","3"
"http://rdf-plantmetwiki.bioinformatics.nl/pathways/RC1250","THREDEHYD-RXN","3"
"http://rdf-plantmetwiki.bioinformatics.nl/pathways/RC1130","RXN-14206","3"
"http://rdf-plantmetwiki.bioinformatics.nl/pathways/RC1136","RXN-20155","3"
"http://rdf-plantmetwiki.bioinformatics.nl/pathways/RC610","RXN-20447","3"
"http://rdf-plantmetwiki.bioinformatics.nl/pathways/RC1116","RXN0-5181","3"
"http://rdf-plantmetwiki.bioinformatics.nl/pathways/RC362","RXN-20457","3"
"http://rdf-plantmetwiki.bioinformatics.nl/pathways/RC1145","RXN-8622","3"
"http://rdf-plantmetwiki.bioinformatics.nl/pathways/RC1057","RXNQT-4384","3"
"http://rdf-plantmetwiki.bioinformatics.nl/pathways/RC17","RXN-8416","3"
"http://rdf-plantmetwiki.bioinformatics.nl/pathways/RC1226","RXN-18972","3"
"http://rdf-plantmetwiki.bioinformatics.nl/pathways/RC888","RXN-8560","3"
"http://rdf-plantmetwiki.bioinformatics.nl/pathways/RC1283","3.2.1.3-RXN","3"
"http://rdf-plantmetwiki.bioinformatics.nl/pathways/PC628","Fe(II)-nicotianamine transport in phloem","3"
"http://rdf-plantmetwiki.bioinformatics.nl/pathways/RC1273","RXN-12309","3"
"http://rdf-plantmetwiki.bioinformatics.nl/pathways/RC632","RXN-24256","3"
"http://rdf-plantmetwiki.bioinformatics.nl/pathways/RC1000","RXN-10730","3"
"http://rdf-plantmetwiki.bioinformatics.nl/pathways/RC967","RXN-12838","3"
"http://rdf-plantmetwiki.bioinformatics.nl/pathways/RC1020","RXN-19772","3"
"http://rdf-plantmetwiki.bioinformatics.nl/pathways/RC195","RXN-15582","3"
"http://rdf-plantmetwiki.bioinformatics.nl/pathways/RC52","RXN-8602","3"
"http://rdf-plantmetwiki.bioinformatics.nl/pathways/RC944","RXN-10735","3"
"http://rdf-plantmetwiki.bioinformatics.nl/pathways/RC1048","RXN-22606","3"
"http://rdf-plantmetwiki.bioinformatics.nl/pathways/RC1256","RXN-12392","3"
"http://rdf-plantmetwiki.bioinformatics.nl/pathways/RC600","RXN0-5248","3"
"http://rdf-plantmetwiki.bioinformatics.nl/pathways/RC113","RXN-14501","2"
"http://rdf-plantmetwiki.bioinformatics.nl/pathways/RC969","ACP-S-ACETYLTRANSFER-RXN","2"
"http://rdf-plantmetwiki.bioinformatics.nl/pathways/PC45","parkeol biosynthesis","2"
"http://rdf-plantmetwiki.bioinformatics.nl/pathways/RC424","RXN-10639","2"
"http://rdf-plantmetwiki.bioinformatics.nl/pathways/RC1104","RXN-14242","2"
"http://rdf-plantmetwiki.bioinformatics.nl/pathways/RC970","RXN-18627","2"
"http://rdf-plantmetwiki.bioinformatics.nl/pathways/RC66","RXN-14882","2"
"http://rdf-plantmetwiki.bioinformatics.nl/pathways/RC1010","RXNQT-4167","2"
"http://rdf-plantmetwiki.bioinformatics.nl/pathways/RC277","RXN-1603","2"
"http://rdf-plantmetwiki.bioinformatics.nl/pathways/RC792","RXNQT-4181","2"
"http://rdf-plantmetwiki.bioinformatics.nl/pathways/RC651","RXN-3241","2"
"http://rdf-plantmetwiki.bioinformatics.nl/pathways/RC350","RXNQT-4173","2"
"http://rdf-plantmetwiki.bioinformatics.nl/pathways/RC738","RXN-14809","2"
"http://rdf-plantmetwiki.bioinformatics.nl/pathways/RC317","RXN-12102","2"
"http://rdf-plantmetwiki.bioinformatics.nl/pathways/PC104","baruol biosynthesis","2"
"http://rdf-plantmetwiki.bioinformatics.nl/pathways/RC935","RXNQT-4370","2"
"http://rdf-plantmetwiki.bioinformatics.nl/pathways/RC1221","indol-3-ylacetaldoxime isomerase","2"
"http://rdf-plantmetwiki.bioinformatics.nl/pathways/RC861","RXN-9023","2"
"http://rdf-plantmetwiki.bioinformatics.nl/pathways/RC249","RXN-16997","2"
"http://rdf-plantmetwiki.bioinformatics.nl/pathways/RC1146","RXN-16426","2"
"http://rdf-plantmetwiki.bioinformatics.nl/pathways/RC192","RXN-14409","2"
"http://rdf-plantmetwiki.bioinformatics.nl/pathways/RC819","RXN-16475","2"
"http://rdf-plantmetwiki.bioinformatics.nl/pathways/RC1295","RXN-10956","2"
"http://rdf-plantmetwiki.bioinformatics.nl/pathways/PC709","glutathione-glutaredoxin redox reactions","2"
"http://rdf-plantmetwiki.bioinformatics.nl/pathways/RC1138","RXN-12845","2"
"http://rdf-plantmetwiki.bioinformatics.nl/pathways/RC1161","RXN-11229","2"
"http://rdf-plantmetwiki.bioinformatics.nl/pathways/RC996","RXN-20673","2"
"http://rdf-plantmetwiki.bioinformatics.nl/pathways/RC837","RXN-21526","2"
"http://rdf-plantmetwiki.bioinformatics.nl/pathways/RC693","RXN-9213","2"
"http://rdf-plantmetwiki.bioinformatics.nl/pathways/RC1279","acyl-ACP:sn-glycerol-3-phosphate 1-O-acyltransferase","2"
"http://rdf-plantmetwiki.bioinformatics.nl/pathways/RC1139","RXN-21230","2"
"http://rdf-plantmetwiki.bioinformatics.nl/pathways/RC587","RXN-21390","2"
"http://rdf-plantmetwiki.bioinformatics.nl/pathways/RC1220","RXN-14889","2"
"http://rdf-plantmetwiki.bioinformatics.nl/pathways/RC894","RXN-11250","2"
"http://rdf-plantmetwiki.bioinformatics.nl/pathways/RC764","RXN-14815","2"
"http://rdf-plantmetwiki.bioinformatics.nl/pathways/RC1038","RXN-13897","2"
"http://rdf-plantmetwiki.bioinformatics.nl/pathways/RC727","RXN-12591","2"
"http://rdf-plantmetwiki.bioinformatics.nl/pathways/RC876","RXN-21008","2"
"http://rdf-plantmetwiki.bioinformatics.nl/pathways/RC1094","RXN-14993","2"
"http://rdf-plantmetwiki.bioinformatics.nl/pathways/RC20","RXN-9089","2"
"http://rdf-plantmetwiki.bioinformatics.nl/pathways/RC989","CELLULOSE-SYNTHASE-GDP-FORMING-RXN","2"
"http://rdf-plantmetwiki.bioinformatics.nl/pathways/RC1264","RXN-11402","2"
"http://rdf-plantmetwiki.bioinformatics.nl/pathways/RC87","RXN-14813","2"
"http://rdf-plantmetwiki.bioinformatics.nl/pathways/RC1095","RXN-3122","2"
"http://rdf-plantmetwiki.bioinformatics.nl/pathways/RC99","RXN-12847","2"
"http://rdf-plantmetwiki.bioinformatics.nl/pathways/RC214","RXN-14997","2"
"http://rdf-plantmetwiki.bioinformatics.nl/pathways/RC1168","RXN-8865","2"
"http://rdf-plantmetwiki.bioinformatics.nl/pathways/RC363","RXN-15517","2"
"http://rdf-plantmetwiki.bioinformatics.nl/pathways/RC596","RXN-7282","2"
"http://rdf-plantmetwiki.bioinformatics.nl/pathways/PC60","Fe(III)-phytosiderophore transport","2"
"http://rdf-plantmetwiki.bioinformatics.nl/pathways/RC1255","RXNQT-4170","2"
"http://rdf-plantmetwiki.bioinformatics.nl/pathways/RC497","RXN-8886","2"
"http://rdf-plantmetwiki.bioinformatics.nl/pathways/PC800","lanosterol biosynthesis","2"
"http://rdf-plantmetwiki.bioinformatics.nl/pathways/RC202","RXN-14904","2"
"http://rdf-plantmetwiki.bioinformatics.nl/pathways/PC960","dammara-20,24-diene biosynthesis","2"
"http://rdf-plantmetwiki.bioinformatics.nl/pathways/RC496","ALDOSE-1-EPIMERASE-RXN","2"
"http://rdf-plantmetwiki.bioinformatics.nl/pathways/RC503","RXN-8682","2"
"http://rdf-plantmetwiki.bioinformatics.nl/pathways/RC980","RXN-9924","2"
"http://rdf-plantmetwiki.bioinformatics.nl/pathways/RC1004","RXN-10454","2"
"http://rdf-plantmetwiki.bioinformatics.nl/pathways/RC754","RXN-13163","2"
"http://rdf-plantmetwiki.bioinformatics.nl/pathways/RC477","RXN-11044","2"
"http://rdf-plantmetwiki.bioinformatics.nl/pathways/RC774","RXN-16787","2"
"http://rdf-plantmetwiki.bioinformatics.nl/pathways/RC153","RXN-12077","2"
"http://rdf-plantmetwiki.bioinformatics.nl/pathways/RC13","RXN-8779","2"
"http://rdf-plantmetwiki.bioinformatics.nl/pathways/RC922","RXN-13880","2"
"http://rdf-plantmetwiki.bioinformatics.nl/pathways/RC1039","RXNQT-4176","2"
"http://rdf-plantmetwiki.bioinformatics.nl/pathways/RC1258","CHALCONE-ISOMERASE-RXN","2"
"http://rdf-plantmetwiki.bioinformatics.nl/pathways/RC458","RXN-15651","2"
"http://rdf-plantmetwiki.bioinformatics.nl/pathways/RC700","RXN-14806","2"
"http://rdf-plantmetwiki.bioinformatics.nl/pathways/RC807","RXN-10864","2"
"http://rdf-plantmetwiki.bioinformatics.nl/pathways/RC676","[phosphoenolpyruvate carboxylase] kinase","2"
"http://rdf-plantmetwiki.bioinformatics.nl/pathways/RC1249","RXN-14890","2"
"http://rdf-plantmetwiki.bioinformatics.nl/pathways/RC463","RXN-16998","2"
"http://rdf-plantmetwiki.bioinformatics.nl/pathways/RC1233","2.4.2.39-RXN","2"
"http://rdf-plantmetwiki.bioinformatics.nl/pathways/RC890","RXN-20459","2"
"http://rdf-plantmetwiki.bioinformatics.nl/pathways/RC869","RXN-4222","2"
"http://rdf-plantmetwiki.bioinformatics.nl/pathways/RC69","RXN-14047","2"
"http://rdf-plantmetwiki.bioinformatics.nl/pathways/RC1115","RXN-20094","2"
"http://rdf-plantmetwiki.bioinformatics.nl/pathways/PC373","fatty acid β-oxidation III (unsaturated, odd number)","2"
"http://rdf-plantmetwiki.bioinformatics.nl/pathways/RC380","RXN-8861","2"
"http://rdf-plantmetwiki.bioinformatics.nl/pathways/RC382","RXN-1882","2"
"http://rdf-plantmetwiki.bioinformatics.nl/pathways/RC412","RXN-8345","2"
"http://rdf-plantmetwiki.bioinformatics.nl/pathways/RC994","TRANS-RXN4LZ-7054","2"
"http://rdf-plantmetwiki.bioinformatics.nl/pathways/RC516","RXN-13747","2"
"http://rdf-plantmetwiki.bioinformatics.nl/pathways/RC661","RXN-19953","2"
"http://rdf-plantmetwiki.bioinformatics.nl/pathways/PC71","cellulose biosynthesis","2"
"http://rdf-plantmetwiki.bioinformatics.nl/pathways/RC863","RXN-3121","2"
"http://rdf-plantmetwiki.bioinformatics.nl/pathways/RC68","RXN-8780","2"
"http://rdf-plantmetwiki.bioinformatics.nl/pathways/RC53","RXN-12846","2"
"http://rdf-plantmetwiki.bioinformatics.nl/pathways/PC475","cycloartenol biosynthesis","2"
"http://rdf-plantmetwiki.bioinformatics.nl/pathways/RC144","RXN-14807","2"
"http://rdf-plantmetwiki.bioinformatics.nl/pathways/RC1040","RXN0-5391","2"
"http://rdf-plantmetwiki.bioinformatics.nl/pathways/RC326","RXN-17117","2"
"http://rdf-plantmetwiki.bioinformatics.nl/pathways/RC216","RXN-11235","2"
"http://rdf-plantmetwiki.bioinformatics.nl/pathways/RC528","RXN-16425","2"
"http://rdf-plantmetwiki.bioinformatics.nl/pathways/RC899","RXN-18617","2"
"http://rdf-plantmetwiki.bioinformatics.nl/pathways/RC1086","RXN-14408","2"
"http://rdf-plantmetwiki.bioinformatics.nl/pathways/RC821","RXN-22603","2"
"http://rdf-plantmetwiki.bioinformatics.nl/pathways/RC1200","RXN-10748","2"
"http://rdf-plantmetwiki.bioinformatics.nl/pathways/RC851","RXN-1828","2"
"http://rdf-plantmetwiki.bioinformatics.nl/pathways/RC784","RXN-13495","2"
"http://rdf-plantmetwiki.bioinformatics.nl/pathways/RC395","RXN0-5363","2"
"http://rdf-plantmetwiki.bioinformatics.nl/pathways/RC239","RXN-12099","2"
"http://rdf-plantmetwiki.bioinformatics.nl/pathways/RC954","RXN-18444","2"
"http://rdf-plantmetwiki.bioinformatics.nl/pathways/RC856","RXN-18451","2"
"http://rdf-plantmetwiki.bioinformatics.nl/pathways/RC728","RXN-13459","2"
"http://rdf-plantmetwiki.bioinformatics.nl/pathways/RC961","RXN-14056","2"
"http://rdf-plantmetwiki.bioinformatics.nl/pathways/PC768","lupeol biosynthesis","2"
"http://rdf-plantmetwiki.bioinformatics.nl/pathways/RC853","RXN-21527","2"
"http://rdf-plantmetwiki.bioinformatics.nl/pathways/RC743","PHENYLPYRUVATE-TAUTOMERASE-RXN","2"
"http://rdf-plantmetwiki.bioinformatics.nl/pathways/RC119","RXN-10856","2"
"http://rdf-plantmetwiki.bioinformatics.nl/pathways/RC675","RXN-18392","2"
"http://rdf-plantmetwiki.bioinformatics.nl/pathways/RC493","RXN-11249","2"
"http://rdf-plantmetwiki.bioinformatics.nl/pathways/RC545","PROSTAGLANDIN-E-SYNTHASE-RXN","2"
"http://rdf-plantmetwiki.bioinformatics.nl/pathways/RC998","RXN-14812","2"
"http://rdf-plantmetwiki.bioinformatics.nl/pathways/RC820","RXN0-5305","2"
"http://rdf-plantmetwiki.bioinformatics.nl/pathways/RC882","RXN-10753","2"
"http://rdf-plantmetwiki.bioinformatics.nl/pathways/RC1097","RXN-12255","2"
"http://rdf-plantmetwiki.bioinformatics.nl/pathways/RC543","RXN-12587","2"
"http://rdf-plantmetwiki.bioinformatics.nl/pathways/RC667","RXN-5102","2"
"http://rdf-plantmetwiki.bioinformatics.nl/pathways/RC874","RXN-15345","2"
"http://rdf-plantmetwiki.bioinformatics.nl/pathways/RC1223","RXN-19986","2"
"http://rdf-plantmetwiki.bioinformatics.nl/pathways/RC1007","3.2.1.68-RXN","2"
"http://rdf-plantmetwiki.bioinformatics.nl/pathways/RC701","RXN-8038","2"
"http://rdf-plantmetwiki.bioinformatics.nl/pathways/RC850","RXN-7669","2"
"http://rdf-plantmetwiki.bioinformatics.nl/pathways/RC434","RXN-18232","2"
"http://rdf-plantmetwiki.bioinformatics.nl/pathways/RC785","Epoxide hydrolase","2"
"http://rdf-plantmetwiki.bioinformatics.nl/pathways/PC110","hydrogen production VIII","2"
"http://rdf-plantmetwiki.bioinformatics.nl/pathways/RC623","RXN-23260","2"
"http://rdf-plantmetwiki.bioinformatics.nl/pathways/RC859","RXN-2203","2"
"http://rdf-plantmetwiki.bioinformatics.nl/pathways/RC1101","RXN-11238","2"
"http://rdf-plantmetwiki.bioinformatics.nl/pathways/RC361","RXN-4221","2"
"http://rdf-plantmetwiki.bioinformatics.nl/pathways/PC1114","L-alanine biosynthesis III","2"
"http://rdf-plantmetwiki.bioinformatics.nl/pathways/RC71","RXN-16765","2"
"http://rdf-plantmetwiki.bioinformatics.nl/pathways/RC204","RXN-11172","2"
"http://rdf-plantmetwiki.bioinformatics.nl/pathways/RC883","RXN-11552","2"
"http://rdf-plantmetwiki.bioinformatics.nl/pathways/RC755","RXN2PN3-45","2"
"http://rdf-plantmetwiki.bioinformatics.nl/pathways/RC879","RXN-14808","2"
"http://rdf-plantmetwiki.bioinformatics.nl/pathways/RC971","ALPHA-AMYL-RXN","2"
"http://rdf-plantmetwiki.bioinformatics.nl/pathways/RC1173","L-rhamnose pyranase","2"
"http://rdf-plantmetwiki.bioinformatics.nl/pathways/RC224","VINYLACETYL-COA-DELTA-ISOMERASE-RXN","2"
"http://rdf-plantmetwiki.bioinformatics.nl/pathways/RC866","RXN-11041","2"
"http://rdf-plantmetwiki.bioinformatics.nl/pathways/RC1297","RXN-11040","2"
"http://rdf-plantmetwiki.bioinformatics.nl/pathways/RC795","RXN-15346","2"
"http://rdf-plantmetwiki.bioinformatics.nl/pathways/RC1160","RXN-4402","2"
"http://rdf-plantmetwiki.bioinformatics.nl/pathways/RC628","RXN-14490","2"
"http://rdf-plantmetwiki.bioinformatics.nl/pathways/RC1253","RXN-18702","2"
"http://rdf-plantmetwiki.bioinformatics.nl/pathways/RC1110","RXN18C3-4","2"
"http://rdf-plantmetwiki.bioinformatics.nl/pathways/RC440","RXN-15986","2"
"http://rdf-plantmetwiki.bioinformatics.nl/pathways/RC314","RXN-9713","2"
"http://rdf-plantmetwiki.bioinformatics.nl/pathways/RC806","RXN-14883","2"
"http://rdf-plantmetwiki.bioinformatics.nl/pathways/RC1159","RXN-22697","2"
"http://rdf-plantmetwiki.bioinformatics.nl/pathways/RC250","GLYCOGEN-BRANCH-RXN","2"
"http://rdf-plantmetwiki.bioinformatics.nl/pathways/RC1151","RXN-11243","2"
"http://rdf-plantmetwiki.bioinformatics.nl/pathways/RC322","RXN-24046","2"
"http://rdf-plantmetwiki.bioinformatics.nl/pathways/PC711","UDP-α-D-galacturonate biosynthesis I (from UDP-D-glucuronate)","2"
"http://rdf-plantmetwiki.bioinformatics.nl/pathways/RC1198","RXN-11232","2"
"http://rdf-plantmetwiki.bioinformatics.nl/pathways/RC787","RXN-2103","2"
"http://rdf-plantmetwiki.bioinformatics.nl/pathways/RC357","RXN-15461","2"
"http://rdf-plantmetwiki.bioinformatics.nl/pathways/PC991","α-amyrin biosynthesis","2"
"http://rdf-plantmetwiki.bioinformatics.nl/pathways/RC978","3-OXOACYL-ACP-SYNTH-BASE-RXN","2"
"http://rdf-plantmetwiki.bioinformatics.nl/pathways/RC57","RXN-19642","2"
"http://rdf-plantmetwiki.bioinformatics.nl/pathways/RC1301","RXN-22817","2"
"http://rdf-plantmetwiki.bioinformatics.nl/pathways/PC784","lawsone biosynthesis","2"
"http://rdf-plantmetwiki.bioinformatics.nl/pathways/PC693","chrysophanol biosynthesis","2"
"http://rdf-plantmetwiki.bioinformatics.nl/pathways/RC491","RXN-21525","2"
"http://rdf-plantmetwiki.bioinformatics.nl/pathways/RC365","RXNQT-4164","2"
"http://rdf-plantmetwiki.bioinformatics.nl/pathways/RC1235","RXN-11704","2"
"http://rdf-plantmetwiki.bioinformatics.nl/pathways/RC903","RXN-12870","2"
"http://rdf-plantmetwiki.bioinformatics.nl/pathways/RC416","RXN-20585","2"
"http://rdf-plantmetwiki.bioinformatics.nl/pathways/RC41","RXN-21524","2"
"http://rdf-plantmetwiki.bioinformatics.nl/pathways/RC1203","RXN-6884","2"
"http://rdf-plantmetwiki.bioinformatics.nl/pathways/RC748","RXN-8985","2"
"http://rdf-plantmetwiki.bioinformatics.nl/pathways/RC78","BETA-PHOSPHOGLUCOMUTASE-RXN","2"
"http://rdf-plantmetwiki.bioinformatics.nl/pathways/RC489","RXN-11400","2"
"http://rdf-plantmetwiki.bioinformatics.nl/pathways/RC758","RXN-5984","2"
"http://rdf-plantmetwiki.bioinformatics.nl/pathways/RC98","RXN-9983","2"
"http://rdf-plantmetwiki.bioinformatics.nl/pathways/RC717","RXN-2043","2"
"http://rdf-plantmetwiki.bioinformatics.nl/pathways/RC1157","RXN-14503","2"
"http://rdf-plantmetwiki.bioinformatics.nl/pathways/RC308","RXN-4424","2"
"http://rdf-plantmetwiki.bioinformatics.nl/pathways/RC1197","RXN-12949","2"
"http://rdf-plantmetwiki.bioinformatics.nl/pathways/RC560","RXN-21523","2"
"http://rdf-plantmetwiki.bioinformatics.nl/pathways/RC646","RXNQT-4354","2"
"http://rdf-plantmetwiki.bioinformatics.nl/pathways/PC745","GDP-L-galactose biosynthesis","2"
"http://rdf-plantmetwiki.bioinformatics.nl/pathways/RC115","RXN-12101","2"
"http://rdf-plantmetwiki.bioinformatics.nl/pathways/PC90","heliannuol and heliespirone biosynthesis","1"
"http://rdf-plantmetwiki.bioinformatics.nl/pathways/RC514","RXN-8259","1"
"http://rdf-plantmetwiki.bioinformatics.nl/pathways/RC29","TRANS-RXN-185","1"
"http://rdf-plantmetwiki.bioinformatics.nl/pathways/RC173","RXN-8199","1"
"http://rdf-plantmetwiki.bioinformatics.nl/pathways/RC1277","vectoral H+ export","1"
"http://rdf-plantmetwiki.bioinformatics.nl/pathways/RC265","RXN4KF-51","1"
"http://rdf-plantmetwiki.bioinformatics.nl/pathways/RC1175","TRANS-RXN4LZ-7008","1"
"http://rdf-plantmetwiki.bioinformatics.nl/pathways/RC1259","RXN-18351","1"
"http://rdf-plantmetwiki.bioinformatics.nl/pathways/RC582","RXN-4343","1"
"http://rdf-plantmetwiki.bioinformatics.nl/pathways/RC1204","RXN-21026","1"
"http://rdf-plantmetwiki.bioinformatics.nl/pathways/RC987","RXN-8198","1"
"http://rdf-plantmetwiki.bioinformatics.nl/pathways/RC1268","RXN-18703","1"
"http://rdf-plantmetwiki.bioinformatics.nl/pathways/RC968","RXN-12947","1"
"http://rdf-plantmetwiki.bioinformatics.nl/pathways/RC198","RXN-19954","1"
"http://rdf-plantmetwiki.bioinformatics.nl/pathways/RC633","RXNQT-4380","1"
"http://rdf-plantmetwiki.bioinformatics.nl/pathways/RC730","TRANS-RXN-190","1"
"http://rdf-plantmetwiki.bioinformatics.nl/pathways/RC418","TRANS-RXN-218","1"
"http://rdf-plantmetwiki.bioinformatics.nl/pathways/RC364","TRANS-RXN4LZ-45","1"
"http://rdf-plantmetwiki.bioinformatics.nl/pathways/RC399","TRANS-RXN-187","1"
"http://rdf-plantmetwiki.bioinformatics.nl/pathways/RC1251","RXN-15490","1"
"http://rdf-plantmetwiki.bioinformatics.nl/pathways/RC499","TRANS-RXN4LZ-4","1"
"http://rdf-plantmetwiki.bioinformatics.nl/pathways/RC770","RXN0-5267","1"
"http://rdf-plantmetwiki.bioinformatics.nl/pathways/RC951","TRANS-RXN4LZ-0","1"
"http://rdf-plantmetwiki.bioinformatics.nl/pathways/RC1278","RXN-8251","1"
"http://rdf-plantmetwiki.bioinformatics.nl/pathways/PC651","ammonium transport","1"
"http://rdf-plantmetwiki.bioinformatics.nl/pathways/RC446","RXN4FS-5","1"
"http://rdf-plantmetwiki.bioinformatics.nl/pathways/RC521","TRANS-RXN-186","1"
"http://rdf-plantmetwiki.bioinformatics.nl/pathways/RC426","RXN-8253","1"
"http://rdf-plantmetwiki.bioinformatics.nl/pathways/RC946","RXN-4422","1"
